date,trade_return,direction,regime,exit_reason,entry_price,exit_price,quantity,bars_held,equity,drawdown
2023-01-03 00:41:00+00:00,-39.3,short,is,,3865.25,3866.0,1,1,99962.5,0.0
2023-01-03 01:19:00+00:00,673.2,short,is,,3864.75,3851.25,1,37,100637.5,0.0
2023-01-03 01:38:00+00:00,123.2,short,is,,3849.5,3847.0,1,18,100762.5,0.0
2023-01-03 01:40:00+00:00,10.7,short,is,,3846.5,3846.25,1,1,100775.0,0.0
2023-01-03 01:42:00+00:00,-64.3,short,is,,3846.0,3847.25,1,1,100712.5,-0.06201935003721162
2023-01-03 01:44:00+00:00,-89.3,short,is,,3847.75,3849.5,1,1,100625.0,-0.14884644008930786
2023-01-03 01:46:00+00:00,-26.8,short,is,,3849.0,3849.5,1,1,100600.0,-0.1736541801041925
2023-01-03 01:48:00+00:00,-26.8,short,is,,3848.25,3848.75,1,1,100575.0,-0.19846192011907715
2023-01-03 01:50:00+00:00,-51.8,short,is,,3849.0,3850.0,1,1,100525.0,-0.24807740014884647
2023-01-03 01:52:00+00:00,-51.8,short,is,,3847.5,3848.5,1,1,100475.0,-0.2976928801786157
2023-01-03 01:54:00+00:00,-64.3,short,is,,3847.75,3849.0,1,1,100412.5,-0.3597122302158274
2023-01-03 01:56:00+00:00,-14.3,short,is,,3849.5,3849.75,1,1,100400.0,-0.37211610022326963
2023-01-03 01:58:00+00:00,-126.8,short,is,,3850.25,3852.75,1,1,100275.0,-0.49615480029769293
2023-01-03 02:00:00+00:00,-14.3,short,is,,3853.5,3853.75,1,1,100262.5,-0.5085586703051352
2023-01-03 02:02:00+00:00,10.7,short,is,,3852.25,3852.0,1,1,100275.0,-0.49615480029769293
2023-01-03 02:04:00+00:00,-101.8,short,is,,3851.0,3853.0,1,1,100175.0,-0.5953857603572315
2023-01-03 02:16:00+00:00,-139.3,long,is,,3854.25,3851.5,1,11,100037.5,-0.731828330439097
2023-01-03 02:19:00+00:00,-139.3,short,is,,3851.5,3854.25,1,2,99900.0,-0.8682709005209625
2023-01-03 02:56:00+00:00,285.7,long,is,,3854.5,3860.25,1,36,100187.5,-0.5829818903497892
2023-01-03 02:59:00+00:00,-14.3,long,is,,3861.5,3861.25,1,2,100175.0,-0.5953857603572315
2023-01-03 03:02:00+00:00,-64.3,long,is,,3861.5,3860.25,1,2,100112.5,-0.657405110394443
2023-01-03 03:04:00+00:00,-26.8,long,is,,3861.0,3860.5,1,1,100087.5,-0.6822128504093277
2023-01-03 03:09:00+00:00,-14.3,long,is,,3861.5,3861.25,1,4,100075.0,-0.69461672041677
2023-01-03 03:15:00+00:00,-26.8,long,is,,3861.5,3861.0,1,5,100050.0,-0.7194244604316548
2023-01-03 03:17:00+00:00,-1.8,long,is,,3860.5,3860.5,1,1,100050.0,-0.7194244604316548
2023-01-03 03:19:00+00:00,-26.8,long,is,,3861.25,3860.75,1,1,100025.0,-0.7442322004465393
2023-01-03 03:24:00+00:00,10.7,long,is,,3861.0,3861.25,1,4,100037.5,-0.731828330439097
2023-01-03 03:31:00+00:00,-26.8,long,is,,3862.0,3861.5,1,6,100012.5,-0.7566360704539816
2023-01-03 04:04:00+00:00,160.7,long,is,,3862.5,3865.75,1,32,100175.0,-0.5953857603572315
2023-01-03 04:07:00+00:00,-26.8,long,is,,3865.75,3865.25,1,2,100150.0,-0.6201935003721161
2023-01-03 04:09:00+00:00,-14.3,long,is,,3864.0,3863.75,1,1,100137.5,-0.6325973703795584
2023-01-03 04:11:00+00:00,-14.3,long,is,,3864.0,3863.75,1,1,100125.0,-0.6450012403870008
2023-01-03 04:13:00+00:00,-26.8,long,is,,3864.5,3864.0,1,1,100100.0,-0.6698089804018854
2023-01-03 04:15:00+00:00,-14.3,long,is,,3864.75,3864.5,1,1,100087.5,-0.6822128504093277
2023-01-03 04:17:00+00:00,-14.3,long,is,,3865.0,3864.75,1,1,100075.0,-0.69461672041677
2023-01-03 04:19:00+00:00,-26.8,long,is,,3864.75,3864.25,1,1,100050.0,-0.7194244604316548
2023-01-03 04:41:00+00:00,10.7,long,is,,3865.5,3865.75,1,21,100062.5,-0.7070205904242124
2023-01-03 04:43:00+00:00,-26.8,long,is,,3866.0,3865.5,1,1,100037.5,-0.731828330439097
2023-01-03 04:45:00+00:00,-39.3,long,is,,3866.25,3865.5,1,1,100000.0,-0.769039940461424
2023-01-03 04:47:00+00:00,-26.8,long,is,,3866.0,3865.5,1,1,99975.0,-0.7938476804763086
2023-01-03 04:49:00+00:00,-39.3,long,is,,3866.0,3865.25,1,1,99937.5,-0.8310592904986356
2023-01-03 04:51:00+00:00,-51.8,long,is,,3865.75,3864.75,1,1,99887.5,-0.8806747705284048
2023-01-03 04:53:00+00:00,-26.8,long,is,,3865.75,3865.25,1,1,99862.5,-0.9054825105432895
2023-01-03 04:55:00+00:00,-51.8,long,is,,3865.5,3864.5,1,1,99812.5,-0.9550979905730587
2023-01-03 05:04:00+00:00,-64.3,short,is,,3864.25,3865.5,1,8,99750.0,-1.0171173406102705
2023-01-03 05:24:00+00:00,-1.8,long,is,,3865.75,3865.75,1,19,99750.0,-1.0171173406102705
2023-01-03 05:26:00+00:00,-39.3,long,is,,3866.25,3865.5,1,1,99712.5,-1.0543289506325972
2023-01-03 05:34:00+00:00,-76.8,short,is,,3865.0,3866.5,1,7,99637.5,-1.1287521706772514
2023-01-03 05:36:00+00:00,-26.8,long,is,,3866.25,3865.75,1,1,99612.5,-1.153559910692136
2023-01-03 05:38:00+00:00,-26.8,long,is,,3865.75,3865.25,1,1,99587.5,-1.1783676507070204
2023-01-03 05:55:00+00:00,-114.3,long,is,,3872.5,3870.25,1,16,99475.0,-1.2900024807740016
2023-01-03 05:57:00+00:00,-51.8,long,is,,3871.75,3870.75,1,1,99425.0,-1.3396179608037708
2023-01-03 05:59:00+00:00,-39.3,long,is,,3871.75,3871.0,1,1,99387.5,-1.3768295708260978
2023-01-03 06:01:00+00:00,-51.8,long,is,,3871.75,3870.75,1,1,99337.5,-1.426445050855867
2023-01-03 06:03:00+00:00,-64.3,long,is,,3871.0,3869.75,1,1,99275.0,-1.4884644008930785
2023-01-03 06:05:00+00:00,-1.8,long,is,,3870.0,3870.0,1,1,99275.0,-1.4884644008930785
2023-01-03 06:07:00+00:00,-39.3,long,is,,3869.75,3869.0,1,1,99237.5,-1.5256760109154057
2023-01-03 06:09:00+00:00,-1.8,long,is,,3870.25,3870.25,1,1,99237.5,-1.5256760109154057
2023-01-03 06:12:00+00:00,-39.3,long,is,,3870.75,3870.0,1,2,99200.0,-1.5628876209377325
2023-01-03 06:37:00+00:00,48.2,long,is,,3870.5,3871.5,1,24,99250.0,-1.5132721409079632
2023-01-03 06:39:00+00:00,-64.3,long,is,,3870.75,3869.5,1,1,99187.5,-1.575291490945175
2023-01-03 06:56:00+00:00,-51.8,short,is,,3867.5,3868.5,1,16,99137.5,-1.6249069709749442
2023-01-03 06:58:00+00:00,-51.8,short,is,,3868.25,3869.25,1,1,99087.5,-1.6745224510047136
2023-01-03 07:00:00+00:00,-89.3,short,is,,3868.5,3870.25,1,1,99000.0,-1.7613495410568096
2023-01-03 07:04:00+00:00,-226.8,long,is,,3872.75,3868.25,1,3,98775.0,-1.9846192011907717
2023-01-03 07:16:00+00:00,-64.3,short,is,,3867.75,3869.0,1,11,98712.5,-2.046638551227983
2023-01-03 07:18:00+00:00,-14.3,short,is,,3869.0,3869.25,1,1,98700.0,-2.0590424212354255
2023-01-03 07:20:00+00:00,-64.3,short,is,,3868.5,3869.75,1,1,98637.5,-2.1210617712726374
2023-01-03 07:23:00+00:00,-14.3,short,is,,3868.5,3868.75,1,2,98625.0,-2.1334656412800794
2023-01-03 07:26:00+00:00,-114.3,short,is,,3867.5,3869.75,1,2,98512.5,-2.2451004713470604
2023-01-03 07:28:00+00:00,-151.8,short,is,,3868.5,3871.5,1,1,98362.5,-2.3939469114363683
2023-01-03 08:13:00+00:00,410.7,long,is,,3871.5,3879.75,1,44,98775.0,-1.9846192011907717
2023-01-03 08:15:00+00:00,-39.3,long,is,,3878.5,3877.75,1,1,98737.5,-2.0218308112130985
2023-01-03 08:17:00+00:00,-1.8,long,is,,3879.5,3879.5,1,1,98737.5,-2.0218308112130985
2023-01-03 08:19:00+00:00,10.7,long,is,,3880.5,3880.75,1,1,98750.0,-2.009426941205656
2023-01-03 08:59:00+00:00,610.7,long,is,,3882.0,3894.25,1,39,99362.5,-1.4016373108409823
2023-01-03 09:08:00+00:00,60.7,long,is,,3895.25,3896.5,1,8,99425.0,-1.3396179608037708
2023-01-03 09:29:00+00:00,198.2,long,is,,3897.25,3901.25,1,20,99625.0,-1.1411560406846937
2023-01-03 09:32:00+00:00,-64.3,long,is,,3902.75,3901.5,1,2,99562.5,-1.2031753907219052
2023-01-03 09:38:00+00:00,-76.8,long,is,,3904.25,3902.75,1,5,99487.5,-1.2775986107665591
2023-01-03 09:40:00+00:00,-26.8,long,is,,3902.75,3902.25,1,1,99462.5,-1.3024063507814438
2023-01-03 09:44:00+00:00,-51.8,long,is,,3903.5,3902.5,1,3,99412.5,-1.352021830811213
2023-01-03 09:56:00+00:00,10.7,long,is,,3903.25,3903.5,1,11,99425.0,-1.3396179608037708
2023-01-03 09:58:00+00:00,-89.3,long,is,,3904.75,3903.0,1,1,99337.5,-1.426445050855867
2023-01-03 10:01:00+00:00,-76.8,long,is,,3905.25,3903.75,1,2,99262.5,-1.500868270900521
2023-01-03 10:03:00+00:00,-51.8,long,is,,3904.5,3903.5,1,1,99212.5,-1.5504837509302902
2023-01-03 10:05:00+00:00,-39.3,long,is,,3904.0,3903.25,1,1,99175.0,-1.5876953609526172
2023-01-03 10:08:00+00:00,-64.3,long,is,,3905.25,3904.0,1,2,99112.5,-1.649714710989829
2023-01-03 10:10:00+00:00,-26.8,long,is,,3902.5,3902.0,1,1,99087.5,-1.6745224510047136
2023-01-03 10:12:00+00:00,-64.3,long,is,,3902.5,3901.25,1,1,99025.0,-1.736541801041925
2023-01-03 10:35:00+00:00,148.2,short,is,,3899.25,3896.25,1,22,99175.0,-1.5876953609526172
2023-01-03 10:39:00+00:00,-139.3,short,is,,3893.75,3896.5,1,3,99037.5,-1.7241379310344827
2023-01-03 10:41:00+00:00,-14.3,short,is,,3895.5,3895.75,1,1,99025.0,-1.736541801041925
2023-01-03 10:43:00+00:00,-76.8,short,is,,3896.75,3898.25,1,1,98950.0,-1.810965021086579
2023-01-03 10:45:00+00:00,-14.3,short,is,,3897.75,3898.0,1,1,98937.5,-1.8233688910940213
2023-01-03 10:47:00+00:00,10.7,short,is,,3898.5,3898.25,1,1,98950.0,-1.810965021086579
2023-01-03 10:49:00+00:00,-64.3,short,is,,3897.0,3898.25,1,1,98887.5,-1.8729843711237906
2023-01-03 10:51:00+00:00,-26.8,short,is,,3897.75,3898.25,1,1,98862.5,-1.8977921111386753
2023-01-03 10:53:00+00:00,-39.3,short,is,,3897.75,3898.5,1,1,98825.0,-1.935003721161002
2023-01-03 10:55:00+00:00,-26.8,short,is,,3898.25,3898.75,1,1,98800.0,-1.959811461175887
2023-01-03 10:57:00+00:00,-39.3,short,is,,3899.5,3900.25,1,1,98762.5,-1.9970230711982138
2023-01-03 11:02:00+00:00,23.2,short,is,,3898.75,3898.25,1,4,98787.5,-1.972215331183329
2023-01-03 11:06:00+00:00,-26.8,short,is,,3897.75,3898.25,1,3,98762.5,-1.9970230711982138
2023-01-03 11:27:00+00:00,160.7,short,is,,3896.5,3893.25,1,20,98925.0,-1.8357727611014636
2023-01-03 11:29:00+00:00,-89.3,short,is,,3891.5,3893.25,1,1,98837.5,-1.92259985115356
2023-01-03 11:31:00+00:00,-51.8,short,is,,3892.5,3893.5,1,1,98787.5,-1.972215331183329
2023-01-03 11:33:00+00:00,-39.3,short,is,,3893.0,3893.75,1,1,98750.0,-2.009426941205656
2023-01-03 11:35:00+00:00,-51.8,short,is,,3892.25,3893.25,1,1,98700.0,-2.0590424212354255
2023-01-03 11:39:00+00:00,10.7,short,is,,3893.25,3893.0,1,3,98712.5,-2.046638551227983
2023-01-03 11:42:00+00:00,-39.3,short,is,,3892.5,3893.25,1,2,98675.0,-2.0838501612503104
2023-01-03 12:17:00+00:00,723.2,short,is,,3889.25,3874.75,1,34,99400.0,-1.3644257008186553
2023-01-03 12:19:00+00:00,-14.3,short,is,,3875.25,3875.5,1,1,99387.5,-1.3768295708260978
2023-01-03 12:21:00+00:00,10.7,short,is,,3875.75,3875.5,1,1,99400.0,-1.3644257008186553
2023-01-03 12:23:00+00:00,-76.8,short,is,,3876.25,3877.75,1,1,99325.0,-1.4388489208633095
2023-01-03 12:25:00+00:00,10.7,short,is,,3878.25,3878.0,1,1,99337.5,-1.426445050855867
2023-01-03 12:27:00+00:00,-26.8,short,is,,3877.5,3878.0,1,1,99312.5,-1.4512527908707515
2023-01-03 12:29:00+00:00,35.7,short,is,,3876.75,3876.0,1,1,99350.0,-1.4140411808484248
2023-01-03 12:31:00+00:00,-164.3,short,is,,3875.25,3878.5,1,1,99187.5,-1.575291490945175
2023-01-03 12:33:00+00:00,-14.3,short,is,,3879.0,3879.25,1,1,99175.0,-1.5876953609526172
2023-01-03 12:35:00+00:00,-76.8,short,is,,3878.75,3880.25,1,1,99100.0,-1.6621185809972712
2023-01-03 12:37:00+00:00,-1.8,short,is,,3879.25,3879.25,1,1,99100.0,-1.6621185809972712
2023-01-03 12:39:00+00:00,-89.3,short,is,,3877.75,3879.5,1,1,99012.5,-1.7489456710493674
2023-01-03 12:41:00+00:00,-76.8,short,is,,3879.75,3881.25,1,1,98937.5,-1.8233688910940213
2023-01-03 12:43:00+00:00,-1.8,short,is,,3880.75,3880.75,1,1,98937.5,-1.8233688910940213
2023-01-03 12:45:00+00:00,-64.3,short,is,,3879.5,3880.75,1,1,98875.0,-1.885388241131233
2023-01-03 12:47:00+00:00,10.7,short,is,,3879.5,3879.25,1,1,98887.5,-1.8729843711237906
2023-01-03 12:50:00+00:00,-126.8,short,is,,3877.25,3879.75,1,2,98762.5,-1.9970230711982138
2023-01-03 13:00:00+00:00,-39.3,short,is,,3879.0,3879.75,1,9,98725.0,-2.034234681220541
2023-01-03 13:08:00+00:00,-89.3,long,is,,3880.5,3878.75,1,7,98637.5,-2.1210617712726374
2023-01-03 13:21:00+00:00,-214.3,short,is,,3875.5,3879.75,1,12,98425.0,-2.331927561399157
2023-01-03 13:29:00+00:00,-176.8,long,is,,3880.5,3877.0,1,7,98250.0,-2.5055817415033492
2023-01-03 13:31:00+00:00,-14.3,long,is,,3877.75,3877.5,1,1,98237.5,-2.5179856115107913
2023-01-03 14:03:00+00:00,210.7,long,is,,3878.5,3882.75,1,31,98450.0,-2.307119821384272
2023-01-03 14:05:00+00:00,-64.3,long,is,,3882.25,3881.0,1,1,98387.5,-2.369139171421484
2023-01-03 14:07:00+00:00,23.2,long,is,,3882.5,3883.0,1,1,98412.5,-2.344331431406599
2023-01-03 14:25:00+00:00,148.2,long,is,,3882.75,3885.75,1,17,98562.5,-2.195484991317291
2023-01-03 14:27:00+00:00,10.7,long,is,,3882.0,3882.25,1,1,98575.0,-2.1830811213098484
2023-01-03 14:29:00+00:00,-51.8,long,is,,3882.75,3881.75,1,1,98525.0,-2.232696601339618
2023-01-03 14:34:00+00:00,-339.3,short,is,,3881.0,3887.75,1,4,98187.5,-2.5676010915405607
2023-01-03 14:37:00+00:00,-1.8,long,is,,3882.0,3882.0,1,2,98187.5,-2.5676010915405607
2023-01-03 14:46:00+00:00,-114.3,long,is,,3883.75,3881.5,1,8,98075.0,-2.6792359216075416
2023-01-03 15:30:00+00:00,1785.7,short,is,,3882.25,3846.5,1,43,99862.5,-0.9054825105432895
2023-01-03 15:36:00+00:00,-376.8,short,is,,3838.0,3845.5,1,5,99487.5,-1.2775986107665591
2023-01-03 15:38:00+00:00,-14.3,short,is,,3845.5,3845.75,1,1,99475.0,-1.2900024807740016
2023-01-03 15:40:00+00:00,23.2,short,is,,3847.25,3846.75,1,1,99500.0,-1.2651947407591169
2023-01-03 15:42:00+00:00,-51.8,short,is,,3849.0,3850.0,1,1,99450.0,-1.314810220788886
2023-01-03 15:44:00+00:00,35.7,short,is,,3849.25,3848.5,1,1,99487.5,-1.2775986107665591
2023-01-03 15:46:00+00:00,-151.8,short,is,,3847.25,3850.25,1,1,99337.5,-1.426445050855867
2023-01-03 15:48:00+00:00,60.7,short,is,,3853.25,3852.0,1,1,99400.0,-1.3644257008186553
2023-01-03 15:50:00+00:00,23.2,short,is,,3851.5,3851.0,1,1,99425.0,-1.3396179608037708
2023-01-03 15:53:00+00:00,-89.3,short,is,,3848.5,3850.25,1,2,99337.5,-1.426445050855867
2023-01-03 15:56:00+00:00,-114.3,short,is,,3847.25,3849.5,1,2,99225.0,-1.538079880922848
2023-01-03 15:58:00+00:00,-76.8,short,is,,3853.0,3854.5,1,1,99150.0,-1.612503100967502
2023-01-03 16:00:00+00:00,-126.8,short,is,,3854.75,3857.25,1,1,99025.0,-1.736541801041925
2023-01-03 16:02:00+00:00,60.7,short,is,,3859.25,3858.0,1,1,99087.5,-1.6745224510047136
2023-01-03 16:04:00+00:00,-14.3,short,is,,3856.25,3856.5,1,1,99075.0,-1.686926321012156
2023-01-03 16:06:00+00:00,-14.3,short,is,,3852.75,3853.0,1,1,99062.5,-1.699330191019598
2023-01-03 16:30:00+00:00,748.2,short,is,,3851.75,3836.75,1,23,99812.5,-0.9550979905730587
2023-01-03 17:01:00+00:00,273.2,short,is,,3833.5,3828.0,1,30,100087.5,-0.6822128504093277
2023-01-03 17:04:00+00:00,-64.3,short,is,,3825.75,3827.0,1,2,100025.0,-0.7442322004465393
2023-01-03 17:06:00+00:00,-51.8,short,is,,3826.0,3827.0,1,1,99975.0,-0.7938476804763086
2023-01-03 17:08:00+00:00,-189.3,short,is,,3829.0,3832.75,1,1,99787.5,-0.9799057305879435
2023-01-03 17:10:00+00:00,23.2,short,is,,3831.25,3830.75,1,1,99812.5,-0.9550979905730587
2023-01-03 17:12:00+00:00,-51.8,short,is,,3830.0,3831.0,1,1,99762.5,-1.004713470602828
2023-01-03 17:14:00+00:00,-101.8,short,is,,3831.5,3833.5,1,1,99662.5,-1.1039444306623667
2023-01-03 17:16:00+00:00,85.7,short,is,,3832.5,3830.75,1,1,99750.0,-1.0171173406102705
2023-01-03 17:22:00+00:00,48.2,short,is,,3831.25,3830.25,1,5,99800.0,-0.967501860580501
2023-01-03 17:32:00+00:00,-139.3,short,is,,3826.75,3829.5,1,9,99662.5,-1.1039444306623667
2023-01-03 17:34:00+00:00,-189.3,short,is,,3829.5,3833.25,1,1,99475.0,-1.2900024807740016
2023-01-03 17:42:00+00:00,-414.3,long,is,,3834.75,3826.5,1,7,99062.5,-1.699330191019598
2023-01-03 17:58:00+00:00,60.7,short,is,,3825.75,3824.5,1,15,99125.0,-1.6373108409823867
2023-01-03 18:00:00+00:00,-26.8,short,is,,3822.25,3822.75,1,1,99100.0,-1.6621185809972712
2023-01-03 18:02:00+00:00,-14.3,short,is,,3821.25,3821.5,1,1,99087.5,-1.6745224510047136
2023-01-03 18:04:00+00:00,-51.8,short,is,,3820.5,3821.5,1,1,99037.5,-1.7241379310344827
2023-01-03 18:06:00+00:00,110.7,short,is,,3823.5,3821.25,1,1,99150.0,-1.612503100967502
2023-01-03 18:08:00+00:00,-51.8,short,is,,3821.75,3822.75,1,1,99100.0,-1.6621185809972712
2023-01-03 18:10:00+00:00,-39.3,short,is,,3821.25,3822.0,1,1,99062.5,-1.699330191019598
2023-01-03 18:12:00+00:00,-51.8,short,is,,3824.25,3825.25,1,1,99012.5,-1.7489456710493674
2023-01-03 18:24:00+00:00,-1.8,short,is,,3823.5,3823.5,1,11,99012.5,-1.7489456710493674
2023-01-03 18:26:00+00:00,-339.3,short,is,,3822.25,3829.0,1,1,98675.0,-2.0838501612503104
2023-01-03 18:40:00+00:00,-214.3,long,is,,3832.25,3828.0,1,13,98462.5,-2.29471595137683
2023-01-03 18:44:00+00:00,-76.8,long,is,,3831.75,3830.25,1,3,98387.5,-2.369139171421484
2023-01-03 18:46:00+00:00,-89.3,long,is,,3830.0,3828.25,1,1,98300.0,-2.4559662614735798
2023-01-03 18:48:00+00:00,-39.3,long,is,,3828.0,3827.25,1,1,98262.5,-2.4931778714959067
2023-01-03 18:50:00+00:00,35.7,long,is,,3828.75,3829.5,1,1,98300.0,-2.4559662614735798
2023-01-03 18:52:00+00:00,-51.8,long,is,,3830.5,3829.5,1,1,98250.0,-2.5055817415033492
2023-01-03 19:03:00+00:00,-14.3,long,is,,3831.5,3831.25,1,10,98237.5,-2.5179856115107913
2023-01-03 19:06:00+00:00,23.2,long,is,,3830.75,3831.25,1,2,98262.5,-2.4931778714959067
2023-01-03 19:08:00+00:00,35.7,long,is,,3831.5,3832.25,1,1,98300.0,-2.4559662614735798
2023-01-03 19:10:00+00:00,10.7,long,is,,3832.5,3832.75,1,1,98312.5,-2.4435623914661373
2023-01-03 19:12:00+00:00,-64.3,long,is,,3831.5,3830.25,1,1,98250.0,-2.5055817415033492
2023-01-03 19:14:00+00:00,98.2,long,is,,3827.75,3829.75,1,1,98350.0,-2.4063507814438103
2023-01-03 19:16:00+00:00,73.2,long,is,,3829.75,3831.25,1,1,98425.0,-2.331927561399157
2023-01-03 19:20:00+00:00,-126.8,long,is,,3831.75,3829.25,1,3,98300.0,-2.4559662614735798
2023-01-03 19:22:00+00:00,-26.8,long,is,,3829.75,3829.25,1,1,98275.0,-2.4807740014884643
2023-01-03 19:24:00+00:00,-139.3,long,is,,3830.0,3827.25,1,1,98137.5,-2.6172165715703297
2023-01-03 19:42:00+00:00,23.2,short,is,,3826.0,3825.5,1,17,98162.5,-2.592408831555445
2023-01-03 19:44:00+00:00,-201.8,short,is,,3825.0,3829.0,1,1,97962.5,-2.7908707516745226
2023-01-03 20:03:00+00:00,198.2,long,is,,3831.25,3835.25,1,18,98162.5,-2.592408831555445
2023-01-03 20:08:00+00:00,-114.3,long,is,,3838.0,3835.75,1,4,98050.0,-2.704043661622426
2023-01-03 20:10:00+00:00,-39.3,long,is,,3837.5,3836.75,1,1,98012.5,-2.741255271644753
2023-01-03 20:21:00+00:00,73.2,long,is,,3837.75,3839.25,1,10,98087.5,-2.666832051600099
2023-01-03 20:23:00+00:00,-14.3,long,is,,3837.75,3837.5,1,1,98075.0,-2.6792359216075416
2023-01-03 20:25:00+00:00,-51.8,long,is,,3836.75,3835.75,1,1,98025.0,-2.7288514016373107
2023-01-03 20:27:00+00:00,73.2,long,is,,3837.75,3839.25,1,1,98100.0,-2.6544281815926567
2023-01-03 20:29:00+00:00,-14.3,long,is,,3839.5,3839.25,1,1,98087.5,-2.666832051600099
2023-01-03 20:42:00+00:00,48.2,long,is,,3840.25,3841.25,1,12,98137.5,-2.6172165715703297
2023-01-03 20:45:00+00:00,-39.3,long,is,,3843.25,3842.5,1,2,98100.0,-2.6544281815926567
2023-01-03 20:47:00+00:00,85.7,long,is,,3841.0,3842.75,1,1,98187.5,-2.5676010915405607
2023-01-03 21:00:00+00:00,48.2,long,is,,3843.75,3844.75,1,12,98237.5,-2.5179856115107913
2023-01-03 21:02:00+00:00,-26.8,long,is,,3841.25,3840.75,1,1,98212.5,-2.542793351525676
2023-01-03 21:04:00+00:00,23.2,long,is,,3838.5,3839.0,1,1,98237.5,-2.5179856115107913
2023-01-03 21:06:00+00:00,-1.8,long,is,,3839.25,3839.25,1,1,98237.5,-2.5179856115107913
2023-01-03 21:08:00+00:00,35.7,long,is,,3840.5,3841.25,1,1,98275.0,-2.4807740014884643
2023-01-03 21:10:00+00:00,-26.8,long,is,,3841.25,3840.75,1,1,98250.0,-2.5055817415033492
2023-01-03 21:12:00+00:00,73.2,long,is,,3841.25,3842.75,1,1,98325.0,-2.4311585214586953
2023-01-03 21:14:00+00:00,-114.3,long,is,,3843.0,3840.75,1,1,98212.5,-2.542793351525676
2023-01-03 21:17:00+00:00,-164.3,short,is,,3839.5,3842.75,1,2,98050.0,-2.704043661622426
2023-01-03 21:32:00+00:00,-76.8,long,is,,3843.5,3842.0,1,14,97975.0,-2.77846688166708
2023-01-03 21:34:00+00:00,-39.3,long,is,,3842.5,3841.75,1,1,97937.5,-2.815678491689407
2023-01-03 21:46:00+00:00,-39.3,short,is,,3841.5,3842.25,1,11,97900.0,-2.852890101711734
2023-01-03 23:00:00+00:00,-14.3,long,is,,3842.75,3842.5,1,13,97887.5,-2.865293971719176
2023-01-03 23:19:00+00:00,-101.8,short,is,,3840.25,3842.25,1,18,97787.5,-2.964524931778715
2023-01-03 23:21:00+00:00,-51.8,short,is,,3842.5,3843.5,1,1,97737.5,-3.0141404118084845
2023-01-03 23:26:00+00:00,-114.3,long,is,,3843.75,3841.5,1,4,97625.0,-3.125775241875465
2023-01-03 23:28:00+00:00,-26.8,short,is,,3841.75,3842.25,1,1,97600.0,-3.15058298189035
2023-01-03 23:33:00+00:00,-76.8,long,is,,3843.0,3841.5,1,4,97525.0,-3.225006201935004
2023-01-03 23:42:00+00:00,-114.3,short,is,,3841.0,3843.25,1,8,97412.5,-3.3366410320019844
2023-01-04 00:07:00+00:00,-2.5,long,is,,3843.75,3843.75,1,24,97412.5,-3.3366410320019844
2023-01-04 00:10:00+00:00,-40.0,long,is,,3844.5,3843.75,1,2,97375.0,-3.373852642024312
2023-01-04 00:12:00+00:00,-15.0,long,is,,3844.5,3844.25,1,1,97362.5,-3.386256512031754
2023-01-04 00:18:00+00:00,-15.0,long,is,,3844.75,3844.5,1,5,97350.0,-3.398660382039196
2023-01-04 00:35:00+00:00,47.5,long,is,,3845.0,3846.0,1,16,97400.0,-3.3490449020094273
2023-01-04 00:37:00+00:00,-90.0,long,is,,3847.25,3845.5,1,1,97312.5,-3.4358719920615233
2023-01-04 00:39:00+00:00,-65.0,long,is,,3844.75,3843.5,1,1,97250.0,-3.4978913420987348
2023-01-04 00:41:00+00:00,-52.5,long,is,,3844.5,3843.5,1,1,97200.0,-3.547506822128504
2023-01-04 00:54:00+00:00,-90.0,short,is,,3843.5,3845.25,1,12,97112.5,-3.6343339121806006
2023-01-04 01:33:00+00:00,223.2,long,is,,3845.0,3849.5,1,38,97337.5,-3.4110642520466388
2023-01-04 02:00:00+00:00,73.2,long,is,,3850.25,3851.75,1,26,97412.5,-3.3366410320019844
2023-01-04 02:05:00+00:00,-51.8,long,is,,3853.0,3852.0,1,4,97362.5,-3.386256512031754
2023-01-04 02:07:00+00:00,-39.3,long,is,,3852.75,3852.0,1,1,97325.0,-3.4234681220540812
2023-01-04 02:20:00+00:00,-26.8,long,is,,3853.25,3852.75,1,12,97300.0,-3.4482758620689653
2023-01-04 02:22:00+00:00,-39.3,long,is,,3853.0,3852.25,1,1,97262.5,-3.4854874720912927
2023-01-04 02:24:00+00:00,-51.8,long,is,,3852.5,3851.5,1,1,97212.5,-3.5351029521210617
2023-01-04 02:26:00+00:00,-39.3,long,is,,3851.75,3851.0,1,1,97175.0,-3.5723145621433887
2023-01-04 02:28:00+00:00,-39.3,long,is,,3851.5,3850.75,1,1,97137.5,-3.6095261721657153
2023-01-04 02:30:00+00:00,-26.8,long,is,,3850.75,3850.25,1,1,97112.5,-3.6343339121806006
2023-01-04 02:32:00+00:00,-14.3,long,is,,3850.5,3850.25,1,1,97100.0,-3.6467377821880427
2023-01-04 03:04:00+00:00,110.7,short,is,,3850.0,3847.75,1,31,97212.5,-3.5351029521210617
2023-01-04 03:06:00+00:00,-39.3,short,is,,3848.0,3848.75,1,1,97175.0,-3.5723145621433887
2023-01-04 03:08:00+00:00,-51.8,short,is,,3849.25,3850.25,1,1,97125.0,-3.621930042173158
2023-01-04 03:10:00+00:00,-51.8,short,is,,3849.25,3850.25,1,1,97075.0,-3.671545522202927
2023-01-04 03:12:00+00:00,-14.3,short,is,,3850.0,3850.25,1,1,97062.5,-3.683949392210369
2023-01-04 03:14:00+00:00,-1.8,short,is,,3849.5,3849.5,1,1,97062.5,-3.683949392210369
2023-01-04 03:16:00+00:00,-76.8,short,is,,3848.25,3849.75,1,1,96987.5,-3.758372612255024
2023-01-04 03:18:00+00:00,-51.8,short,is,,3849.25,3850.25,1,1,96937.5,-3.8079880922847926
2023-01-04 03:20:00+00:00,-26.8,short,is,,3850.25,3850.75,1,1,96912.5,-3.8327958322996776
2023-01-04 03:22:00+00:00,-1.8,short,is,,3850.25,3850.25,1,1,96912.5,-3.8327958322996776
2023-01-04 03:24:00+00:00,-14.3,short,is,,3850.25,3850.5,1,1,96900.0,-3.84519970230712
2023-01-04 03:26:00+00:00,-26.8,short,is,,3850.0,3850.5,1,1,96875.0,-3.870007442322004
2023-01-04 03:28:00+00:00,-26.8,short,is,,3849.75,3850.25,1,1,96850.0,-3.8948151823368895
2023-01-04 03:56:00+00:00,135.7,short,is,,3849.75,3847.0,1,27,96987.5,-3.758372612255024
2023-01-04 03:58:00+00:00,-76.8,short,is,,3847.25,3848.75,1,1,96912.5,-3.8327958322996776
2023-01-04 04:25:00+00:00,35.7,long,is,,3849.0,3849.75,1,26,96950.0,-3.7955842222773506
2023-01-04 04:28:00+00:00,-64.3,long,is,,3851.0,3849.75,1,2,96887.5,-3.857603572314562
2023-01-04 04:30:00+00:00,-39.3,long,is,,3849.75,3849.0,1,1,96850.0,-3.8948151823368895
2023-01-04 04:32:00+00:00,-14.3,long,is,,3849.75,3849.5,1,1,96837.5,-3.9072190523443315
2023-01-04 05:12:00+00:00,60.7,long,is,,3851.25,3852.5,1,39,96900.0,-3.84519970230712
2023-01-04 05:15:00+00:00,-51.8,long,is,,3853.5,3852.5,1,2,96850.0,-3.8948151823368895
2023-01-04 05:17:00+00:00,-26.8,long,is,,3853.5,3853.0,1,1,96825.0,-3.919622922351774
2023-01-04 05:19:00+00:00,-39.3,long,is,,3853.25,3852.5,1,1,96787.5,-3.9568345323741005
2023-01-04 05:21:00+00:00,-14.3,long,is,,3852.25,3852.0,1,1,96775.0,-3.9692384023815435
2023-01-04 05:23:00+00:00,-26.8,long,is,,3852.0,3851.5,1,1,96750.0,-3.9940461423964275
2023-01-04 05:25:00+00:00,-14.3,long,is,,3851.25,3851.0,1,1,96737.5,-4.00645001240387
2023-01-04 05:41:00+00:00,-64.3,short,is,,3850.0,3851.25,1,15,96675.0,-4.068469362441082
2023-01-04 05:50:00+00:00,-101.8,short,is,,3850.0,3852.0,1,8,96575.0,-4.167700322500621
2023-01-04 06:06:00+00:00,-51.8,long,is,,3851.75,3850.75,1,15,96525.0,-4.217315802530389
2023-01-04 06:19:00+00:00,10.7,long,is,,3852.0,3852.25,1,12,96537.5,-4.204911932522947
2023-01-04 06:21:00+00:00,-39.3,long,is,,3852.25,3851.5,1,1,96500.0,-4.242123542545275
2023-01-04 06:26:00+00:00,-26.8,long,is,,3852.5,3852.0,1,4,96475.0,-4.266931282560159
2023-01-04 06:28:00+00:00,-26.8,long,is,,3852.5,3852.0,1,1,96450.0,-4.291739022575043
2023-01-04 06:30:00+00:00,-26.8,long,is,,3852.25,3851.75,1,1,96425.0,-4.316546762589928
2023-01-04 06:51:00+00:00,48.2,short,is,,3851.5,3850.5,1,20,96475.0,-4.266931282560159
2023-01-04 06:53:00+00:00,-64.3,short,is,,3850.0,3851.25,1,1,96412.5,-4.328950632597371
2023-01-04 06:55:00+00:00,-64.3,short,is,,3851.0,3852.25,1,1,96350.0,-4.390969982634582
2023-01-04 07:15:00+00:00,23.2,long,is,,3852.25,3852.75,1,19,96375.0,-4.366162242619697
2023-01-04 07:17:00+00:00,-26.8,long,is,,3853.25,3852.75,1,1,96350.0,-4.390969982634582
2023-01-04 07:24:00+00:00,-64.3,long,is,,3854.5,3853.25,1,6,96287.5,-4.452989332671794
2023-01-04 07:26:00+00:00,-39.3,long,is,,3853.25,3852.5,1,1,96250.0,-4.490200942694121
2023-01-04 07:37:00+00:00,-14.3,long,is,,3853.75,3853.5,1,10,96237.5,-4.502604812701563
2023-01-04 07:39:00+00:00,10.7,long,is,,3853.5,3853.75,1,1,96250.0,-4.490200942694121
2023-01-04 08:38:00+00:00,435.7,long,is,,3854.75,3863.5,1,58,96687.5,-4.056065492433639
2023-01-04 08:40:00+00:00,-1.8,long,is,,3864.25,3864.25,1,1,96687.5,-4.056065492433639
2023-01-04 08:42:00+00:00,-26.8,long,is,,3865.0,3864.5,1,1,96662.5,-4.080873232448524
2023-01-04 08:44:00+00:00,10.7,long,is,,3863.75,3864.0,1,1,96675.0,-4.068469362441082
2023-01-04 08:46:00+00:00,-26.8,long,is,,3864.0,3863.5,1,1,96650.0,-4.093277102455966
2023-01-04 08:48:00+00:00,-26.8,long,is,,3865.0,3864.5,1,1,96625.0,-4.118084842470851
2023-01-04 08:50:00+00:00,-101.8,long,is,,3864.75,3862.75,1,1,96525.0,-4.217315802530389
2023-01-04 08:52:00+00:00,-39.3,long,is,,3863.25,3862.5,1,1,96487.5,-4.254527412552717
2023-01-04 08:54:00+00:00,10.7,long,is,,3862.25,3862.5,1,1,96500.0,-4.242123542545275
2023-01-04 08:56:00+00:00,10.7,long,is,,3863.0,3863.25,1,1,96512.5,-4.229719672537832
2023-01-04 08:58:00+00:00,-51.8,long,is,,3864.5,3863.5,1,1,96462.5,-4.279335152567601
2023-01-04 09:00:00+00:00,-76.8,long,is,,3862.5,3861.0,1,1,96387.5,-4.353758372612255
2023-01-04 09:02:00+00:00,-114.3,long,is,,3861.75,3859.5,1,1,96275.0,-4.465393202679236
2023-01-04 09:18:00+00:00,-51.8,short,is,,3859.0,3860.0,1,15,96225.0,-4.515008682709006
2023-01-04 09:20:00+00:00,-51.8,short,is,,3859.75,3860.75,1,1,96175.0,-4.564624162738775
2023-01-04 09:22:00+00:00,-39.3,short,is,,3860.0,3860.75,1,1,96137.5,-4.601835772761102
2023-01-04 09:24:00+00:00,-39.3,short,is,,3860.5,3861.25,1,1,96100.0,-4.639047382783428
2023-01-04 09:34:00+00:00,-26.8,short,is,,3859.5,3860.0,1,9,96075.0,-4.663855122798314
2023-01-04 09:36:00+00:00,-39.3,short,is,,3859.0,3859.75,1,1,96037.5,-4.70106673282064
2023-01-04 09:38:00+00:00,-51.8,short,is,,3859.25,3860.25,1,1,95987.5,-4.75068221285041
2023-01-04 09:40:00+00:00,-26.8,short,is,,3859.75,3860.25,1,1,95962.5,-4.775489952865294
2023-01-04 09:42:00+00:00,-1.8,short,is,,3860.5,3860.5,1,1,95962.5,-4.775489952865294
2023-01-04 09:44:00+00:00,-39.3,short,is,,3859.0,3859.75,1,1,95925.0,-4.812701562887621
2023-01-04 09:46:00+00:00,23.2,short,is,,3860.5,3860.0,1,1,95950.0,-4.787893822872737
2023-01-04 09:56:00+00:00,-51.8,long,is,,3861.75,3860.75,1,9,95900.0,-4.837509302902506
2023-01-04 10:01:00+00:00,-26.8,short,is,,3861.25,3861.75,1,4,95875.0,-4.8623170429173905
2023-01-04 10:18:00+00:00,10.7,long,is,,3862.5,3862.75,1,16,95887.5,-4.849913172909948
2023-01-04 10:23:00+00:00,-151.8,short,is,,3861.0,3864.0,1,4,95737.5,-4.998759612999256
2023-01-04 10:25:00+00:00,-51.8,long,is,,3863.75,3862.75,1,1,95687.5,-5.0483750930290245
2023-01-04 10:27:00+00:00,-26.8,long,is,,3863.25,3862.75,1,1,95662.5,-5.07318283304391
2023-01-04 10:29:00+00:00,-39.3,long,is,,3862.25,3861.5,1,1,95625.0,-5.1103944430662365
2023-01-04 10:31:00+00:00,23.2,long,is,,3862.0,3862.5,1,1,95650.0,-5.085586703051352
2023-01-04 10:35:00+00:00,-76.8,long,is,,3863.25,3861.75,1,3,95575.0,-5.160009923096006
2023-01-04 10:52:00+00:00,110.7,short,is,,3860.5,3858.25,1,16,95687.5,-5.0483750930290245
2023-01-04 10:54:00+00:00,-14.3,short,is,,3857.75,3858.0,1,1,95675.0,-5.0607789630364675
2023-01-04 10:56:00+00:00,-26.8,short,is,,3857.5,3858.0,1,1,95650.0,-5.085586703051352
2023-01-04 10:58:00+00:00,-26.8,short,is,,3857.0,3857.5,1,1,95625.0,-5.1103944430662365
2023-01-04 11:00:00+00:00,-26.8,short,is,,3857.25,3857.75,1,1,95600.0,-5.135202183081121
2023-01-04 11:02:00+00:00,-39.3,short,is,,3857.75,3858.5,1,1,95562.5,-5.172413793103448
2023-01-04 11:04:00+00:00,-26.8,short,is,,3859.25,3859.75,1,1,95537.5,-5.1972215331183325
2023-01-04 11:06:00+00:00,-1.8,short,is,,3859.75,3859.75,1,1,95537.5,-5.1972215331183325
2023-01-04 11:08:00+00:00,-26.8,short,is,,3859.0,3859.5,1,1,95512.5,-5.222029273133217
2023-01-04 11:10:00+00:00,-114.3,short,is,,3858.75,3861.0,1,1,95400.0,-5.333664103200198
2023-01-04 11:28:00+00:00,48.2,long,is,,3860.5,3861.5,1,17,95450.0,-5.284048623170429
2023-01-04 11:31:00+00:00,-14.3,long,is,,3861.75,3861.5,1,2,95437.5,-5.296452493177871
2023-01-04 11:34:00+00:00,-76.8,long,is,,3862.75,3861.25,1,2,95362.5,-5.370875713222525
2023-01-04 11:43:00+00:00,35.7,long,is,,3861.75,3862.5,1,8,95400.0,-5.333664103200198
2023-01-04 11:47:00+00:00,-51.8,long,is,,3863.5,3862.5,1,3,95350.0,-5.383279583229967
2023-01-04 11:49:00+00:00,-39.3,long,is,,3863.25,3862.5,1,1,95312.5,-5.420491193252295
2023-01-04 11:53:00+00:00,-26.8,long,is,,3863.25,3862.75,1,3,95287.5,-5.445298933267179
2023-01-04 11:58:00+00:00,-89.3,long,is,,3864.0,3862.25,1,4,95200.0,-5.532126023319275
2023-01-04 12:17:00+00:00,48.2,short,is,,3860.0,3859.0,1,18,95250.0,-5.482510543289506
2023-01-04 12:27:00+00:00,60.7,short,is,,3858.5,3857.25,1,9,95312.5,-5.420491193252295
2023-01-04 12:34:00+00:00,-76.8,short,is,,3856.5,3858.0,1,6,95237.5,-5.494914413296949
2023-01-04 12:36:00+00:00,-26.8,short,is,,3857.0,3857.5,1,1,95212.5,-5.519722153311833
2023-01-04 12:38:00+00:00,-39.3,short,is,,3856.25,3857.0,1,1,95175.0,-5.55693376333416
2023-01-04 12:40:00+00:00,-1.8,short,is,,3856.75,3856.75,1,1,95175.0,-5.55693376333416
2023-01-04 12:45:00+00:00,-114.3,short,is,,3854.75,3857.0,1,4,95062.5,-5.668568593401141
2023-01-04 12:55:00+00:00,35.7,short,is,,3855.75,3855.0,1,9,95100.0,-5.631356983378814
2023-01-04 12:58:00+00:00,-126.8,short,is,,3853.0,3855.5,1,2,94975.0,-5.755395683453238
2023-01-04 13:00:00+00:00,-14.3,short,is,,3855.25,3855.5,1,1,94962.5,-5.76779955346068
2023-01-04 13:02:00+00:00,-51.8,short,is,,3854.5,3855.5,1,1,94912.5,-5.817415033490449
2023-01-04 13:04:00+00:00,-64.3,short,is,,3857.0,3858.25,1,1,94850.0,-5.87943438352766
2023-01-04 13:36:00+00:00,285.7,long,is,,3859.25,3865.0,1,31,95137.5,-5.594145373356487
2023-01-04 13:38:00+00:00,-14.3,long,is,,3866.25,3866.0,1,1,95125.0,-5.606549243363929
2023-01-04 13:41:00+00:00,-51.8,long,is,,3866.5,3865.5,1,2,95075.0,-5.656164723393699
2023-01-04 13:52:00+00:00,-1.8,long,is,,3867.25,3867.25,1,10,95075.0,-5.656164723393699
2023-01-04 13:54:00+00:00,-51.8,long,is,,3867.5,3866.5,1,1,95025.0,-5.705780203423468
2023-01-04 13:56:00+00:00,-39.3,long,is,,3865.75,3865.0,1,1,94987.5,-5.742991813445795
2023-01-04 13:58:00+00:00,10.7,long,is,,3864.75,3865.0,1,1,95000.0,-5.730587943438352
2023-01-04 14:00:00+00:00,-26.8,long,is,,3866.75,3866.25,1,1,94975.0,-5.755395683453238
2023-01-04 14:02:00+00:00,-64.3,long,is,,3865.25,3864.0,1,1,94912.5,-5.817415033490449
2023-01-04 14:04:00+00:00,-39.3,long,is,,3862.5,3861.75,1,1,94875.0,-5.854626643512776
2023-01-04 14:06:00+00:00,-51.8,long,is,,3863.25,3862.25,1,1,94825.0,-5.904242123542545
2023-01-04 14:08:00+00:00,-1.8,long,is,,3862.5,3862.5,1,1,94825.0,-5.904242123542545
2023-01-04 14:10:00+00:00,-51.8,long,is,,3863.5,3862.5,1,1,94775.0,-5.953857603572314
2023-01-04 14:13:00+00:00,-76.8,long,is,,3862.75,3861.25,1,2,94700.0,-6.028280823616969
2023-01-04 14:15:00+00:00,-14.3,long,is,,3862.25,3862.0,1,1,94687.5,-6.040684693624411
2023-01-04 14:17:00+00:00,10.7,long,is,,3862.25,3862.5,1,1,94700.0,-6.028280823616969
2023-01-04 14:21:00+00:00,-126.8,short,is,,3860.75,3863.25,1,3,94575.0,-6.152319523691392
2023-01-04 14:23:00+00:00,-76.8,long,is,,3863.5,3862.0,1,1,94500.0,-6.226742743736045
2023-01-04 14:33:00+00:00,-101.8,long,is,,3862.25,3860.25,1,9,94400.0,-6.325973703795585
2023-01-04 14:36:00+00:00,-576.8,short,is,,3857.25,3868.75,1,2,93825.0,-6.896551724137931
2023-01-04 14:45:00+00:00,-439.3,long,is,,3872.0,3863.25,1,8,93387.5,-7.330687174398412
2023-01-04 14:59:00+00:00,-251.8,short,is,,3862.75,3867.75,1,13,93137.5,-7.578764574547259
2023-01-04 15:01:00+00:00,-526.8,long,is,,3869.5,3859.0,1,1,92612.5,-8.099727114859837
2023-01-04 15:03:00+00:00,-389.3,short,is,,3864.75,3872.5,1,1,92225.0,-8.48424708509055
2023-01-04 15:21:00+00:00,673.2,short,is,,3863.5,3850.0,1,17,92900.0,-7.814438104688663
2023-01-04 15:25:00+00:00,160.7,short,is,,3851.25,3848.0,1,3,93062.5,-7.653187794591913
2023-01-04 15:28:00+00:00,-89.3,short,is,,3845.75,3847.5,1,2,92975.0,-7.740014884644008
2023-01-04 15:30:00+00:00,-214.3,short,is,,3849.0,3853.25,1,1,92762.5,-7.950880674770529
2023-01-04 15:32:00+00:00,35.7,short,is,,3849.5,3848.75,1,1,92800.0,-7.913669064748201
2023-01-04 15:34:00+00:00,-176.8,short,is,,3847.25,3850.75,1,1,92625.0,-8.087323244852394
2023-01-04 15:36:00+00:00,23.2,short,is,,3850.5,3850.0,1,1,92650.0,-8.06251550483751
2023-01-04 15:38:00+00:00,35.7,short,is,,3853.0,3852.25,1,1,92687.5,-8.025303894815181
2023-01-04 15:40:00+00:00,123.2,short,is,,3852.0,3849.5,1,1,92812.5,-7.901265194740759
2023-01-04 15:43:00+00:00,-114.3,short,is,,3849.5,3851.75,1,2,92700.0,-8.01290002480774
2023-01-04 15:45:00+00:00,-301.8,short,is,,3852.5,3858.5,1,1,92400.0,-8.310592904986356
2023-01-04 16:05:00+00:00,-114.3,long,is,,3864.25,3862.0,1,19,92287.5,-8.422227735053337
2023-01-04 16:07:00+00:00,-101.8,long,is,,3863.5,3861.5,1,1,92187.5,-8.521458695112875
2023-01-04 17:02:00+00:00,1385.7,long,is,,3864.0,3891.75,1,54,93575.0,-7.144629124286777
2023-01-04 17:04:00+00:00,-51.8,long,is,,3891.75,3890.75,1,1,93525.0,-7.194244604316546
2023-01-04 17:06:00+00:00,-39.3,long,is,,3891.75,3891.0,1,1,93487.5,-7.231456214338874
2023-01-04 17:08:00+00:00,23.2,long,is,,3889.0,3889.5,1,1,93512.5,-7.2066484743239885
2023-01-04 17:10:00+00:00,-64.3,long,is,,3891.0,3889.75,1,1,93450.0,-7.268667824361201
2023-01-04 17:12:00+00:00,35.7,long,is,,3889.5,3890.25,1,1,93487.5,-7.231456214338874
2023-01-04 17:14:00+00:00,-89.3,long,is,,3891.25,3889.5,1,1,93400.0,-7.318283304390969
2023-01-04 17:16:00+00:00,73.2,long,is,,3889.0,3890.5,1,1,93475.0,-7.243860084346316
2023-01-04 17:18:00+00:00,35.7,long,is,,3889.75,3890.5,1,1,93512.5,-7.2066484743239885
2023-01-04 17:21:00+00:00,-64.3,long,is,,3891.5,3890.25,1,2,93450.0,-7.268667824361201
2023-01-04 17:28:00+00:00,-164.3,long,is,,3893.0,3889.75,1,6,93287.5,-7.429918134457951
2023-01-04 17:30:00+00:00,-51.8,long,is,,3890.5,3889.5,1,1,93237.5,-7.479533614487719
2023-01-04 17:49:00+00:00,-51.8,long,is,,3891.25,3890.25,1,18,93187.5,-7.52914909451749
2023-01-04 17:51:00+00:00,-1.8,long,is,,3891.25,3891.25,1,1,93187.5,-7.52914909451749
2023-01-04 17:53:00+00:00,-14.3,long,is,,3888.0,3887.75,1,1,93175.0,-7.541552964524932
2023-01-04 17:55:00+00:00,-26.8,long,is,,3889.25,3888.75,1,1,93150.0,-7.566360704539816
2023-01-04 18:13:00+00:00,223.2,short,is,,3886.25,3881.75,1,17,93375.0,-7.343091044405854
2023-01-04 18:15:00+00:00,-14.3,short,is,,3882.25,3882.5,1,1,93362.5,-7.355494914413296
2023-01-04 18:17:00+00:00,-64.3,short,is,,3884.0,3885.25,1,1,93300.0,-7.417514264450508
2023-01-04 18:19:00+00:00,-1.8,short,is,,3886.75,3886.75,1,1,93300.0,-7.417514264450508
2023-01-04 18:21:00+00:00,10.7,short,is,,3887.25,3887.0,1,1,93312.5,-7.405110394443066
2023-01-04 18:23:00+00:00,48.2,short,is,,3887.5,3886.5,1,1,93362.5,-7.355494914413296
2023-01-04 18:25:00+00:00,23.2,short,is,,3888.0,3887.5,1,1,93387.5,-7.330687174398412
2023-01-04 18:27:00+00:00,-26.8,short,is,,3887.5,3888.0,1,1,93362.5,-7.355494914413296
2023-01-04 18:29:00+00:00,10.7,short,is,,3886.75,3886.5,1,1,93375.0,-7.343091044405854
2023-01-04 18:32:00+00:00,-51.8,short,is,,3885.5,3886.5,1,2,93325.0,-7.392706524435624
2023-01-04 18:34:00+00:00,48.2,short,is,,3887.5,3886.5,1,1,93375.0,-7.343091044405854
2023-01-04 18:36:00+00:00,-26.8,short,is,,3887.25,3887.75,1,1,93350.0,-7.367898784420738
2023-01-04 18:42:00+00:00,-164.3,long,is,,3890.0,3886.75,1,5,93187.5,-7.52914909451749
2023-01-04 19:01:00+00:00,10.7,short,is,,3888.0,3887.75,1,18,93200.0,-7.516745224510048
2023-01-04 19:16:00+00:00,210.7,short,is,,3880.75,3876.5,1,14,93412.5,-7.305879434383527
2023-01-04 19:18:00+00:00,-1.8,short,is,,3880.5,3880.5,1,1,93412.5,-7.305879434383527
2023-01-04 19:20:00+00:00,-114.3,short,is,,3879.25,3881.5,1,1,93300.0,-7.417514264450508
2023-01-04 19:42:00+00:00,860.7,short,is,,3878.75,3861.5,1,21,94162.5,-6.561647233936989
2023-01-04 19:44:00+00:00,98.2,short,is,,3859.75,3857.75,1,1,94262.5,-6.46241627387745
2023-01-04 19:46:00+00:00,-89.3,short,is,,3857.5,3859.25,1,1,94175.0,-6.549243363929547
2023-01-04 19:48:00+00:00,-26.8,short,is,,3860.5,3861.0,1,1,94150.0,-6.574051103944431
2023-01-04 19:50:00+00:00,110.7,short,is,,3860.25,3858.0,1,1,94262.5,-6.46241627387745
2023-01-04 19:52:00+00:00,-201.8,short,is,,3854.75,3858.75,1,1,94062.5,-6.660878193996527
2023-01-04 19:54:00+00:00,-76.8,short,is,,3858.25,3859.75,1,1,93987.5,-6.735301414041181
2023-01-04 19:56:00+00:00,-201.8,short,is,,3859.25,3863.25,1,1,93787.5,-6.933763334160258
2023-01-04 19:58:00+00:00,60.7,short,is,,3867.75,3866.5,1,1,93850.0,-6.8717439841230465
2023-01-04 20:00:00+00:00,-126.8,short,is,,3867.0,3869.5,1,1,93725.0,-6.9957826841974695
2023-01-04 20:02:00+00:00,-214.3,short,is,,3870.75,3875.0,1,1,93512.5,-7.2066484743239885
2023-01-04 20:14:00+00:00,-164.3,long,is,,3873.0,3869.75,1,11,93350.0,-7.367898784420738
2023-01-04 20:16:00+00:00,-39.3,short,is,,3870.75,3871.5,1,1,93312.5,-7.405110394443066
2023-01-04 20:20:00+00:00,-1.8,long,is,,3871.0,3871.0,1,3,93312.5,-7.405110394443066
2023-01-04 20:22:00+00:00,-214.3,long,is,,3872.25,3868.0,1,1,93100.0,-7.615976184569585
2023-01-04 20:49:00+00:00,448.2,short,is,,3865.0,3856.0,1,26,93550.0,-7.169436864301662
2023-01-04 20:51:00+00:00,-14.3,short,is,,3858.25,3858.5,1,1,93537.5,-7.181840734309104
2023-01-04 20:53:00+00:00,-14.3,short,is,,3860.5,3860.75,1,1,93525.0,-7.194244604316546
2023-01-04 20:55:00+00:00,-214.3,short,is,,3859.0,3863.25,1,1,93312.5,-7.405110394443066
2023-01-04 21:15:00+00:00,210.7,long,is,,3868.0,3872.25,1,19,93525.0,-7.194244604316546
2023-01-04 21:17:00+00:00,-26.8,long,is,,3873.25,3872.75,1,1,93500.0,-7.2190523443314305
2023-01-04 21:22:00+00:00,-39.3,long,is,,3874.0,3873.25,1,4,93462.5,-7.256263954353759
2023-01-04 21:24:00+00:00,-39.3,long,is,,3873.5,3872.75,1,1,93425.0,-7.293475564376085
2023-01-04 21:26:00+00:00,-64.3,long,is,,3872.75,3871.5,1,1,93362.5,-7.355494914413296
2023-01-04 21:28:00+00:00,-26.8,long,is,,3871.25,3870.75,1,1,93337.5,-7.380302654428182
2023-01-04 21:30:00+00:00,-51.8,long,is,,3871.5,3870.5,1,1,93287.5,-7.429918134457951
2023-01-04 21:32:00+00:00,-39.3,long,is,,3871.25,3870.5,1,1,93250.0,-7.467129744480277
2023-01-04 21:34:00+00:00,-14.3,long,is,,3870.25,3870.0,1,1,93237.5,-7.479533614487719
2023-01-04 21:36:00+00:00,-51.8,long,is,,3869.25,3868.25,1,1,93187.5,-7.52914909451749
2023-01-04 21:38:00+00:00,-26.8,long,is,,3869.0,3868.5,1,1,93162.5,-7.553956834532374
2023-01-04 21:40:00+00:00,-26.8,long,is,,3868.75,3868.25,1,1,93137.5,-7.578764574547259
2023-01-04 21:42:00+00:00,-26.8,long,is,,3869.0,3868.5,1,1,93112.5,-7.603572314562143
2023-01-04 21:44:00+00:00,-39.3,long,is,,3869.25,3868.5,1,1,93075.0,-7.640783924584469
2023-01-04 21:46:00+00:00,10.7,long,is,,3868.75,3869.0,1,1,93087.5,-7.628380054577027
2023-01-04 21:48:00+00:00,-39.3,long,is,,3869.0,3868.25,1,1,93050.0,-7.665591664599355
2023-01-04 21:50:00+00:00,-51.8,long,is,,3869.25,3868.25,1,1,93000.0,-7.715207144629124
2023-01-04 21:52:00+00:00,-39.3,long,is,,3868.75,3868.0,1,1,92962.5,-7.752418754651451
2023-01-04 23:14:00+00:00,110.7,long,is,,3868.75,3871.0,1,21,93075.0,-7.640783924584469
2023-01-04 23:21:00+00:00,-26.8,long,is,,3871.5,3871.0,1,6,93050.0,-7.665591664599355
2023-01-04 23:23:00+00:00,-39.3,long,is,,3871.75,3871.0,1,1,93012.5,-7.702803274621682
2023-01-04 23:56:00+00:00,135.7,long,is,,3872.0,3874.75,1,32,93150.0,-7.566360704539816
2023-01-04 23:58:00+00:00,-1.8,long,is,,3873.5,3873.5,1,1,93150.0,-7.566360704539816
2023-01-05 00:00:00+00:00,-40.0,long,is,,3873.25,3872.5,1,1,93112.5,-7.603572314562143
2023-01-05 00:02:00+00:00,22.5,long,is,,3872.25,3872.75,1,1,93137.5,-7.578764574547259
2023-01-05 00:04:00+00:00,-65.0,long,is,,3873.0,3871.75,1,1,93075.0,-7.640783924584469
2023-01-05 00:16:00+00:00,-115.0,short,is,,3871.0,3873.25,1,11,92962.5,-7.752418754651451
2023-01-05 00:32:00+00:00,-27.5,long,is,,3873.25,3872.75,1,15,92937.5,-7.777226494666335
2023-01-05 00:35:00+00:00,-77.5,long,is,,3873.75,3872.25,1,2,92862.5,-7.85164971471099
2023-01-05 00:54:00+00:00,35.0,short,is,,3872.25,3871.5,1,18,92900.0,-7.814438104688663
2023-01-05 00:56:00+00:00,-40.0,short,is,,3871.5,3872.25,1,1,92862.5,-7.85164971471099
2023-01-05 00:58:00+00:00,-27.5,short,is,,3871.25,3871.75,1,1,92837.5,-7.876457454725874
2023-01-05 01:05:00+00:00,-27.5,short,is,,3870.75,3871.25,1,6,92812.5,-7.901265194740759
2023-01-05 01:07:00+00:00,-90.0,short,is,,3870.75,3872.5,1,1,92725.0,-7.988092284792855
2023-01-05 01:09:00+00:00,-64.3,short,is,,3871.5,3872.75,1,1,92662.5,-8.050111634830067
2023-01-05 01:11:00+00:00,-14.3,short,is,,3872.5,3872.75,1,1,92650.0,-8.06251550483751
2023-01-05 01:31:00+00:00,-39.3,long,is,,3873.5,3872.75,1,19,92612.5,-8.099727114859837
2023-01-05 01:33:00+00:00,-76.8,long,is,,3874.0,3872.5,1,1,92537.5,-8.174150334904489
2023-01-05 01:35:00+00:00,-76.8,short,is,,3872.25,3873.75,1,1,92462.5,-8.248573554949145
2023-01-05 01:37:00+00:00,-26.8,long,is,,3873.0,3872.5,1,1,92437.5,-8.273381294964029
2023-01-05 01:39:00+00:00,-64.3,long,is,,3873.0,3871.75,1,1,92375.0,-8.335400645001242
2023-01-05 01:46:00+00:00,-114.3,short,is,,3871.75,3874.0,1,6,92262.5,-8.44703547506822
2023-01-05 01:55:00+00:00,-39.3,long,is,,3873.25,3872.5,1,8,92225.0,-8.48424708509055
2023-01-05 02:35:00+00:00,548.2,short,is,,3871.75,3860.75,1,39,92775.0,-7.938476804763087
2023-01-05 02:37:00+00:00,-39.3,short,is,,3860.0,3860.75,1,1,92737.5,-7.975688414785413
2023-01-05 02:39:00+00:00,-64.3,short,is,,3859.75,3861.0,1,1,92675.0,-8.037707764822624
2023-01-05 02:41:00+00:00,-14.3,short,is,,3860.75,3861.0,1,1,92662.5,-8.050111634830067
2023-01-05 02:43:00+00:00,-89.3,short,is,,3860.75,3862.5,1,1,92575.0,-8.136938724882164
2023-01-05 02:45:00+00:00,-14.3,short,is,,3862.0,3862.25,1,1,92562.5,-8.149342594889605
2023-01-05 02:47:00+00:00,-51.8,short,is,,3862.0,3863.0,1,1,92512.5,-8.198958074919375
2023-01-05 02:49:00+00:00,-51.8,short,is,,3862.25,3863.25,1,1,92462.5,-8.248573554949145
2023-01-05 02:51:00+00:00,-39.3,short,is,,3862.25,3863.0,1,1,92425.0,-8.285785164971472
2023-01-05 02:53:00+00:00,-26.8,short,is,,3863.25,3863.75,1,1,92400.0,-8.310592904986356
2023-01-05 02:55:00+00:00,-26.8,short,is,,3863.0,3863.5,1,1,92375.0,-8.335400645001242
2023-01-05 02:57:00+00:00,10.7,short,is,,3863.0,3862.75,1,1,92387.5,-8.322996774993797
2023-01-05 03:09:00+00:00,-76.8,short,is,,3862.5,3864.0,1,11,92312.5,-8.397419995038453
2023-01-05 03:11:00+00:00,-51.8,short,is,,3863.5,3864.5,1,1,92262.5,-8.44703547506822
2023-01-05 03:13:00+00:00,-51.8,short,is,,3863.0,3864.0,1,1,92212.5,-8.49665095509799
2023-01-05 03:15:00+00:00,-14.3,short,is,,3864.0,3864.25,1,1,92200.0,-8.509054825105434
2023-01-05 03:17:00+00:00,-26.8,short,is,,3864.0,3864.5,1,1,92175.0,-8.533862565120318
2023-01-05 03:19:00+00:00,-26.8,short,is,,3864.5,3865.0,1,1,92150.0,-8.558670305135202
2023-01-05 03:25:00+00:00,-139.3,long,is,,3865.75,3863.0,1,5,92012.5,-8.695112875217067
2023-01-05 03:31:00+00:00,-51.8,short,is,,3863.25,3864.25,1,5,91962.5,-8.744728355246837
2023-01-05 03:35:00+00:00,-39.3,long,is,,3864.0,3863.25,1,3,91925.0,-8.781939965269164
2023-01-05 03:40:00+00:00,-101.8,short,is,,3862.5,3864.5,1,4,91825.0,-8.881170925328702
2023-01-05 03:43:00+00:00,-64.3,long,is,,3863.5,3862.25,1,2,91762.5,-8.943190275365914
2023-01-05 03:45:00+00:00,-14.3,long,is,,3863.0,3862.75,1,1,91750.0,-8.955594145373356
2023-01-05 03:49:00+00:00,-26.8,long,is,,3863.75,3863.25,1,3,91725.0,-8.980401885388241
2023-01-05 03:51:00+00:00,-51.8,long,is,,3863.25,3862.25,1,1,91675.0,-9.030017365418011
2023-01-05 03:58:00+00:00,-89.3,short,is,,3862.0,3863.75,1,6,91587.5,-9.116844455470106
2023-01-05 04:53:00+00:00,398.2,long,is,,3863.5,3871.5,1,54,91987.5,-8.719920615231953
2023-01-05 04:55:00+00:00,-14.3,long,is,,3872.0,3871.75,1,1,91975.0,-8.732324485239394
2023-01-05 05:17:00+00:00,-1.8,long,is,,3872.5,3872.5,1,21,91975.0,-8.732324485239394
2023-01-05 05:19:00+00:00,-51.8,long,is,,3873.0,3872.0,1,1,91925.0,-8.781939965269164
2023-01-05 05:21:00+00:00,-39.3,long,is,,3872.75,3872.0,1,1,91887.5,-8.81915157529149
2023-01-05 05:23:00+00:00,-26.8,long,is,,3872.25,3871.75,1,1,91862.5,-8.843959315306375
2023-01-05 05:25:00+00:00,-14.3,long,is,,3871.5,3871.25,1,1,91850.0,-8.856363185313818
2023-01-05 05:27:00+00:00,-39.3,long,is,,3871.5,3870.75,1,1,91812.5,-8.893574795336146
2023-01-05 05:29:00+00:00,-1.8,long,is,,3870.75,3870.75,1,1,91812.5,-8.893574795336146
2023-01-05 05:31:00+00:00,-1.8,long,is,,3871.5,3871.5,1,1,91812.5,-8.893574795336146
2023-01-05 05:33:00+00:00,-64.3,long,is,,3872.0,3870.75,1,1,91750.0,-8.955594145373356
2023-01-05 05:46:00+00:00,-14.3,long,is,,3871.75,3871.5,1,12,91737.5,-8.967998015380799
2023-01-05 05:50:00+00:00,-39.3,long,is,,3872.5,3871.75,1,3,91700.0,-9.005209625403126
2023-01-05 06:00:00+00:00,-76.8,short,is,,3871.0,3872.5,1,9,91625.0,-9.07963284544778
2023-01-05 06:07:00+00:00,-26.8,short,is,,3871.25,3871.75,1,6,91600.0,-9.104440585462664
2023-01-05 06:09:00+00:00,-26.8,short,is,,3871.75,3872.25,1,1,91575.0,-9.12924832547755
2023-01-05 06:20:00+00:00,-51.8,long,is,,3872.75,3871.75,1,10,91525.0,-9.17886380550732
2023-01-05 06:42:00+00:00,23.2,short,is,,3871.5,3871.0,1,21,91550.0,-9.154056065492433
2023-01-05 06:44:00+00:00,-14.3,short,is,,3870.5,3870.75,1,1,91537.5,-9.166459935499876
2023-01-05 07:15:00+00:00,223.2,short,is,,3870.0,3865.5,1,30,91762.5,-8.943190275365914
2023-01-05 07:17:00+00:00,-26.8,short,is,,3865.5,3866.0,1,1,91737.5,-8.967998015380799
2023-01-05 07:19:00+00:00,-14.3,short,is,,3865.75,3866.0,1,1,91725.0,-8.980401885388241
2023-01-05 07:21:00+00:00,-101.8,short,is,,3865.25,3867.25,1,1,91625.0,-9.07963284544778
2023-01-05 07:23:00+00:00,-14.3,short,is,,3866.25,3866.5,1,1,91612.5,-9.092036715455222
2023-01-05 07:25:00+00:00,-1.8,short,is,,3866.5,3866.5,1,1,91612.5,-9.092036715455222
2023-01-05 07:27:00+00:00,-51.8,short,is,,3865.0,3866.0,1,1,91562.5,-9.14165219548499
2023-01-05 07:29:00+00:00,-51.8,short,is,,3865.25,3866.25,1,1,91512.5,-9.19126767551476
2023-01-05 07:31:00+00:00,-51.8,short,is,,3865.25,3866.25,1,1,91462.5,-9.24088315554453
2023-01-05 07:33:00+00:00,-76.8,short,is,,3865.75,3867.25,1,1,91387.5,-9.315306375589184
2023-01-05 07:39:00+00:00,-39.3,short,is,,3865.5,3866.25,1,5,91350.0,-9.352517985611511
2023-01-05 07:41:00+00:00,-51.8,short,is,,3865.75,3866.75,1,1,91300.0,-9.40213346564128
2023-01-05 07:43:00+00:00,-39.3,short,is,,3866.25,3867.0,1,1,91262.5,-9.439345075663608
2023-01-05 08:01:00+00:00,135.7,short,is,,3866.0,3863.25,1,17,91400.0,-9.302902505581741
2023-01-05 08:03:00+00:00,-126.8,short,is,,3863.0,3865.5,1,1,91275.0,-9.426941205656163
2023-01-05 08:05:00+00:00,-76.8,short,is,,3863.0,3864.5,1,1,91200.0,-9.50136442570082
2023-01-05 08:07:00+00:00,-101.8,short,is,,3863.25,3865.25,1,1,91100.0,-9.600595385760357
2023-01-05 08:09:00+00:00,-26.8,short,is,,3864.75,3865.25,1,1,91075.0,-9.625403125775241
2023-01-05 08:11:00+00:00,-14.3,short,is,,3863.75,3864.0,1,1,91062.5,-9.637806995782684
2023-01-05 08:13:00+00:00,-176.8,short,is,,3861.25,3864.75,1,1,90887.5,-9.811461175886876
2023-01-05 08:15:00+00:00,-51.8,short,is,,3865.25,3866.25,1,1,90837.5,-9.861076655916646
2023-01-05 08:17:00+00:00,-14.3,short,is,,3864.75,3865.0,1,1,90825.0,-9.873480525924089
2023-01-05 08:19:00+00:00,-89.3,short,is,,3864.5,3866.25,1,1,90737.5,-9.960307615976184
2023-01-05 08:21:00+00:00,-1.8,short,is,,3865.0,3865.0,1,1,90737.5,-9.960307615976184
2023-01-05 08:24:00+00:00,-14.3,short,is,,3865.0,3865.25,1,2,90725.0,-9.972711485983627
2023-01-05 08:30:00+00:00,-26.8,long,is,,3865.0,3864.5,1,5,90700.0,-9.997519225998513
2023-01-05 08:32:00+00:00,-76.8,long,is,,3865.25,3863.75,1,1,90625.0,-10.071942446043165
2023-01-05 08:35:00+00:00,-101.8,long,is,,3866.0,3864.0,1,2,90525.0,-10.171173406102705
2023-01-05 08:49:00+00:00,60.7,short,is,,3863.0,3861.75,1,13,90587.5,-10.109154056065492
2023-01-05 08:51:00+00:00,-64.3,short,is,,3861.0,3862.25,1,1,90525.0,-10.171173406102705
2023-01-05 08:53:00+00:00,-1.8,short,is,,3862.0,3862.0,1,1,90525.0,-10.171173406102705
2023-01-05 08:55:00+00:00,-89.3,short,is,,3861.5,3863.25,1,1,90437.5,-10.2580004961548
2023-01-05 08:57:00+00:00,-76.8,short,is,,3862.0,3863.5,1,1,90362.5,-10.332423716199454
2023-01-05 09:08:00+00:00,-139.3,long,is,,3865.0,3862.25,1,10,90225.0,-10.468866286281319
2023-01-05 09:14:00+00:00,-76.8,short,is,,3862.0,3863.5,1,5,90150.0,-10.543289506325975
2023-01-05 09:34:00+00:00,85.7,long,is,,3863.75,3865.5,1,19,90237.5,-10.456462416273878
2023-01-05 09:36:00+00:00,10.7,long,is,,3866.25,3866.5,1,1,90250.0,-10.444058546266435
2023-01-05 09:38:00+00:00,-64.3,long,is,,3866.5,3865.25,1,1,90187.5,-10.506077896303646
2023-01-05 09:44:00+00:00,10.7,long,is,,3866.75,3867.0,1,5,90200.0,-10.493674026296205
2023-01-05 09:47:00+00:00,-1.8,long,is,,3866.25,3866.25,1,2,90200.0,-10.493674026296205
2023-01-05 09:49:00+00:00,-1.8,long,is,,3867.0,3867.0,1,1,90200.0,-10.493674026296205
2023-01-05 09:52:00+00:00,-126.8,long,is,,3868.75,3866.25,1,2,90075.0,-10.617712726370627
2023-01-05 09:54:00+00:00,-39.3,long,is,,3866.75,3866.0,1,1,90037.5,-10.654924336392954
2023-01-05 10:15:00+00:00,223.2,long,is,,3867.75,3872.25,1,20,90262.5,-10.431654676258994
2023-01-05 10:28:00+00:00,-1.8,long,is,,3873.75,3873.75,1,12,90262.5,-10.431654676258994
2023-01-05 10:30:00+00:00,-14.3,long,is,,3874.5,3874.25,1,1,90250.0,-10.444058546266435
2023-01-05 10:33:00+00:00,-39.3,long,is,,3874.5,3873.75,1,2,90212.5,-10.481270156288762
2023-01-05 10:35:00+00:00,-39.3,long,is,,3874.75,3874.0,1,1,90175.0,-10.518481766311089
2023-01-05 10:51:00+00:00,-39.3,long,is,,3875.25,3874.5,1,15,90137.5,-10.555693376333416
2023-01-05 10:53:00+00:00,-51.8,long,is,,3875.5,3874.5,1,1,90087.5,-10.605308856363186
2023-01-05 10:55:00+00:00,35.7,long,is,,3874.5,3875.25,1,1,90125.0,-10.568097246340859
2023-01-05 10:57:00+00:00,-14.3,long,is,,3875.75,3875.5,1,1,90112.5,-10.580501116348302
2023-01-05 10:59:00+00:00,23.2,long,is,,3875.5,3876.0,1,1,90137.5,-10.555693376333416
2023-01-05 11:23:00+00:00,98.2,long,is,,3876.5,3878.5,1,23,90237.5,-10.456462416273878
2023-01-05 11:25:00+00:00,-39.3,long,is,,3878.75,3878.0,1,1,90200.0,-10.493674026296205
2023-01-05 11:27:00+00:00,-14.3,long,is,,3878.0,3877.75,1,1,90187.5,-10.506077896303646
2023-01-05 11:29:00+00:00,-39.3,long,is,,3879.0,3878.25,1,1,90150.0,-10.543289506325975
2023-01-05 11:31:00+00:00,-76.8,long,is,,3879.0,3877.5,1,1,90075.0,-10.617712726370627
2023-01-05 11:33:00+00:00,-64.3,long,is,,3879.25,3878.0,1,1,90012.5,-10.67973207640784
2023-01-05 11:35:00+00:00,-26.8,long,is,,3878.5,3878.0,1,1,89987.5,-10.704539816422724
2023-01-05 11:37:00+00:00,-26.8,long,is,,3878.5,3878.0,1,1,89962.5,-10.72934755643761
2023-01-05 11:40:00+00:00,-51.8,long,is,,3879.25,3878.25,1,2,89912.5,-10.778963036467378
2023-01-05 11:42:00+00:00,-1.8,long,is,,3877.5,3877.5,1,1,89912.5,-10.778963036467378
2023-01-05 11:44:00+00:00,-1.8,long,is,,3878.0,3878.0,1,1,89912.5,-10.778963036467378
2023-01-05 11:51:00+00:00,-64.3,long,is,,3879.0,3877.75,1,6,89850.0,-10.84098238650459
2023-01-05 11:59:00+00:00,-26.8,long,is,,3879.25,3878.75,1,7,89825.0,-10.865790126519475
2023-01-05 12:01:00+00:00,-101.8,long,is,,3879.0,3877.0,1,1,89725.0,-10.965021086579013
2023-01-05 12:17:00+00:00,-101.8,short,is,,3876.5,3878.5,1,15,89625.0,-11.06425204663855
2023-01-05 12:42:00+00:00,48.2,long,is,,3879.75,3880.75,1,24,89675.0,-11.014636566608782
2023-01-05 12:44:00+00:00,-39.3,long,is,,3882.25,3881.5,1,1,89637.5,-11.05184817663111
2023-01-05 13:15:00+00:00,85.7,short,is,,3878.75,3877.0,1,30,89725.0,-10.965021086579013
2023-01-05 13:46:00+00:00,248.2,short,is,,3861.75,3856.75,1,30,89975.0,-10.716943686430167
2023-01-05 13:50:00+00:00,48.2,short,is,,3856.5,3855.5,1,3,90025.0,-10.667328206400397
2023-01-05 13:52:00+00:00,-51.8,short,is,,3855.5,3856.5,1,1,89975.0,-10.716943686430167
2023-01-05 14:15:00+00:00,198.2,short,is,,3854.75,3850.75,1,22,90175.0,-10.518481766311089
2023-01-05 14:17:00+00:00,-51.8,short,is,,3850.75,3851.75,1,1,90125.0,-10.568097246340859
2023-01-05 14:19:00+00:00,85.7,short,is,,3851.5,3849.75,1,1,90212.5,-10.481270156288762
2023-01-05 14:28:00+00:00,35.7,short,is,,3850.0,3849.25,1,8,90250.0,-10.444058546266435
2023-01-05 14:30:00+00:00,-189.3,short,is,,3849.0,3852.75,1,1,90062.5,-10.63011659637807
2023-01-05 14:52:00+00:00,923.2,short,is,,3851.75,3833.25,1,21,90987.5,-9.712230215827338
2023-01-05 14:55:00+00:00,-151.8,short,is,,3830.5,3833.5,1,2,90837.5,-9.861076655916646
2023-01-05 14:57:00+00:00,-76.8,short,is,,3832.25,3833.75,1,1,90762.5,-9.9354998759613
2023-01-05 14:59:00+00:00,60.7,short,is,,3838.0,3836.75,1,1,90825.0,-9.873480525924089
2023-01-05 15:01:00+00:00,198.2,short,is,,3836.25,3832.25,1,1,91025.0,-9.675018605805011
2023-01-05 15:03:00+00:00,-14.3,short,is,,3837.5,3837.75,1,1,91012.5,-9.687422475812452
2023-01-05 15:05:00+00:00,35.7,short,is,,3839.0,3838.25,1,1,91050.0,-9.650210865790127
2023-01-05 15:07:00+00:00,-26.8,short,is,,3834.25,3834.75,1,1,91025.0,-9.675018605805011
2023-01-05 15:09:00+00:00,-251.8,short,is,,3838.25,3843.25,1,1,90775.0,-9.923096005953857
2023-01-05 15:11:00+00:00,85.7,short,is,,3843.25,3841.5,1,1,90862.5,-9.83626891590176
2023-01-05 15:13:00+00:00,-376.8,short,is,,3842.0,3849.5,1,1,90487.5,-10.20838501612503
2023-01-05 15:15:00+00:00,-14.3,short,is,,3844.75,3845.0,1,1,90475.0,-10.220788886132473
2023-01-05 15:17:00+00:00,35.7,short,is,,3842.75,3842.0,1,1,90512.5,-10.183577276110146
2023-01-05 15:39:00+00:00,135.7,short,is,,3838.25,3835.5,1,21,90650.0,-10.047134706028281
2023-01-05 15:43:00+00:00,-176.8,short,is,,3834.25,3837.75,1,3,90475.0,-10.220788886132473
2023-01-05 15:49:00+00:00,-226.8,long,is,,3840.0,3835.5,1,5,90250.0,-10.444058546266435
2023-01-05 15:51:00+00:00,60.7,short,is,,3837.25,3836.0,1,1,90312.5,-10.382039196229224
2023-01-05 16:07:00+00:00,185.7,short,is,,3835.75,3832.0,1,15,90500.0,-10.195981146117589
2023-01-05 16:10:00+00:00,-76.8,short,is,,3830.5,3832.0,1,2,90425.0,-10.270404366162243
2023-01-05 16:12:00+00:00,-1.8,short,is,,3832.5,3832.5,1,1,90425.0,-10.270404366162243
2023-01-05 16:14:00+00:00,-139.3,short,is,,3832.25,3835.0,1,1,90287.5,-10.40684693624411
2023-01-05 16:16:00+00:00,110.7,short,is,,3832.75,3830.5,1,1,90400.0,-10.295212106177127
2023-01-05 16:18:00+00:00,10.7,short,is,,3832.5,3832.25,1,1,90412.5,-10.282808236169686
2023-01-05 16:32:00+00:00,85.7,short,is,,3831.5,3829.75,1,13,90500.0,-10.195981146117589
2023-01-05 16:36:00+00:00,23.2,short,is,,3829.5,3829.0,1,3,90525.0,-10.171173406102705
2023-01-05 16:38:00+00:00,110.7,short,is,,3830.25,3828.0,1,1,90637.5,-10.059538576035724
2023-01-05 16:40:00+00:00,-26.8,short,is,,3827.25,3827.75,1,1,90612.5,-10.084346316050608
2023-01-05 16:42:00+00:00,-114.3,short,is,,3827.5,3829.75,1,1,90500.0,-10.195981146117589
2023-01-05 16:44:00+00:00,-151.8,short,is,,3829.75,3832.75,1,1,90350.0,-10.344827586206897
2023-01-05 16:46:00+00:00,-101.8,short,is,,3833.0,3835.0,1,1,90250.0,-10.444058546266435
2023-01-05 16:48:00+00:00,-14.3,short,is,,3833.25,3833.5,1,1,90237.5,-10.456462416273878
2023-01-05 16:53:00+00:00,-189.3,long,is,,3833.75,3830.0,1,4,90050.0,-10.642520466385513
2023-01-05 17:03:00+00:00,-89.3,short,is,,3829.75,3831.5,1,9,89962.5,-10.72934755643761
2023-01-05 17:16:00+00:00,-101.8,long,is,,3832.0,3830.0,1,12,89862.5,-10.828578516497148
2023-01-05 17:19:00+00:00,-101.8,long,is,,3831.5,3829.5,1,2,89762.5,-10.927809476556686
2023-01-05 17:24:00+00:00,-226.8,short,is,,3826.75,3831.25,1,4,89537.5,-11.151079136690647
2023-01-05 17:39:00+00:00,-14.3,long,is,,3833.25,3833.0,1,14,89525.0,-11.16348300669809
2023-01-05 17:41:00+00:00,-39.3,long,is,,3833.5,3832.75,1,1,89487.5,-11.200694616720416
2023-01-05 17:43:00+00:00,-26.8,long,is,,3832.5,3832.0,1,1,89462.5,-11.225502356735301
2023-01-05 17:45:00+00:00,-26.8,long,is,,3831.25,3830.75,1,1,89437.5,-11.250310096750187
2023-01-05 17:47:00+00:00,-114.3,long,is,,3832.25,3830.0,1,1,89325.0,-11.361944926817166
2023-01-05 18:08:00+00:00,-39.3,short,is,,3830.0,3830.75,1,20,89287.5,-11.399156536839495
2023-01-05 18:13:00+00:00,-126.8,long,is,,3831.25,3828.75,1,4,89162.5,-11.523195236913917
2023-01-05 18:21:00+00:00,-364.3,short,is,,3827.75,3835.0,1,7,88800.0,-11.882907467129744
2023-01-05 18:43:00+00:00,323.2,long,is,,3837.75,3844.25,1,21,89125.0,-11.560406846936244
2023-01-05 18:45:00+00:00,23.2,long,is,,3842.0,3842.5,1,1,89150.0,-11.53559910692136
2023-01-05 18:47:00+00:00,-39.3,long,is,,3842.5,3841.75,1,1,89112.5,-11.572810716943687
2023-01-05 18:49:00+00:00,-26.8,long,is,,3843.25,3842.75,1,1,89087.5,-11.597618456958571
2023-01-05 18:51:00+00:00,35.7,long,is,,3841.5,3842.25,1,1,89125.0,-11.560406846936244
2023-01-05 18:53:00+00:00,10.7,long,is,,3842.5,3842.75,1,1,89137.5,-11.548002976928801
2023-01-05 18:55:00+00:00,-51.8,long,is,,3843.25,3842.25,1,1,89087.5,-11.597618456958571
2023-01-05 18:58:00+00:00,-126.8,long,is,,3845.25,3842.75,1,2,88962.5,-11.721657157032993
2023-01-05 19:00:00+00:00,98.2,long,is,,3839.0,3841.0,1,1,89062.5,-11.622426196973455
2023-01-05 19:05:00+00:00,-39.3,long,is,,3842.75,3842.0,1,4,89025.0,-11.659637806995784
2023-01-05 19:08:00+00:00,-39.3,long,is,,3843.0,3842.25,1,2,88987.5,-11.69684941701811
2023-01-05 19:12:00+00:00,-151.8,long,is,,3844.5,3841.5,1,3,88837.5,-11.845695857107417
2023-01-05 19:14:00+00:00,-101.8,long,is,,3843.5,3841.5,1,1,88737.5,-11.944926817166957
2023-01-05 19:16:00+00:00,73.2,long,is,,3837.75,3839.25,1,1,88812.5,-11.870503597122301
2023-01-05 19:18:00+00:00,23.2,long,is,,3840.75,3841.25,1,1,88837.5,-11.845695857107417
2023-01-05 19:21:00+00:00,23.2,long,is,,3841.0,3841.5,1,2,88862.5,-11.820888117092533
2023-01-05 19:24:00+00:00,35.7,long,is,,3840.5,3841.25,1,2,88900.0,-11.783676507070206
2023-01-05 19:26:00+00:00,-14.3,long,is,,3840.5,3840.25,1,1,88887.5,-11.796080377077649
2023-01-05 19:28:00+00:00,-26.8,long,is,,3839.5,3839.0,1,1,88862.5,-11.820888117092533
2023-01-05 19:37:00+00:00,-301.8,short,is,,3837.75,3843.75,1,8,88562.5,-12.118580997271149
2023-01-05 19:57:00+00:00,-26.8,long,is,,3847.5,3847.0,1,19,88537.5,-12.143388737286033
2023-01-05 19:59:00+00:00,-51.8,long,is,,3846.25,3845.25,1,1,88487.5,-12.193004217315803
2023-01-05 20:36:00+00:00,460.7,short,is,,3843.25,3834.0,1,36,88950.0,-11.734061027040436
2023-01-05 20:38:00+00:00,98.2,short,is,,3834.0,3832.0,1,1,89050.0,-11.634830066980898
2023-01-05 20:40:00+00:00,10.7,short,is,,3833.0,3832.75,1,1,89062.5,-11.622426196973455
2023-01-05 20:42:00+00:00,23.2,short,is,,3832.0,3831.5,1,1,89087.5,-11.597618456958571
2023-01-05 20:46:00+00:00,-101.8,short,is,,3830.25,3832.25,1,3,88987.5,-11.69684941701811
2023-01-05 20:58:00+00:00,98.2,short,is,,3831.25,3829.25,1,11,89087.5,-11.597618456958571
2023-01-05 21:00:00+00:00,23.2,short,is,,3829.25,3828.75,1,1,89112.5,-11.572810716943687
2023-01-05 21:02:00+00:00,98.2,short,is,,3831.0,3829.0,1,1,89212.5,-11.473579756884147
2023-01-05 21:04:00+00:00,-39.3,short,is,,3829.25,3830.0,1,1,89175.0,-11.510791366906476
2023-01-05 21:06:00+00:00,48.2,short,is,,3831.0,3830.0,1,1,89225.0,-11.461175886876704
2023-01-05 21:08:00+00:00,60.7,short,is,,3829.75,3828.5,1,1,89287.5,-11.399156536839495
2023-01-05 21:10:00+00:00,-14.3,short,is,,3829.25,3829.5,1,1,89275.0,-11.411560406846936
2023-01-05 21:13:00+00:00,-14.3,short,is,,3829.0,3829.25,1,2,89262.5,-11.42396427685438
2023-01-05 21:15:00+00:00,48.2,short,is,,3830.75,3829.75,1,1,89312.5,-11.37434879682461
2023-01-05 21:17:00+00:00,-39.3,short,is,,3830.75,3831.5,1,1,89275.0,-11.411560406846936
2023-01-05 21:19:00+00:00,-1.8,short,is,,3830.5,3830.5,1,1,89275.0,-11.411560406846936
2023-01-05 21:21:00+00:00,-1.8,short,is,,3831.25,3831.25,1,1,89275.0,-11.411560406846936
2023-01-05 21:23:00+00:00,-1.8,short,is,,3832.0,3832.0,1,1,89275.0,-11.411560406846936
2023-01-05 21:25:00+00:00,-39.3,short,is,,3832.0,3832.75,1,1,89237.5,-11.448772016869263
2023-01-05 21:27:00+00:00,10.7,short,is,,3832.5,3832.25,1,1,89250.0,-11.43636814686182
2023-01-05 21:29:00+00:00,-51.8,short,is,,3832.25,3833.25,1,1,89200.0,-11.48598362689159
2023-01-05 21:31:00+00:00,-64.3,short,is,,3832.5,3833.75,1,1,89137.5,-11.548002976928801
2023-01-05 21:33:00+00:00,-14.3,short,is,,3832.5,3832.75,1,1,89125.0,-11.560406846936244
2023-01-05 21:35:00+00:00,-26.8,short,is,,3832.25,3832.75,1,1,89100.0,-11.585214586951128
2023-01-05 21:37:00+00:00,-51.8,long,is,,3833.0,3832.0,1,1,89050.0,-11.634830066980898
2023-01-05 21:39:00+00:00,-64.3,long,is,,3833.25,3832.0,1,1,88987.5,-11.69684941701811
2023-01-05 21:42:00+00:00,-64.3,short,is,,3832.0,3833.25,1,2,88925.0,-11.75886876705532
2023-01-05 21:47:00+00:00,-51.8,long,is,,3833.25,3832.25,1,4,88875.0,-11.80848424708509
2023-01-05 21:49:00+00:00,-39.3,long,is,,3832.75,3832.0,1,1,88837.5,-11.845695857107417
2023-01-05 21:55:00+00:00,-39.3,long,is,,3833.0,3832.25,1,5,88800.0,-11.882907467129744
2023-01-05 21:57:00+00:00,-14.3,long,is,,3832.5,3832.25,1,1,88787.5,-11.895311337137187
2023-01-05 23:06:00+00:00,-51.8,long,is,,3833.0,3832.0,1,8,88737.5,-11.944926817166957
2023-01-05 23:08:00+00:00,-39.3,long,is,,3832.75,3832.0,1,1,88700.0,-11.982138427189284
2023-01-05 23:10:00+00:00,-39.3,long,is,,3832.5,3831.75,1,1,88662.5,-12.019350037211609
2023-01-05 23:12:00+00:00,-64.3,long,is,,3832.75,3831.5,1,1,88600.0,-12.081369387248822
2023-01-05 23:39:00+00:00,73.2,long,is,,3832.5,3834.0,1,26,88675.0,-12.006946167204168
2023-01-05 23:42:00+00:00,-26.8,long,is,,3835.0,3834.5,1,2,88650.0,-12.031753907219052
2023-01-05 23:58:00+00:00,23.2,long,is,,3835.0,3835.5,1,15,88675.0,-12.006946167204168
2023-01-06 00:00:00+00:00,-40.0,long,is,,3835.5,3834.75,1,1,88637.5,-12.044157777226495
2023-01-06 00:06:00+00:00,-27.5,long,is,,3836.25,3835.75,1,5,88612.5,-12.068965517241379
2023-01-06 00:12:00+00:00,-15.0,long,is,,3836.75,3836.5,1,5,88600.0,-12.081369387248822
2023-01-06 00:14:00+00:00,-27.5,long,is,,3836.25,3835.75,1,1,88575.0,-12.106177127263706
2023-01-06 00:16:00+00:00,-65.0,long,is,,3836.5,3835.25,1,1,88512.5,-12.168196477300917
2023-01-06 00:18:00+00:00,-2.5,long,is,,3836.0,3836.0,1,1,88512.5,-12.168196477300917
2023-01-06 00:41:00+00:00,85.0,long,is,,3836.0,3837.75,1,22,88600.0,-12.081369387248822
2023-01-06 00:43:00+00:00,-15.0,long,is,,3838.0,3837.75,1,1,88587.5,-12.093773257256265
2023-01-06 00:45:00+00:00,-40.0,long,is,,3838.5,3837.75,1,1,88550.0,-12.13098486727859
2023-01-06 00:47:00+00:00,-40.0,long,is,,3838.5,3837.75,1,1,88512.5,-12.168196477300917
2023-01-06 00:49:00+00:00,-40.0,long,is,,3838.75,3838.0,1,1,88475.0,-12.205408087323246
2023-01-06 00:51:00+00:00,-15.0,long,is,,3838.0,3837.75,1,1,88462.5,-12.217811957330687
2023-01-06 00:53:00+00:00,-27.5,long,is,,3838.25,3837.75,1,1,88437.5,-12.242619697345573
2023-01-06 00:55:00+00:00,-40.0,long,is,,3838.25,3837.5,1,1,88400.0,-12.279831307367898
2023-01-06 01:18:00+00:00,23.2,long,is,,3838.5,3839.0,1,22,88425.0,-12.255023567353014
2023-01-06 01:20:00+00:00,-39.3,long,is,,3840.0,3839.25,1,1,88387.5,-12.29223517737534
2023-01-06 01:22:00+00:00,-39.3,long,is,,3838.75,3838.0,1,1,88350.0,-12.329446787397668
2023-01-06 01:24:00+00:00,-1.8,long,is,,3839.5,3839.5,1,1,88350.0,-12.329446787397668
2023-01-06 01:26:00+00:00,-39.3,long,is,,3840.0,3839.25,1,1,88312.5,-12.366658397419995
2023-01-06 01:28:00+00:00,10.7,long,is,,3839.0,3839.25,1,1,88325.0,-12.354254527412554
2023-01-06 01:54:00+00:00,148.2,long,is,,3839.75,3842.75,1,25,88475.0,-12.205408087323246
2023-01-06 01:57:00+00:00,-1.8,long,is,,3843.0,3843.0,1,2,88475.0,-12.205408087323246
2023-01-06 02:13:00+00:00,-14.3,long,is,,3844.25,3844.0,1,15,88462.5,-12.217811957330687
2023-01-06 02:15:00+00:00,-26.8,long,is,,3844.0,3843.5,1,1,88437.5,-12.242619697345573
2023-01-06 02:21:00+00:00,-26.8,long,is,,3844.75,3844.25,1,5,88412.5,-12.267427437360457
2023-01-06 02:23:00+00:00,-26.8,long,is,,3844.5,3844.0,1,1,88387.5,-12.29223517737534
2023-01-06 02:33:00+00:00,-14.3,long,is,,3844.75,3844.5,1,9,88375.0,-12.304639047382784
2023-01-06 02:35:00+00:00,-64.3,long,is,,3845.25,3844.0,1,1,88312.5,-12.366658397419995
2023-01-06 02:37:00+00:00,-26.8,long,is,,3845.0,3844.5,1,1,88287.5,-12.391466137434879
2023-01-06 02:39:00+00:00,-39.3,long,is,,3844.5,3843.75,1,1,88250.0,-12.428677747457206
2023-01-06 02:41:00+00:00,-51.8,long,is,,3844.25,3843.25,1,1,88200.0,-12.478293227486976
2023-01-06 02:43:00+00:00,-26.8,long,is,,3843.75,3843.25,1,1,88175.0,-12.50310096750186
2023-01-06 02:45:00+00:00,-14.3,long,is,,3843.75,3843.5,1,1,88162.5,-12.515504837509303
2023-01-06 02:49:00+00:00,-26.8,long,is,,3844.5,3844.0,1,3,88137.5,-12.540312577524187
2023-01-06 02:51:00+00:00,-76.8,long,is,,3845.0,3843.5,1,1,88062.5,-12.61473579756884
2023-01-06 02:53:00+00:00,-39.3,long,is,,3844.0,3843.25,1,1,88025.0,-12.65194740759117
2023-01-06 02:55:00+00:00,-26.8,long,is,,3844.25,3843.75,1,1,88000.0,-12.676755147606054
2023-01-06 03:21:00+00:00,98.2,long,is,,3844.0,3846.0,1,25,88100.0,-12.577524187546516
2023-01-06 03:23:00+00:00,-14.3,long,is,,3846.25,3846.0,1,1,88087.5,-12.589928057553957
2023-01-06 03:25:00+00:00,-14.3,long,is,,3846.25,3846.0,1,1,88075.0,-12.6023319275614
2023-01-06 03:37:00+00:00,-39.3,long,is,,3847.25,3846.5,1,11,88037.5,-12.639543537583725
2023-01-06 03:39:00+00:00,-39.3,long,is,,3846.5,3845.75,1,1,88000.0,-12.676755147606054
2023-01-06 03:41:00+00:00,-14.3,long,is,,3846.25,3846.0,1,1,87987.5,-12.689159017613497
2023-01-06 03:43:00+00:00,-26.8,long,is,,3846.5,3846.0,1,1,87962.5,-12.71396675762838
2023-01-06 03:45:00+00:00,-14.3,long,is,,3846.0,3845.75,1,1,87950.0,-12.726370627635822
2023-01-06 03:47:00+00:00,10.7,long,is,,3846.0,3846.25,1,1,87962.5,-12.71396675762838
2023-01-06 03:49:00+00:00,-51.8,long,is,,3847.0,3846.0,1,1,87912.5,-12.76358223765815
2023-01-06 03:51:00+00:00,-14.3,long,is,,3846.25,3846.0,1,1,87900.0,-12.77598610766559
2023-01-06 03:59:00+00:00,-51.8,long,is,,3847.25,3846.25,1,7,87850.0,-12.825601587695362
2023-01-06 04:02:00+00:00,-14.3,long,is,,3846.5,3846.25,1,2,87837.5,-12.838005457702803
2023-01-06 04:08:00+00:00,-26.8,long,is,,3847.0,3846.5,1,5,87812.5,-12.862813197717687
2023-01-06 04:10:00+00:00,-39.3,long,is,,3846.5,3845.75,1,1,87775.0,-12.900024807740015
2023-01-06 04:25:00+00:00,-64.3,short,is,,3845.5,3846.75,1,14,87712.5,-12.962044157777228
2023-01-06 04:47:00+00:00,-51.8,long,is,,3847.0,3846.0,1,21,87662.5,-13.011659637806996
2023-01-06 04:50:00+00:00,-76.8,short,is,,3845.5,3847.0,1,2,87587.5,-13.08608285785165
2023-01-06 04:52:00+00:00,-39.3,long,is,,3847.25,3846.5,1,1,87550.0,-13.123294467873977
2023-01-06 04:54:00+00:00,-51.8,long,is,,3847.25,3846.25,1,1,87500.0,-13.172909947903747
2023-01-06 05:03:00+00:00,-64.3,long,is,,3847.75,3846.5,1,8,87437.5,-13.234929297940958
2023-01-06 05:41:00+00:00,160.7,short,is,,3846.0,3842.75,1,37,87600.0,-13.073678987844206
2023-01-06 06:00:00+00:00,23.2,short,is,,3842.0,3841.5,1,18,87625.0,-13.048871247829322
2023-01-06 06:02:00+00:00,-26.8,short,is,,3841.75,3842.25,1,1,87600.0,-13.073678987844206
2023-01-06 06:04:00+00:00,-1.8,short,is,,3841.75,3841.75,1,1,87600.0,-13.073678987844206
2023-01-06 06:06:00+00:00,-1.8,short,is,,3841.75,3841.75,1,1,87600.0,-13.073678987844206
2023-01-06 06:08:00+00:00,-14.3,short,is,,3841.0,3841.25,1,1,87587.5,-13.08608285785165
2023-01-06 06:10:00+00:00,-64.3,short,is,,3841.25,3842.5,1,1,87525.0,-13.148102207888861
2023-01-06 06:12:00+00:00,-39.3,short,is,,3841.75,3842.5,1,1,87487.5,-13.185313817911187
2023-01-06 06:14:00+00:00,-39.3,short,is,,3842.25,3843.0,1,1,87450.0,-13.222525427933515
2023-01-06 06:16:00+00:00,10.7,short,is,,3843.25,3843.0,1,1,87462.5,-13.210121557926072
2023-01-06 06:18:00+00:00,-26.8,short,is,,3841.75,3842.25,1,1,87437.5,-13.234929297940958
2023-01-06 06:22:00+00:00,-26.8,short,is,,3841.75,3842.25,1,3,87412.5,-13.259737037955844
2023-01-06 06:41:00+00:00,35.7,short,is,,3842.0,3841.25,1,18,87450.0,-13.222525427933515
2023-01-06 06:43:00+00:00,-26.8,short,is,,3841.5,3842.0,1,1,87425.0,-13.2473331679484
2023-01-06 06:45:00+00:00,-14.3,short,is,,3841.5,3841.75,1,1,87412.5,-13.259737037955844
2023-01-06 06:47:00+00:00,-26.8,short,is,,3841.5,3842.0,1,1,87387.5,-13.284544777970728
2023-01-06 06:49:00+00:00,-26.8,short,is,,3841.5,3842.0,1,1,87362.5,-13.309352517985612
2023-01-06 06:51:00+00:00,-39.3,short,is,,3841.25,3842.0,1,1,87325.0,-13.346564128007937
2023-01-06 06:53:00+00:00,-39.3,short,is,,3841.25,3842.0,1,1,87287.5,-13.383775738030264
2023-01-06 06:56:00+00:00,-26.8,short,is,,3841.25,3841.75,1,2,87262.5,-13.40858347804515
2023-01-06 07:01:00+00:00,-89.3,short,is,,3841.25,3843.0,1,4,87175.0,-13.495410568097247
2023-01-06 07:16:00+00:00,-51.8,long,is,,3843.75,3842.75,1,14,87125.0,-13.545026048127015
2023-01-06 07:18:00+00:00,-26.8,long,is,,3842.25,3841.75,1,1,87100.0,-13.5698337881419
2023-01-06 08:01:00+00:00,335.7,short,is,,3841.25,3834.5,1,42,87437.5,-13.234929297940958
2023-01-06 08:03:00+00:00,-126.8,short,is,,3832.75,3835.25,1,1,87312.5,-13.35896799801538
2023-01-06 08:18:00+00:00,10.7,short,is,,3834.25,3834.0,1,14,87325.0,-13.346564128007937
2023-01-06 08:20:00+00:00,-76.8,short,is,,3834.75,3836.25,1,1,87250.0,-13.420987348052593
2023-01-06 08:22:00+00:00,48.2,short,is,,3835.0,3834.0,1,1,87300.0,-13.371371868022825
2023-01-06 08:24:00+00:00,-14.3,short,is,,3833.75,3834.0,1,1,87287.5,-13.383775738030264
2023-01-06 08:26:00+00:00,-39.3,short,is,,3833.5,3834.25,1,1,87250.0,-13.420987348052593
2023-01-06 08:28:00+00:00,23.2,short,is,,3834.75,3834.25,1,1,87275.0,-13.39617960803771
2023-01-06 08:30:00+00:00,-26.8,short,is,,3834.0,3834.5,1,1,87250.0,-13.420987348052593
2023-01-06 08:32:00+00:00,35.7,short,is,,3835.0,3834.25,1,1,87287.5,-13.383775738030264
2023-01-06 08:36:00+00:00,-89.3,short,is,,3833.25,3835.0,1,3,87200.0,-13.470602828082361
2023-01-06 08:38:00+00:00,-76.8,short,is,,3834.25,3835.75,1,1,87125.0,-13.545026048127015
2023-01-06 08:40:00+00:00,-64.3,short,is,,3835.0,3836.25,1,1,87062.5,-13.607045398164228
2023-01-06 08:42:00+00:00,-14.3,short,is,,3834.5,3834.75,1,1,87050.0,-13.619449268171667
2023-01-06 08:49:00+00:00,-89.3,short,is,,3833.0,3834.75,1,6,86962.5,-13.706276358223764
2023-01-06 08:54:00+00:00,-89.3,short,is,,3833.0,3834.75,1,4,86875.0,-13.793103448275861
2023-01-06 08:56:00+00:00,-64.3,short,is,,3834.25,3835.5,1,1,86812.5,-13.855122798313074
2023-01-06 09:02:00+00:00,-139.3,long,is,,3835.75,3833.0,1,5,86675.0,-13.991565368394939
2023-01-06 09:43:00+00:00,235.7,short,is,,3832.5,3827.75,1,40,86912.5,-13.755891838253534
2023-01-06 09:45:00+00:00,23.2,short,is,,3828.75,3828.25,1,1,86937.5,-13.73108409823865
2023-01-06 09:47:00+00:00,-26.8,short,is,,3827.75,3828.25,1,1,86912.5,-13.755891838253534
2023-01-06 09:49:00+00:00,-14.3,short,is,,3828.5,3828.75,1,1,86900.0,-13.768295708260977
2023-01-06 09:51:00+00:00,35.7,short,is,,3828.5,3827.75,1,1,86937.5,-13.73108409823865
2023-01-06 09:53:00+00:00,-51.8,short,is,,3827.5,3828.5,1,1,86887.5,-13.780699578268422
2023-01-06 09:55:00+00:00,-76.8,short,is,,3828.25,3829.75,1,1,86812.5,-13.855122798313074
2023-01-06 09:57:00+00:00,-14.3,short,is,,3828.75,3829.0,1,1,86800.0,-13.867526668320515
2023-01-06 09:59:00+00:00,-14.3,short,is,,3829.25,3829.5,1,1,86787.5,-13.879930538327958
2023-01-06 10:05:00+00:00,23.2,short,is,,3829.5,3829.0,1,5,86812.5,-13.855122798313074
2023-01-06 10:07:00+00:00,-26.8,short,is,,3828.75,3829.25,1,1,86787.5,-13.879930538327958
2023-01-06 10:10:00+00:00,-39.3,short,is,,3828.0,3828.75,1,2,86750.0,-13.917142148350287
2023-01-06 10:12:00+00:00,-89.3,short,is,,3828.75,3830.5,1,1,86662.5,-14.00396923840238
2023-01-06 10:29:00+00:00,-51.8,long,is,,3831.25,3830.25,1,16,86612.5,-14.053584718432152
2023-01-06 10:31:00+00:00,-14.3,long,is,,3830.25,3830.0,1,1,86600.0,-14.065988588439593
2023-01-06 10:33:00+00:00,-14.3,long,is,,3830.75,3830.5,1,1,86587.5,-14.078392458447036
2023-01-06 10:35:00+00:00,-39.3,long,is,,3831.0,3830.25,1,1,86550.0,-14.115604068469361
2023-01-06 10:37:00+00:00,35.7,long,is,,3830.5,3831.25,1,1,86587.5,-14.078392458447036
2023-01-06 10:39:00+00:00,-51.8,long,is,,3832.0,3831.0,1,1,86537.5,-14.128007938476806
2023-01-06 10:48:00+00:00,-51.8,long,is,,3832.25,3831.25,1,8,86487.5,-14.177623418506574
2023-01-06 10:51:00+00:00,-14.3,long,is,,3831.75,3831.5,1,2,86475.0,-14.190027288514017
2023-01-06 10:53:00+00:00,-114.3,long,is,,3832.5,3830.25,1,1,86362.5,-14.301662118580996
2023-01-06 10:55:00+00:00,10.7,long,is,,3830.5,3830.75,1,1,86375.0,-14.289258248573555
2023-01-06 10:57:00+00:00,-14.3,long,is,,3830.5,3830.25,1,1,86362.5,-14.301662118580996
2023-01-06 10:59:00+00:00,-101.8,long,is,,3830.5,3828.5,1,1,86262.5,-14.400893078640536
2023-01-06 11:05:00+00:00,-151.8,short,is,,3827.75,3830.75,1,5,86112.5,-14.549739518729844
2023-01-06 11:28:00+00:00,73.2,long,is,,3830.75,3832.25,1,22,86187.5,-14.47531629868519
2023-01-06 11:30:00+00:00,-1.8,long,is,,3832.25,3832.25,1,1,86187.5,-14.47531629868519
2023-01-06 11:32:00+00:00,-89.3,long,is,,3833.75,3832.0,1,1,86100.0,-14.562143388737287
2023-01-06 11:34:00+00:00,-39.3,long,is,,3832.0,3831.25,1,1,86062.5,-14.599354998759612
2023-01-06 11:36:00+00:00,-51.8,long,is,,3832.0,3831.0,1,1,86012.5,-14.648970478789384
2023-01-06 11:50:00+00:00,10.7,short,is,,3830.5,3830.25,1,13,86025.0,-14.636566608781939
2023-01-06 11:52:00+00:00,-14.3,short,is,,3830.75,3831.0,1,1,86012.5,-14.648970478789384
2023-01-06 11:54:00+00:00,-1.8,short,is,,3830.0,3830.0,1,1,86012.5,-14.648970478789384
2023-01-06 11:56:00+00:00,-1.8,short,is,,3830.75,3830.75,1,1,86012.5,-14.648970478789384
2023-01-06 11:58:00+00:00,-76.8,short,is,,3830.0,3831.5,1,1,85937.5,-14.723393698834036
2023-01-06 12:00:00+00:00,10.7,short,is,,3830.75,3830.5,1,1,85950.0,-14.710989828826593
2023-01-06 12:20:00+00:00,-26.8,short,is,,3828.75,3829.25,1,19,85925.0,-14.735797568841477
2023-01-06 12:22:00+00:00,-51.8,short,is,,3828.5,3829.5,1,1,85875.0,-14.785413048871249
2023-01-06 12:24:00+00:00,-51.8,short,is,,3828.75,3829.75,1,1,85825.0,-14.835028528901017
2023-01-06 12:26:00+00:00,-64.3,short,is,,3830.0,3831.25,1,1,85762.5,-14.89704787893823
2023-01-06 12:34:00+00:00,-114.3,long,is,,3831.5,3829.25,1,7,85650.0,-15.008682709005209
2023-01-06 12:36:00+00:00,-39.3,short,is,,3829.75,3830.5,1,1,85612.5,-15.045894319027536
2023-01-06 12:51:00+00:00,-14.3,short,is,,3829.0,3829.25,1,14,85600.0,-15.05829818903498
2023-01-06 12:54:00+00:00,-64.3,short,is,,3827.5,3828.75,1,2,85537.5,-15.12031753907219
2023-01-06 13:00:00+00:00,-164.3,long,is,,3831.0,3827.75,1,5,85375.0,-15.281567849168939
2023-01-06 13:11:00+00:00,-101.8,short,is,,3826.25,3828.25,1,10,85275.0,-15.38079880922848
2023-01-06 13:13:00+00:00,-89.3,short,is,,3827.0,3828.75,1,1,85187.5,-15.467625899280577
2023-01-06 13:27:00+00:00,23.2,short,is,,3827.0,3826.5,1,13,85212.5,-15.442818159265691
2023-01-06 13:29:00+00:00,-64.3,short,is,,3824.25,3825.5,1,1,85150.0,-15.504837509302902
2023-01-06 13:31:00+00:00,-1239.3,short,is,,3821.5,3846.25,1,1,83912.5,-16.73282064003969
2023-01-06 14:07:00+00:00,1323.2,long,is,,3840.0,3866.5,1,35,85237.5,-15.418010419250805
2023-01-06 14:09:00+00:00,-101.8,long,is,,3864.75,3862.75,1,1,85137.5,-15.517241379310345
2023-01-06 14:11:00+00:00,48.2,long,is,,3862.75,3863.75,1,1,85187.5,-15.467625899280577
2023-01-06 14:13:00+00:00,-26.8,long,is,,3862.25,3861.75,1,1,85162.5,-15.492433639295461
2023-01-06 14:15:00+00:00,23.2,long,is,,3865.0,3865.5,1,1,85187.5,-15.467625899280577
2023-01-06 14:17:00+00:00,-64.3,long,is,,3866.0,3864.75,1,1,85125.0,-15.529645249317786
2023-01-06 14:19:00+00:00,-51.8,long,is,,3862.5,3861.5,1,1,85075.0,-15.579260729347558
2023-01-06 14:21:00+00:00,-114.3,long,is,,3860.5,3858.25,1,1,84962.5,-15.690895559414535
2023-01-06 14:23:00+00:00,60.7,long,is,,3858.25,3859.5,1,1,85025.0,-15.628876209377326
2023-01-06 14:25:00+00:00,60.7,long,is,,3859.0,3860.25,1,1,85087.5,-15.566856859340113
2023-01-06 14:29:00+00:00,-26.8,long,is,,3861.25,3860.75,1,3,85062.5,-15.591664599355
2023-01-06 14:31:00+00:00,-164.3,long,is,,3861.5,3858.25,1,1,84900.0,-15.752914909451748
2023-01-06 14:33:00+00:00,135.7,long,is,,3858.0,3860.75,1,1,85037.5,-15.616472339369883
2023-01-06 14:38:00+00:00,-564.3,long,is,,3868.5,3857.25,1,4,84475.0,-16.174646489704788
2023-01-06 14:56:00+00:00,73.2,short,is,,3849.25,3847.75,1,17,84550.0,-16.100223269660134
2023-01-06 14:58:00+00:00,223.2,short,is,,3846.0,3841.5,1,1,84775.0,-15.876953609526174
2023-01-06 15:00:00+00:00,-89.3,short,is,,3841.0,3842.75,1,1,84687.5,-15.963780699578267
2023-01-06 15:02:00+00:00,-214.3,short,is,,3848.25,3852.5,1,1,84475.0,-16.174646489704788
2023-01-06 15:27:00+00:00,223.2,long,is,,3861.75,3866.25,1,24,84700.0,-15.951376829570826
2023-01-06 15:29:00+00:00,-1.8,long,is,,3864.0,3864.0,1,1,84700.0,-15.951376829570826
2023-01-06 16:14:00+00:00,1248.2,long,is,,3864.75,3889.75,1,44,85950.0,-14.710989828826593
2023-01-06 16:17:00+00:00,-1.8,long,is,,3888.75,3888.75,1,2,85950.0,-14.710989828826593
2023-01-06 16:19:00+00:00,48.2,long,is,,3887.75,3888.75,1,1,86000.0,-14.661374348796825
2023-01-06 16:21:00+00:00,73.2,long,is,,3888.75,3890.25,1,1,86075.0,-14.58695112875217
2023-01-06 16:27:00+00:00,-151.8,long,is,,3892.75,3889.75,1,5,85925.0,-14.735797568841477
2023-01-06 16:29:00+00:00,110.7,long,is,,3888.5,3890.75,1,1,86037.5,-14.6241627387745
2023-01-06 16:31:00+00:00,-64.3,long,is,,3889.25,3888.0,1,1,85975.0,-14.686182088811709
2023-01-06 16:33:00+00:00,148.2,long,is,,3886.75,3889.75,1,1,86125.0,-14.537335648722403
2023-01-06 16:44:00+00:00,-14.3,long,is,,3890.25,3890.0,1,10,86112.5,-14.549739518729844
2023-01-06 17:08:00+00:00,398.2,long,is,,3891.0,3899.0,1,23,86512.5,-14.15281567849169
2023-01-06 17:10:00+00:00,-1.8,long,is,,3898.75,3898.75,1,1,86512.5,-14.15281567849169
2023-01-06 17:12:00+00:00,-76.8,long,is,,3900.5,3899.0,1,1,86437.5,-14.227238898536342
2023-01-06 17:14:00+00:00,-14.3,long,is,,3897.25,3897.0,1,1,86425.0,-14.239642768543787
2023-01-06 17:16:00+00:00,10.7,long,is,,3895.75,3896.0,1,1,86437.5,-14.227238898536342
2023-01-06 17:18:00+00:00,35.7,long,is,,3894.75,3895.5,1,1,86475.0,-14.190027288514017
2023-01-06 17:20:00+00:00,-14.3,long,is,,3897.5,3897.25,1,1,86462.5,-14.202431158521458
2023-01-06 17:22:00+00:00,-1.8,long,is,,3896.5,3896.5,1,1,86462.5,-14.202431158521458
2023-01-06 17:24:00+00:00,-139.3,long,is,,3895.0,3892.25,1,1,86325.0,-14.338873728603325
2023-01-06 17:46:00+00:00,-89.3,short,is,,3890.25,3892.0,1,21,86237.5,-14.425700818655422
2023-01-06 17:48:00+00:00,-14.3,short,is,,3891.75,3892.0,1,1,86225.0,-14.438104688662861
2023-01-06 17:50:00+00:00,35.7,short,is,,3892.5,3891.75,1,1,86262.5,-14.400893078640536
2023-01-06 18:01:00+00:00,48.2,short,is,,3891.5,3890.5,1,10,86312.5,-14.351277598610768
2023-01-06 18:06:00+00:00,-76.8,short,is,,3890.0,3891.5,1,4,86237.5,-14.425700818655422
2023-01-06 18:08:00+00:00,23.2,short,is,,3893.25,3892.75,1,1,86262.5,-14.400893078640536
2023-01-06 18:10:00+00:00,-39.3,short,is,,3891.25,3892.0,1,1,86225.0,-14.438104688662861
2023-01-06 18:12:00+00:00,-1.8,short,is,,3891.0,3891.0,1,1,86225.0,-14.438104688662861
2023-01-06 18:23:00+00:00,-76.8,long,is,,3894.0,3892.5,1,10,86150.0,-14.512527908707519
2023-01-06 18:25:00+00:00,-51.8,short,is,,3893.25,3894.25,1,1,86100.0,-14.562143388737287
2023-01-06 18:47:00+00:00,173.2,long,is,,3895.5,3899.0,1,21,86275.0,-14.388489208633093
2023-01-06 18:51:00+00:00,-114.3,long,is,,3901.5,3899.25,1,3,86162.5,-14.500124038700074
2023-01-06 18:53:00+00:00,35.7,long,is,,3898.5,3899.25,1,1,86200.0,-14.462912428677749
2023-01-06 18:55:00+00:00,23.2,long,is,,3900.0,3900.5,1,1,86225.0,-14.438104688662861
2023-01-06 19:47:00+00:00,698.2,long,is,,3901.75,3915.75,1,51,86925.0,-13.743487968246093
2023-01-06 20:13:00+00:00,348.2,long,is,,3917.0,3924.0,1,25,87275.0,-13.39617960803771
2023-01-06 20:19:00+00:00,-101.8,long,is,,3925.75,3923.75,1,5,87175.0,-13.495410568097247
2023-01-06 20:21:00+00:00,-139.3,long,is,,3923.5,3920.75,1,1,87037.5,-13.631853138179112
2023-01-06 20:23:00+00:00,98.2,long,is,,3919.75,3921.75,1,1,87137.5,-13.532622178119574
2023-01-06 20:25:00+00:00,48.2,long,is,,3921.5,3922.5,1,1,87187.5,-13.483006698089802
2023-01-06 20:27:00+00:00,-51.8,long,is,,3921.25,3920.25,1,1,87137.5,-13.532622178119574
2023-01-06 20:29:00+00:00,35.7,long,is,,3919.5,3920.25,1,1,87175.0,-13.495410568097247
2023-01-06 20:31:00+00:00,160.7,long,is,,3919.75,3923.0,1,1,87337.5,-13.334160258000496
2023-01-06 20:34:00+00:00,-76.8,long,is,,3924.5,3923.0,1,2,87262.5,-13.40858347804515
2023-01-06 20:39:00+00:00,-114.3,long,is,,3923.25,3921.0,1,4,87150.0,-13.520218308112131
2023-01-06 20:50:00+00:00,-139.3,long,is,,3923.75,3921.0,1,10,87012.5,-13.656660878193996
2023-01-06 21:17:00+00:00,98.2,short,is,,3917.5,3915.5,1,26,87112.5,-13.557429918134458
2023-01-06 21:21:00+00:00,-1.8,short,is,,3914.25,3914.25,1,3,87112.5,-13.557429918134458
2023-01-06 21:23:00+00:00,-39.3,short,is,,3913.5,3914.25,1,1,87075.0,-13.594641528156783
2023-01-06 21:25:00+00:00,-39.3,short,is,,3914.0,3914.75,1,1,87037.5,-13.631853138179112
2023-01-06 21:27:00+00:00,-64.3,short,is,,3913.25,3914.5,1,1,86975.0,-13.693872488216325
2023-01-06 21:32:00+00:00,-51.8,short,is,,3913.5,3914.5,1,4,86925.0,-13.743487968246093
2023-01-06 21:35:00+00:00,-51.8,short,is,,3913.25,3914.25,1,2,86875.0,-13.793103448275861
2023-01-06 21:38:00+00:00,-26.8,short,is,,3913.5,3914.0,1,2,86850.0,-13.817911188290747
2023-01-06 21:42:00+00:00,-26.8,short,is,,3914.0,3914.5,1,3,86825.0,-13.842718928305631
2023-01-06 21:44:00+00:00,-51.8,short,is,,3914.0,3915.0,1,1,86775.0,-13.8923344083354
2023-01-06 21:46:00+00:00,-1.8,short,is,,3914.5,3914.5,1,1,86775.0,-13.8923344083354
2023-01-06 21:48:00+00:00,-26.8,short,is,,3913.75,3914.25,1,1,86750.0,-13.917142148350287
2023-01-08 23:01:00+00:00,-465.0,short,is,,3913.5,3922.75,1,12,86287.5,-14.376085338625652
2023-01-08 23:21:00+00:00,-40.0,long,is,,3923.0,3922.25,1,19,86250.0,-14.413296948647977
2023-01-08 23:23:00+00:00,-77.5,long,is,,3923.0,3921.5,1,1,86175.0,-14.487720168692633
2023-01-08 23:25:00+00:00,-27.5,long,is,,3921.75,3921.25,1,1,86150.0,-14.512527908707519
2023-01-08 23:27:00+00:00,-27.5,long,is,,3920.5,3920.0,1,1,86125.0,-14.537335648722403
2023-01-08 23:29:00+00:00,-52.5,long,is,,3920.5,3919.5,1,1,86075.0,-14.58695112875217
2023-01-08 23:31:00+00:00,22.5,long,is,,3921.0,3921.5,1,1,86100.0,-14.562143388737287
2023-01-08 23:38:00+00:00,-101.8,long,is,,3923.75,3921.75,1,6,86000.0,-14.661374348796825
2023-01-08 23:40:00+00:00,-39.3,long,is,,3922.25,3921.5,1,1,85962.5,-14.698585958819152
2023-01-08 23:42:00+00:00,-64.3,long,is,,3922.25,3921.0,1,1,85900.0,-14.760605308856364
2023-01-08 23:44:00+00:00,-14.3,long,is,,3921.75,3921.5,1,1,85887.5,-14.773009178863806
2023-01-08 23:49:00+00:00,-39.3,long,is,,3922.25,3921.5,1,4,85850.0,-14.810220788886133
2023-01-08 23:51:00+00:00,-39.3,long,is,,3922.5,3921.75,1,1,85812.5,-14.847432398908458
2023-01-08 23:53:00+00:00,-51.8,long,is,,3922.5,3921.5,1,1,85762.5,-14.89704787893823
2023-01-08 23:57:00+00:00,-39.3,long,is,,3922.5,3921.75,1,3,85725.0,-14.934259488960555
2023-01-08 23:59:00+00:00,-26.8,long,is,,3922.25,3921.75,1,1,85700.0,-14.959067228975439
2023-01-09 00:03:00+00:00,-52.5,long,is,,3923.0,3922.0,1,3,85650.0,-15.008682709005209
2023-01-09 00:05:00+00:00,-27.5,long,is,,3922.5,3922.0,1,1,85625.0,-15.033490449020096
2023-01-09 00:07:00+00:00,-2.5,long,is,,3921.75,3921.75,1,1,85625.0,-15.033490449020096
2023-01-09 00:09:00+00:00,-52.5,long,is,,3921.5,3920.5,1,1,85575.0,-15.083105929049864
2023-01-09 00:11:00+00:00,-40.0,long,is,,3920.75,3920.0,1,1,85537.5,-15.12031753907219
2023-01-09 00:13:00+00:00,10.0,long,is,,3920.75,3921.0,1,1,85550.0,-15.107913669064748
2023-01-09 00:15:00+00:00,-65.0,long,is,,3921.5,3920.25,1,1,85487.5,-15.169933019101961
2023-01-09 00:17:00+00:00,-27.5,long,is,,3920.5,3920.0,1,1,85462.5,-15.194740759116845
2023-01-09 00:26:00+00:00,-27.5,short,is,,3920.0,3920.5,1,8,85437.5,-15.21954849913173
2023-01-09 00:28:00+00:00,-15.0,short,is,,3920.75,3921.0,1,1,85425.0,-15.23195236913917
2023-01-09 00:30:00+00:00,-40.0,short,is,,3920.0,3920.75,1,1,85387.5,-15.2691639791615
2023-01-09 00:32:00+00:00,-77.5,short,is,,3920.75,3922.25,1,1,85312.5,-15.343587199206151
2023-01-09 01:05:00+00:00,122.5,long,is,,3922.75,3925.25,1,32,85437.5,-15.21954849913173
2023-01-09 01:08:00+00:00,-89.3,long,is,,3926.75,3925.0,1,2,85350.0,-15.306375589183826
2023-01-09 01:10:00+00:00,-39.3,long,is,,3925.5,3924.75,1,1,85312.5,-15.343587199206151
2023-01-09 01:12:00+00:00,-64.3,long,is,,3925.25,3924.0,1,1,85250.0,-15.405606549243364
2023-01-09 01:14:00+00:00,10.7,long,is,,3924.25,3924.5,1,1,85262.5,-15.393202679235921
2023-01-09 01:16:00+00:00,-14.3,long,is,,3924.75,3924.5,1,1,85250.0,-15.405606549243364
2023-01-09 01:18:00+00:00,-26.8,long,is,,3925.0,3924.5,1,1,85225.0,-15.430414289258248
2023-01-09 01:20:00+00:00,-76.8,long,is,,3925.0,3923.5,1,1,85150.0,-15.504837509302902
2023-01-09 01:22:00+00:00,-26.8,long,is,,3924.5,3924.0,1,1,85125.0,-15.529645249317786
2023-01-09 01:24:00+00:00,-39.3,long,is,,3924.0,3923.25,1,1,85087.5,-15.566856859340113
2023-01-09 01:26:00+00:00,-64.3,long,is,,3924.0,3922.75,1,1,85025.0,-15.628876209377326
2023-01-09 01:28:00+00:00,-26.8,long,is,,3923.5,3923.0,1,1,85000.0,-15.65368394939221
2023-01-09 01:30:00+00:00,-51.8,long,is,,3923.5,3922.5,1,1,84950.0,-15.70329942942198
2023-01-09 01:45:00+00:00,-14.3,short,is,,3922.5,3922.75,1,14,84937.5,-15.715703299429423
2023-01-09 01:47:00+00:00,10.7,short,is,,3922.75,3922.5,1,1,84950.0,-15.70329942942198
2023-01-09 01:49:00+00:00,-26.8,short,is,,3922.25,3922.75,1,1,84925.0,-15.728107169436864
2023-01-09 01:56:00+00:00,-101.8,long,is,,3923.25,3921.25,1,6,84825.0,-15.827338129496402
2023-01-09 02:07:00+00:00,-26.8,short,is,,3922.0,3922.5,1,10,84800.0,-15.852145869511288
2023-01-09 02:09:00+00:00,-1.8,short,is,,3922.75,3922.75,1,1,84800.0,-15.852145869511288
2023-01-09 02:11:00+00:00,-39.3,short,is,,3922.25,3923.0,1,1,84762.5,-15.889357479533613
2023-01-09 02:13:00+00:00,-39.3,short,is,,3922.25,3923.0,1,1,84725.0,-15.926569089555942
2023-01-09 02:15:00+00:00,-51.8,short,is,,3922.75,3923.75,1,1,84675.0,-15.97618456958571
2023-01-09 02:17:00+00:00,-14.3,short,is,,3923.5,3923.75,1,1,84662.5,-15.988588439593155
2023-01-09 02:19:00+00:00,-51.8,short,is,,3922.75,3923.75,1,1,84612.5,-16.038203919622923
2023-01-09 02:21:00+00:00,-51.8,short,is,,3922.5,3923.5,1,1,84562.5,-16.08781939965269
2023-01-09 02:23:00+00:00,-26.8,short,is,,3923.0,3923.5,1,1,84537.5,-16.112627139667577
2023-01-09 02:25:00+00:00,-64.3,short,is,,3922.75,3924.0,1,1,84475.0,-16.174646489704788
2023-01-09 02:27:00+00:00,-26.8,short,is,,3923.0,3923.5,1,1,84450.0,-16.199454229719674
2023-01-09 02:29:00+00:00,-64.3,short,is,,3922.5,3923.75,1,1,84387.5,-16.261473579756885
2023-01-09 02:31:00+00:00,-26.8,short,is,,3923.0,3923.5,1,1,84362.5,-16.28628131977177
2023-01-09 02:35:00+00:00,-101.8,short,is,,3922.25,3924.25,1,3,84262.5,-16.385512279831307
2023-01-09 02:48:00+00:00,-51.8,long,is,,3924.25,3923.25,1,12,84212.5,-16.435127759861075
2023-01-09 03:06:00+00:00,-26.8,long,is,,3923.75,3923.25,1,17,84187.5,-16.45993549987596
2023-01-09 03:08:00+00:00,-26.8,long,is,,3924.0,3923.5,1,1,84162.5,-16.484743239890847
2023-01-09 03:10:00+00:00,-39.3,long,is,,3923.5,3922.75,1,1,84125.0,-16.521954849913172
2023-01-09 03:18:00+00:00,-76.8,short,is,,3922.5,3924.0,1,7,84050.0,-16.596378069957826
2023-01-09 03:20:00+00:00,-39.3,long,is,,3924.0,3923.25,1,1,84012.5,-16.633589679980155
2023-01-09 03:24:00+00:00,-64.3,long,is,,3924.0,3922.75,1,3,83950.0,-16.695609030017366
2023-01-09 03:35:00+00:00,-39.3,long,is,,3924.0,3923.25,1,10,83912.5,-16.73282064003969
2023-01-09 03:37:00+00:00,-14.3,long,is,,3924.0,3923.75,1,1,83900.0,-16.745224510047134
2023-01-09 03:39:00+00:00,-39.3,long,is,,3924.25,3923.5,1,1,83862.5,-16.78243612006946
2023-01-09 03:41:00+00:00,-26.8,long,is,,3924.0,3923.5,1,1,83837.5,-16.80724386008435
2023-01-09 03:43:00+00:00,-1.8,long,is,,3923.75,3923.75,1,1,83837.5,-16.80724386008435
2023-01-09 03:56:00+00:00,-14.3,long,is,,3924.0,3923.75,1,12,83825.0,-16.819647730091788
2023-01-09 03:58:00+00:00,-26.8,long,is,,3924.25,3923.75,1,1,83800.0,-16.844455470106674
2023-01-09 04:04:00+00:00,-51.8,short,is,,3923.75,3924.75,1,5,83750.0,-16.89407095013644
2023-01-09 04:06:00+00:00,-26.8,long,is,,3924.0,3923.5,1,1,83725.0,-16.918878690151328
2023-01-09 04:10:00+00:00,-51.8,short,is,,3923.5,3924.5,1,3,83675.0,-16.9684941701811
2023-01-09 04:20:00+00:00,-26.8,long,is,,3924.25,3923.75,1,9,83650.0,-16.99330191019598
2023-01-09 04:58:00+00:00,235.7,long,is,,3924.25,3929.0,1,37,83887.5,-16.757628380054577
2023-01-09 05:02:00+00:00,-26.8,long,is,,3930.0,3929.5,1,3,83862.5,-16.78243612006946
2023-01-09 05:04:00+00:00,-51.8,long,is,,3930.0,3929.0,1,1,83812.5,-16.83205160009923
2023-01-09 05:06:00+00:00,-39.3,long,is,,3929.75,3929.0,1,1,83775.0,-16.869263210121556
2023-01-09 05:08:00+00:00,-26.8,long,is,,3929.5,3929.0,1,1,83750.0,-16.89407095013644
2023-01-09 05:10:00+00:00,-64.3,long,is,,3929.75,3928.5,1,1,83687.5,-16.956090300173653
2023-01-09 05:13:00+00:00,-26.8,long,is,,3929.25,3928.75,1,2,83662.5,-16.98089804018854
2023-01-09 05:15:00+00:00,-39.3,long,is,,3929.0,3928.25,1,1,83625.0,-17.018109650210867
2023-01-09 05:17:00+00:00,-26.8,long,is,,3928.75,3928.25,1,1,83600.0,-17.04291739022575
2023-01-09 05:19:00+00:00,-39.3,long,is,,3928.5,3927.75,1,1,83562.5,-17.08012900024808
2023-01-09 05:21:00+00:00,-1.8,long,is,,3927.75,3927.75,1,1,83562.5,-17.08012900024808
2023-01-09 05:23:00+00:00,-1.8,long,is,,3927.75,3927.75,1,1,83562.5,-17.08012900024808
2023-01-09 05:25:00+00:00,-39.3,long,is,,3929.0,3928.25,1,1,83525.0,-17.117340610270404
2023-01-09 05:32:00+00:00,-76.8,long,is,,3929.25,3927.75,1,6,83450.0,-17.191763830315058
2023-01-09 05:39:00+00:00,-14.3,long,is,,3928.25,3928.0,1,6,83437.5,-17.2041677003225
2023-01-09 05:41:00+00:00,-64.3,long,is,,3928.25,3927.0,1,1,83375.0,-17.26618705035971
2023-01-09 05:43:00+00:00,-51.8,long,is,,3928.5,3927.5,1,1,83325.0,-17.315802530389483
2023-01-09 05:45:00+00:00,-14.3,long,is,,3928.5,3928.25,1,1,83312.5,-17.328206400396923
2023-01-09 05:47:00+00:00,-51.8,long,is,,3928.75,3927.75,1,1,83262.5,-17.377821880426694
2023-01-09 05:49:00+00:00,-51.8,long,is,,3928.5,3927.5,1,1,83212.5,-17.427437360456462
2023-01-09 05:51:00+00:00,-14.3,long,is,,3928.25,3928.0,1,1,83200.0,-17.439841230463905
2023-01-09 05:54:00+00:00,-64.3,short,is,,3928.0,3929.25,1,2,83137.5,-17.501860580501116
2023-01-09 06:01:00+00:00,-101.8,long,is,,3929.5,3927.5,1,6,83037.5,-17.601091540560653
2023-01-09 06:04:00+00:00,-51.8,short,is,,3927.5,3928.5,1,2,82987.5,-17.650707020590424
2023-01-09 06:17:00+00:00,-26.8,short,is,,3927.75,3928.25,1,12,82962.5,-17.67551476060531
2023-01-09 06:19:00+00:00,-76.8,short,is,,3927.25,3928.75,1,1,82887.5,-17.749937980649964
2023-01-09 06:21:00+00:00,10.7,short,is,,3928.25,3928.0,1,1,82900.0,-17.73753411064252
2023-01-09 06:23:00+00:00,-1.8,short,is,,3928.0,3928.0,1,1,82900.0,-17.73753411064252
2023-01-09 06:25:00+00:00,-64.3,short,is,,3927.5,3928.75,1,1,82837.5,-17.799553460679732
2023-01-09 06:27:00+00:00,-26.8,short,is,,3927.75,3928.25,1,1,82812.5,-17.824361200694618
2023-01-09 06:29:00+00:00,-26.8,short,is,,3928.25,3928.75,1,1,82787.5,-17.8491689407095
2023-01-09 06:40:00+00:00,-14.3,short,is,,3927.75,3928.0,1,10,82775.0,-17.861572810716943
2023-01-09 06:42:00+00:00,-14.3,short,is,,3927.5,3927.75,1,1,82762.5,-17.873976680724386
2023-01-09 06:48:00+00:00,-14.3,short,is,,3927.25,3927.5,1,5,82750.0,-17.88638055073183
2023-01-09 06:57:00+00:00,-39.3,short,is,,3927.0,3927.75,1,8,82712.5,-17.923592160754158
2023-01-09 06:59:00+00:00,-14.3,short,is,,3927.25,3927.5,1,1,82700.0,-17.935996030761597
2023-01-09 07:15:00+00:00,48.2,short,is,,3926.75,3925.75,1,15,82750.0,-17.88638055073183
2023-01-09 07:17:00+00:00,-51.8,short,is,,3925.25,3926.25,1,1,82700.0,-17.935996030761597
2023-01-09 07:19:00+00:00,-26.8,short,is,,3926.0,3926.5,1,1,82675.0,-17.960803770776483
2023-01-09 07:21:00+00:00,-76.8,short,is,,3926.0,3927.5,1,1,82600.0,-18.035226990821133
2023-01-09 07:23:00+00:00,10.7,short,is,,3926.0,3925.75,1,1,82612.5,-18.022823120813694
2023-01-09 07:27:00+00:00,-89.3,short,is,,3924.75,3926.5,1,3,82525.0,-18.10965021086579
2023-01-09 08:08:00+00:00,273.2,short,is,,3926.0,3920.5,1,40,82800.0,-17.83676507070206
2023-01-09 08:10:00+00:00,-26.8,short,is,,3919.5,3920.0,1,1,82775.0,-17.861572810716943
2023-01-09 08:12:00+00:00,-126.8,short,is,,3918.75,3921.25,1,1,82650.0,-17.985611510791365
2023-01-09 08:15:00+00:00,23.2,short,is,,3920.25,3919.75,1,2,82675.0,-17.960803770776483
2023-01-09 08:18:00+00:00,-64.3,short,is,,3919.0,3920.25,1,2,82612.5,-18.022823120813694
2023-01-09 08:20:00+00:00,-26.8,short,is,,3920.25,3920.75,1,1,82587.5,-18.04763086082858
2023-01-09 08:22:00+00:00,-64.3,short,is,,3920.5,3921.75,1,1,82525.0,-18.10965021086579
2023-01-09 08:24:00+00:00,-14.3,short,is,,3922.0,3922.25,1,1,82512.5,-18.12205408087323
2023-01-09 08:26:00+00:00,-1.8,short,is,,3921.5,3921.5,1,1,82512.5,-18.12205408087323
2023-01-09 08:29:00+00:00,-26.8,short,is,,3921.75,3922.25,1,2,82487.5,-18.146861820888116
2023-01-09 08:31:00+00:00,-1.8,short,is,,3922.0,3922.0,1,1,82487.5,-18.146861820888116
2023-01-09 08:33:00+00:00,-14.3,short,is,,3921.25,3921.5,1,1,82475.0,-18.15926569089556
2023-01-09 08:44:00+00:00,-14.3,short,is,,3920.5,3920.75,1,10,82462.5,-18.171669560903002
2023-01-09 08:46:00+00:00,-76.8,short,is,,3920.75,3922.25,1,1,82387.5,-18.246092780947656
2023-01-09 08:48:00+00:00,23.2,short,is,,3921.0,3920.5,1,1,82412.5,-18.221285040932774
2023-01-09 08:50:00+00:00,-64.3,short,is,,3920.25,3921.5,1,1,82350.0,-18.28330439096998
2023-01-09 08:52:00+00:00,-26.8,short,is,,3920.5,3921.0,1,1,82325.0,-18.308112130984867
2023-01-09 08:55:00+00:00,-76.8,short,is,,3919.25,3920.75,1,2,82250.0,-18.38253535102952
2023-01-09 08:57:00+00:00,-26.8,short,is,,3920.5,3921.0,1,1,82225.0,-18.407343091044407
2023-01-09 08:59:00+00:00,-64.3,short,is,,3920.0,3921.25,1,1,82162.5,-18.469362441081618
2023-01-09 09:01:00+00:00,-114.3,short,is,,3919.5,3921.75,1,1,82050.0,-18.580997271148597
2023-01-09 09:53:00+00:00,373.2,long,is,,3922.0,3929.5,1,51,82425.0,-18.208881170925327
2023-01-09 09:55:00+00:00,10.7,long,is,,3929.25,3929.5,1,1,82437.5,-18.196477300917888
2023-01-09 09:57:00+00:00,-51.8,long,is,,3929.5,3928.5,1,1,82387.5,-18.246092780947656
2023-01-09 09:59:00+00:00,-14.3,long,is,,3928.75,3928.5,1,1,82375.0,-18.2584966509551
2023-01-09 10:01:00+00:00,-64.3,long,is,,3929.75,3928.5,1,1,82312.5,-18.32051600099231
2023-01-09 10:03:00+00:00,-26.8,long,is,,3929.0,3928.5,1,1,82287.5,-18.345323741007196
2023-01-09 10:05:00+00:00,-26.8,long,is,,3929.0,3928.5,1,1,82262.5,-18.370131481022078
2023-01-09 10:31:00+00:00,135.7,long,is,,3929.0,3931.75,1,25,82400.0,-18.233688910940213
2023-01-09 10:33:00+00:00,-76.8,long,is,,3932.75,3931.25,1,1,82325.0,-18.308112130984867
2023-01-09 10:35:00+00:00,-1.8,long,is,,3930.25,3930.25,1,1,82325.0,-18.308112130984867
2023-01-09 10:37:00+00:00,-64.3,long,is,,3932.0,3930.75,1,1,82262.5,-18.370131481022078
2023-01-09 10:39:00+00:00,-39.3,long,is,,3931.0,3930.25,1,1,82225.0,-18.407343091044407
2023-01-09 10:41:00+00:00,-26.8,long,is,,3929.5,3929.0,1,1,82200.0,-18.43215083105929
2023-01-09 10:43:00+00:00,10.7,long,is,,3930.0,3930.25,1,1,82212.5,-18.419746961051846
2023-01-09 10:45:00+00:00,-39.3,long,is,,3930.5,3929.75,1,1,82175.0,-18.456958571074175
2023-01-09 10:47:00+00:00,-39.3,long,is,,3930.75,3930.0,1,1,82137.5,-18.494170181096504
2023-01-09 10:49:00+00:00,-51.8,long,is,,3930.75,3929.75,1,1,82087.5,-18.54378566112627
2023-01-09 10:54:00+00:00,-64.3,short,is,,3929.25,3930.5,1,4,82025.0,-18.605805011163483
2023-01-09 11:07:00+00:00,-26.8,long,is,,3931.0,3930.5,1,12,82000.0,-18.63061275117837
2023-01-09 11:10:00+00:00,-51.8,long,is,,3931.25,3930.25,1,2,81950.0,-18.680228231208137
2023-01-09 11:14:00+00:00,-89.3,short,is,,3929.75,3931.5,1,3,81862.5,-18.767055321260234
2023-01-09 11:36:00+00:00,10.7,short,is,,3930.5,3930.25,1,21,81875.0,-18.75465145125279
2023-01-09 11:38:00+00:00,-76.8,short,is,,3929.0,3930.5,1,1,81800.0,-18.829074671297445
2023-01-09 11:41:00+00:00,-39.3,short,is,,3928.75,3929.5,1,2,81762.5,-18.866286281319773
2023-01-09 11:44:00+00:00,-64.3,short,is,,3928.5,3929.75,1,2,81700.0,-18.928305631356984
2023-01-09 11:49:00+00:00,-14.3,short,is,,3929.25,3929.5,1,4,81687.5,-18.940709501364424
2023-01-09 11:53:00+00:00,-64.3,short,is,,3928.75,3930.0,1,3,81625.0,-19.00272885140164
2023-01-09 11:57:00+00:00,-89.3,long,is,,3930.75,3929.0,1,3,81537.5,-19.089555941453735
2023-01-09 12:02:00+00:00,-89.3,short,is,,3927.75,3929.5,1,4,81450.0,-19.176383031505832
2023-01-09 12:04:00+00:00,-64.3,short,is,,3928.5,3929.75,1,1,81387.5,-19.23840238154304
2023-01-09 12:22:00+00:00,-39.3,long,is,,3931.25,3930.5,1,17,81350.0,-19.27561399156537
2023-01-09 12:26:00+00:00,-39.3,long,is,,3931.0,3930.25,1,3,81312.5,-19.312825601587697
2023-01-09 12:28:00+00:00,-14.3,long,is,,3931.0,3930.75,1,1,81300.0,-19.325229471595136
2023-01-09 12:30:00+00:00,-14.3,long,is,,3930.75,3930.5,1,1,81287.5,-19.33763334160258
2023-01-09 12:32:00+00:00,-1.8,long,is,,3930.75,3930.75,1,1,81287.5,-19.33763334160258
2023-01-09 12:49:00+00:00,-14.3,long,is,,3933.25,3933.0,1,16,81275.0,-19.350037211610022
2023-01-09 12:51:00+00:00,-64.3,long,is,,3932.75,3931.5,1,1,81212.5,-19.412056561647233
2023-01-09 12:53:00+00:00,-1.8,long,is,,3931.25,3931.25,1,1,81212.5,-19.412056561647233
2023-01-09 12:55:00+00:00,-26.8,long,is,,3931.75,3931.25,1,1,81187.5,-19.43686430166212
2023-01-09 12:57:00+00:00,-39.3,long,is,,3932.5,3931.75,1,1,81150.0,-19.474075911684448
2023-01-09 12:59:00+00:00,-39.3,long,is,,3932.5,3931.75,1,1,81112.5,-19.511287521706773
2023-01-09 13:01:00+00:00,-64.3,long,is,,3932.0,3930.75,1,1,81050.0,-19.573306871743984
2023-01-09 13:03:00+00:00,-26.8,long,is,,3931.0,3930.5,1,1,81025.0,-19.59811461175887
2023-01-09 13:19:00+00:00,-14.3,short,is,,3929.25,3929.5,1,15,81012.5,-19.610518481766313
2023-01-09 13:21:00+00:00,-76.8,short,is,,3929.75,3931.25,1,1,80937.5,-19.684941701810963
2023-01-09 13:23:00+00:00,-139.3,short,is,,3930.25,3933.0,1,1,80800.0,-19.821384271892832
2023-01-09 13:45:00+00:00,160.7,long,is,,3932.25,3935.5,1,21,80962.5,-19.66013396179608
2023-01-09 13:47:00+00:00,-64.3,long,is,,3936.5,3935.25,1,1,80900.0,-19.722153311833292
2023-01-09 13:49:00+00:00,-51.8,long,is,,3935.5,3934.5,1,1,80850.0,-19.77176879186306
2023-01-09 13:51:00+00:00,-26.8,long,is,,3934.25,3933.75,1,1,80825.0,-19.796576531877946
2023-01-09 13:53:00+00:00,-26.8,long,is,,3934.0,3933.5,1,1,80800.0,-19.821384271892832
2023-01-09 13:55:00+00:00,60.7,long,is,,3934.0,3935.25,1,1,80862.5,-19.759364921855617
2023-01-09 13:57:00+00:00,-89.3,long,is,,3935.25,3933.5,1,1,80775.0,-19.846192011907714
2023-01-09 14:03:00+00:00,-151.8,short,is,,3932.0,3935.0,1,5,80625.0,-19.995038451997026
2023-01-09 14:08:00+00:00,-26.8,long,is,,3934.25,3933.75,1,4,80600.0,-20.019846192011908
2023-01-09 14:16:00+00:00,-39.3,long,is,,3934.25,3933.5,1,7,80562.5,-20.057057802034233
2023-01-09 14:34:00+00:00,135.7,long,is,,3934.25,3937.0,1,17,80700.0,-19.920615231952368
2023-01-09 14:36:00+00:00,-164.3,long,is,,3936.75,3933.5,1,1,80537.5,-20.08186554204912
2023-01-09 14:44:00+00:00,-264.3,short,is,,3931.75,3937.0,1,7,80275.0,-20.34234681220541
2023-01-09 15:13:00+00:00,560.7,long,is,,3940.25,3951.5,1,28,80837.5,-19.784172661870503
2023-01-09 15:15:00+00:00,-26.8,long,is,,3950.0,3949.5,1,1,80812.5,-19.808980401885385
2023-01-09 15:22:00+00:00,-151.8,long,is,,3953.5,3950.5,1,6,80662.5,-19.957826841974697
2023-01-09 15:24:00+00:00,-26.8,long,is,,3951.25,3950.75,1,1,80637.5,-19.98263458198958
2023-01-09 15:26:00+00:00,-51.8,long,is,,3950.75,3949.75,1,1,80587.5,-20.03225006201935
2023-01-09 15:28:00+00:00,48.2,long,is,,3950.0,3951.0,1,1,80637.5,-19.98263458198958
2023-01-09 15:30:00+00:00,-101.8,long,is,,3951.75,3949.75,1,1,80537.5,-20.08186554204912
2023-01-09 15:59:00+00:00,635.7,long,is,,3951.25,3964.0,1,28,81175.0,-19.449268171669562
2023-01-09 16:01:00+00:00,60.7,long,is,,3962.25,3963.5,1,1,81237.5,-19.38724882163235
2023-01-09 16:32:00+00:00,298.2,long,is,,3964.0,3970.0,1,30,81537.5,-19.089555941453735
2023-01-09 16:34:00+00:00,-26.8,long,is,,3968.75,3968.25,1,1,81512.5,-19.114363681468618
2023-01-09 16:36:00+00:00,23.2,long,is,,3966.25,3966.75,1,1,81537.5,-19.089555941453735
2023-01-09 16:38:00+00:00,-39.3,long,is,,3968.75,3968.0,1,1,81500.0,-19.12676755147606
2023-01-09 16:40:00+00:00,-64.3,long,is,,3966.5,3965.25,1,1,81437.5,-19.18878690151327
2023-01-09 16:42:00+00:00,-14.3,long,is,,3965.75,3965.5,1,1,81425.0,-19.201190771520714
2023-01-09 16:44:00+00:00,98.2,long,is,,3965.25,3967.25,1,1,81525.0,-19.101959811461175
2023-01-09 16:48:00+00:00,-26.8,long,is,,3967.25,3966.75,1,3,81500.0,-19.12676755147606
2023-01-09 17:02:00+00:00,-1.8,long,is,,3967.25,3967.25,1,13,81500.0,-19.12676755147606
2023-01-09 17:04:00+00:00,-14.3,long,is,,3966.75,3966.5,1,1,81487.5,-19.139171421483503
2023-01-09 17:06:00+00:00,-14.3,long,is,,3966.75,3966.5,1,1,81475.0,-19.151575291490946
2023-01-09 17:29:00+00:00,110.7,short,is,,3966.0,3963.75,1,22,81587.5,-19.039940461423967
2023-01-09 17:31:00+00:00,35.7,short,is,,3965.0,3964.25,1,1,81625.0,-19.00272885140164
2023-01-09 17:33:00+00:00,35.7,short,is,,3964.75,3964.0,1,1,81662.5,-18.96551724137931
2023-01-09 17:49:00+00:00,273.2,short,is,,3964.75,3959.25,1,15,81937.5,-18.69263210121558
2023-01-09 17:52:00+00:00,-114.3,short,is,,3957.5,3959.75,1,2,81825.0,-18.80426693128256
2023-01-09 17:54:00+00:00,48.2,short,is,,3959.75,3958.75,1,1,81875.0,-18.75465145125279
2023-01-09 17:56:00+00:00,23.2,short,is,,3959.0,3958.5,1,1,81900.0,-18.729843711237905
2023-01-09 17:58:00+00:00,-76.8,short,is,,3957.75,3959.25,1,1,81825.0,-18.80426693128256
2023-01-09 18:00:00+00:00,35.7,short,is,,3960.0,3959.25,1,1,81862.5,-18.767055321260234
2023-01-09 18:02:00+00:00,-26.8,short,is,,3959.25,3959.75,1,1,81837.5,-18.79186306127512
2023-01-09 18:04:00+00:00,-101.8,short,is,,3957.25,3959.25,1,1,81737.5,-18.891094021334656
2023-01-09 18:17:00+00:00,-51.8,short,is,,3955.5,3956.5,1,12,81687.5,-18.940709501364424
2023-01-09 18:20:00+00:00,-1.8,short,is,,3956.0,3956.0,1,2,81687.5,-18.940709501364424
2023-01-09 18:22:00+00:00,10.7,short,is,,3957.0,3956.75,1,1,81700.0,-18.928305631356984
2023-01-09 18:24:00+00:00,85.7,short,is,,3959.0,3957.25,1,1,81787.5,-18.841478541304888
2023-01-09 18:26:00+00:00,98.2,short,is,,3958.25,3956.25,1,1,81887.5,-18.74224758124535
2023-01-09 18:30:00+00:00,-14.3,short,is,,3955.75,3956.0,1,3,81875.0,-18.75465145125279
2023-01-09 18:58:00+00:00,710.7,short,is,,3955.25,3941.0,1,27,82587.5,-18.04763086082858
2023-01-09 19:00:00+00:00,-1.8,short,is,,3940.5,3940.5,1,1,82587.5,-18.04763086082858
2023-01-09 19:02:00+00:00,-39.3,short,is,,3944.75,3945.5,1,1,82550.0,-18.084842470850905
2023-01-09 19:04:00+00:00,110.7,short,is,,3946.5,3944.25,1,1,82662.5,-17.973207640783926
2023-01-09 19:10:00+00:00,110.7,short,is,,3943.25,3941.0,1,5,82775.0,-17.861572810716943
2023-01-09 19:12:00+00:00,-14.3,short,is,,3942.0,3942.25,1,1,82762.5,-17.873976680724386
2023-01-09 19:22:00+00:00,-89.3,short,is,,3940.25,3942.0,1,9,82675.0,-17.960803770776483
2023-01-09 19:24:00+00:00,-139.3,short,is,,3940.5,3943.25,1,1,82537.5,-18.097246340858348
2023-01-09 19:26:00+00:00,-1.8,short,is,,3943.0,3943.0,1,1,82537.5,-18.097246340858348
2023-01-09 19:28:00+00:00,10.7,short,is,,3942.0,3941.75,1,1,82550.0,-18.084842470850905
2023-01-09 19:30:00+00:00,73.2,short,is,,3942.75,3941.25,1,1,82625.0,-18.01041925080625
2023-01-09 19:32:00+00:00,-89.3,short,is,,3940.75,3942.5,1,1,82537.5,-18.097246340858348
2023-01-09 20:21:00+00:00,848.2,short,is,,3941.25,3924.25,1,48,83387.5,-17.25378318035227
2023-01-09 20:23:00+00:00,-39.3,short,is,,3925.0,3925.75,1,1,83350.0,-17.290994790374597
2023-01-09 20:43:00+00:00,260.7,short,is,,3924.25,3919.0,1,19,83612.5,-17.030513520218307
2023-01-09 20:45:00+00:00,-101.8,short,is,,3918.5,3920.5,1,1,83512.5,-17.129744480277846
2023-01-09 20:51:00+00:00,73.2,short,is,,3920.0,3918.5,1,5,83587.5,-17.055321260233193
2023-01-09 20:53:00+00:00,60.7,short,is,,3919.25,3918.0,1,1,83650.0,-16.99330191019598
2023-01-09 21:14:00+00:00,198.2,short,is,,3916.75,3912.75,1,20,83850.0,-16.794839990076905
2023-01-09 21:18:00+00:00,-14.3,short,is,,3911.75,3912.0,1,3,83837.5,-16.80724386008435
2023-01-09 21:21:00+00:00,-51.8,short,is,,3910.75,3911.75,1,2,83787.5,-16.856859340114116
2023-01-09 21:23:00+00:00,-26.8,short,is,,3911.0,3911.5,1,1,83762.5,-16.881667080129002
2023-01-09 21:25:00+00:00,-39.3,short,is,,3911.25,3912.0,1,1,83725.0,-16.918878690151328
2023-01-09 21:27:00+00:00,-26.8,short,is,,3911.75,3912.25,1,1,83700.0,-16.943686430166213
2023-01-09 21:29:00+00:00,-14.3,short,is,,3912.25,3912.5,1,1,83687.5,-16.956090300173653
2023-01-09 21:31:00+00:00,-14.3,short,is,,3912.0,3912.25,1,1,83675.0,-16.9684941701811
2023-01-09 21:34:00+00:00,-39.3,short,is,,3911.5,3912.25,1,2,83637.5,-17.005705780203424
2023-01-09 21:36:00+00:00,-14.3,short,is,,3911.5,3911.75,1,1,83625.0,-17.018109650210867
2023-01-09 21:38:00+00:00,-51.8,short,is,,3911.5,3912.5,1,1,83575.0,-17.067725130240635
2023-01-09 21:42:00+00:00,-39.3,short,is,,3911.5,3912.25,1,3,83537.5,-17.104936740262964
2023-01-09 21:44:00+00:00,-26.8,short,is,,3911.5,3912.0,1,1,83512.5,-17.129744480277846
2023-01-09 21:47:00+00:00,-51.8,short,is,,3911.75,3912.75,1,2,83462.5,-17.179359960307615
2023-01-09 21:49:00+00:00,-26.8,short,is,,3912.5,3913.0,1,1,83437.5,-17.2041677003225
2023-01-09 21:51:00+00:00,-26.8,short,is,,3912.5,3913.0,1,1,83412.5,-17.228975440337386
2023-01-09 21:53:00+00:00,-14.3,short,is,,3912.75,3913.0,1,1,83400.0,-17.24137931034483
2023-01-09 21:55:00+00:00,-26.8,short,is,,3912.75,3913.25,1,1,83375.0,-17.26618705035971
2023-01-09 21:57:00+00:00,-39.3,short,is,,3913.0,3913.75,1,1,83337.5,-17.303398660382037
2023-01-09 21:59:00+00:00,-39.3,short,is,,3913.0,3913.75,1,1,83300.0,-17.340610270404365
2023-01-09 23:01:00+00:00,23.2,short,is,,3914.25,3913.75,1,1,83325.0,-17.315802530389483
2023-01-09 23:03:00+00:00,10.7,short,is,,3913.25,3913.0,1,1,83337.5,-17.303398660382037
2023-01-09 23:10:00+00:00,-26.8,short,is,,3912.75,3913.25,1,6,83312.5,-17.328206400396923
2023-01-09 23:14:00+00:00,-64.3,short,is,,3912.5,3913.75,1,3,83250.0,-17.390225750434134
2023-01-09 23:19:00+00:00,-14.3,short,is,,3912.75,3913.0,1,4,83237.5,-17.40262962044158
2023-01-09 23:23:00+00:00,-1.8,short,is,,3912.5,3912.5,1,3,83237.5,-17.40262962044158
2023-01-09 23:25:00+00:00,-39.3,long,is,,3912.75,3912.0,1,1,83200.0,-17.439841230463905
2023-01-09 23:27:00+00:00,-39.3,short,is,,3912.25,3913.0,1,1,83162.5,-17.47705284048623
2023-01-09 23:37:00+00:00,-51.8,long,is,,3913.5,3912.5,1,9,83112.5,-17.526668320516002
2023-01-09 23:40:00+00:00,-26.8,long,is,,3913.0,3912.5,1,2,83087.5,-17.551476060530884
2023-01-09 23:42:00+00:00,-39.3,long,is,,3912.75,3912.0,1,1,83050.0,-17.588687670553213
2023-01-10 00:02:00+00:00,22.5,short,is,,3912.0,3911.5,1,19,83075.0,-17.563879930538327
2023-01-10 00:04:00+00:00,-52.5,short,is,,3911.25,3912.25,1,1,83025.0,-17.6134954105681
2023-01-10 00:06:00+00:00,-15.0,short,is,,3911.5,3911.75,1,1,83012.5,-17.62589928057554
2023-01-10 00:36:00+00:00,247.5,short,is,,3910.75,3905.75,1,29,83262.5,-17.377821880426694
2023-01-10 00:38:00+00:00,-40.0,short,is,,3905.5,3906.25,1,1,83225.0,-17.41503349044902
2023-01-10 00:40:00+00:00,-27.5,short,is,,3906.0,3906.5,1,1,83200.0,-17.439841230463905
2023-01-10 00:42:00+00:00,-52.5,short,is,,3906.25,3907.25,1,1,83150.0,-17.489456710493673
2023-01-10 00:44:00+00:00,-27.5,short,is,,3906.0,3906.5,1,1,83125.0,-17.51426445050856
2023-01-10 00:46:00+00:00,-52.5,short,is,,3905.75,3906.75,1,1,83075.0,-17.563879930538327
2023-01-10 00:48:00+00:00,-40.0,short,is,,3906.5,3907.25,1,1,83037.5,-17.601091540560653
2023-01-10 00:50:00+00:00,-52.5,short,is,,3906.5,3907.5,1,1,82987.5,-17.650707020590424
2023-01-10 00:52:00+00:00,-14.3,short,is,,3907.0,3907.25,1,1,82975.0,-17.663110890597867
2023-01-10 00:54:00+00:00,10.7,short,is,,3907.0,3906.75,1,1,82987.5,-17.650707020590424
2023-01-10 00:59:00+00:00,-39.3,short,is,,3906.25,3907.0,1,4,82950.0,-17.68791863061275
2023-01-10 01:01:00+00:00,-76.8,short,is,,3906.25,3907.75,1,1,82875.0,-17.762341850657403
2023-01-10 01:05:00+00:00,-64.3,short,is,,3906.0,3907.25,1,3,82812.5,-17.824361200694618
2023-01-10 01:07:00+00:00,-39.3,short,is,,3906.0,3906.75,1,1,82775.0,-17.861572810716943
2023-01-10 01:09:00+00:00,-51.8,short,is,,3907.25,3908.25,1,1,82725.0,-17.91118829074671
2023-01-10 01:11:00+00:00,-39.3,short,is,,3907.5,3908.25,1,1,82687.5,-17.94839990076904
2023-01-10 01:13:00+00:00,-14.3,short,is,,3907.25,3907.5,1,1,82675.0,-17.960803770776483
2023-01-10 01:15:00+00:00,-14.3,short,is,,3907.5,3907.75,1,1,82662.5,-17.973207640783926
2023-01-10 01:17:00+00:00,-26.8,short,is,,3907.0,3907.5,1,1,82637.5,-17.998015380798808
2023-01-10 01:19:00+00:00,-51.8,short,is,,3907.25,3908.25,1,1,82587.5,-18.04763086082858
2023-01-10 01:21:00+00:00,-26.8,short,is,,3907.25,3907.75,1,1,82562.5,-18.072438600843462
2023-01-10 01:34:00+00:00,-26.8,long,is,,3908.25,3907.75,1,12,82537.5,-18.097246340858348
2023-01-10 01:36:00+00:00,-51.8,long,is,,3908.75,3907.75,1,1,82487.5,-18.146861820888116
2023-01-10 01:38:00+00:00,-39.3,long,is,,3908.25,3907.5,1,1,82450.0,-18.184073430910445
2023-01-10 01:47:00+00:00,-76.8,short,is,,3906.75,3908.25,1,8,82375.0,-18.2584966509551
2023-01-10 01:49:00+00:00,-26.8,long,is,,3907.75,3907.25,1,1,82350.0,-18.28330439096998
2023-01-10 02:10:00+00:00,123.2,long,is,,3908.25,3910.75,1,20,82475.0,-18.15926569089556
2023-01-10 02:15:00+00:00,-39.3,long,is,,3912.0,3911.25,1,4,82437.5,-18.196477300917888
2023-01-10 02:19:00+00:00,-51.8,long,is,,3911.75,3910.75,1,3,82387.5,-18.246092780947656
2023-01-10 02:21:00+00:00,-39.3,long,is,,3911.0,3910.25,1,1,82350.0,-18.28330439096998
2023-01-10 02:23:00+00:00,-14.3,long,is,,3910.25,3910.0,1,1,82337.5,-18.295708260977424
2023-01-10 02:25:00+00:00,-51.8,long,is,,3910.25,3909.25,1,1,82287.5,-18.345323741007196
2023-01-10 02:27:00+00:00,-101.8,long,is,,3910.0,3908.0,1,1,82187.5,-18.444554701066732
2023-01-10 02:48:00+00:00,223.2,short,is,,3906.75,3902.25,1,20,82412.5,-18.221285040932774
2023-01-10 02:50:00+00:00,-26.8,short,is,,3901.5,3902.0,1,1,82387.5,-18.246092780947656
2023-01-10 02:52:00+00:00,-26.8,short,is,,3902.25,3902.75,1,1,82362.5,-18.27090052096254
2023-01-10 02:54:00+00:00,-51.8,short,is,,3902.25,3903.25,1,1,82312.5,-18.32051600099231
2023-01-10 02:56:00+00:00,-14.3,short,is,,3902.25,3902.5,1,1,82300.0,-18.332919870999753
2023-01-10 02:58:00+00:00,-51.8,short,is,,3901.75,3902.75,1,1,82250.0,-18.38253535102952
2023-01-10 03:00:00+00:00,-76.8,short,is,,3901.75,3903.25,1,1,82175.0,-18.456958571074175
2023-01-10 03:02:00+00:00,-14.3,short,is,,3902.0,3902.25,1,1,82162.5,-18.469362441081618
2023-01-10 03:05:00+00:00,-64.3,short,is,,3901.0,3902.25,1,2,82100.0,-18.53138179111883
2023-01-10 03:13:00+00:00,-39.3,short,is,,3901.75,3902.5,1,7,82062.5,-18.568593401141158
2023-01-10 03:15:00+00:00,-51.8,short,is,,3902.5,3903.5,1,1,82012.5,-18.618208881170926
2023-01-10 03:17:00+00:00,-14.3,short,is,,3902.25,3902.5,1,1,82000.0,-18.63061275117837
2023-01-10 03:19:00+00:00,-14.3,short,is,,3902.25,3902.5,1,1,81987.5,-18.643016621185808
2023-01-10 03:21:00+00:00,-64.3,short,is,,3902.5,3903.75,1,1,81925.0,-18.705035971223023
2023-01-10 03:23:00+00:00,-101.8,short,is,,3903.5,3905.5,1,1,81825.0,-18.80426693128256
2023-01-10 03:25:00+00:00,-26.8,short,is,,3904.25,3904.75,1,1,81800.0,-18.829074671297445
2023-01-10 03:27:00+00:00,-14.3,short,is,,3903.75,3904.0,1,1,81787.5,-18.841478541304888
2023-01-10 03:29:00+00:00,-26.8,short,is,,3903.5,3904.0,1,1,81762.5,-18.866286281319773
2023-01-10 04:00:00+00:00,135.7,short,is,,3904.25,3901.5,1,30,81900.0,-18.729843711237905
2023-01-10 04:02:00+00:00,-26.8,short,is,,3902.25,3902.75,1,1,81875.0,-18.75465145125279
2023-01-10 04:16:00+00:00,-64.3,long,is,,3903.0,3901.75,1,13,81812.5,-18.81667080129
2023-01-10 04:24:00+00:00,-14.3,long,is,,3902.5,3902.25,1,7,81800.0,-18.829074671297445
2023-01-10 04:33:00+00:00,-39.3,long,is,,3903.25,3902.5,1,8,81762.5,-18.866286281319773
2023-01-10 04:35:00+00:00,-64.3,long,is,,3903.0,3901.75,1,1,81700.0,-18.928305631356984
2023-01-10 04:37:00+00:00,-26.8,long,is,,3902.75,3902.25,1,1,81675.0,-18.95311337137187
2023-01-10 04:39:00+00:00,-39.3,long,is,,3902.75,3902.0,1,1,81637.5,-18.990324981394195
2023-01-10 04:41:00+00:00,-64.3,long,is,,3902.75,3901.5,1,1,81575.0,-19.052344331431406
2023-01-10 04:48:00+00:00,-64.3,short,is,,3901.5,3902.75,1,6,81512.5,-19.114363681468618
2023-01-10 04:50:00+00:00,-26.8,short,is,,3902.25,3902.75,1,1,81487.5,-19.139171421483503
2023-01-10 04:53:00+00:00,-51.8,long,is,,3902.75,3901.75,1,2,81437.5,-19.18878690151327
2023-01-10 04:56:00+00:00,-26.8,short,is,,3901.75,3902.25,1,2,81412.5,-19.213594641528157
2023-01-10 04:58:00+00:00,-51.8,short,is,,3902.0,3903.0,1,1,81362.5,-19.263210121557925
2023-01-10 05:02:00+00:00,-64.3,long,is,,3902.75,3901.5,1,3,81300.0,-19.325229471595136
2023-01-10 05:05:00+00:00,-76.8,short,is,,3901.5,3903.0,1,2,81225.0,-19.39965269163979
2023-01-10 05:33:00+00:00,85.7,long,is,,3903.0,3904.75,1,27,81312.5,-19.312825601587697
2023-01-10 05:36:00+00:00,-39.3,long,is,,3905.75,3905.0,1,2,81275.0,-19.350037211610022
2023-01-10 05:38:00+00:00,-26.8,long,is,,3905.5,3905.0,1,1,81250.0,-19.374844951624905
2023-01-10 05:55:00+00:00,23.2,long,is,,3905.75,3906.25,1,16,81275.0,-19.350037211610022
2023-01-10 05:57:00+00:00,-39.3,long,is,,3907.0,3906.25,1,1,81237.5,-19.38724882163235
2023-01-10 05:59:00+00:00,-51.8,long,is,,3907.5,3906.5,1,1,81187.5,-19.43686430166212
2023-01-10 06:21:00+00:00,23.2,long,is,,3907.75,3908.25,1,21,81212.5,-19.412056561647233
2023-01-10 06:24:00+00:00,-1.8,long,is,,3909.0,3909.0,1,2,81212.5,-19.412056561647233
2023-01-10 06:30:00+00:00,-39.3,long,is,,3909.75,3909.0,1,5,81175.0,-19.449268171669562
2023-01-10 06:32:00+00:00,-64.3,long,is,,3909.25,3908.0,1,1,81112.5,-19.511287521706773
2023-01-10 06:34:00+00:00,-26.8,long,is,,3908.25,3907.75,1,1,81087.5,-19.536095261721655
2023-01-10 06:36:00+00:00,-51.8,long,is,,3907.5,3906.5,1,1,81037.5,-19.585710741751427
2023-01-10 06:38:00+00:00,-39.3,long,is,,3907.25,3906.5,1,1,81000.0,-19.622922351773752
2023-01-10 06:40:00+00:00,-39.3,long,is,,3907.25,3906.5,1,1,80962.5,-19.66013396179608
2023-01-10 06:57:00+00:00,-51.8,short,is,,3906.5,3907.5,1,16,80912.5,-19.70974944182585
2023-01-10 07:05:00+00:00,-126.8,long,is,,3908.75,3906.25,1,7,80787.5,-19.83378814190027
2023-01-10 07:08:00+00:00,-114.3,long,is,,3908.25,3906.0,1,2,80675.0,-19.945422971967254
2023-01-10 07:10:00+00:00,-64.3,short,is,,3907.0,3908.25,1,1,80612.5,-20.007442322004465
2023-01-10 07:13:00+00:00,-151.8,long,is,,3909.0,3906.0,1,2,80462.5,-20.156288762093773
2023-01-10 07:25:00+00:00,-14.3,short,is,,3906.25,3906.5,1,11,80450.0,-20.168692632101216
2023-01-10 07:29:00+00:00,-39.3,short,is,,3906.0,3906.75,1,3,80412.5,-20.205904242123545
2023-01-10 07:31:00+00:00,-64.3,short,is,,3905.25,3906.5,1,1,80350.0,-20.267923592160756
2023-01-10 07:33:00+00:00,-26.8,short,is,,3906.0,3906.5,1,1,80325.0,-20.29273133217564
2023-01-10 07:35:00+00:00,-76.8,short,is,,3906.25,3907.75,1,1,80250.0,-20.367154552220292
2023-01-10 07:52:00+00:00,-14.3,long,is,,3907.5,3907.25,1,16,80237.5,-20.379558422227735
2023-01-10 07:54:00+00:00,-51.8,long,is,,3908.25,3907.25,1,1,80187.5,-20.429173902257507
2023-01-10 07:56:00+00:00,-51.8,long,is,,3908.25,3907.25,1,1,80137.5,-20.478789382287275
2023-01-10 07:58:00+00:00,-39.3,long,is,,3907.75,3907.0,1,1,80100.0,-20.5160009923096
2023-01-10 08:01:00+00:00,-114.3,short,is,,3906.75,3909.0,1,2,79987.5,-20.62763582237658
2023-01-10 08:10:00+00:00,-39.3,long,is,,3908.5,3907.75,1,8,79950.0,-20.664847432398908
2023-01-10 08:12:00+00:00,-64.3,long,is,,3907.5,3906.25,1,1,79887.5,-20.726866782436122
2023-01-10 08:20:00+00:00,-164.3,short,is,,3904.75,3908.0,1,7,79725.0,-20.88811709253287
2023-01-10 08:39:00+00:00,98.2,long,is,,3908.5,3910.5,1,18,79825.0,-20.78888613247333
2023-01-10 08:42:00+00:00,-26.8,long,is,,3911.75,3911.25,1,2,79800.0,-20.81369387248822
2023-01-10 08:44:00+00:00,-89.3,long,is,,3911.75,3910.0,1,1,79712.5,-20.900520962540313
2023-01-10 08:46:00+00:00,23.2,long,is,,3909.25,3909.75,1,1,79737.5,-20.875713222525427
2023-01-10 08:48:00+00:00,-76.8,long,is,,3911.25,3909.75,1,1,79662.5,-20.950136442570084
2023-01-10 08:50:00+00:00,-1.8,long,is,,3910.0,3910.0,1,1,79662.5,-20.950136442570084
2023-01-10 08:52:00+00:00,-76.8,long,is,,3911.0,3909.5,1,1,79587.5,-21.024559662614735
2023-01-10 08:54:00+00:00,23.2,long,is,,3910.0,3910.5,1,1,79612.5,-20.999751922599852
2023-01-10 08:56:00+00:00,-39.3,long,is,,3910.0,3909.25,1,1,79575.0,-21.036963532622178
2023-01-10 08:58:00+00:00,-39.3,long,is,,3909.75,3909.0,1,1,79537.5,-21.074175142644506
2023-01-10 09:18:00+00:00,98.2,short,is,,3908.25,3906.25,1,19,79637.5,-20.974944182584967
2023-01-10 09:25:00+00:00,-14.3,short,is,,3905.5,3905.75,1,6,79625.0,-20.98734805259241
2023-01-10 09:27:00+00:00,-64.3,short,is,,3906.75,3908.0,1,1,79562.5,-21.04936740262962
2023-01-10 09:29:00+00:00,-39.3,short,is,,3907.75,3908.5,1,1,79525.0,-21.08657901265195
2023-01-10 09:31:00+00:00,10.7,short,is,,3907.5,3907.25,1,1,79537.5,-21.074175142644506
2023-01-10 09:33:00+00:00,10.7,short,is,,3907.75,3907.5,1,1,79550.0,-21.06177127263706
2023-01-10 09:46:00+00:00,-14.3,long,is,,3909.25,3909.0,1,12,79537.5,-21.074175142644506
2023-01-10 09:53:00+00:00,10.7,long,is,,3909.75,3910.0,1,6,79550.0,-21.06177127263706
2023-01-10 10:03:00+00:00,-39.3,long,is,,3911.0,3910.25,1,9,79512.5,-21.09898288265939
2023-01-10 10:05:00+00:00,-26.8,long,is,,3910.5,3910.0,1,1,79487.5,-21.123790622674274
2023-01-10 10:07:00+00:00,-51.8,long,is,,3910.5,3909.5,1,1,79437.5,-21.173406102704043
2023-01-10 10:09:00+00:00,-39.3,long,is,,3909.5,3908.75,1,1,79400.0,-21.21061771272637
2023-01-10 10:11:00+00:00,-26.8,long,is,,3910.0,3909.5,1,1,79375.0,-21.235425452741254
2023-01-10 10:13:00+00:00,10.7,long,is,,3909.75,3910.0,1,1,79387.5,-21.223021582733814
2023-01-10 10:15:00+00:00,-39.3,long,is,,3909.25,3908.5,1,1,79350.0,-21.26023319275614
2023-01-10 10:17:00+00:00,-39.3,long,is,,3909.5,3908.75,1,1,79312.5,-21.297444802778468
2023-01-10 10:19:00+00:00,-26.8,long,is,,3910.0,3909.5,1,1,79287.5,-21.32225254279335
2023-01-10 10:45:00+00:00,23.2,long,is,,3910.75,3911.25,1,25,79312.5,-21.297444802778468
2023-01-10 10:47:00+00:00,-1.8,long,is,,3912.0,3912.0,1,1,79312.5,-21.297444802778468
2023-01-10 10:51:00+00:00,-89.3,long,is,,3913.5,3911.75,1,3,79225.0,-21.384271892830565
2023-01-10 10:53:00+00:00,-64.3,long,is,,3912.25,3911.0,1,1,79162.5,-21.446291242867773
2023-01-10 10:55:00+00:00,-64.3,long,is,,3912.25,3911.0,1,1,79100.0,-21.508310592904987
2023-01-10 10:57:00+00:00,-26.8,long,is,,3911.5,3911.0,1,1,79075.0,-21.53311833291987
2023-01-10 10:59:00+00:00,-26.8,long,is,,3912.5,3912.0,1,1,79050.0,-21.557926072934755
2023-01-10 11:23:00+00:00,148.2,short,is,,3910.5,3907.5,1,23,79200.0,-21.409079632845447
2023-01-10 11:29:00+00:00,-1.8,short,is,,3906.0,3906.0,1,5,79200.0,-21.409079632845447
2023-01-10 11:31:00+00:00,-39.3,short,is,,3905.25,3906.0,1,1,79162.5,-21.446291242867773
2023-01-10 11:52:00+00:00,85.7,short,is,,3904.75,3903.0,1,20,79250.0,-21.35946415281568
2023-01-10 11:54:00+00:00,-1.8,short,is,,3902.5,3902.5,1,1,79250.0,-21.35946415281568
2023-01-10 11:59:00+00:00,-39.3,short,is,,3901.5,3902.25,1,4,79212.5,-21.396675762838004
2023-01-10 12:04:00+00:00,-26.8,short,is,,3901.75,3902.25,1,4,79187.5,-21.42148350285289
2023-01-10 12:16:00+00:00,23.2,short,is,,3902.0,3901.5,1,11,79212.5,-21.396675762838004
2023-01-10 12:27:00+00:00,35.7,short,is,,3898.5,3897.75,1,10,79250.0,-21.35946415281568
2023-01-10 12:30:00+00:00,-39.3,short,is,,3896.5,3897.25,1,2,79212.5,-21.396675762838004
2023-01-10 12:36:00+00:00,35.7,short,is,,3897.25,3896.5,1,5,79250.0,-21.35946415281568
2023-01-10 12:41:00+00:00,-14.3,short,is,,3895.5,3895.75,1,4,79237.5,-21.371868022823122
2023-01-10 12:43:00+00:00,-39.3,short,is,,3896.25,3897.0,1,1,79200.0,-21.409079632845447
2023-01-10 12:53:00+00:00,48.2,short,is,,3896.0,3895.0,1,9,79250.0,-21.35946415281568
2023-01-10 12:55:00+00:00,-51.8,short,is,,3894.75,3895.75,1,1,79200.0,-21.409079632845447
2023-01-10 12:57:00+00:00,-39.3,short,is,,3896.0,3896.75,1,1,79162.5,-21.446291242867773
2023-01-10 12:59:00+00:00,-1.8,short,is,,3897.0,3897.0,1,1,79162.5,-21.446291242867773
2023-01-10 13:01:00+00:00,23.2,short,is,,3896.5,3896.0,1,1,79187.5,-21.42148350285289
2023-01-10 13:04:00+00:00,-64.3,short,is,,3894.0,3895.25,1,2,79125.0,-21.4835028528901
2023-01-10 13:06:00+00:00,-26.8,short,is,,3895.0,3895.5,1,1,79100.0,-21.508310592904987
2023-01-10 13:08:00+00:00,-89.3,short,is,,3895.75,3897.5,1,1,79012.5,-21.595137682957084
2023-01-10 13:10:00+00:00,-76.8,short,is,,3897.0,3898.5,1,1,78937.5,-21.669560903001734
2023-01-10 13:16:00+00:00,-201.8,long,is,,3899.0,3895.0,1,5,78737.5,-21.868022823120814
2023-01-10 13:24:00+00:00,-189.3,short,is,,3894.0,3897.75,1,7,78550.0,-22.054080873232447
2023-01-10 13:26:00+00:00,-139.3,long,is,,3898.0,3895.25,1,1,78412.5,-22.190523443314312
2023-01-10 13:36:00+00:00,-26.8,short,is,,3895.0,3895.5,1,9,78387.5,-22.215331183329198
2023-01-10 13:40:00+00:00,35.7,short,is,,3895.5,3894.75,1,3,78425.0,-22.178119573306873
2023-01-10 13:44:00+00:00,-126.8,short,is,,3892.75,3895.25,1,3,78300.0,-22.302158273381295
2023-01-10 13:46:00+00:00,-14.3,short,is,,3895.25,3895.5,1,1,78287.5,-22.314562143388738
2023-01-10 13:48:00+00:00,-26.8,short,is,,3895.0,3895.5,1,1,78262.5,-22.339369883403624
2023-01-10 14:22:00+00:00,585.7,long,is,,3896.75,3908.5,1,33,78850.0,-21.75638799305383
2023-01-10 14:24:00+00:00,60.7,long,is,,3907.0,3908.25,1,1,78912.5,-21.69436864301662
2023-01-10 14:27:00+00:00,-39.3,long,is,,3908.75,3908.0,1,2,78875.0,-21.73158025303895
2023-01-10 14:29:00+00:00,-1.8,long,is,,3906.75,3906.75,1,1,78875.0,-21.73158025303895
2023-01-10 14:47:00+00:00,48.2,long,is,,3907.75,3908.75,1,17,78925.0,-21.68196477300918
2023-01-10 14:49:00+00:00,-14.3,long,is,,3910.75,3910.5,1,1,78912.5,-21.69436864301662
2023-01-10 14:51:00+00:00,-139.3,long,is,,3913.5,3910.75,1,1,78775.0,-21.830811213098485
2023-01-10 14:53:00+00:00,-164.3,long,is,,3912.0,3908.75,1,1,78612.5,-21.992061523195236
2023-01-10 15:03:00+00:00,-326.8,long,is,,3920.75,3914.25,1,9,78287.5,-22.314562143388738
2023-01-10 15:21:00+00:00,310.7,long,is,,3917.0,3923.25,1,17,78600.0,-22.00446539320268
2023-01-10 15:23:00+00:00,-101.8,long,is,,3923.5,3921.5,1,1,78500.0,-22.10369635326222
2023-01-10 15:25:00+00:00,85.7,long,is,,3920.5,3922.25,1,1,78587.5,-22.016869263210122
2023-01-10 15:27:00+00:00,-39.3,long,is,,3925.75,3925.0,1,1,78550.0,-22.054080873232447
2023-01-10 15:29:00+00:00,-126.8,long,is,,3924.75,3922.25,1,1,78425.0,-22.178119573306873
2023-01-10 15:31:00+00:00,-301.8,long,is,,3917.75,3911.75,1,1,78125.0,-22.47581245348549
2023-01-10 15:49:00+00:00,35.7,short,is,,3906.25,3905.5,1,17,78162.5,-22.43860084346316
2023-01-10 15:51:00+00:00,-214.3,short,is,,3903.5,3907.75,1,1,77950.0,-22.64946663358968
2023-01-10 15:53:00+00:00,-39.3,short,is,,3911.5,3912.25,1,1,77912.5,-22.686678243612008
2023-01-10 15:55:00+00:00,23.2,short,is,,3913.5,3913.0,1,1,77937.5,-22.66187050359712
2023-01-10 15:57:00+00:00,-326.8,short,is,,3912.25,3918.75,1,1,77612.5,-22.984371123790623
2023-01-10 16:11:00+00:00,-76.8,long,is,,3918.5,3917.0,1,13,77537.5,-23.058794343835277
2023-01-10 16:18:00+00:00,-26.8,long,is,,3918.25,3917.75,1,6,77512.5,-23.08360208385016
2023-01-10 16:20:00+00:00,10.7,long,is,,3917.25,3917.5,1,1,77525.0,-23.07119821384272
2023-01-10 16:23:00+00:00,-201.8,long,is,,3920.75,3916.75,1,2,77325.0,-23.269660133961796
2023-01-10 16:26:00+00:00,-101.8,long,is,,3920.0,3918.0,1,2,77225.0,-23.368891094021336
2023-01-10 16:47:00+00:00,135.7,short,is,,3916.5,3913.75,1,20,77362.5,-23.23244852393947
2023-01-10 16:50:00+00:00,-14.3,short,is,,3913.5,3913.75,1,2,77350.0,-23.24485239394691
2023-01-10 16:52:00+00:00,-26.8,short,is,,3913.5,3914.0,1,1,77325.0,-23.269660133961796
2023-01-10 16:54:00+00:00,10.7,short,is,,3913.0,3912.75,1,1,77337.5,-23.257256263954353
2023-01-10 16:56:00+00:00,-51.8,short,is,,3914.5,3915.5,1,1,77287.5,-23.30687174398412
2023-01-10 17:01:00+00:00,-564.3,long,is,,3917.75,3906.5,1,4,76725.0,-23.865045894319028
2023-01-10 17:09:00+00:00,-339.3,short,is,,3909.0,3915.75,1,7,76387.5,-24.19995038451997
2023-01-10 17:19:00+00:00,-89.3,long,is,,3916.5,3914.75,1,9,76300.0,-24.286777474572066
2023-01-10 17:21:00+00:00,-64.3,long,is,,3914.5,3913.25,1,1,76237.5,-24.348796824609277
2023-01-10 17:23:00+00:00,-76.8,short,is,,3914.0,3915.5,1,1,76162.5,-24.42322004465393
2023-01-10 17:27:00+00:00,-51.8,long,is,,3915.25,3914.25,1,3,76112.5,-24.4728355246837
2023-01-10 17:29:00+00:00,-89.3,long,is,,3916.75,3915.0,1,1,76025.0,-24.559662614735796
2023-01-10 17:31:00+00:00,-14.3,long,is,,3915.5,3915.25,1,1,76012.5,-24.572066484743242
2023-01-10 17:53:00+00:00,223.2,long,is,,3917.0,3921.5,1,21,76237.5,-24.348796824609277
2023-01-10 17:55:00+00:00,-26.8,long,is,,3922.5,3922.0,1,1,76212.5,-24.373604564624163
2023-01-10 17:57:00+00:00,-51.8,long,is,,3923.0,3922.0,1,1,76162.5,-24.42322004465393
2023-01-10 17:59:00+00:00,35.7,long,is,,3922.0,3922.75,1,1,76200.0,-24.386008434631606
2023-01-10 18:01:00+00:00,-14.3,long,is,,3922.5,3922.25,1,1,76187.5,-24.39841230463905
2023-01-10 18:16:00+00:00,-76.8,long,is,,3924.25,3922.75,1,14,76112.5,-24.4728355246837
2023-01-10 18:18:00+00:00,-26.8,long,is,,3923.25,3922.75,1,1,76087.5,-24.497643264698585
2023-01-10 18:20:00+00:00,23.2,long,is,,3921.75,3922.25,1,1,76112.5,-24.4728355246837
2023-01-10 18:22:00+00:00,-26.8,long,is,,3921.5,3921.0,1,1,76087.5,-24.497643264698585
2023-01-10 18:24:00+00:00,48.2,long,is,,3923.0,3924.0,1,1,76137.5,-24.448027784668817
2023-01-10 18:28:00+00:00,-64.3,long,is,,3924.75,3923.5,1,3,76075.0,-24.510047134706028
2023-01-10 18:30:00+00:00,-26.8,long,is,,3924.75,3924.25,1,1,76050.0,-24.534854874720914
2023-01-10 18:45:00+00:00,60.7,long,is,,3925.25,3926.5,1,14,76112.5,-24.4728355246837
2023-01-10 18:47:00+00:00,-14.3,long,is,,3927.5,3927.25,1,1,76100.0,-24.485239394691146
2023-01-10 18:49:00+00:00,-51.8,long,is,,3927.0,3926.0,1,1,76050.0,-24.534854874720914
2023-01-10 18:51:00+00:00,-51.8,long,is,,3928.5,3927.5,1,1,76000.0,-24.58447035475068
2023-01-10 18:53:00+00:00,23.2,long,is,,3927.0,3927.5,1,1,76025.0,-24.559662614735796
2023-01-10 18:55:00+00:00,10.7,long,is,,3926.75,3927.0,1,1,76037.5,-24.547258744728357
2023-01-10 18:57:00+00:00,98.2,long,is,,3924.75,3926.75,1,1,76137.5,-24.448027784668817
2023-01-10 19:23:00+00:00,248.2,long,is,,3928.25,3933.25,1,25,76387.5,-24.19995038451997
2023-01-10 19:25:00+00:00,23.2,long,is,,3932.5,3933.0,1,1,76412.5,-24.175142644505083
2023-01-10 19:27:00+00:00,23.2,long,is,,3931.5,3932.0,1,1,76437.5,-24.1503349044902
2023-01-10 19:29:00+00:00,35.7,long,is,,3932.5,3933.25,1,1,76475.0,-24.113123294467876
2023-01-10 19:31:00+00:00,-51.8,long,is,,3934.25,3933.25,1,1,76425.0,-24.162738774497644
2023-01-10 19:38:00+00:00,-64.3,long,is,,3935.0,3933.75,1,6,76362.5,-24.224758124534855
2023-01-10 19:40:00+00:00,-39.3,long,is,,3932.5,3931.75,1,1,76325.0,-24.26196973455718
2023-01-10 19:42:00+00:00,-14.3,long,is,,3932.0,3931.75,1,1,76312.5,-24.274373604564627
2023-01-10 19:44:00+00:00,-39.3,long,is,,3931.25,3930.5,1,1,76275.0,-24.31158521458695
2023-01-10 19:46:00+00:00,-26.8,long,is,,3930.0,3929.5,1,1,76250.0,-24.336392954601834
2023-01-10 20:15:00+00:00,-14.3,short,is,,3929.5,3929.75,1,28,76237.5,-24.348796824609277
2023-01-10 20:32:00+00:00,-101.8,long,is,,3932.0,3930.0,1,16,76137.5,-24.448027784668817
2023-01-10 20:34:00+00:00,-39.3,short,is,,3930.25,3931.0,1,1,76100.0,-24.485239394691146
2023-01-10 20:42:00+00:00,-64.3,long,is,,3932.0,3930.75,1,7,76037.5,-24.547258744728357
2023-01-10 20:45:00+00:00,-26.8,short,is,,3930.5,3931.0,1,2,76012.5,-24.572066484743242
2023-01-10 21:21:00+00:00,385.7,long,is,,3932.5,3940.25,1,35,76400.0,-24.18754651451253
2023-01-10 21:23:00+00:00,-39.3,long,is,,3941.0,3940.25,1,1,76362.5,-24.224758124534855
2023-01-10 21:26:00+00:00,-39.3,long,is,,3940.75,3940.0,1,2,76325.0,-24.26196973455718
2023-01-10 21:30:00+00:00,-39.3,long,is,,3941.0,3940.25,1,3,76287.5,-24.29918134457951
2023-01-10 21:32:00+00:00,10.7,long,is,,3940.5,3940.75,1,1,76300.0,-24.286777474572066
2023-01-10 21:50:00+00:00,-14.3,long,is,,3941.25,3941.0,1,17,76287.5,-24.29918134457951
2023-01-10 21:52:00+00:00,-14.3,long,is,,3941.5,3941.25,1,1,76275.0,-24.31158521458695
2023-01-10 21:54:00+00:00,-39.3,long,is,,3942.0,3941.25,1,1,76237.5,-24.348796824609277
2023-01-10 21:57:00+00:00,-26.8,long,is,,3942.0,3941.5,1,2,76212.5,-24.373604564624163
2023-01-10 23:00:00+00:00,-76.8,long,is,,3942.25,3940.75,1,2,76137.5,-24.448027784668817
2023-01-10 23:02:00+00:00,-39.3,long,is,,3941.0,3940.25,1,1,76100.0,-24.485239394691146
2023-01-10 23:04:00+00:00,-39.3,long,is,,3939.5,3938.75,1,1,76062.5,-24.52245100471347
2023-01-10 23:06:00+00:00,-39.3,long,is,,3939.5,3938.75,1,1,76025.0,-24.559662614735796
2023-01-10 23:08:00+00:00,-26.8,long,is,,3939.75,3939.25,1,1,76000.0,-24.58447035475068
2023-01-10 23:10:00+00:00,-51.8,long,is,,3939.75,3938.75,1,1,75950.0,-24.63408583478045
2023-01-10 23:12:00+00:00,-26.8,long,is,,3939.75,3939.25,1,1,75925.0,-24.658893574795336
2023-01-10 23:14:00+00:00,-1.8,long,is,,3939.5,3939.5,1,1,75925.0,-24.658893574795336
2023-01-10 23:20:00+00:00,-51.8,short,is,,3939.0,3940.0,1,5,75875.0,-24.708509054825107
2023-01-10 23:33:00+00:00,-39.3,long,is,,3940.0,3939.25,1,12,75837.5,-24.745720664847433
2023-01-10 23:35:00+00:00,-51.8,short,is,,3939.5,3940.5,1,1,75787.5,-24.795336144877204
2023-01-10 23:39:00+00:00,-39.3,short,is,,3940.0,3940.75,1,3,75750.0,-24.83254775489953
2023-01-10 23:41:00+00:00,-64.3,long,is,,3941.0,3939.75,1,1,75687.5,-24.89456710493674
2023-01-10 23:44:00+00:00,-76.8,short,is,,3940.25,3941.75,1,2,75612.5,-24.968990324981394
2023-01-11 00:20:00+00:00,172.5,long,is,,3941.0,3944.5,1,35,75787.5,-24.795336144877204
2023-01-11 00:22:00+00:00,-27.5,long,is,,3945.25,3944.75,1,1,75762.5,-24.820143884892087
2023-01-11 00:24:00+00:00,-27.5,long,is,,3944.75,3944.25,1,1,75737.5,-24.844951624906972
2023-01-11 00:26:00+00:00,-52.5,long,is,,3945.0,3944.0,1,1,75687.5,-24.89456710493674
2023-01-11 00:28:00+00:00,-40.0,long,is,,3944.5,3943.75,1,1,75650.0,-24.93177871495907
2023-01-11 00:30:00+00:00,-2.5,long,is,,3944.0,3944.0,1,1,75650.0,-24.93177871495907
2023-01-11 00:34:00+00:00,-52.5,long,is,,3945.0,3944.0,1,3,75600.0,-24.981394194988837
2023-01-11 00:36:00+00:00,-27.5,long,is,,3944.0,3943.5,1,1,75575.0,-25.00620193500372
2023-01-11 00:38:00+00:00,-15.0,long,is,,3944.25,3944.0,1,1,75562.5,-25.018605805011163
2023-01-11 00:42:00+00:00,-40.0,long,is,,3944.75,3944.0,1,3,75525.0,-25.055817415033488
2023-01-11 00:44:00+00:00,-15.0,long,is,,3943.75,3943.5,1,1,75512.5,-25.06822128504093
2023-01-11 00:50:00+00:00,-52.5,long,is,,3944.5,3943.5,1,5,75462.5,-25.1178367650707
2023-01-11 01:04:00+00:00,-15.0,long,is,,3944.5,3944.25,1,13,75450.0,-25.130240635078145
2023-01-11 01:06:00+00:00,-77.5,long,is,,3944.5,3943.0,1,1,75375.0,-25.2046638551228
2023-01-11 01:36:00+00:00,23.2,short,is,,3942.75,3942.25,1,29,75400.0,-25.179856115107913
2023-01-11 01:42:00+00:00,-14.3,short,is,,3941.5,3941.75,1,5,75387.5,-25.192259985115356
2023-01-11 01:45:00+00:00,-39.3,short,is,,3941.75,3942.5,1,2,75350.0,-25.22947159513768
2023-01-11 01:47:00+00:00,-26.8,short,is,,3941.75,3942.25,1,1,75325.0,-25.254279335152567
2023-01-11 01:49:00+00:00,-64.3,short,is,,3941.25,3942.5,1,1,75262.5,-25.316298685189782
2023-01-11 01:51:00+00:00,-51.8,short,is,,3943.0,3944.0,1,1,75212.5,-25.36591416521955
2023-01-11 01:58:00+00:00,-114.3,long,is,,3944.25,3942.0,1,6,75100.0,-25.47754899528653
2023-01-11 02:00:00+00:00,-39.3,short,is,,3942.75,3943.5,1,1,75062.5,-25.514760605308854
2023-01-11 02:03:00+00:00,-39.3,short,is,,3943.0,3943.75,1,2,75025.0,-25.55197221533118
2023-01-11 02:14:00+00:00,-51.8,long,is,,3944.0,3943.0,1,10,74975.0,-25.60158769536095
2023-01-11 02:17:00+00:00,-76.8,long,is,,3943.5,3942.0,1,2,74900.0,-25.676010915405605
2023-01-11 02:22:00+00:00,-89.3,short,is,,3942.25,3944.0,1,4,74812.5,-25.762838005457706
2023-01-11 02:24:00+00:00,-39.3,long,is,,3944.25,3943.5,1,1,74775.0,-25.80004961548003
2023-01-11 02:36:00+00:00,-26.8,long,is,,3944.0,3943.5,1,11,74750.0,-25.824857355494913
2023-01-11 02:38:00+00:00,-26.8,long,is,,3943.75,3943.25,1,1,74725.0,-25.8496650955098
2023-01-11 02:40:00+00:00,-26.8,long,is,,3943.25,3942.75,1,1,74700.0,-25.87447283552468
2023-01-11 02:42:00+00:00,-14.3,long,is,,3943.5,3943.25,1,1,74687.5,-25.886876705532124
2023-01-11 02:44:00+00:00,-39.3,long,is,,3943.25,3942.5,1,1,74650.0,-25.924088315554457
2023-01-11 03:02:00+00:00,10.7,short,is,,3942.5,3942.25,1,17,74662.5,-25.91168444554701
2023-01-11 03:04:00+00:00,-26.8,short,is,,3942.0,3942.5,1,1,74637.5,-25.936492185561892
2023-01-11 03:06:00+00:00,-26.8,short,is,,3941.75,3942.25,1,1,74612.5,-25.961299925576782
2023-01-11 03:20:00+00:00,-26.8,short,is,,3940.75,3941.25,1,13,74587.5,-25.98610766559166
2023-01-11 03:22:00+00:00,-26.8,short,is,,3940.75,3941.25,1,1,74562.5,-26.01091540560655
2023-01-11 03:24:00+00:00,-64.3,short,is,,3940.5,3941.75,1,1,74500.0,-26.07293475564376
2023-01-11 03:26:00+00:00,-39.3,short,is,,3940.75,3941.5,1,1,74462.5,-26.110146365666086
2023-01-11 03:28:00+00:00,-26.8,short,is,,3940.5,3941.0,1,1,74437.5,-26.134954105680976
2023-01-11 03:31:00+00:00,-76.8,short,is,,3940.25,3941.75,1,2,74362.5,-26.209377325725626
2023-01-11 03:33:00+00:00,-26.8,short,is,,3941.75,3942.25,1,1,74337.5,-26.234185065740512
2023-01-11 03:35:00+00:00,-39.3,short,is,,3941.75,3942.5,1,1,74300.0,-26.271396675762837
2023-01-11 03:37:00+00:00,-39.3,short,is,,3941.75,3942.5,1,1,74262.5,-26.30860828578517
2023-01-11 03:39:00+00:00,-14.3,short,is,,3942.0,3942.25,1,1,74250.0,-26.321012155792605
2023-01-11 03:41:00+00:00,-76.8,short,is,,3941.75,3943.25,1,1,74175.0,-26.395435375837263
2023-01-11 03:43:00+00:00,-26.8,short,is,,3942.0,3942.5,1,1,74150.0,-26.420243115852145
2023-01-11 03:49:00+00:00,-76.8,long,is,,3943.0,3941.5,1,5,74075.0,-26.4946663358968
2023-01-11 03:57:00+00:00,-51.8,short,is,,3941.25,3942.25,1,7,74025.0,-26.544281815926567
2023-01-11 04:03:00+00:00,-51.8,long,is,,3943.0,3942.0,1,5,73975.0,-26.59389729595634
2023-01-11 04:07:00+00:00,-51.8,short,is,,3941.75,3942.75,1,3,73925.0,-26.643512775986107
2023-01-11 04:22:00+00:00,-14.3,long,is,,3943.0,3942.75,1,14,73912.5,-26.65591664599355
2023-01-11 04:24:00+00:00,-14.3,long,is,,3943.25,3943.0,1,1,73900.0,-26.668320516000993
2023-01-11 04:26:00+00:00,-39.3,long,is,,3943.0,3942.25,1,1,73862.5,-26.705532126023318
2023-01-11 04:28:00+00:00,-51.8,long,is,,3942.75,3941.75,1,1,73812.5,-26.755147606053086
2023-01-11 04:40:00+00:00,-89.3,short,is,,3941.5,3943.25,1,11,73725.0,-26.841974696105186
2023-01-11 04:48:00+00:00,-51.8,long,is,,3942.75,3941.75,1,7,73675.0,-26.891590176134955
2023-01-11 04:52:00+00:00,-51.8,short,is,,3941.5,3942.5,1,3,73625.0,-26.941205656164723
2023-01-11 04:55:00+00:00,-39.3,long,is,,3942.75,3942.0,1,2,73587.5,-26.978417266187048
2023-01-11 04:59:00+00:00,-51.8,short,is,,3941.75,3942.75,1,3,73537.5,-27.02803274621682
2023-01-11 05:03:00+00:00,-39.3,long,is,,3942.75,3942.0,1,3,73500.0,-27.06524435623915
2023-01-11 05:11:00+00:00,-64.3,short,is,,3941.25,3942.5,1,7,73437.5,-27.127263706276356
2023-01-11 05:25:00+00:00,-26.8,long,is,,3942.75,3942.25,1,13,73412.5,-27.15207144629124
2023-01-11 05:30:00+00:00,-64.3,short,is,,3942.0,3943.25,1,4,73350.0,-27.214090796328456
2023-01-11 05:53:00+00:00,35.7,long,is,,3943.25,3944.0,1,22,73387.5,-27.17687918630613
2023-01-11 05:55:00+00:00,-51.8,long,is,,3944.5,3943.5,1,1,73337.5,-27.2264946663359
2023-01-11 05:57:00+00:00,-39.3,long,is,,3943.75,3943.0,1,1,73300.0,-27.263706276358224
2023-01-11 05:59:00+00:00,-39.3,long,is,,3943.25,3942.5,1,1,73262.5,-27.30091788638055
2023-01-11 06:07:00+00:00,-76.8,short,is,,3942.5,3944.0,1,7,73187.5,-27.375341106425203
2023-01-11 06:11:00+00:00,-51.8,long,is,,3944.25,3943.25,1,3,73137.5,-27.424956586454975
2023-01-11 06:15:00+00:00,-39.3,long,is,,3943.75,3943.0,1,3,73100.0,-27.4621681964773
2023-01-11 06:17:00+00:00,-64.3,long,is,,3944.0,3942.75,1,1,73037.5,-27.52418754651451
2023-01-11 06:32:00+00:00,-51.8,short,is,,3942.5,3943.5,1,14,72987.5,-27.57380302654428
2023-01-11 06:39:00+00:00,-76.8,long,is,,3943.75,3942.25,1,6,72912.5,-27.648226246588937
2023-01-11 07:25:00+00:00,323.2,short,is,,3942.75,3936.25,1,45,73237.5,-27.325725626395435
2023-01-11 07:27:00+00:00,-14.3,short,is,,3935.75,3936.0,1,1,73225.0,-27.33812949640288
2023-01-11 07:29:00+00:00,-39.3,short,is,,3935.5,3936.25,1,1,73187.5,-27.375341106425203
2023-01-11 07:31:00+00:00,-51.8,short,is,,3935.5,3936.5,1,1,73137.5,-27.424956586454975
2023-01-11 07:33:00+00:00,-39.3,short,is,,3935.75,3936.5,1,1,73100.0,-27.4621681964773
2023-01-11 07:35:00+00:00,-89.3,short,is,,3936.0,3937.75,1,1,73012.5,-27.548995286529397
2023-01-11 07:37:00+00:00,-1.8,short,is,,3937.5,3937.5,1,1,73012.5,-27.548995286529397
2023-01-11 07:39:00+00:00,-39.3,short,is,,3936.75,3937.5,1,1,72975.0,-27.586206896551722
2023-01-11 07:41:00+00:00,-26.8,short,is,,3936.5,3937.0,1,1,72950.0,-27.611014636566612
2023-01-11 07:43:00+00:00,-26.8,short,is,,3937.0,3937.5,1,1,72925.0,-27.635822376581494
2023-01-11 07:45:00+00:00,-39.3,short,is,,3936.5,3937.25,1,1,72887.5,-27.67303398660382
2023-01-11 07:49:00+00:00,-39.3,short,is,,3936.5,3937.25,1,3,72850.0,-27.710245596626148
2023-01-11 08:01:00+00:00,-51.8,short,is,,3936.5,3937.5,1,11,72800.0,-27.759861076655916
2023-01-11 08:03:00+00:00,-76.8,short,is,,3937.5,3939.0,1,1,72725.0,-27.834284296700574
2023-01-11 08:20:00+00:00,-51.8,long,is,,3940.25,3939.25,1,16,72675.0,-27.883899776730342
2023-01-11 08:22:00+00:00,-101.8,long,is,,3940.0,3938.0,1,1,72575.0,-27.983130736789878
2023-01-11 08:29:00+00:00,-126.8,short,is,,3937.0,3939.5,1,6,72450.0,-28.107169436864304
2023-01-11 08:31:00+00:00,-14.3,long,is,,3938.5,3938.25,1,1,72437.5,-28.119573306871743
2023-01-11 08:40:00+00:00,-89.3,short,is,,3936.75,3938.5,1,8,72350.0,-28.206400396923843
2023-01-11 08:42:00+00:00,-101.8,long,is,,3938.5,3936.5,1,1,72250.0,-28.30563135698338
2023-01-11 08:45:00+00:00,-26.8,long,is,,3937.5,3937.0,1,2,72225.0,-28.330439096998262
2023-01-11 08:54:00+00:00,-39.3,long,is,,3938.0,3937.25,1,8,72187.5,-28.36765070702059
2023-01-11 09:35:00+00:00,498.2,long,is,,3938.25,3948.25,1,40,72687.5,-27.8714959067229
2023-01-11 09:37:00+00:00,-51.8,long,is,,3948.75,3947.75,1,1,72637.5,-27.921111386752667
2023-01-11 09:39:00+00:00,-39.3,long,is,,3948.25,3947.5,1,1,72600.0,-27.958322996774992
2023-01-11 09:41:00+00:00,23.2,long,is,,3947.75,3948.25,1,1,72625.0,-27.93351525676011
2023-01-11 09:43:00+00:00,-26.8,long,is,,3948.75,3948.25,1,1,72600.0,-27.958322996774992
2023-01-11 09:47:00+00:00,-39.3,long,is,,3949.0,3948.25,1,3,72562.5,-27.995534606797325
2023-01-11 09:49:00+00:00,-26.8,long,is,,3948.75,3948.25,1,1,72537.5,-28.020342346812203
2023-01-11 09:51:00+00:00,-64.3,long,is,,3948.0,3946.75,1,1,72475.0,-28.082361696849418
2023-01-11 09:57:00+00:00,10.7,long,is,,3947.75,3948.0,1,5,72487.5,-28.069957826841975
2023-01-11 09:59:00+00:00,-51.8,long,is,,3947.75,3946.75,1,1,72437.5,-28.119573306871743
2023-01-11 10:18:00+00:00,23.2,long,is,,3948.25,3948.75,1,18,72462.5,-28.09476556685686
2023-01-11 10:20:00+00:00,-26.8,long,is,,3950.0,3949.5,1,1,72437.5,-28.119573306871743
2023-01-11 10:22:00+00:00,-1.8,long,is,,3949.75,3949.75,1,1,72437.5,-28.119573306871743
2023-01-11 10:24:00+00:00,-14.3,long,is,,3950.25,3950.0,1,1,72425.0,-28.131977176879186
2023-01-11 10:26:00+00:00,-1.8,long,is,,3949.5,3949.5,1,1,72425.0,-28.131977176879186
2023-01-11 10:28:00+00:00,-26.8,long,is,,3950.5,3950.0,1,1,72400.0,-28.156784916894072
2023-01-11 10:30:00+00:00,-26.8,long,is,,3950.25,3949.75,1,1,72375.0,-28.181592656908954
2023-01-11 10:33:00+00:00,-64.3,long,is,,3950.25,3949.0,1,2,72312.5,-28.24361200694617
2023-01-11 10:35:00+00:00,-51.8,long,is,,3949.5,3948.5,1,1,72262.5,-28.293227486975937
2023-01-11 10:37:00+00:00,-14.3,long,is,,3949.5,3949.25,1,1,72250.0,-28.30563135698338
2023-01-11 10:39:00+00:00,-76.8,long,is,,3948.75,3947.25,1,1,72175.0,-28.380054577028034
2023-01-11 10:52:00+00:00,-51.8,short,is,,3947.25,3948.25,1,12,72125.0,-28.429670057057805
2023-01-11 10:55:00+00:00,-64.3,short,is,,3947.25,3948.5,1,2,72062.5,-28.49168940709501
2023-01-11 10:57:00+00:00,-14.3,short,is,,3947.75,3948.0,1,1,72050.0,-28.504093277102456
2023-01-11 11:00:00+00:00,-114.3,short,is,,3945.5,3947.75,1,2,71937.5,-28.615728107169435
2023-01-11 11:02:00+00:00,-39.3,short,is,,3947.75,3948.5,1,1,71900.0,-28.652939717191767
2023-01-11 11:04:00+00:00,-26.8,short,is,,3947.75,3948.25,1,1,71875.0,-28.67774745720665
2023-01-11 11:11:00+00:00,-26.8,short,is,,3947.5,3948.0,1,6,71850.0,-28.702555197221535
2023-01-11 11:13:00+00:00,-76.8,short,is,,3946.75,3948.25,1,1,71775.0,-28.776978417266186
2023-01-11 11:15:00+00:00,-39.3,short,is,,3947.0,3947.75,1,1,71737.5,-28.814190027288518
2023-01-11 11:23:00+00:00,-51.8,short,is,,3946.75,3947.75,1,7,71687.5,-28.863805507318286
2023-01-11 11:25:00+00:00,-64.3,short,is,,3946.5,3947.75,1,1,71625.0,-28.925824857355497
2023-01-11 11:27:00+00:00,-26.8,short,is,,3947.25,3947.75,1,1,71600.0,-28.95063259737038
2023-01-11 11:31:00+00:00,-64.3,short,is,,3947.0,3948.25,1,3,71537.5,-29.01265194740759
2023-01-11 11:51:00+00:00,35.7,long,is,,3949.0,3949.75,1,19,71575.0,-28.975440337385265
2023-01-11 11:53:00+00:00,-1.8,long,is,,3949.5,3949.5,1,1,71575.0,-28.975440337385265
2023-01-11 11:55:00+00:00,-39.3,long,is,,3950.75,3950.0,1,1,71537.5,-29.01265194740759
2023-01-11 11:57:00+00:00,-76.8,long,is,,3950.25,3948.75,1,1,71462.5,-29.087075167452248
2023-01-11 12:05:00+00:00,-101.8,short,is,,3948.0,3950.0,1,7,71362.5,-29.186306127511784
2023-01-11 12:09:00+00:00,-39.3,long,is,,3949.75,3949.0,1,3,71325.0,-29.22351773753411
2023-01-11 12:11:00+00:00,-26.8,long,is,,3949.25,3948.75,1,1,71300.0,-29.248325477549
2023-01-11 12:29:00+00:00,98.2,short,is,,3947.75,3945.75,1,17,71400.0,-29.149094517489456
2023-01-11 12:31:00+00:00,-39.3,short,is,,3945.25,3946.0,1,1,71362.5,-29.186306127511784
2023-01-11 12:33:00+00:00,-26.8,short,is,,3946.0,3946.5,1,1,71337.5,-29.211113867526667
2023-01-11 12:35:00+00:00,-51.8,short,is,,3947.25,3948.25,1,1,71287.5,-29.260729347556435
2023-01-11 12:46:00+00:00,-89.3,long,is,,3948.75,3947.0,1,10,71200.0,-29.347556437608535
2023-01-11 12:55:00+00:00,-39.3,long,is,,3949.0,3948.25,1,8,71162.5,-29.38476804763086
2023-01-11 12:59:00+00:00,-126.8,short,is,,3946.5,3949.0,1,3,71037.5,-29.508806747705286
2023-01-11 13:29:00+00:00,198.2,long,is,,3949.25,3953.25,1,29,71237.5,-29.310344827586203
2023-01-11 13:31:00+00:00,-39.3,long,is,,3953.75,3953.0,1,1,71200.0,-29.347556437608535
2023-01-11 13:33:00+00:00,-14.3,long,is,,3952.5,3952.25,1,1,71187.5,-29.359960307615978
2023-01-11 13:35:00+00:00,-51.8,long,is,,3952.75,3951.75,1,1,71137.5,-29.409575787645746
2023-01-11 13:37:00+00:00,-14.3,long,is,,3950.75,3950.5,1,1,71125.0,-29.421979657653186
2023-01-11 13:39:00+00:00,-51.8,long,is,,3951.5,3950.5,1,1,71075.0,-29.471595137682954
2023-01-11 13:41:00+00:00,35.7,long,is,,3951.5,3952.25,1,1,71112.5,-29.43438352766063
2023-01-11 14:02:00+00:00,60.7,long,is,,3952.75,3954.0,1,20,71175.0,-29.372364177623417
2023-01-11 14:04:00+00:00,-1.8,long,is,,3954.0,3954.0,1,1,71175.0,-29.372364177623417
2023-01-11 14:06:00+00:00,35.7,long,is,,3953.5,3954.25,1,1,71212.5,-29.335152567601092
2023-01-11 14:08:00+00:00,85.7,long,is,,3952.75,3954.5,1,1,71300.0,-29.248325477549
2023-01-11 14:11:00+00:00,-114.3,long,is,,3957.0,3954.75,1,2,71187.5,-29.359960307615978
2023-01-11 14:13:00+00:00,-39.3,long,is,,3954.75,3954.0,1,1,71150.0,-29.397171917638303
2023-01-11 14:15:00+00:00,-26.8,long,is,,3953.0,3952.5,1,1,71125.0,-29.421979657653186
2023-01-11 14:17:00+00:00,23.2,long,is,,3953.5,3954.0,1,1,71150.0,-29.397171917638303
2023-01-11 14:33:00+00:00,-39.3,long,is,,3955.0,3954.25,1,15,71112.5,-29.43438352766063
2023-01-11 14:54:00+00:00,123.2,long,is,,3955.5,3958.0,1,20,71237.5,-29.310344827586203
2023-01-11 14:56:00+00:00,-1.8,long,is,,3957.75,3957.75,1,1,71237.5,-29.310344827586203
2023-01-11 14:58:00+00:00,-114.3,long,is,,3960.25,3958.0,1,1,71125.0,-29.421979657653186
2023-01-11 15:00:00+00:00,60.7,long,is,,3957.0,3958.25,1,1,71187.5,-29.359960307615978
2023-01-11 15:02:00+00:00,-76.8,long,is,,3957.75,3956.25,1,1,71112.5,-29.43438352766063
2023-01-11 15:04:00+00:00,35.7,long,is,,3956.75,3957.5,1,1,71150.0,-29.397171917638303
2023-01-11 15:07:00+00:00,73.2,long,is,,3958.0,3959.5,1,2,71225.0,-29.32274869759365
2023-01-11 15:17:00+00:00,-164.3,long,is,,3961.25,3958.0,1,9,71062.5,-29.483999007690397
2023-01-11 15:21:00+00:00,-76.8,long,is,,3960.25,3958.75,1,3,70987.5,-29.558422227735054
2023-01-11 15:33:00+00:00,123.2,long,is,,3958.5,3961.0,1,11,71112.5,-29.43438352766063
2023-01-11 15:35:00+00:00,-114.3,long,is,,3960.5,3958.25,1,1,71000.0,-29.54601835772761
2023-01-11 15:48:00+00:00,-114.3,short,is,,3957.25,3959.5,1,12,70887.5,-29.65765318779459
2023-01-11 15:51:00+00:00,-151.8,long,is,,3960.0,3957.0,1,2,70737.5,-29.8064996278839
2023-01-11 16:08:00+00:00,148.2,short,is,,3957.75,3954.75,1,16,70887.5,-29.65765318779459
2023-01-11 16:10:00+00:00,-26.8,short,is,,3953.5,3954.0,1,1,70862.5,-29.68246092780948
2023-01-11 16:12:00+00:00,-51.8,short,is,,3954.75,3955.75,1,1,70812.5,-29.732076407839248
2023-01-11 16:14:00+00:00,-51.8,short,is,,3955.5,3956.5,1,1,70762.5,-29.781691887869016
2023-01-11 16:36:00+00:00,85.7,long,is,,3958.75,3960.5,1,21,70850.0,-29.694864797816916
2023-01-11 16:38:00+00:00,23.2,long,is,,3959.0,3959.5,1,1,70875.0,-29.670057057802033
2023-01-11 16:40:00+00:00,-1.8,long,is,,3960.0,3960.0,1,1,70875.0,-29.670057057802033
2023-01-11 16:44:00+00:00,-14.3,long,is,,3961.0,3960.75,1,3,70862.5,-29.68246092780948
2023-01-11 16:59:00+00:00,-14.3,long,is,,3962.75,3962.5,1,14,70850.0,-29.694864797816916
2023-01-11 17:32:00+00:00,273.2,long,is,,3962.75,3968.25,1,32,71125.0,-29.421979657653186
2023-01-11 17:34:00+00:00,-39.3,long,is,,3967.0,3966.25,1,1,71087.5,-29.459191267675518
2023-01-11 17:36:00+00:00,-39.3,long,is,,3966.25,3965.5,1,1,71050.0,-29.496402877697843
2023-01-11 17:38:00+00:00,35.7,long,is,,3965.5,3966.25,1,1,71087.5,-29.459191267675518
2023-01-11 17:40:00+00:00,10.7,long,is,,3966.0,3966.25,1,1,71100.0,-29.44678739766807
2023-01-11 17:42:00+00:00,23.2,long,is,,3966.5,3967.0,1,1,71125.0,-29.421979657653186
2023-01-11 17:44:00+00:00,-51.8,long,is,,3966.75,3965.75,1,1,71075.0,-29.471595137682954
2023-01-11 17:46:00+00:00,10.7,long,is,,3966.0,3966.25,1,1,71087.5,-29.459191267675518
2023-01-11 17:57:00+00:00,-26.8,long,is,,3967.25,3966.75,1,10,71062.5,-29.483999007690397
2023-01-11 18:00:00+00:00,35.7,long,is,,3966.25,3967.0,1,2,71100.0,-29.44678739766807
2023-01-11 18:17:00+00:00,10.7,long,is,,3967.75,3968.0,1,16,71112.5,-29.43438352766063
2023-01-11 18:19:00+00:00,-1.8,long,is,,3969.25,3969.25,1,1,71112.5,-29.43438352766063
2023-01-11 18:21:00+00:00,-26.8,long,is,,3968.5,3968.0,1,1,71087.5,-29.459191267675518
2023-01-11 18:23:00+00:00,23.2,long,is,,3968.0,3968.5,1,1,71112.5,-29.43438352766063
2023-01-11 18:25:00+00:00,110.7,long,is,,3968.25,3970.5,1,1,71225.0,-29.32274869759365
2023-01-11 18:27:00+00:00,-14.3,long,is,,3970.5,3970.25,1,1,71212.5,-29.335152567601092
2023-01-11 18:46:00+00:00,98.2,long,is,,3971.25,3973.25,1,18,71312.5,-29.235921607541552
2023-01-11 18:48:00+00:00,-14.3,long,is,,3974.25,3974.0,1,1,71300.0,-29.248325477549
2023-01-11 18:50:00+00:00,-26.8,long,is,,3974.25,3973.75,1,1,71275.0,-29.273133217563878
2023-01-11 18:52:00+00:00,-89.3,long,is,,3972.75,3971.0,1,1,71187.5,-29.359960307615978
2023-01-11 18:54:00+00:00,-51.8,long,is,,3970.5,3969.5,1,1,71137.5,-29.409575787645746
2023-01-11 19:11:00+00:00,-64.3,short,is,,3969.25,3970.5,1,16,71075.0,-29.471595137682954
2023-01-11 19:15:00+00:00,-64.3,long,is,,3971.0,3969.75,1,3,71012.5,-29.53361448772017
2023-01-11 19:17:00+00:00,-64.3,short,is,,3970.0,3971.25,1,1,70950.0,-29.59563383775738
2023-01-11 19:51:00+00:00,285.7,long,is,,3971.5,3977.25,1,33,71237.5,-29.310344827586203
2023-01-11 19:53:00+00:00,-39.3,long,is,,3977.5,3976.75,1,1,71200.0,-29.347556437608535
2023-01-11 19:55:00+00:00,-14.3,long,is,,3977.5,3977.25,1,1,71187.5,-29.359960307615978
2023-01-11 19:57:00+00:00,-26.8,long,is,,3977.0,3976.5,1,1,71162.5,-29.38476804763086
2023-01-11 19:59:00+00:00,-1.8,long,is,,3977.25,3977.25,1,1,71162.5,-29.38476804763086
2023-01-11 20:27:00+00:00,148.2,long,is,,3978.25,3981.25,1,27,71312.5,-29.235921607541552
2023-01-11 20:29:00+00:00,35.7,long,is,,3980.5,3981.25,1,1,71350.0,-29.198709997519224
2023-01-11 20:31:00+00:00,-76.8,long,is,,3981.0,3979.5,1,1,71275.0,-29.273133217563878
2023-01-11 20:33:00+00:00,-39.3,long,is,,3979.75,3979.0,1,1,71237.5,-29.310344827586203
2023-01-11 20:35:00+00:00,-26.8,long,is,,3978.75,3978.25,1,1,71212.5,-29.335152567601092
2023-01-11 20:37:00+00:00,10.7,long,is,,3978.5,3978.75,1,1,71225.0,-29.32274869759365
2023-01-11 20:39:00+00:00,-64.3,long,is,,3978.5,3977.25,1,1,71162.5,-29.38476804763086
2023-01-11 20:41:00+00:00,-14.3,long,is,,3977.25,3977.0,1,1,71150.0,-29.397171917638303
2023-01-11 20:43:00+00:00,23.2,long,is,,3978.0,3978.5,1,1,71175.0,-29.372364177623417
2023-01-11 21:16:00+00:00,460.7,long,is,,3979.25,3988.5,1,32,71637.5,-28.913420987348054
2023-01-11 21:18:00+00:00,-26.8,long,is,,3989.25,3988.75,1,1,71612.5,-28.938228727362937
2023-01-11 21:20:00+00:00,-14.3,long,is,,3989.25,3989.0,1,1,71600.0,-28.95063259737038
2023-01-11 21:22:00+00:00,-14.3,long,is,,3989.0,3988.75,1,1,71587.5,-28.963036467377822
2023-01-11 21:24:00+00:00,-26.8,long,is,,3989.25,3988.75,1,1,71562.5,-28.987844207392705
2023-01-11 21:26:00+00:00,-26.8,long,is,,3989.25,3988.75,1,1,71537.5,-29.01265194740759
2023-01-11 23:02:00+00:00,60.7,long,is,,3989.25,3990.5,1,35,71600.0,-28.95063259737038
2023-01-11 23:04:00+00:00,-51.8,long,is,,3990.5,3989.5,1,1,71550.0,-29.000248077400148
2023-01-11 23:06:00+00:00,-51.8,long,is,,3990.25,3989.25,1,1,71500.0,-29.049863557429916
2023-01-11 23:08:00+00:00,-14.3,long,is,,3990.0,3989.75,1,1,71487.5,-29.062267427437362
2023-01-11 23:10:00+00:00,-14.3,long,is,,3990.5,3990.25,1,1,71475.0,-29.074671297444805
2023-01-11 23:12:00+00:00,-51.8,long,is,,3990.25,3989.25,1,1,71425.0,-29.124286777474573
2023-01-11 23:15:00+00:00,-39.3,long,is,,3990.25,3989.5,1,2,71387.5,-29.1614983874969
2023-01-11 23:17:00+00:00,-1.8,long,is,,3989.25,3989.25,1,1,71387.5,-29.1614983874969
2023-01-11 23:19:00+00:00,-26.8,long,is,,3989.75,3989.25,1,1,71362.5,-29.186306127511784
2023-01-11 23:21:00+00:00,-51.8,long,is,,3990.0,3989.0,1,1,71312.5,-29.235921607541552
2023-01-11 23:23:00+00:00,-26.8,long,is,,3989.5,3989.0,1,1,71287.5,-29.260729347556435
2023-01-11 23:25:00+00:00,-39.3,long,is,,3989.5,3988.75,1,1,71250.0,-29.297940957578767
2023-01-11 23:27:00+00:00,-26.8,long,is,,3989.5,3989.0,1,1,71225.0,-29.32274869759365
2023-01-11 23:30:00+00:00,-39.3,short,is,,3989.25,3990.0,1,2,71187.5,-29.359960307615978
2023-01-11 23:37:00+00:00,-76.8,short,is,,3988.25,3989.75,1,6,71112.5,-29.43438352766063
2023-01-11 23:39:00+00:00,-14.3,short,is,,3989.25,3989.5,1,1,71100.0,-29.44678739766807
2023-01-11 23:41:00+00:00,-39.3,short,is,,3988.75,3989.5,1,1,71062.5,-29.483999007690397
2023-01-11 23:43:00+00:00,-26.8,short,is,,3989.25,3989.75,1,1,71037.5,-29.508806747705286
2023-01-12 00:01:00+00:00,-2.5,short,is,,3989.0,3989.0,1,17,71037.5,-29.508806747705286
2023-01-12 00:18:00+00:00,-2.5,short,is,,3987.5,3987.5,1,16,71037.5,-29.508806747705286
2023-01-12 00:24:00+00:00,-27.5,short,is,,3986.75,3987.25,1,5,71012.5,-29.53361448772017
2023-01-12 00:26:00+00:00,-15.0,short,is,,3987.0,3987.25,1,1,71000.0,-29.54601835772761
2023-01-12 00:28:00+00:00,-52.5,short,is,,3987.25,3988.25,1,1,70950.0,-29.59563383775738
2023-01-12 00:30:00+00:00,-40.0,short,is,,3987.0,3987.75,1,1,70912.5,-29.632845447779708
2023-01-12 00:33:00+00:00,-40.0,short,is,,3987.0,3987.75,1,2,70875.0,-29.670057057802033
2023-01-12 00:35:00+00:00,-15.0,short,is,,3987.25,3987.5,1,1,70862.5,-29.68246092780948
2023-01-12 00:46:00+00:00,-27.5,short,is,,3986.75,3987.25,1,10,70837.5,-29.70726866782436
2023-01-12 00:48:00+00:00,-15.0,short,is,,3987.25,3987.5,1,1,70825.0,-29.719672537831805
2023-01-12 00:54:00+00:00,-40.0,short,is,,3986.5,3987.25,1,5,70787.5,-29.75688414785413
2023-01-12 00:56:00+00:00,-15.0,short,is,,3987.25,3987.5,1,1,70775.0,-29.769288017861573
2023-01-12 00:58:00+00:00,-2.5,short,is,,3987.25,3987.25,1,1,70775.0,-29.769288017861573
2023-01-12 01:29:00+00:00,60.7,long,is,,3988.25,3989.5,1,30,70837.5,-29.70726866782436
2023-01-12 01:31:00+00:00,-14.3,long,is,,3989.75,3989.5,1,1,70825.0,-29.719672537831805
2023-01-12 01:33:00+00:00,-14.3,long,is,,3989.75,3989.5,1,1,70812.5,-29.732076407839248
2023-01-12 01:35:00+00:00,-39.3,long,is,,3989.75,3989.0,1,1,70775.0,-29.769288017861573
2023-01-12 01:37:00+00:00,-39.3,long,is,,3989.75,3989.0,1,1,70737.5,-29.8064996278839
2023-01-12 01:39:00+00:00,-14.3,long,is,,3989.5,3989.25,1,1,70725.0,-29.81890349789134
2023-01-12 01:41:00+00:00,-51.8,long,is,,3989.25,3988.25,1,1,70675.0,-29.86851897792111
2023-01-12 01:43:00+00:00,-26.8,long,is,,3988.5,3988.0,1,1,70650.0,-29.893326717936
2023-01-12 01:45:00+00:00,-39.3,long,is,,3988.75,3988.0,1,1,70612.5,-29.930538327958324
2023-01-12 01:47:00+00:00,-26.8,long,is,,3988.75,3988.25,1,1,70587.5,-29.95534606797321
2023-01-12 01:49:00+00:00,-14.3,long,is,,3988.5,3988.25,1,1,70575.0,-29.96774993798065
2023-01-12 01:51:00+00:00,-26.8,long,is,,3989.0,3988.5,1,1,70550.0,-29.992557677995535
2023-01-12 02:07:00+00:00,-1.8,long,is,,3989.5,3989.5,1,15,70550.0,-29.992557677995535
2023-01-12 02:13:00+00:00,-64.3,long,is,,3990.25,3989.0,1,5,70487.5,-30.054577028032746
2023-01-12 02:15:00+00:00,-39.3,long,is,,3989.75,3989.0,1,1,70450.0,-30.09178863805507
2023-01-12 02:35:00+00:00,-26.8,short,is,,3988.25,3988.75,1,19,70425.0,-30.11659637806996
2023-01-12 02:40:00+00:00,-26.8,short,is,,3988.0,3988.5,1,4,70400.0,-30.141404118084843
2023-01-12 02:42:00+00:00,-26.8,short,is,,3988.5,3989.0,1,1,70375.0,-30.16621185809973
2023-01-12 02:46:00+00:00,-39.3,short,is,,3988.25,3989.0,1,3,70337.5,-30.203423468122054
2023-01-12 02:48:00+00:00,-14.3,short,is,,3988.25,3988.5,1,1,70325.0,-30.215827338129497
2023-01-12 02:52:00+00:00,-26.8,short,is,,3988.25,3988.75,1,3,70300.0,-30.24063507814438
2023-01-12 02:56:00+00:00,-64.3,short,is,,3987.75,3989.0,1,3,70237.5,-30.30265442818159
2023-01-12 02:58:00+00:00,-39.3,short,is,,3988.25,3989.0,1,1,70200.0,-30.339866038203922
2023-01-12 03:00:00+00:00,-39.3,short,is,,3988.25,3989.0,1,1,70162.5,-30.377077648226248
2023-01-12 03:13:00+00:00,-64.3,long,is,,3989.5,3988.25,1,12,70100.0,-30.43909699826346
2023-01-12 03:25:00+00:00,-51.8,short,is,,3988.25,3989.25,1,11,70050.0,-30.488712478293227
2023-01-12 03:38:00+00:00,-64.3,long,is,,3989.75,3988.5,1,12,69987.5,-30.55073182833044
2023-01-12 03:40:00+00:00,-39.3,short,is,,3988.75,3989.5,1,1,69950.0,-30.587943438352767
2023-01-12 03:43:00+00:00,-51.8,long,is,,3989.75,3988.75,1,2,69900.0,-30.637558918382535
2023-01-12 03:45:00+00:00,-14.3,long,is,,3989.25,3989.0,1,1,69887.5,-30.649962788389978
2023-01-12 03:47:00+00:00,-26.8,long,is,,3989.25,3988.75,1,1,69862.5,-30.67477052840486
2023-01-12 03:49:00+00:00,-26.8,long,is,,3989.5,3989.0,1,1,69837.5,-30.699578268419746
2023-01-12 03:51:00+00:00,-26.8,long,is,,3989.25,3988.75,1,1,69812.5,-30.724386008434635
2023-01-12 03:54:00+00:00,-39.3,long,is,,3989.75,3989.0,1,2,69775.0,-30.76159761845696
2023-01-12 03:56:00+00:00,-39.3,long,is,,3989.25,3988.5,1,1,69737.5,-30.798809228479286
2023-01-12 03:58:00+00:00,-14.3,long,is,,3989.0,3988.75,1,1,69725.0,-30.81121309848673
2023-01-12 04:45:00+00:00,85.7,long,is,,3989.25,3991.0,1,46,69812.5,-30.724386008434635
2023-01-12 04:47:00+00:00,-26.8,long,is,,3991.25,3990.75,1,1,69787.5,-30.749193748449517
2023-01-12 04:49:00+00:00,-39.3,long,is,,3991.5,3990.75,1,1,69750.0,-30.786405358471843
2023-01-12 04:51:00+00:00,-39.3,long,is,,3991.5,3990.75,1,1,69712.5,-30.82361696849417
2023-01-12 05:24:00+00:00,73.2,long,is,,3992.0,3993.5,1,32,69787.5,-30.749193748449517
2023-01-12 05:28:00+00:00,-51.8,long,is,,3994.25,3993.25,1,3,69737.5,-30.798809228479286
2023-01-12 05:41:00+00:00,-26.8,long,is,,3994.5,3994.0,1,12,69712.5,-30.82361696849417
2023-01-12 05:44:00+00:00,-39.3,long,is,,3994.75,3994.0,1,2,69675.0,-30.860828578516497
2023-01-12 05:49:00+00:00,-1.8,long,is,,3994.5,3994.5,1,4,69675.0,-30.860828578516497
2023-01-12 05:56:00+00:00,-51.8,long,is,,3995.5,3994.5,1,6,69625.0,-30.910444058546265
2023-01-12 05:58:00+00:00,-76.8,long,is,,3994.75,3993.25,1,1,69550.0,-30.984867278590922
2023-01-12 06:00:00+00:00,-14.3,long,is,,3993.5,3993.25,1,1,69537.5,-30.997271148598365
2023-01-12 06:02:00+00:00,-39.3,long,is,,3994.25,3993.5,1,1,69500.0,-31.03448275862069
2023-01-12 06:04:00+00:00,-51.8,long,is,,3994.0,3993.0,1,1,69450.0,-31.08409823865046
2023-01-12 06:06:00+00:00,-1.8,long,is,,3994.0,3994.0,1,1,69450.0,-31.08409823865046
2023-01-12 06:08:00+00:00,-76.8,long,is,,3994.0,3992.5,1,1,69375.0,-31.158521458695116
2023-01-12 06:35:00+00:00,23.2,short,is,,3992.5,3992.0,1,26,69400.0,-31.133713718680227
2023-01-12 06:37:00+00:00,-39.3,short,is,,3991.25,3992.0,1,1,69362.5,-31.170925328702552
2023-01-12 07:17:00+00:00,135.7,short,is,,3991.0,3988.25,1,39,69500.0,-31.03448275862069
2023-01-12 07:19:00+00:00,-39.3,short,is,,3987.75,3988.5,1,1,69462.5,-31.071694368643016
2023-01-12 07:21:00+00:00,-64.3,short,is,,3988.25,3989.5,1,1,69400.0,-31.133713718680227
2023-01-12 07:23:00+00:00,-26.8,short,is,,3988.75,3989.25,1,1,69375.0,-31.158521458695116
2023-01-12 07:25:00+00:00,-14.3,short,is,,3988.75,3989.0,1,1,69362.5,-31.170925328702552
2023-01-12 07:27:00+00:00,-26.8,short,is,,3988.25,3988.75,1,1,69337.5,-31.19573306871744
2023-01-12 07:43:00+00:00,10.7,short,is,,3988.25,3988.0,1,15,69350.0,-31.18332919871
2023-01-12 07:45:00+00:00,-26.8,short,is,,3988.0,3988.5,1,1,69325.0,-31.208136938724884
2023-01-12 07:47:00+00:00,-39.3,short,is,,3987.75,3988.5,1,1,69287.5,-31.24534854874721
2023-01-12 07:50:00+00:00,-26.8,short,is,,3987.0,3987.5,1,2,69262.5,-31.270156288762095
2023-01-12 07:55:00+00:00,-26.8,short,is,,3987.25,3987.75,1,4,69237.5,-31.294964028776977
2023-01-12 07:57:00+00:00,-26.8,short,is,,3987.75,3988.25,1,1,69212.5,-31.319771768791867
2023-01-12 07:59:00+00:00,-14.3,short,is,,3988.25,3988.5,1,1,69200.0,-31.332175638799303
2023-01-12 08:01:00+00:00,-39.3,short,is,,3987.75,3988.5,1,1,69162.5,-31.369387248821635
2023-01-12 08:03:00+00:00,-51.8,short,is,,3987.25,3988.25,1,1,69112.5,-31.419002728851403
2023-01-12 08:06:00+00:00,-64.3,short,is,,3987.5,3988.75,1,2,69050.0,-31.481022078888614
2023-01-12 08:12:00+00:00,-1.8,short,is,,3988.0,3988.0,1,5,69050.0,-31.481022078888614
2023-01-12 08:19:00+00:00,-89.3,short,is,,3986.25,3988.0,1,6,68962.5,-31.56784916894071
2023-01-12 08:32:00+00:00,-64.3,long,is,,3988.5,3987.25,1,12,68900.0,-31.629868518977922
2023-01-12 08:47:00+00:00,-64.3,short,is,,3986.5,3987.75,1,14,68837.5,-31.691887869015133
2023-01-12 08:49:00+00:00,-51.8,short,is,,3987.25,3988.25,1,1,68787.5,-31.7415033490449
2023-01-12 09:02:00+00:00,-64.3,long,is,,3988.0,3986.75,1,12,68725.0,-31.803522699082116
2023-01-12 09:08:00+00:00,-51.8,long,is,,3988.5,3987.5,1,5,68675.0,-31.853138179111884
2023-01-12 09:13:00+00:00,-64.3,long,is,,3988.5,3987.25,1,4,68612.5,-31.915157529149095
2023-01-12 09:28:00+00:00,23.2,long,is,,3988.5,3989.0,1,14,68637.5,-31.89034978913421
2023-01-12 09:30:00+00:00,-14.3,long,is,,3989.0,3988.75,1,1,68625.0,-31.902753659141652
2023-01-12 09:32:00+00:00,-26.8,long,is,,3989.25,3988.75,1,1,68600.0,-31.927561399156534
2023-01-12 09:38:00+00:00,-51.8,long,is,,3990.0,3989.0,1,5,68550.0,-31.97717687918631
2023-01-12 09:54:00+00:00,-26.8,long,is,,3990.25,3989.75,1,15,68525.0,-32.00198461920119
2023-01-12 09:56:00+00:00,-26.8,long,is,,3990.25,3989.75,1,1,68500.0,-32.026792359216074
2023-01-12 10:00:00+00:00,-51.8,long,is,,3991.25,3990.25,1,3,68450.0,-32.076407839245846
2023-01-12 10:02:00+00:00,-26.8,long,is,,3989.25,3988.75,1,1,68425.0,-32.101215579260725
2023-01-12 10:04:00+00:00,-39.3,long,is,,3989.25,3988.5,1,1,68387.5,-32.13842718928306
2023-01-12 10:24:00+00:00,35.7,short,is,,3988.5,3987.75,1,19,68425.0,-32.101215579260725
2023-01-12 10:26:00+00:00,10.7,short,is,,3987.25,3987.0,1,1,68437.5,-32.088811709253285
2023-01-12 10:29:00+00:00,-101.8,short,is,,3985.5,3987.5,1,2,68337.5,-32.18804266931283
2023-01-12 10:31:00+00:00,-39.3,short,is,,3986.25,3987.0,1,1,68300.0,-32.225254279335154
2023-01-12 10:36:00+00:00,-64.3,short,is,,3986.25,3987.5,1,4,68237.5,-32.287273629372365
2023-01-12 10:38:00+00:00,-1.8,short,is,,3987.75,3987.75,1,1,68237.5,-32.287273629372365
2023-01-12 10:40:00+00:00,-1.8,short,is,,3986.75,3986.75,1,1,68237.5,-32.287273629372365
2023-01-12 10:42:00+00:00,-26.8,short,is,,3987.0,3987.5,1,1,68212.5,-32.31208136938724
2023-01-12 10:44:00+00:00,-14.3,short,is,,3987.75,3988.0,1,1,68200.0,-32.32448523939469
2023-01-12 10:46:00+00:00,-26.8,short,is,,3988.0,3988.5,1,1,68175.0,-32.349292979409576
2023-01-12 10:48:00+00:00,-64.3,short,is,,3988.25,3989.5,1,1,68112.5,-32.41131232944679
2023-01-12 11:06:00+00:00,-1.8,long,is,,3989.25,3989.25,1,17,68112.5,-32.41131232944679
2023-01-12 11:08:00+00:00,-14.3,long,is,,3989.5,3989.25,1,1,68100.0,-32.423716199454226
2023-01-12 11:11:00+00:00,-89.3,long,is,,3990.5,3988.75,1,2,68012.5,-32.51054328950633
2023-01-12 11:13:00+00:00,-51.8,long,is,,3989.25,3988.25,1,1,67962.5,-32.560158769536095
2023-01-12 11:16:00+00:00,-89.3,short,is,,3988.25,3990.0,1,2,67875.0,-32.64698585958819
2023-01-12 11:40:00+00:00,23.2,long,is,,3990.0,3990.5,1,23,67900.0,-32.622178119573306
2023-01-12 11:45:00+00:00,-64.3,long,is,,3991.75,3990.5,1,4,67837.5,-32.684197469610524
2023-01-12 11:47:00+00:00,-39.3,long,is,,3991.25,3990.5,1,1,67800.0,-32.72140907963285
2023-01-12 11:49:00+00:00,-14.3,long,is,,3991.0,3990.75,1,1,67787.5,-32.73381294964029
2023-01-12 11:51:00+00:00,-26.8,long,is,,3991.5,3991.0,1,1,67762.5,-32.758620689655174
2023-01-12 11:53:00+00:00,-26.8,long,is,,3991.5,3991.0,1,1,67737.5,-32.78342842967006
2023-01-12 11:55:00+00:00,-39.3,long,is,,3991.5,3990.75,1,1,67700.0,-32.820640039692385
2023-01-12 11:57:00+00:00,-14.3,long,is,,3990.75,3990.5,1,1,67687.5,-32.833043909699825
2023-01-12 11:59:00+00:00,-1.8,long,is,,3990.75,3990.75,1,1,67687.5,-32.833043909699825
2023-01-12 12:29:00+00:00,160.7,long,is,,3990.75,3994.0,1,29,67850.0,-32.67179359960308
2023-01-12 12:31:00+00:00,-14.3,long,is,,3993.75,3993.5,1,1,67837.5,-32.684197469610524
2023-01-12 12:36:00+00:00,-39.3,long,is,,3994.75,3994.0,1,4,67800.0,-32.72140907963285
2023-01-12 13:13:00+00:00,310.7,long,is,,3994.5,4000.75,1,36,68112.5,-32.41131232944679
2023-01-12 13:30:00+00:00,-1351.8,long,is,,4001.5,3974.5,1,16,66762.5,-33.75093029025056
2023-01-12 13:36:00+00:00,-1714.3,short,is,,3967.25,4001.5,1,5,65050.0,-35.450260481270156
2023-01-12 13:38:00+00:00,-426.8,long,is,,4002.0,3993.5,1,1,64625.0,-35.871992061523194
2023-01-12 13:49:00+00:00,273.2,short,is,,3994.5,3989.0,1,10,64900.0,-35.599106921359464
2023-01-12 13:51:00+00:00,-126.8,short,is,,3993.75,3996.25,1,1,64775.0,-35.723145621433886
2023-01-12 13:53:00+00:00,-201.8,short,is,,3994.25,3998.25,1,1,64575.0,-35.921607541552966
2023-01-12 14:10:00+00:00,135.7,long,is,,4004.25,4007.0,1,16,64712.5,-35.7851649714711
2023-01-12 14:12:00+00:00,73.2,long,is,,4002.25,4003.75,1,1,64787.5,-35.71074175142645
2023-01-12 14:14:00+00:00,-164.3,long,is,,4003.5,4000.25,1,1,64625.0,-35.871992061523194
2023-01-12 14:25:00+00:00,-289.3,short,is,,3995.5,4001.25,1,10,64337.5,-36.15728107169437
2023-01-12 14:32:00+00:00,-239.3,long,is,,4000.5,3995.75,1,6,64100.0,-36.392954601835775
2023-01-12 14:58:00+00:00,973.2,short,is,,3988.25,3968.75,1,25,65075.0,-35.42545274125527
2023-01-12 15:00:00+00:00,60.7,short,is,,3971.75,3970.5,1,1,65137.5,-35.36343339121806
2023-01-12 15:02:00+00:00,-126.8,short,is,,3975.25,3977.75,1,1,65012.5,-35.48747209129248
2023-01-12 15:04:00+00:00,98.2,short,is,,3977.5,3975.5,1,1,65112.5,-35.388241131232945
2023-01-12 15:06:00+00:00,35.7,short,is,,3980.25,3979.5,1,1,65150.0,-35.35102952121062
2023-01-12 15:08:00+00:00,298.2,short,is,,3983.25,3977.25,1,1,65450.0,-35.053336641032004
2023-01-12 15:10:00+00:00,-201.8,short,is,,3974.0,3978.0,1,1,65250.0,-35.25179856115108
2023-01-12 15:12:00+00:00,-364.3,short,is,,3982.75,3990.0,1,1,64887.5,-35.61151079136691
2023-01-12 15:28:00+00:00,-314.3,long,is,,4000.0,3993.75,1,15,64575.0,-35.921607541552966
2023-01-12 15:30:00+00:00,23.2,long,is,,3992.0,3992.5,1,1,64600.0,-35.89679980153808
2023-01-12 15:36:00+00:00,-414.3,short,is,,3990.5,3998.75,1,5,64187.5,-36.30612751178368
2023-01-12 15:43:00+00:00,-201.8,long,is,,3999.5,3995.5,1,6,63987.5,-36.50458943190276
2023-01-12 15:45:00+00:00,-251.8,long,is,,3991.25,3986.25,1,1,63737.5,-36.7526668320516
2023-01-12 15:54:00+00:00,-514.3,short,is,,3983.25,3993.5,1,8,63225.0,-37.26122550235674
2023-01-12 16:00:00+00:00,-201.8,long,is,,3992.0,3988.0,1,5,63025.0,-37.45968742247581
2023-01-12 16:07:00+00:00,-314.3,short,is,,3982.25,3988.5,1,6,62712.5,-37.76978417266187
2023-01-12 16:09:00+00:00,-14.3,long,is,,3985.75,3985.5,1,1,62700.0,-37.78218804266931
2023-01-12 16:11:00+00:00,23.2,long,is,,3987.25,3987.75,1,1,62725.0,-37.75738030265443
2023-01-12 16:13:00+00:00,-89.3,long,is,,3987.25,3985.5,1,1,62637.5,-37.84420739270652
2023-01-12 16:26:00+00:00,48.2,long,is,,3989.25,3990.25,1,12,62687.5,-37.79459191267676
2023-01-12 16:28:00+00:00,148.2,long,is,,3987.5,3990.5,1,1,62837.5,-37.64574547258745
2023-01-12 16:30:00+00:00,-139.3,long,is,,3993.25,3990.5,1,1,62700.0,-37.78218804266931
2023-01-12 16:32:00+00:00,-114.3,long,is,,3990.0,3987.75,1,1,62587.5,-37.893822872736294
2023-01-12 16:39:00+00:00,-176.8,short,is,,3986.25,3989.75,1,6,62412.5,-38.06747705284049
2023-01-12 16:41:00+00:00,-89.3,short,is,,3988.25,3990.0,1,1,62325.0,-38.154304142892585
2023-01-12 16:43:00+00:00,-76.8,short,is,,3989.25,3990.75,1,1,62250.0,-38.228727362937235
2023-01-12 16:55:00+00:00,-164.3,long,is,,3993.5,3990.25,1,11,62087.5,-38.38997767303399
2023-01-12 17:41:00+00:00,910.7,long,is,,3992.0,4010.25,1,45,63000.0,-37.4844951624907
2023-01-12 17:43:00+00:00,-26.8,long,is,,4010.25,4009.75,1,1,62975.0,-37.50930290250558
2023-01-12 17:45:00+00:00,10.7,long,is,,4009.0,4009.25,1,1,62987.5,-37.496899032498135
2023-01-12 17:50:00+00:00,-64.3,long,is,,4011.75,4010.5,1,4,62925.0,-37.55891838253535
2023-01-12 17:59:00+00:00,-89.3,long,is,,4013.5,4011.75,1,8,62837.5,-37.64574547258745
2023-01-12 18:02:00+00:00,-64.3,long,is,,4011.0,4009.75,1,2,62775.0,-37.707764822624654
2023-01-12 18:11:00+00:00,-76.8,long,is,,4014.0,4012.5,1,8,62700.0,-37.78218804266931
2023-01-12 18:13:00+00:00,-1.8,long,is,,4011.25,4011.25,1,1,62700.0,-37.78218804266931
2023-01-12 18:23:00+00:00,-51.8,long,is,,4014.5,4013.5,1,9,62650.0,-37.83180352269908
2023-01-12 18:25:00+00:00,-51.8,long,is,,4014.0,4013.0,1,1,62600.0,-37.88141900272885
2023-01-12 18:27:00+00:00,-176.8,long,is,,4008.0,4004.5,1,1,62425.0,-38.05507318283304
2023-01-12 18:38:00+00:00,-301.8,short,is,,3999.0,4005.0,1,10,62125.0,-38.352766063011664
2023-01-12 18:40:00+00:00,-1.8,short,is,,4004.25,4004.25,1,1,62125.0,-38.352766063011664
2023-01-12 18:42:00+00:00,-14.3,short,is,,4005.25,4005.5,1,1,62112.5,-38.3651699330191
2023-01-12 18:44:00+00:00,-39.3,short,is,,4005.75,4006.5,1,1,62075.0,-38.40238154304143
2023-01-12 18:46:00+00:00,-14.3,short,is,,4006.25,4006.5,1,1,62062.5,-38.41478541304887
2023-01-12 19:05:00+00:00,135.7,long,is,,4009.5,4012.25,1,18,62200.0,-38.27834284296701
2023-01-12 19:07:00+00:00,23.2,long,is,,4012.5,4013.0,1,1,62225.0,-38.25353510295212
2023-01-12 19:09:00+00:00,110.7,long,is,,4011.75,4014.0,1,1,62337.5,-38.14190027288514
2023-01-12 19:19:00+00:00,-151.8,short,is,,4010.5,4013.5,1,9,62187.5,-38.290746712974446
2023-01-12 19:22:00+00:00,-64.3,long,is,,4012.75,4011.5,1,2,62125.0,-38.352766063011664
2023-01-12 19:38:00+00:00,-101.8,short,is,,4007.75,4009.75,1,15,62025.0,-38.4519970230712
2023-01-12 19:50:00+00:00,-76.8,long,is,,4011.5,4010.0,1,11,61950.0,-38.52642024311585
2023-01-12 20:04:00+00:00,-14.3,short,is,,4008.5,4008.75,1,13,61937.5,-38.53882411312329
2023-01-12 20:25:00+00:00,273.2,short,is,,4006.75,4001.25,1,20,62212.5,-38.26593897295956
2023-01-12 20:27:00+00:00,-64.3,short,is,,4001.25,4002.5,1,1,62150.0,-38.32795832299677
2023-01-12 20:29:00+00:00,123.2,short,is,,4003.0,4000.5,1,1,62275.0,-38.20391962292235
2023-01-12 20:31:00+00:00,-26.8,short,is,,4000.25,4000.75,1,1,62250.0,-38.228727362937235
2023-01-12 20:33:00+00:00,10.7,short,is,,4002.75,4002.5,1,1,62262.5,-38.216323492929796
2023-01-12 20:35:00+00:00,-1.8,short,is,,4002.75,4002.75,1,1,62262.5,-38.216323492929796
2023-01-12 20:41:00+00:00,-26.8,short,is,,4001.0,4001.5,1,5,62237.5,-38.24113123294468
2023-01-12 20:52:00+00:00,123.2,short,is,,4002.25,3999.75,1,10,62362.5,-38.11709253287026
2023-01-12 20:54:00+00:00,-64.3,short,is,,3997.5,3998.75,1,1,62300.0,-38.17911188290747
2023-01-12 20:56:00+00:00,-114.3,short,is,,3998.75,4001.0,1,1,62187.5,-38.290746712974446
2023-01-12 20:58:00+00:00,-101.8,short,is,,4001.5,4003.5,1,1,62087.5,-38.38997767303399
2023-01-12 21:00:00+00:00,35.7,short,is,,4003.5,4002.75,1,1,62125.0,-38.352766063011664
2023-01-12 21:02:00+00:00,-1.8,short,is,,4002.75,4002.75,1,1,62125.0,-38.352766063011664
2023-01-12 21:04:00+00:00,-1.8,short,is,,4001.75,4001.75,1,1,62125.0,-38.352766063011664
2023-01-12 21:06:00+00:00,-26.8,short,is,,4001.75,4002.25,1,1,62100.0,-38.37757380302654
2023-01-12 21:23:00+00:00,-51.8,long,is,,4004.0,4003.0,1,16,62050.0,-38.427189283056315
2023-01-12 21:26:00+00:00,10.7,long,is,,4003.5,4003.75,1,2,62062.5,-38.41478541304887
2023-01-12 21:28:00+00:00,-1.8,long,is,,4003.25,4003.25,1,1,62062.5,-38.41478541304887
2023-01-12 21:30:00+00:00,-26.8,long,is,,4003.75,4003.25,1,1,62037.5,-38.439593153063754
2023-01-12 21:32:00+00:00,-39.3,long,is,,4003.75,4003.0,1,1,62000.0,-38.47680476308608
2023-01-12 21:34:00+00:00,-14.3,long,is,,4003.25,4003.0,1,1,61987.5,-38.489208633093526
2023-01-12 21:36:00+00:00,-14.3,long,is,,4003.0,4002.75,1,1,61975.0,-38.501612503100965
2023-01-12 21:38:00+00:00,-39.3,long,is,,4003.5,4002.75,1,1,61937.5,-38.53882411312329
2023-01-12 21:44:00+00:00,-64.3,long,is,,4004.0,4002.75,1,5,61875.0,-38.60084346316051
2023-01-12 21:46:00+00:00,-39.3,long,is,,4003.0,4002.25,1,1,61837.5,-38.638055073182834
2023-01-12 21:48:00+00:00,-26.8,long,is,,4003.0,4002.5,1,1,61812.5,-38.66286281319772
2023-01-12 21:50:00+00:00,-26.8,long,is,,4003.0,4002.5,1,1,61787.5,-38.6876705532126
2023-01-12 21:52:00+00:00,-26.8,long,is,,4003.0,4002.5,1,1,61762.5,-38.712478293227484
2023-01-12 21:54:00+00:00,-51.8,long,is,,4003.5,4002.5,1,1,61712.5,-38.762093773257256
2023-01-12 21:56:00+00:00,-39.3,long,is,,4002.75,4002.0,1,1,61675.0,-38.79930538327958
2023-01-12 21:58:00+00:00,-1.8,long,is,,4002.5,4002.5,1,1,61675.0,-38.79930538327958
2023-01-12 23:00:00+00:00,-1.8,long,is,,4002.75,4002.75,1,1,61675.0,-38.79930538327958
2023-01-12 23:02:00+00:00,-51.8,long,is,,4002.25,4001.25,1,1,61625.0,-38.84892086330935
2023-01-12 23:10:00+00:00,-76.8,short,is,,4000.75,4002.25,1,7,61550.0,-38.923344083354
2023-01-12 23:12:00+00:00,-39.3,long,is,,4002.25,4001.5,1,1,61512.5,-38.96055569337633
2023-01-12 23:14:00+00:00,-64.3,short,is,,4001.5,4002.75,1,1,61450.0,-39.022575043413546
2023-01-12 23:34:00+00:00,-1.8,long,is,,4003.0,4003.0,1,19,61450.0,-39.022575043413546
2023-01-12 23:37:00+00:00,-51.8,long,is,,4004.0,4003.0,1,2,61400.0,-39.07219052344331
2023-01-12 23:39:00+00:00,-51.8,long,is,,4003.75,4002.75,1,1,61350.0,-39.12180600347309
2023-01-12 23:41:00+00:00,-39.3,long,is,,4003.5,4002.75,1,1,61312.5,-39.159017613495415
2023-01-12 23:46:00+00:00,-101.8,short,is,,4002.5,4004.5,1,4,61212.5,-39.25824857355495
2023-01-12 23:50:00+00:00,-64.3,long,is,,4004.25,4003.0,1,3,61150.0,-39.32026792359216
2023-01-12 23:53:00+00:00,-39.3,long,is,,4003.75,4003.0,1,2,61112.5,-39.35747953361449
2023-01-13 00:29:00+00:00,147.5,long,is,,4003.5,4006.5,1,35,61262.5,-39.20863309352518
2023-01-13 00:33:00+00:00,-27.5,long,is,,4006.75,4006.25,1,3,61237.5,-39.233440833540065
2023-01-13 00:35:00+00:00,-40.0,long,is,,4006.25,4005.5,1,1,61200.0,-39.27065244356239
2023-01-13 00:37:00+00:00,-40.0,long,is,,4006.0,4005.25,1,1,61162.5,-39.307864053584716
2023-01-13 00:39:00+00:00,-2.5,long,is,,4006.25,4006.25,1,1,61162.5,-39.307864053584716
2023-01-13 00:41:00+00:00,-127.5,long,is,,4006.25,4003.75,1,1,61037.5,-39.431902753659145
2023-01-13 00:43:00+00:00,-2.5,long,is,,4005.0,4005.0,1,1,61037.5,-39.431902753659145
2023-01-13 01:01:00+00:00,-15.0,short,is,,4004.5,4004.75,1,17,61025.0,-39.444306623666584
2023-01-13 01:03:00+00:00,-15.0,short,is,,4004.5,4004.75,1,1,61012.5,-39.456710493674024
2023-01-13 01:05:00+00:00,-40.0,short,is,,4004.25,4005.0,1,1,60975.0,-39.493922103696356
2023-01-13 01:07:00+00:00,-52.5,short,is,,4004.25,4005.25,1,1,60925.0,-39.54353758372612
2023-01-13 01:16:00+00:00,-102.5,long,is,,4005.5,4003.5,1,8,60825.0,-39.642768543785664
2023-01-13 01:45:00+00:00,123.2,short,is,,4001.75,3999.25,1,28,60950.0,-39.518729843711235
2023-01-13 01:47:00+00:00,-39.3,short,is,,3998.75,3999.5,1,1,60912.5,-39.55594145373357
2023-01-13 01:50:00+00:00,23.2,short,is,,3998.5,3998.0,1,2,60937.5,-39.53113371371868
2023-01-13 01:55:00+00:00,-14.3,short,is,,3998.0,3998.25,1,4,60925.0,-39.54353758372612
2023-01-13 01:57:00+00:00,-14.3,short,is,,3998.5,3998.75,1,1,60912.5,-39.55594145373357
2023-01-13 02:31:00+00:00,223.2,short,is,,3997.0,3992.5,1,33,61137.5,-39.3326717935996
2023-01-13 02:33:00+00:00,-51.8,short,is,,3992.75,3993.75,1,1,61087.5,-39.38228727362937
2023-01-13 02:35:00+00:00,-39.3,short,is,,3993.5,3994.25,1,1,61050.0,-39.4194988836517
2023-01-13 02:37:00+00:00,-26.8,short,is,,3993.0,3993.5,1,1,61025.0,-39.444306623666584
2023-01-13 02:39:00+00:00,-26.8,short,is,,3993.75,3994.25,1,1,61000.0,-39.46911436368147
2023-01-13 02:41:00+00:00,-51.8,short,is,,3994.5,3995.5,1,1,60950.0,-39.518729843711235
2023-01-13 02:43:00+00:00,-26.8,short,is,,3994.5,3995.0,1,1,60925.0,-39.54353758372612
2023-01-13 02:45:00+00:00,-14.3,short,is,,3994.75,3995.0,1,1,60912.5,-39.55594145373357
2023-01-13 02:47:00+00:00,10.7,short,is,,3995.25,3995.0,1,1,60925.0,-39.54353758372612
2023-01-13 02:50:00+00:00,-14.3,short,is,,3994.5,3994.75,1,2,60912.5,-39.55594145373357
2023-01-13 02:53:00+00:00,-89.3,short,is,,3993.5,3995.25,1,2,60825.0,-39.642768543785664
2023-01-13 02:55:00+00:00,-14.3,short,is,,3995.0,3995.25,1,1,60812.5,-39.6551724137931
2023-01-13 02:58:00+00:00,-14.3,short,is,,3994.5,3994.75,1,2,60800.0,-39.66757628380054
2023-01-13 03:13:00+00:00,-39.3,short,is,,3994.0,3994.75,1,14,60762.5,-39.704787893822875
2023-01-13 03:15:00+00:00,-26.8,short,is,,3994.0,3994.5,1,1,60737.5,-39.729595633837754
2023-01-13 03:17:00+00:00,-39.3,short,is,,3994.5,3995.25,1,1,60700.0,-39.766807243860086
2023-01-13 03:26:00+00:00,-51.8,long,is,,3995.5,3994.5,1,8,60650.0,-39.81642272388986
2023-01-13 03:29:00+00:00,-76.8,long,is,,3995.5,3994.0,1,2,60575.0,-39.89084594393451
2023-01-13 03:52:00+00:00,48.2,short,is,,3993.75,3992.75,1,22,60625.0,-39.841230463904736
2023-01-13 03:54:00+00:00,-51.8,short,is,,3992.0,3993.0,1,1,60575.0,-39.89084594393451
2023-01-13 03:56:00+00:00,-1.8,short,is,,3992.75,3992.75,1,1,60575.0,-39.89084594393451
2023-01-13 03:58:00+00:00,-39.3,short,is,,3992.75,3993.5,1,1,60537.5,-39.92805755395683
2023-01-13 04:20:00+00:00,-14.3,long,is,,3994.0,3993.75,1,21,60525.0,-39.94046142396427
2023-01-13 04:22:00+00:00,-51.8,short,is,,3993.75,3994.75,1,1,60475.0,-39.99007690399405
2023-01-13 04:28:00+00:00,-39.3,long,is,,3995.0,3994.25,1,5,60437.5,-40.02728851401638
2023-01-13 04:30:00+00:00,-64.3,long,is,,3995.25,3994.0,1,1,60375.0,-40.08930786405359
2023-01-13 04:33:00+00:00,-26.8,long,is,,3994.75,3994.25,1,2,60350.0,-40.114115604068466
2023-01-13 04:36:00+00:00,-26.8,long,is,,3994.75,3994.25,1,2,60325.0,-40.13892334408335
2023-01-13 04:51:00+00:00,-39.3,short,is,,3993.5,3994.25,1,14,60287.5,-40.17613495410568
2023-01-13 04:53:00+00:00,-39.3,long,is,,3994.25,3993.5,1,1,60250.0,-40.213346564128
2023-01-13 04:55:00+00:00,-14.3,long,is,,3994.0,3993.75,1,1,60237.5,-40.22575043413545
2023-01-13 04:57:00+00:00,-39.3,long,is,,3994.5,3993.75,1,1,60200.0,-40.26296204415778
2023-01-13 05:00:00+00:00,-76.8,short,is,,3993.25,3994.75,1,2,60125.0,-40.33738526420243
2023-01-13 05:03:00+00:00,-64.3,long,is,,3994.5,3993.25,1,2,60062.5,-40.39940461423964
2023-01-13 05:08:00+00:00,-39.3,long,is,,3994.25,3993.5,1,4,60025.0,-40.43661622426197
2023-01-13 05:10:00+00:00,-64.3,long,is,,3994.25,3993.0,1,1,59962.5,-40.49863557429918
2023-01-13 05:14:00+00:00,-51.8,short,is,,3993.25,3994.25,1,3,59912.5,-40.54825105432895
2023-01-13 05:16:00+00:00,-64.3,short,is,,3993.5,3994.75,1,1,59850.0,-40.61027040436616
2023-01-13 05:18:00+00:00,-26.8,long,is,,3994.25,3993.75,1,1,59825.0,-40.63507814438105
2023-01-13 05:22:00+00:00,-51.8,long,is,,3994.5,3993.5,1,3,59775.0,-40.68469362441082
2023-01-13 05:24:00+00:00,-51.8,short,is,,3993.25,3994.25,1,1,59725.0,-40.734309104440584
2023-01-13 05:42:00+00:00,-1.8,short,is,,3993.5,3993.5,1,17,59725.0,-40.734309104440584
2023-01-13 05:44:00+00:00,-51.8,short,is,,3993.25,3994.25,1,1,59675.0,-40.783924584470356
2023-01-13 06:12:00+00:00,-1.8,long,is,,3994.25,3994.25,1,27,59675.0,-40.783924584470356
2023-01-13 06:14:00+00:00,-51.8,long,is,,3994.25,3993.25,1,1,59625.0,-40.83354006450012
2023-01-13 06:18:00+00:00,-89.3,short,is,,3993.25,3995.0,1,3,59537.5,-40.920367154552224
2023-01-13 06:44:00+00:00,60.7,long,is,,3994.75,3996.0,1,25,59600.0,-40.85834780451501
2023-01-13 06:46:00+00:00,-51.8,long,is,,3996.75,3995.75,1,1,59550.0,-40.90796328454478
2023-01-13 06:48:00+00:00,-39.3,long,is,,3996.0,3995.25,1,1,59512.5,-40.9451748945671
2023-01-13 06:50:00+00:00,-39.3,long,is,,3995.5,3994.75,1,1,59475.0,-40.98238650458943
2023-01-13 06:52:00+00:00,10.7,long,is,,3995.25,3995.5,1,1,59487.5,-40.96998263458199
2023-01-13 06:54:00+00:00,-26.8,long,is,,3996.75,3996.25,1,1,59462.5,-40.994790374596874
2023-01-13 07:04:00+00:00,-39.3,long,is,,3996.75,3996.0,1,9,59425.0,-41.0320019846192
2023-01-13 07:06:00+00:00,-1.8,long,is,,3995.75,3995.75,1,1,59425.0,-41.0320019846192
2023-01-13 07:15:00+00:00,-51.8,long,is,,3997.25,3996.25,1,8,59375.0,-41.08161746464897
2023-01-13 07:17:00+00:00,-14.3,long,is,,3996.75,3996.5,1,1,59362.5,-41.09402133465641
2023-01-13 07:22:00+00:00,-1.8,long,is,,3996.5,3996.5,1,4,59362.5,-41.09402133465641
2023-01-13 07:27:00+00:00,-51.8,long,is,,3997.0,3996.0,1,4,59312.5,-41.14363681468618
2023-01-13 07:32:00+00:00,-126.8,short,is,,3995.5,3998.0,1,4,59187.5,-41.267675514760604
2023-01-13 07:40:00+00:00,-114.3,long,is,,3999.25,3997.0,1,7,59075.0,-41.37931034482759
2023-01-13 08:01:00+00:00,10.7,long,is,,3997.25,3997.5,1,20,59087.5,-41.36690647482014
2023-01-13 08:14:00+00:00,-64.3,short,is,,3996.25,3997.5,1,12,59025.0,-41.42892582485735
2023-01-13 08:16:00+00:00,-114.3,short,is,,3995.75,3998.0,1,1,58912.5,-41.540560654924334
2023-01-13 08:35:00+00:00,60.7,long,is,,3997.75,3999.0,1,18,58975.0,-41.47854130488712
2023-01-13 08:37:00+00:00,-51.8,long,is,,4000.0,3999.0,1,1,58925.0,-41.528156784916895
2023-01-13 08:39:00+00:00,-1.8,long,is,,3998.5,3998.5,1,1,58925.0,-41.528156784916895
2023-01-13 08:45:00+00:00,-39.3,long,is,,4000.0,3999.25,1,5,58887.5,-41.56536839493922
2023-01-13 08:51:00+00:00,-126.8,long,is,,4001.25,3998.75,1,5,58762.5,-41.68940709501364
2023-01-13 08:53:00+00:00,-39.3,long,is,,3999.5,3998.75,1,1,58725.0,-41.726618705035975
2023-01-13 08:55:00+00:00,-26.8,long,is,,4000.25,3999.75,1,1,58700.0,-41.75142644505085
2023-01-13 08:57:00+00:00,-64.3,long,is,,4000.0,3998.75,1,1,58637.5,-41.813445795088064
2023-01-13 09:02:00+00:00,-14.3,long,is,,3999.0,3998.75,1,4,58625.0,-41.82584966509551
2023-01-13 09:20:00+00:00,48.2,long,is,,4000.75,4001.75,1,17,58675.0,-41.77623418506574
2023-01-13 09:22:00+00:00,-14.3,long,is,,4001.75,4001.5,1,1,58662.5,-41.788638055073186
2023-01-13 09:24:00+00:00,-39.3,long,is,,4001.0,4000.25,1,1,58625.0,-41.82584966509551
2023-01-13 09:26:00+00:00,-126.8,long,is,,4001.0,3998.5,1,1,58500.0,-41.94988836516993
2023-01-13 09:37:00+00:00,-126.8,short,is,,3998.75,4001.25,1,10,58375.0,-42.073927065244355
2023-01-13 09:40:00+00:00,-101.8,long,is,,4001.0,3999.0,1,2,58275.0,-42.1731580253039
2023-01-13 09:42:00+00:00,-76.8,short,is,,3998.75,4000.25,1,1,58200.0,-42.24758124534855
2023-01-13 10:08:00+00:00,35.7,long,is,,4001.75,4002.5,1,25,58237.5,-42.210369635326224
2023-01-13 10:10:00+00:00,-64.3,long,is,,4004.25,4003.0,1,1,58175.0,-42.272388985363435
2023-01-13 10:23:00+00:00,-39.3,long,is,,4003.75,4003.0,1,12,58137.5,-42.30960059538576
2023-01-13 10:25:00+00:00,-51.8,long,is,,4004.5,4003.5,1,1,58087.5,-42.35921607541553
2023-01-13 10:27:00+00:00,-39.3,long,is,,4003.5,4002.75,1,1,58050.0,-42.39642768543786
2023-01-13 10:29:00+00:00,-1.8,long,is,,4003.25,4003.25,1,1,58050.0,-42.39642768543786
2023-01-13 10:31:00+00:00,-76.8,long,is,,4003.75,4002.25,1,1,57975.0,-42.47085090548251
2023-01-13 10:33:00+00:00,-26.8,long,is,,4003.0,4002.5,1,1,57950.0,-42.4956586454974
2023-01-13 10:37:00+00:00,-14.3,long,is,,4003.25,4003.0,1,3,57937.5,-42.50806251550483
2023-01-13 10:39:00+00:00,-26.8,long,is,,4003.25,4002.75,1,1,57912.5,-42.532870255519725
2023-01-13 10:43:00+00:00,-64.3,long,is,,4004.25,4003.0,1,3,57850.0,-42.594889605556936
2023-01-13 10:45:00+00:00,-64.3,long,is,,4003.75,4002.5,1,1,57787.5,-42.65690895559415
2023-01-13 10:47:00+00:00,-51.8,long,is,,4003.25,4002.25,1,1,57737.5,-42.70652443562392
2023-01-13 10:56:00+00:00,-76.8,short,is,,4001.75,4003.25,1,8,57662.5,-42.78094765566857
2023-01-13 11:01:00+00:00,-101.8,long,is,,4003.5,4001.5,1,4,57562.5,-42.88017861572811
2023-01-13 11:03:00+00:00,-76.8,long,is,,4003.0,4001.5,1,1,57487.5,-42.95460183577276
2023-01-13 11:16:00+00:00,-26.8,short,is,,4000.75,4001.25,1,12,57462.5,-42.97940957578765
2023-01-13 11:18:00+00:00,-51.8,short,is,,4000.75,4001.75,1,1,57412.5,-43.029025055817414
2023-01-13 11:46:00+00:00,348.2,short,is,,3999.75,3992.75,1,27,57762.5,-42.681716695609026
2023-01-13 11:51:00+00:00,85.7,short,is,,3994.0,3992.25,1,4,57850.0,-42.594889605556936
2023-01-13 12:01:00+00:00,-64.3,short,is,,3989.5,3990.75,1,9,57787.5,-42.65690895559415
2023-01-13 12:03:00+00:00,-64.3,short,is,,3989.0,3990.25,1,1,57725.0,-42.71892830563136
2023-01-13 12:05:00+00:00,-51.8,short,is,,3989.5,3990.5,1,1,57675.0,-42.76854378566113
2023-01-13 12:10:00+00:00,23.2,short,is,,3990.25,3989.75,1,4,57700.0,-42.743736045646244
2023-01-13 12:17:00+00:00,-64.3,short,is,,3988.0,3989.25,1,6,57637.5,-42.805755395683455
2023-01-13 13:13:00+00:00,985.7,short,is,,3987.75,3968.0,1,55,58625.0,-41.82584966509551
2023-01-13 13:17:00+00:00,-51.8,short,is,,3967.5,3968.5,1,3,58575.0,-41.875465145125276
2023-01-13 13:19:00+00:00,-14.3,short,is,,3968.75,3969.0,1,1,58562.5,-41.88786901513272
2023-01-13 13:21:00+00:00,-64.3,short,is,,3968.25,3969.5,1,1,58500.0,-41.94988836516993
2023-01-13 13:23:00+00:00,-64.3,short,is,,3969.0,3970.25,1,1,58437.5,-42.011907715207144
2023-01-13 13:25:00+00:00,-14.3,short,is,,3969.5,3969.75,1,1,58425.0,-42.02431158521458
2023-01-13 13:40:00+00:00,35.7,short,is,,3968.75,3968.0,1,14,58462.5,-41.98709997519226
2023-01-13 13:42:00+00:00,10.7,short,is,,3967.5,3967.25,1,1,58475.0,-41.97469610518482
2023-01-13 13:44:00+00:00,48.2,short,is,,3967.5,3966.5,1,1,58525.0,-41.92508062515505
2023-01-13 13:46:00+00:00,-1.8,short,is,,3967.0,3967.0,1,1,58525.0,-41.92508062515505
2023-01-13 13:50:00+00:00,-64.3,short,is,,3965.25,3966.5,1,3,58462.5,-41.98709997519226
2023-01-13 13:52:00+00:00,-1.8,short,is,,3967.25,3967.25,1,1,58462.5,-41.98709997519226
2023-01-13 14:00:00+00:00,60.7,short,is,,3968.0,3966.75,1,7,58525.0,-41.92508062515505
2023-01-13 14:12:00+00:00,-1.8,short,is,,3964.75,3964.75,1,11,58525.0,-41.92508062515505
2023-01-13 14:14:00+00:00,23.2,short,is,,3965.25,3964.75,1,1,58550.0,-41.90027288514017
2023-01-13 14:16:00+00:00,35.7,short,is,,3966.25,3965.5,1,1,58587.5,-41.863061275117836
2023-01-13 14:18:00+00:00,-1.8,short,is,,3964.5,3964.5,1,1,58587.5,-41.863061275117836
2023-01-13 14:20:00+00:00,-39.3,short,is,,3963.5,3964.25,1,1,58550.0,-41.90027288514017
2023-01-13 14:22:00+00:00,35.7,short,is,,3965.75,3965.0,1,1,58587.5,-41.863061275117836
2023-01-13 14:24:00+00:00,23.2,short,is,,3965.0,3964.5,1,1,58612.5,-41.83825353510295
2023-01-13 14:26:00+00:00,-1.8,short,is,,3965.25,3965.25,1,1,58612.5,-41.83825353510295
2023-01-13 14:28:00+00:00,-76.8,short,is,,3966.0,3967.5,1,1,58537.5,-41.9126767551476
2023-01-13 14:39:00+00:00,-89.3,long,is,,3969.5,3967.75,1,10,58450.0,-41.999503845199705
2023-01-13 14:42:00+00:00,-76.8,long,is,,3970.0,3968.5,1,2,58375.0,-42.073927065244355
2023-01-13 15:35:00+00:00,1210.7,long,is,,3967.25,3991.5,1,52,59587.5,-40.870751674522445
2023-01-13 15:37:00+00:00,-76.8,long,is,,3993.75,3992.25,1,1,59512.5,-40.9451748945671
2023-01-13 15:39:00+00:00,-14.3,long,is,,3994.0,3993.75,1,1,59500.0,-40.95757876457455
2023-01-13 15:45:00+00:00,-26.8,long,is,,3993.25,3992.75,1,5,59475.0,-40.98238650458943
2023-01-13 15:52:00+00:00,-64.3,long,is,,3996.25,3995.0,1,6,59412.5,-41.04440585462664
2023-01-13 15:57:00+00:00,10.7,long,is,,3996.0,3996.25,1,4,59425.0,-41.0320019846192
2023-01-13 15:59:00+00:00,-64.3,long,is,,3996.25,3995.0,1,1,59362.5,-41.09402133465641
2023-01-13 16:01:00+00:00,-139.3,long,is,,3996.75,3994.0,1,1,59225.0,-41.23046390473828
2023-01-13 16:03:00+00:00,23.2,long,is,,3993.0,3993.5,1,1,59250.0,-41.20565616472339
2023-01-13 16:05:00+00:00,85.7,long,is,,3994.0,3995.75,1,1,59337.5,-41.1188290746713
2023-01-13 16:07:00+00:00,10.7,long,is,,3993.25,3993.5,1,1,59350.0,-41.10642520466386
2023-01-13 16:09:00+00:00,-1.8,long,is,,3995.0,3995.0,1,1,59350.0,-41.10642520466386
2023-01-13 16:11:00+00:00,10.7,long,is,,3992.75,3993.0,1,1,59362.5,-41.09402133465641
2023-01-13 16:13:00+00:00,-126.8,long,is,,3992.75,3990.25,1,1,59237.5,-41.21806003473083
2023-01-13 16:15:00+00:00,-1.8,long,is,,3990.0,3990.0,1,1,59237.5,-41.21806003473083
2023-01-13 16:23:00+00:00,-251.8,short,is,,3988.75,3993.75,1,7,58987.5,-41.466137434879684
2023-01-13 16:31:00+00:00,-314.3,long,is,,3996.5,3990.25,1,7,58675.0,-41.77623418506574
2023-01-13 16:45:00+00:00,-39.3,short,is,,3989.75,3990.5,1,13,58637.5,-41.813445795088064
2023-01-13 16:51:00+00:00,-139.3,short,is,,3987.5,3990.25,1,5,58500.0,-41.94988836516993
2023-01-13 16:54:00+00:00,-39.3,short,is,,3989.25,3990.0,1,2,58462.5,-41.98709997519226
2023-01-13 16:56:00+00:00,35.7,short,is,,3990.0,3989.25,1,1,58500.0,-41.94988836516993
2023-01-13 16:58:00+00:00,-76.8,short,is,,3987.0,3988.5,1,1,58425.0,-42.02431158521458
2023-01-13 17:00:00+00:00,-26.8,short,is,,3990.25,3990.75,1,1,58400.0,-42.04911932522947
2023-01-13 17:02:00+00:00,-39.3,short,is,,3991.75,3992.5,1,1,58362.5,-42.086330935251794
2023-01-13 17:31:00+00:00,160.7,long,is,,3992.75,3996.0,1,28,58525.0,-41.92508062515505
2023-01-13 17:33:00+00:00,10.7,long,is,,3995.25,3995.5,1,1,58537.5,-41.9126767551476
2023-01-13 17:35:00+00:00,-39.3,long,is,,3997.25,3996.5,1,1,58500.0,-41.94988836516993
2023-01-13 17:37:00+00:00,-114.3,long,is,,3996.5,3994.25,1,1,58387.5,-42.061523195236916
2023-01-13 17:39:00+00:00,-64.3,long,is,,3995.25,3994.0,1,1,58325.0,-42.12354254527412
2023-01-13 17:41:00+00:00,23.2,long,is,,3994.0,3994.5,1,1,58350.0,-42.09873480525924
2023-01-13 17:43:00+00:00,48.2,long,is,,3993.5,3994.5,1,1,58400.0,-42.04911932522947
2023-01-13 18:06:00+00:00,160.7,long,is,,3995.25,3998.5,1,22,58562.5,-41.88786901513272
2023-01-13 18:08:00+00:00,-14.3,long,is,,3998.5,3998.25,1,1,58550.0,-41.90027288514017
2023-01-13 18:10:00+00:00,-51.8,long,is,,3999.25,3998.25,1,1,58500.0,-41.94988836516993
2023-01-13 18:14:00+00:00,-64.3,long,is,,4000.0,3998.75,1,3,58437.5,-42.011907715207144
2023-01-13 18:16:00+00:00,-89.3,long,is,,3999.0,3997.25,1,1,58350.0,-42.09873480525924
2023-01-13 18:18:00+00:00,-89.3,long,is,,3997.25,3995.5,1,1,58262.5,-42.18556189531134
2023-01-13 18:20:00+00:00,-76.8,long,is,,3997.25,3995.75,1,1,58187.5,-42.25998511535599
2023-01-13 18:30:00+00:00,-151.8,short,is,,3994.5,3997.5,1,9,58037.5,-42.408831555445296
2023-01-13 19:04:00+00:00,423.2,long,is,,3998.5,4007.0,1,33,58462.5,-41.98709997519226
2023-01-13 19:07:00+00:00,-14.3,long,is,,4007.25,4007.0,1,2,58450.0,-41.999503845199705
2023-01-13 19:09:00+00:00,-1.8,long,is,,4006.75,4006.75,1,1,58450.0,-41.999503845199705
2023-01-13 19:11:00+00:00,48.2,long,is,,4005.5,4006.5,1,1,58500.0,-41.94988836516993
2023-01-13 19:14:00+00:00,-51.8,long,is,,4007.75,4006.75,1,2,58450.0,-41.999503845199705
2023-01-13 19:20:00+00:00,-51.8,long,is,,4007.5,4006.5,1,5,58400.0,-42.04911932522947
2023-01-13 19:22:00+00:00,-14.3,long,is,,4005.5,4005.25,1,1,58387.5,-42.061523195236916
2023-01-13 19:24:00+00:00,-1.8,long,is,,4005.75,4005.75,1,1,58387.5,-42.061523195236916
2023-01-13 19:26:00+00:00,-26.8,long,is,,4006.75,4006.25,1,1,58362.5,-42.086330935251794
2023-01-13 19:37:00+00:00,-39.3,long,is,,4007.75,4007.0,1,10,58325.0,-42.12354254527412
2023-01-13 19:43:00+00:00,10.7,long,is,,4007.75,4008.0,1,5,58337.5,-42.11113867526669
2023-01-13 19:46:00+00:00,-26.8,long,is,,4008.75,4008.25,1,2,58312.5,-42.135946415281566
2023-01-13 19:51:00+00:00,-26.8,long,is,,4008.5,4008.0,1,4,58287.5,-42.16075415529645
2023-01-13 19:53:00+00:00,60.7,long,is,,4007.75,4009.0,1,1,58350.0,-42.09873480525924
2023-01-13 19:55:00+00:00,-64.3,long,is,,4008.5,4007.25,1,1,58287.5,-42.16075415529645
2023-01-13 20:47:00+00:00,435.7,long,is,,4008.5,4017.25,1,51,58725.0,-41.726618705035975
2023-01-13 20:49:00+00:00,23.2,long,is,,4016.25,4016.75,1,1,58750.0,-41.70181096502109
2023-01-13 20:51:00+00:00,-89.3,long,is,,4018.5,4016.75,1,1,58662.5,-41.788638055073186
2023-01-13 20:53:00+00:00,-39.3,long,is,,4016.25,4015.5,1,1,58625.0,-41.82584966509551
2023-01-13 20:55:00+00:00,73.2,long,is,,4015.5,4017.0,1,1,58700.0,-41.75142644505085
2023-01-13 20:57:00+00:00,-39.3,long,is,,4019.5,4018.75,1,1,58662.5,-41.788638055073186
2023-01-13 21:00:00+00:00,-126.8,long,is,,4020.25,4017.75,1,2,58537.5,-41.9126767551476
2023-01-13 21:02:00+00:00,-14.3,long,is,,4018.0,4017.75,1,1,58525.0,-41.92508062515505
2023-01-13 21:04:00+00:00,-51.8,long,is,,4016.25,4015.25,1,1,58475.0,-41.97469610518482
2023-01-13 21:06:00+00:00,-14.3,long,is,,4015.25,4015.0,1,1,58462.5,-41.98709997519226
2023-01-13 21:08:00+00:00,-1.8,long,is,,4015.0,4015.0,1,1,58462.5,-41.98709997519226
2023-01-13 21:10:00+00:00,23.2,long,is,,4015.25,4015.75,1,1,58487.5,-41.96229223517737
2023-01-13 21:12:00+00:00,-14.3,long,is,,4015.25,4015.0,1,1,58475.0,-41.97469610518482
2023-01-13 21:14:00+00:00,-26.8,long,is,,4015.0,4014.5,1,1,58450.0,-41.999503845199705
2023-01-13 21:16:00+00:00,-14.3,long,is,,4016.0,4015.75,1,1,58437.5,-42.011907715207144
2023-01-13 21:18:00+00:00,-26.8,long,is,,4015.5,4015.0,1,1,58412.5,-42.03671545522203
2023-01-13 21:20:00+00:00,-26.8,long,is,,4015.75,4015.25,1,1,58387.5,-42.061523195236916
2023-01-13 21:57:00+00:00,160.7,long,is,,4016.0,4019.25,1,36,58550.0,-41.90027288514017
2023-01-13 21:59:00+00:00,-39.3,long,is,,4019.75,4019.0,1,1,58512.5,-41.937484495162494
2023-01-15 23:03:00+00:00,-65.0,long,is,,4020.0,4018.75,1,3,58450.0,-41.999503845199705
2023-01-15 23:05:00+00:00,-77.5,long,is,,4018.5,4017.0,1,1,58375.0,-42.073927065244355
2023-01-15 23:33:00+00:00,85.0,short,is,,4017.25,4015.5,1,27,58462.5,-41.98709997519226
2023-01-15 23:35:00+00:00,-15.0,short,is,,4015.0,4015.25,1,1,58450.0,-41.999503845199705
2023-01-15 23:37:00+00:00,-15.0,short,is,,4014.75,4015.0,1,1,58437.5,-42.011907715207144
2023-01-15 23:39:00+00:00,-2.5,short,is,,4014.75,4014.75,1,1,58437.5,-42.011907715207144
2023-01-15 23:41:00+00:00,-40.0,short,is,,4014.25,4015.0,1,1,58400.0,-42.04911932522947
2023-01-15 23:43:00+00:00,-52.5,short,is,,4014.25,4015.25,1,1,58350.0,-42.09873480525924
2023-01-16 00:00:00+00:00,-2.5,short,is,,4013.75,4013.75,1,16,58350.0,-42.09873480525924
2023-01-16 00:02:00+00:00,-77.5,short,is,,4012.5,4014.0,1,1,58275.0,-42.1731580253039
2023-01-16 00:04:00+00:00,-15.0,short,is,,4014.25,4014.5,1,1,58262.5,-42.18556189531134
2023-01-16 00:06:00+00:00,-65.0,short,is,,4013.75,4015.0,1,1,58200.0,-42.24758124534855
2023-01-16 00:08:00+00:00,-15.0,short,is,,4014.75,4015.0,1,1,58187.5,-42.25998511535599
2023-01-16 00:10:00+00:00,-77.5,short,is,,4014.75,4016.25,1,1,58112.5,-42.334408335400646
2023-01-16 00:12:00+00:00,-15.0,short,is,,4015.5,4015.75,1,1,58100.0,-42.346812205408085
2023-01-16 00:22:00+00:00,-90.0,long,is,,4017.0,4015.25,1,9,58012.5,-42.43363929546018
2023-01-16 00:43:00+00:00,122.5,long,is,,4016.25,4018.75,1,20,58137.5,-42.30960059538576
2023-01-16 00:45:00+00:00,-27.5,long,is,,4019.0,4018.5,1,1,58112.5,-42.334408335400646
2023-01-16 00:51:00+00:00,-2.5,long,is,,4019.25,4019.25,1,5,58112.5,-42.334408335400646
2023-01-16 00:55:00+00:00,-27.5,long,is,,4019.75,4019.25,1,3,58087.5,-42.35921607541553
2023-01-16 01:01:00+00:00,-52.5,long,is,,4019.75,4018.75,1,5,58037.5,-42.408831555445296
2023-01-16 01:03:00+00:00,-15.0,long,is,,4019.25,4019.0,1,1,58025.0,-42.42123542545274
2023-01-16 01:05:00+00:00,-27.5,long,is,,4018.75,4018.25,1,1,58000.0,-42.44604316546763
2023-01-16 01:07:00+00:00,10.0,long,is,,4019.0,4019.25,1,1,58012.5,-42.43363929546018
2023-01-16 01:29:00+00:00,23.2,long,is,,4019.5,4020.0,1,21,58037.5,-42.408831555445296
2023-01-16 01:33:00+00:00,-1.8,long,is,,4020.5,4020.5,1,3,58037.5,-42.408831555445296
2023-01-16 01:35:00+00:00,-39.3,long,is,,4021.25,4020.5,1,1,58000.0,-42.44604316546763
2023-01-16 01:37:00+00:00,-26.8,long,is,,4021.0,4020.5,1,1,57975.0,-42.47085090548251
2023-01-16 01:39:00+00:00,-51.8,long,is,,4020.0,4019.0,1,1,57925.0,-42.52046638551228
2023-01-16 01:41:00+00:00,-26.8,long,is,,4020.75,4020.25,1,1,57900.0,-42.545274125527165
2023-01-16 01:43:00+00:00,-14.3,long,is,,4020.25,4020.0,1,1,57887.5,-42.557677995534604
2023-01-16 02:18:00+00:00,273.2,long,is,,4020.75,4026.25,1,34,58162.5,-42.284792855370874
2023-01-16 02:20:00+00:00,-51.8,long,is,,4026.5,4025.5,1,1,58112.5,-42.334408335400646
2023-01-16 02:23:00+00:00,10.7,long,is,,4026.0,4026.25,1,2,58125.0,-42.322004465393206
2023-01-16 02:25:00+00:00,-51.8,long,is,,4026.75,4025.75,1,1,58075.0,-42.37161994542297
2023-01-16 02:27:00+00:00,-39.3,long,is,,4026.25,4025.5,1,1,58037.5,-42.408831555445296
2023-01-16 02:30:00+00:00,-64.3,long,is,,4026.5,4025.25,1,2,57975.0,-42.47085090548251
2023-01-16 02:32:00+00:00,-64.3,long,is,,4026.0,4024.75,1,1,57912.5,-42.532870255519725
2023-01-16 02:34:00+00:00,-39.3,long,is,,4025.25,4024.5,1,1,57875.0,-42.57008186554205
2023-01-16 02:36:00+00:00,-39.3,long,is,,4025.25,4024.5,1,1,57837.5,-42.607293475564376
2023-01-16 02:38:00+00:00,-64.3,long,is,,4025.5,4024.25,1,1,57775.0,-42.66931282560159
2023-01-16 02:40:00+00:00,-26.8,long,is,,4025.25,4024.75,1,1,57750.0,-42.69412056561647
2023-01-16 02:42:00+00:00,-1.8,long,is,,4024.5,4024.5,1,1,57750.0,-42.69412056561647
2023-01-16 02:44:00+00:00,-39.3,long,is,,4025.0,4024.25,1,1,57712.5,-42.7313321756388
2023-01-16 02:46:00+00:00,-14.3,long,is,,4024.25,4024.0,1,1,57700.0,-42.743736045646244
2023-01-16 02:48:00+00:00,-39.3,long,is,,4025.0,4024.25,1,1,57662.5,-42.78094765566857
2023-01-16 02:50:00+00:00,-26.8,long,is,,4025.0,4024.5,1,1,57637.5,-42.805755395683455
2023-01-16 02:52:00+00:00,-39.3,long,is,,4024.75,4024.0,1,1,57600.0,-42.84296700570578
2023-01-16 02:54:00+00:00,-1.8,long,is,,4024.5,4024.5,1,1,57600.0,-42.84296700570578
2023-01-16 02:56:00+00:00,-26.8,long,is,,4024.25,4023.75,1,1,57575.0,-42.867774745720666
2023-01-16 03:07:00+00:00,-39.3,long,is,,4024.5,4023.75,1,10,57537.5,-42.90498635574299
2023-01-16 03:09:00+00:00,-14.3,long,is,,4024.5,4024.25,1,1,57525.0,-42.91739022575044
2023-01-16 03:11:00+00:00,-51.8,long,is,,4025.0,4024.0,1,1,57475.0,-42.9670057057802
2023-01-16 03:20:00+00:00,-51.8,short,is,,4023.75,4024.75,1,8,57425.0,-43.016621185809974
2023-01-16 03:22:00+00:00,-51.8,short,is,,4024.0,4025.0,1,1,57375.0,-43.06623666583974
2023-01-16 03:34:00+00:00,-51.8,long,is,,4025.25,4024.25,1,11,57325.0,-43.11585214586951
2023-01-16 03:37:00+00:00,-51.8,short,is,,4024.0,4025.0,1,2,57275.0,-43.16546762589928
2023-01-16 03:49:00+00:00,-1.8,short,is,,4024.5,4024.5,1,11,57275.0,-43.16546762589928
2023-01-16 03:51:00+00:00,-39.3,short,is,,4023.75,4024.5,1,1,57237.5,-43.20267923592161
2023-01-16 03:53:00+00:00,-26.8,short,is,,4023.75,4024.25,1,1,57212.5,-43.22748697593649
2023-01-16 03:55:00+00:00,-64.3,short,is,,4023.5,4024.75,1,1,57150.0,-43.289506325973704
2023-01-16 04:11:00+00:00,-64.3,long,is,,4025.0,4023.75,1,15,57087.5,-43.351525676010915
2023-01-16 04:26:00+00:00,-14.3,short,is,,4024.0,4024.25,1,14,57075.0,-43.36392954601836
2023-01-16 04:29:00+00:00,-51.8,long,is,,4024.5,4023.5,1,2,57025.0,-43.413545026048126
2023-01-16 04:32:00+00:00,-26.8,short,is,,4024.0,4024.5,1,2,57000.0,-43.43835276606301
2023-01-16 04:34:00+00:00,-26.8,short,is,,4024.0,4024.5,1,1,56975.0,-43.4631605060779
2023-01-16 04:37:00+00:00,-26.8,long,is,,4024.5,4024.0,1,2,56950.0,-43.48796824609278
2023-01-16 04:51:00+00:00,-39.3,short,is,,4023.75,4024.5,1,13,56912.5,-43.52517985611511
2023-01-16 04:56:00+00:00,-101.8,long,is,,4025.25,4023.25,1,4,56812.5,-43.624410816174645
2023-01-16 05:14:00+00:00,-1.8,short,is,,4023.0,4023.0,1,17,56812.5,-43.624410816174645
2023-01-16 05:16:00+00:00,-26.8,short,is,,4022.25,4022.75,1,1,56787.5,-43.64921855618953
2023-01-16 05:18:00+00:00,-39.3,short,is,,4022.0,4022.75,1,1,56750.0,-43.686430166211856
2023-01-16 05:20:00+00:00,-26.8,short,is,,4022.25,4022.75,1,1,56725.0,-43.71123790622674
2023-01-16 05:24:00+00:00,-51.8,short,is,,4022.0,4023.0,1,3,56675.0,-43.76085338625651
2023-01-16 05:26:00+00:00,-26.8,short,is,,4022.25,4022.75,1,1,56650.0,-43.7856611262714
2023-01-16 05:28:00+00:00,-39.3,short,is,,4022.25,4023.0,1,1,56612.5,-43.822872736293725
2023-01-16 05:30:00+00:00,-14.3,short,is,,4022.75,4023.0,1,1,56600.0,-43.835276606301164
2023-01-16 05:36:00+00:00,-26.8,short,is,,4022.25,4022.75,1,5,56575.0,-43.86008434631605
2023-01-16 05:38:00+00:00,-39.3,short,is,,4022.5,4023.25,1,1,56537.5,-43.897295956338375
2023-01-16 05:40:00+00:00,-14.3,short,is,,4022.75,4023.0,1,1,56525.0,-43.90969982634582
2023-01-16 05:42:00+00:00,-1.8,short,is,,4022.75,4022.75,1,1,56525.0,-43.90969982634582
2023-01-16 06:15:00+00:00,123.2,short,is,,4022.0,4019.5,1,32,56650.0,-43.7856611262714
2023-01-16 06:49:00+00:00,98.2,short,is,,4018.25,4016.25,1,33,56750.0,-43.686430166211856
2023-01-16 06:51:00+00:00,-14.3,short,is,,4016.0,4016.25,1,1,56737.5,-43.6988340362193
2023-01-16 06:54:00+00:00,-26.8,short,is,,4015.5,4016.0,1,2,56712.5,-43.72364177623418
2023-01-16 06:56:00+00:00,-26.8,short,is,,4015.5,4016.0,1,1,56687.5,-43.748449516249075
2023-01-16 06:58:00+00:00,-51.8,short,is,,4015.5,4016.5,1,1,56637.5,-43.79806499627884
2023-01-16 07:00:00+00:00,-39.3,short,is,,4016.0,4016.75,1,1,56600.0,-43.835276606301164
2023-01-16 07:17:00+00:00,-1.8,short,is,,4015.25,4015.25,1,16,56600.0,-43.835276606301164
2023-01-16 07:23:00+00:00,-1.8,short,is,,4014.5,4014.5,1,5,56600.0,-43.835276606301164
2023-01-16 07:25:00+00:00,-26.8,short,is,,4014.25,4014.75,1,1,56575.0,-43.86008434631605
2023-01-16 07:27:00+00:00,-39.3,short,is,,4014.25,4015.0,1,1,56537.5,-43.897295956338375
2023-01-16 07:29:00+00:00,-39.3,short,is,,4014.5,4015.25,1,1,56500.0,-43.9345075663607
2023-01-16 07:31:00+00:00,-51.8,short,is,,4015.0,4016.0,1,1,56450.0,-43.98412304639047
2023-01-16 07:34:00+00:00,35.7,short,is,,4015.5,4014.75,1,2,56487.5,-43.94691143636815
2023-01-16 07:39:00+00:00,-26.8,short,is,,4014.5,4015.0,1,4,56462.5,-43.97171917638303
2023-01-16 07:41:00+00:00,-14.3,short,is,,4014.75,4015.0,1,1,56450.0,-43.98412304639047
2023-01-16 07:43:00+00:00,-39.3,short,is,,4014.25,4015.0,1,1,56412.5,-44.021334656412805
2023-01-16 07:48:00+00:00,-76.8,short,is,,4014.0,4015.5,1,4,56337.5,-44.095757876457455
2023-01-16 07:50:00+00:00,-26.8,short,is,,4015.0,4015.5,1,1,56312.5,-44.12056561647234
2023-01-16 07:52:00+00:00,-14.3,short,is,,4014.75,4015.0,1,1,56300.0,-44.13296948647979
2023-01-16 07:54:00+00:00,-26.8,short,is,,4014.5,4015.0,1,1,56275.0,-44.157777226494666
2023-01-16 07:59:00+00:00,-64.3,short,is,,4014.25,4015.5,1,4,56212.5,-44.21979657653188
2023-01-16 08:04:00+00:00,-76.8,long,is,,4015.75,4014.25,1,4,56137.5,-44.294219796576535
2023-01-16 09:03:00+00:00,635.7,short,is,,4015.0,4002.25,1,58,56775.0,-43.66162242619697
2023-01-16 09:11:00+00:00,-1.8,short,is,,4001.25,4001.25,1,7,56775.0,-43.66162242619697
2023-01-16 09:14:00+00:00,-126.8,short,is,,3999.75,4002.25,1,2,56650.0,-43.7856611262714
2023-01-16 09:16:00+00:00,-14.3,short,is,,4002.0,4002.25,1,1,56637.5,-43.79806499627884
2023-01-16 09:18:00+00:00,-51.8,short,is,,4000.75,4001.75,1,1,56587.5,-43.84768047630861
2023-01-16 09:20:00+00:00,-26.8,short,is,,4001.25,4001.75,1,1,56562.5,-43.87248821632349
2023-01-16 09:22:00+00:00,-39.3,short,is,,4001.25,4002.0,1,1,56525.0,-43.90969982634582
2023-01-16 09:24:00+00:00,-39.3,short,is,,4001.75,4002.5,1,1,56487.5,-43.94691143636815
2023-01-16 09:26:00+00:00,-26.8,short,is,,4002.25,4002.75,1,1,56462.5,-43.97171917638303
2023-01-16 09:28:00+00:00,-64.3,short,is,,4001.75,4003.0,1,1,56400.0,-44.033738526420244
2023-01-16 09:30:00+00:00,10.7,short,is,,4003.0,4002.75,1,1,56412.5,-44.021334656412805
2023-01-16 09:34:00+00:00,-1.8,short,is,,4002.75,4002.75,1,3,56412.5,-44.021334656412805
2023-01-16 09:36:00+00:00,-39.3,short,is,,4002.0,4002.75,1,1,56375.0,-44.05854626643513
2023-01-16 09:39:00+00:00,-39.3,short,is,,4002.25,4003.0,1,2,56337.5,-44.095757876457455
2023-01-16 09:56:00+00:00,60.7,short,is,,4001.0,3999.75,1,16,56400.0,-44.033738526420244
2023-01-16 10:01:00+00:00,-1.8,short,is,,3999.25,3999.25,1,4,56400.0,-44.033738526420244
2023-01-16 10:04:00+00:00,-64.3,short,is,,3998.25,3999.5,1,2,56337.5,-44.095757876457455
2023-01-16 10:06:00+00:00,-39.3,short,is,,3999.0,3999.75,1,1,56300.0,-44.13296948647979
2023-01-16 10:08:00+00:00,-26.8,short,is,,4000.25,4000.75,1,1,56275.0,-44.157777226494666
2023-01-16 10:10:00+00:00,-64.3,short,is,,4001.0,4002.25,1,1,56212.5,-44.21979657653188
2023-01-16 10:12:00+00:00,-51.8,short,is,,4001.0,4002.0,1,1,56162.5,-44.26941205656165
2023-01-16 10:37:00+00:00,35.7,long,is,,4002.5,4003.25,1,24,56200.0,-44.23220044653932
2023-01-16 10:40:00+00:00,-64.3,long,is,,4004.25,4003.0,1,2,56137.5,-44.294219796576535
2023-01-16 11:25:00+00:00,235.7,long,is,,4003.75,4008.5,1,44,56375.0,-44.05854626643513
2023-01-16 11:27:00+00:00,-14.3,long,is,,4008.0,4007.75,1,1,56362.5,-44.07095013644257
2023-01-16 11:29:00+00:00,-26.8,long,is,,4008.0,4007.5,1,1,56337.5,-44.095757876457455
2023-01-16 11:31:00+00:00,-26.8,long,is,,4008.25,4007.75,1,1,56312.5,-44.12056561647234
2023-01-16 11:33:00+00:00,-26.8,long,is,,4008.25,4007.75,1,1,56287.5,-44.14537335648722
2023-01-16 11:55:00+00:00,85.7,long,is,,4008.5,4010.25,1,21,56375.0,-44.05854626643513
2023-01-16 11:57:00+00:00,-51.8,long,is,,4010.75,4009.75,1,1,56325.0,-44.108161746464894
2023-01-16 11:59:00+00:00,-39.3,long,is,,4010.0,4009.25,1,1,56287.5,-44.14537335648722
2023-01-16 12:01:00+00:00,-101.8,long,is,,4009.5,4007.5,1,1,56187.5,-44.24460431654676
2023-01-16 12:03:00+00:00,-1.8,long,is,,4009.0,4009.0,1,1,56187.5,-44.24460431654676
2023-01-16 12:05:00+00:00,-14.3,long,is,,4010.0,4009.75,1,1,56175.0,-44.2570081865542
2023-01-16 12:07:00+00:00,-51.8,long,is,,4010.0,4009.0,1,1,56125.0,-44.306623666583974
2023-01-16 12:09:00+00:00,-51.8,long,is,,4009.25,4008.25,1,1,56075.0,-44.356239146613746
2023-01-16 12:18:00+00:00,-114.3,short,is,,4007.5,4009.75,1,8,55962.5,-44.46787397668072
2023-01-16 12:20:00+00:00,-51.8,long,is,,4009.0,4008.0,1,1,55912.5,-44.51748945671049
2023-01-16 12:41:00+00:00,85.7,short,is,,4008.25,4006.5,1,20,56000.0,-44.430662366658396
2023-01-16 12:43:00+00:00,-39.3,short,is,,4006.0,4006.75,1,1,55962.5,-44.46787397668072
2023-01-16 12:45:00+00:00,-39.3,short,is,,4006.75,4007.5,1,1,55925.0,-44.50508558670305
2023-01-16 12:47:00+00:00,-26.8,short,is,,4007.5,4008.0,1,1,55900.0,-44.52989332671793
2023-01-16 12:49:00+00:00,-89.3,short,is,,4007.0,4008.75,1,1,55812.5,-44.616720416770036
2023-01-16 12:51:00+00:00,-26.8,short,is,,4007.5,4008.0,1,1,55787.5,-44.641528156784915
2023-01-16 12:53:00+00:00,-51.8,short,is,,4008.0,4009.0,1,1,55737.5,-44.69114363681469
2023-01-16 13:29:00+00:00,60.7,long,is,,4009.5,4010.75,1,35,55800.0,-44.629124286777476
2023-01-16 13:31:00+00:00,-39.3,long,is,,4011.0,4010.25,1,1,55762.5,-44.6663358967998
2023-01-16 14:02:00+00:00,198.2,long,is,,4011.0,4015.0,1,30,55962.5,-44.46787397668072
2023-01-16 14:14:00+00:00,-51.8,long,is,,4015.5,4014.5,1,11,55912.5,-44.51748945671049
2023-01-16 14:16:00+00:00,-39.3,long,is,,4014.5,4013.75,1,1,55875.0,-44.55470106673282
2023-01-16 14:18:00+00:00,-26.8,long,is,,4014.75,4014.25,1,1,55850.0,-44.579508806747704
2023-01-16 14:20:00+00:00,-39.3,long,is,,4014.75,4014.0,1,1,55812.5,-44.616720416770036
2023-01-16 14:23:00+00:00,-1.8,long,is,,4015.0,4015.0,1,2,55812.5,-44.616720416770036
2023-01-16 14:30:00+00:00,-39.3,long,is,,4015.25,4014.5,1,6,55775.0,-44.65393202679236
2023-01-16 14:45:00+00:00,35.7,long,is,,4015.75,4016.5,1,14,55812.5,-44.616720416770036
2023-01-16 14:47:00+00:00,-26.8,long,is,,4017.0,4016.5,1,1,55787.5,-44.641528156784915
2023-01-16 14:49:00+00:00,-14.3,long,is,,4017.25,4017.0,1,1,55775.0,-44.65393202679236
2023-01-16 14:51:00+00:00,-39.3,long,is,,4017.5,4016.75,1,1,55737.5,-44.69114363681469
2023-01-16 14:53:00+00:00,-1.8,long,is,,4017.0,4017.0,1,1,55737.5,-44.69114363681469
2023-01-16 14:55:00+00:00,-51.8,long,is,,4017.75,4016.75,1,1,55687.5,-44.74075911684445
2023-01-16 14:57:00+00:00,-64.3,long,is,,4017.75,4016.5,1,1,55625.0,-44.80277846688166
2023-01-16 14:59:00+00:00,-26.8,long,is,,4017.5,4017.0,1,1,55600.0,-44.827586206896555
2023-01-16 15:05:00+00:00,-39.3,long,is,,4017.75,4017.0,1,5,55562.5,-44.86479781691888
2023-01-16 15:07:00+00:00,-39.3,long,is,,4017.75,4017.0,1,1,55525.0,-44.902009426941206
2023-01-16 15:09:00+00:00,-14.3,long,is,,4017.25,4017.0,1,1,55512.5,-44.914413296948645
2023-01-16 15:11:00+00:00,-51.8,long,is,,4017.5,4016.5,1,1,55462.5,-44.96402877697842
2023-01-16 15:13:00+00:00,-26.8,long,is,,4016.75,4016.25,1,1,55437.5,-44.9888365169933
2023-01-16 15:15:00+00:00,-39.3,long,is,,4016.5,4015.75,1,1,55400.0,-45.02604812701563
2023-01-16 15:17:00+00:00,-14.3,long,is,,4016.25,4016.0,1,1,55387.5,-45.038451997023074
2023-01-16 15:19:00+00:00,-51.8,long,is,,4017.0,4016.0,1,1,55337.5,-45.08806747705284
2023-01-16 15:21:00+00:00,-51.8,long,is,,4016.75,4015.75,1,1,55287.5,-45.13768295708261
2023-01-16 15:49:00+00:00,110.7,long,is,,4016.5,4018.75,1,27,55400.0,-45.02604812701563
2023-01-16 15:51:00+00:00,-26.8,long,is,,4019.0,4018.5,1,1,55375.0,-45.05085586703051
2023-01-16 15:53:00+00:00,-26.8,long,is,,4018.75,4018.25,1,1,55350.0,-45.0756636070454
2023-01-16 15:55:00+00:00,-14.3,long,is,,4018.75,4018.5,1,1,55337.5,-45.08806747705284
2023-01-16 15:57:00+00:00,-26.8,long,is,,4019.0,4018.5,1,1,55312.5,-45.112875217067725
2023-01-16 15:59:00+00:00,-26.8,long,is,,4018.75,4018.25,1,1,55287.5,-45.13768295708261
2023-01-16 16:01:00+00:00,-51.8,long,is,,4018.25,4017.25,1,1,55237.5,-45.187298437112375
2023-01-16 16:09:00+00:00,-51.8,short,is,,4017.25,4018.25,1,7,55187.5,-45.23691391714215
2023-01-16 16:17:00+00:00,-51.8,long,is,,4018.5,4017.5,1,7,55137.5,-45.28652939717192
2023-01-16 17:03:00+00:00,248.2,short,is,,4017.25,4012.25,1,45,55387.5,-45.038451997023074
2023-01-16 17:05:00+00:00,-39.3,short,is,,4012.0,4012.75,1,1,55350.0,-45.0756636070454
2023-01-16 17:07:00+00:00,-26.8,short,is,,4012.5,4013.0,1,1,55325.0,-45.100471347060285
2023-01-16 17:19:00+00:00,-26.8,short,is,,4011.75,4012.25,1,11,55300.0,-45.125279087075164
2023-01-16 17:21:00+00:00,-14.3,short,is,,4011.75,4012.0,1,1,55287.5,-45.13768295708261
2023-01-16 17:32:00+00:00,-39.3,short,is,,4011.25,4012.0,1,10,55250.0,-45.174894567104936
2023-01-16 17:34:00+00:00,-64.3,short,is,,4011.75,4013.0,1,1,55187.5,-45.23691391714215
2023-01-16 17:36:00+00:00,-14.3,short,is,,4012.25,4012.5,1,1,55175.0,-45.24931778714959
2023-01-16 17:38:00+00:00,-39.3,short,is,,4011.75,4012.5,1,1,55137.5,-45.28652939717192
2023-01-16 17:45:00+00:00,-239.3,long,is,,4014.5,4009.75,1,6,54900.0,-45.52220292731332
2023-01-16 23:01:00+00:00,-114.3,short,is,,4009.25,4011.5,1,15,54787.5,-45.633837757380306
2023-01-16 23:03:00+00:00,-89.3,short,is,,4011.5,4013.25,1,1,54700.0,-45.720664847432396
2023-01-16 23:22:00+00:00,35.7,long,is,,4013.0,4013.75,1,18,54737.5,-45.68345323741007
2023-01-16 23:24:00+00:00,-26.8,long,is,,4014.0,4013.5,1,1,54712.5,-45.708260977424956
2023-01-16 23:26:00+00:00,-26.8,long,is,,4014.0,4013.5,1,1,54687.5,-45.73306871743984
2023-01-16 23:28:00+00:00,-26.8,long,is,,4014.0,4013.5,1,1,54662.5,-45.75787645745473
2023-01-16 23:43:00+00:00,-1.8,long,is,,4014.75,4014.75,1,14,54662.5,-45.75787645745473
2023-01-16 23:46:00+00:00,-64.3,long,is,,4015.5,4014.25,1,2,54600.0,-45.81989580749194
2023-01-16 23:48:00+00:00,-14.3,long,is,,4014.0,4013.75,1,1,54587.5,-45.83229967749938
2023-01-16 23:50:00+00:00,-26.8,long,is,,4013.5,4013.0,1,1,54562.5,-45.857107417514264
2023-01-16 23:52:00+00:00,-51.8,long,is,,4013.5,4012.5,1,1,54512.5,-45.906722897544036
2023-01-16 23:54:00+00:00,-51.8,long,is,,4013.25,4012.25,1,1,54462.5,-45.9563383775738
2023-01-16 23:56:00+00:00,-14.3,long,is,,4013.25,4013.0,1,1,54450.0,-45.96874224758125
2023-01-16 23:58:00+00:00,-39.3,long,is,,4013.75,4013.0,1,1,54412.5,-46.00595385760357
2023-01-17 00:00:00+00:00,-52.5,long,is,,4013.75,4012.75,1,1,54362.5,-46.05556933763334
2023-01-17 00:09:00+00:00,-40.0,short,is,,4012.25,4013.0,1,8,54325.0,-46.09278094765567
2023-01-17 00:11:00+00:00,-115.0,short,is,,4012.5,4014.75,1,1,54212.5,-46.20441577772265
2023-01-17 00:28:00+00:00,-140.0,long,is,,4016.75,4014.0,1,16,54075.0,-46.34085834780451
2023-01-17 00:30:00+00:00,-52.5,long,is,,4014.75,4013.75,1,1,54025.0,-46.390473827834285
2023-01-17 00:32:00+00:00,-40.0,long,is,,4014.5,4013.75,1,1,53987.5,-46.42768543785662
2023-01-17 00:34:00+00:00,-27.5,long,is,,4014.5,4014.0,1,1,53962.5,-46.452493177871496
2023-01-17 00:39:00+00:00,-77.5,short,is,,4013.5,4015.0,1,4,53887.5,-46.52691639791615
2023-01-17 00:42:00+00:00,-65.0,long,is,,4015.25,4014.0,1,2,53825.0,-46.588935747953364
2023-01-17 00:44:00+00:00,-27.5,long,is,,4014.5,4014.0,1,1,53800.0,-46.61374348796824
2023-01-17 00:47:00+00:00,-77.5,long,is,,4015.0,4013.5,1,2,53725.0,-46.6881667080129
2023-01-17 00:54:00+00:00,-65.0,short,is,,4013.25,4014.5,1,6,53662.5,-46.75018605805011
2023-01-17 00:59:00+00:00,-65.0,long,is,,4015.0,4013.75,1,4,53600.0,-46.81220540808732
2023-01-17 01:04:00+00:00,-52.5,short,is,,4013.5,4014.5,1,4,53550.0,-46.861820888117094
2023-01-17 01:12:00+00:00,-127.5,long,is,,4015.5,4013.0,1,7,53425.0,-46.985859588191516
2023-01-17 01:29:00+00:00,-40.0,short,is,,4012.25,4013.0,1,16,53387.5,-47.02307119821384
2023-01-17 01:34:00+00:00,-26.8,short,is,,4011.75,4012.25,1,4,53362.5,-47.04787893822873
2023-01-17 01:40:00+00:00,-51.8,short,is,,4010.75,4011.75,1,5,53312.5,-47.09749441825849
2023-01-17 01:42:00+00:00,-14.3,short,is,,4011.75,4012.0,1,1,53300.0,-47.10989828826594
2023-01-17 01:45:00+00:00,-51.8,short,is,,4010.75,4011.75,1,2,53250.0,-47.15951376829571
2023-01-17 02:01:00+00:00,10.7,short,is,,4011.25,4011.0,1,15,53262.5,-47.147109898288264
2023-01-17 02:03:00+00:00,-64.3,short,is,,4010.0,4011.25,1,1,53200.0,-47.209129248325475
2023-01-17 02:05:00+00:00,-64.3,short,is,,4010.25,4011.5,1,1,53137.5,-47.271148598362686
2023-01-17 02:07:00+00:00,-1.8,short,is,,4010.25,4010.25,1,1,53137.5,-47.271148598362686
2023-01-17 02:09:00+00:00,-76.8,short,is,,4009.75,4011.25,1,1,53062.5,-47.34557181840734
2023-01-17 02:11:00+00:00,-51.8,short,is,,4010.75,4011.75,1,1,53012.5,-47.395187298437115
2023-01-17 02:13:00+00:00,-14.3,short,is,,4011.0,4011.25,1,1,53000.0,-47.407591168444554
2023-01-17 02:15:00+00:00,-26.8,short,is,,4010.5,4011.0,1,1,52975.0,-47.43239890845944
2023-01-17 02:50:00+00:00,210.7,short,is,,4009.75,4005.5,1,34,53187.5,-47.22153311833292
2023-01-17 02:53:00+00:00,-51.8,short,is,,4004.25,4005.25,1,2,53137.5,-47.271148598362686
2023-01-17 02:56:00+00:00,-26.8,short,is,,4004.5,4005.0,1,2,53112.5,-47.29595633837758
2023-01-17 02:59:00+00:00,-89.3,short,is,,4004.25,4006.0,1,2,53025.0,-47.38278342842967
2023-01-17 03:01:00+00:00,-76.8,short,is,,4005.75,4007.25,1,1,52950.0,-47.457206648474326
2023-01-17 03:03:00+00:00,-1.8,short,is,,4007.0,4007.0,1,1,52950.0,-47.457206648474326
2023-01-17 03:05:00+00:00,-14.3,short,is,,4007.0,4007.25,1,1,52937.5,-47.469610518481765
2023-01-17 03:07:00+00:00,-14.3,short,is,,4006.75,4007.0,1,1,52925.0,-47.482014388489205
2023-01-17 03:09:00+00:00,-14.3,short,is,,4006.25,4006.5,1,1,52912.5,-47.49441825849665
2023-01-17 03:11:00+00:00,-26.8,short,is,,4006.0,4006.5,1,1,52887.5,-47.51922599851153
2023-01-17 03:21:00+00:00,-51.8,short,is,,4005.0,4006.0,1,9,52837.5,-47.56884147854131
2023-01-17 03:23:00+00:00,-39.3,short,is,,4006.0,4006.75,1,1,52800.0,-47.606053088563634
2023-01-17 03:25:00+00:00,-39.3,short,is,,4006.0,4006.75,1,1,52762.5,-47.64326469858596
2023-01-17 03:27:00+00:00,-39.3,short,is,,4006.5,4007.25,1,1,52725.0,-47.68047630860829
2023-01-17 03:29:00+00:00,-39.3,short,is,,4006.25,4007.0,1,1,52687.5,-47.71768791863062
2023-01-17 03:31:00+00:00,-26.8,short,is,,4006.75,4007.25,1,1,52662.5,-47.742495658645495
2023-01-17 03:36:00+00:00,-114.3,long,is,,4007.75,4005.5,1,4,52550.0,-47.85413048871248
2023-01-17 03:45:00+00:00,-89.3,short,is,,4005.75,4007.5,1,8,52462.5,-47.940957578764575
2023-01-17 03:52:00+00:00,-76.8,long,is,,4008.0,4006.5,1,6,52387.5,-48.015380798809225
2023-01-17 04:06:00+00:00,-89.3,short,is,,4005.5,4007.25,1,13,52300.0,-48.10220788886133
2023-01-17 04:08:00+00:00,-101.8,long,is,,4006.75,4004.75,1,1,52200.0,-48.201438848920866
2023-01-17 04:19:00+00:00,-89.3,short,is,,4004.75,4006.5,1,10,52112.5,-48.288265938972955
2023-01-17 04:35:00+00:00,-64.3,long,is,,4007.0,4005.75,1,15,52050.0,-48.350285289010166
2023-01-17 04:37:00+00:00,-39.3,long,is,,4006.5,4005.75,1,1,52012.5,-48.3874968990325
2023-01-17 04:39:00+00:00,-14.3,long,is,,4006.5,4006.25,1,1,52000.0,-48.39990076903994
2023-01-17 04:43:00+00:00,-51.8,short,is,,4006.0,4007.0,1,3,51950.0,-48.44951624906971
2023-01-17 04:46:00+00:00,-51.8,long,is,,4007.25,4006.25,1,2,51900.0,-48.49913172909948
2023-01-17 04:48:00+00:00,-51.8,long,is,,4006.5,4005.5,1,1,51850.0,-48.54874720912925
2023-01-17 04:56:00+00:00,-51.8,short,is,,4005.5,4006.5,1,7,51800.0,-48.59836268915902
2023-01-17 05:09:00+00:00,-26.8,short,is,,4005.75,4006.25,1,12,51775.0,-48.6231704291739
2023-01-17 05:12:00+00:00,-39.3,short,is,,4005.5,4006.25,1,2,51737.5,-48.66038203919623
2023-01-17 05:14:00+00:00,-39.3,short,is,,4006.0,4006.75,1,1,51700.0,-48.697593649218554
2023-01-17 05:41:00+00:00,85.7,short,is,,4005.75,4004.0,1,26,51787.5,-48.61076655916646
2023-01-17 05:43:00+00:00,-14.3,short,is,,4003.5,4003.75,1,1,51775.0,-48.6231704291739
2023-01-17 05:45:00+00:00,-1.8,short,is,,4003.5,4003.5,1,1,51775.0,-48.6231704291739
2023-01-17 05:47:00+00:00,-1.8,short,is,,4003.75,4003.75,1,1,51775.0,-48.6231704291739
2023-01-17 05:51:00+00:00,-39.3,short,is,,4003.0,4003.75,1,3,51737.5,-48.66038203919623
2023-01-17 05:53:00+00:00,-51.8,short,is,,4003.0,4004.0,1,1,51687.5,-48.709997519226
2023-01-17 05:55:00+00:00,-51.8,short,is,,4003.5,4004.5,1,1,51637.5,-48.75961299925577
2023-01-17 05:57:00+00:00,-64.3,short,is,,4003.5,4004.75,1,1,51575.0,-48.82163234929298
2023-01-17 05:59:00+00:00,-39.3,short,is,,4004.0,4004.75,1,1,51537.5,-48.85884395931531
2023-01-17 06:01:00+00:00,-64.3,short,is,,4004.25,4005.5,1,1,51475.0,-48.92086330935252
2023-01-17 06:20:00+00:00,-14.3,long,is,,4005.75,4005.5,1,18,51462.5,-48.933267179359966
2023-01-17 06:22:00+00:00,-51.8,long,is,,4005.75,4004.75,1,1,51412.5,-48.98288265938973
2023-01-17 06:24:00+00:00,-26.8,long,is,,4005.5,4005.0,1,1,51387.5,-49.007690399404616
2023-01-17 06:26:00+00:00,-64.3,long,is,,4006.25,4005.0,1,1,51325.0,-49.06970974944183
2023-01-17 06:28:00+00:00,-51.8,long,is,,4006.0,4005.0,1,1,51275.0,-49.11932522947159
2023-01-17 06:31:00+00:00,-64.3,long,is,,4006.25,4005.0,1,2,51212.5,-49.18134457950881
2023-01-17 06:33:00+00:00,-14.3,long,is,,4005.0,4004.75,1,1,51200.0,-49.19374844951625
2023-01-17 06:35:00+00:00,-64.3,long,is,,4005.5,4004.25,1,1,51137.5,-49.25576779955346
2023-01-17 07:05:00+00:00,73.2,short,is,,4004.5,4003.0,1,29,51212.5,-49.18134457950881
2023-01-17 07:07:00+00:00,-51.8,short,is,,4002.5,4003.5,1,1,51162.5,-49.230960059538575
2023-01-17 07:09:00+00:00,-89.3,short,is,,4002.25,4004.0,1,1,51075.0,-49.31778714959067
2023-01-17 07:25:00+00:00,-26.8,long,is,,4004.25,4003.75,1,15,51050.0,-49.34259488960556
2023-01-17 07:31:00+00:00,-101.8,short,is,,4003.0,4005.0,1,5,50950.0,-49.44182584966509
2023-01-17 07:44:00+00:00,-1.8,short,is,,4003.5,4003.5,1,12,50950.0,-49.44182584966509
2023-01-17 07:48:00+00:00,-26.8,short,is,,4002.75,4003.25,1,3,50925.0,-49.46663358967998
2023-01-17 07:50:00+00:00,-26.8,short,is,,4002.75,4003.25,1,1,50900.0,-49.491441329694865
2023-01-17 07:52:00+00:00,-51.8,short,is,,4003.0,4004.0,1,1,50850.0,-49.54105680972463
2023-01-17 08:24:00+00:00,135.7,long,is,,4004.5,4007.25,1,31,50987.5,-49.40461423964277
2023-01-17 08:26:00+00:00,-1.8,long,is,,4007.25,4007.25,1,1,50987.5,-49.40461423964277
2023-01-17 08:28:00+00:00,-1.8,long,is,,4007.75,4007.75,1,1,50987.5,-49.40461423964277
2023-01-17 08:30:00+00:00,-89.3,long,is,,4008.25,4006.5,1,1,50900.0,-49.491441329694865
2023-01-17 08:32:00+00:00,-64.3,long,is,,4007.75,4006.5,1,1,50837.5,-49.553460679732076
2023-01-17 08:34:00+00:00,-76.8,long,is,,4006.5,4005.0,1,1,50762.5,-49.627883899776734
2023-01-17 08:36:00+00:00,10.7,long,is,,4005.25,4005.5,1,1,50775.0,-49.61548002976929
2023-01-17 08:38:00+00:00,-89.3,long,is,,4007.0,4005.25,1,1,50687.5,-49.702307119821384
2023-01-17 08:40:00+00:00,23.2,long,is,,4005.25,4005.75,1,1,50712.5,-49.6774993798065
2023-01-17 08:43:00+00:00,10.7,long,is,,4006.0,4006.25,1,2,50725.0,-49.66509550979906
2023-01-17 08:45:00+00:00,-51.8,long,is,,4006.0,4005.0,1,1,50675.0,-49.71471098982882
2023-01-17 09:01:00+00:00,10.7,long,is,,4006.25,4006.5,1,15,50687.5,-49.702307119821384
2023-01-17 09:12:00+00:00,48.2,long,is,,4007.0,4008.0,1,10,50737.5,-49.65269163979161
2023-01-17 09:14:00+00:00,-76.8,long,is,,4008.25,4006.75,1,1,50662.5,-49.72711485983627
2023-01-17 09:16:00+00:00,-1.8,long,is,,4006.75,4006.75,1,1,50662.5,-49.72711485983627
2023-01-17 09:18:00+00:00,-64.3,long,is,,4007.0,4005.75,1,1,50600.0,-49.78913420987348
2023-01-17 09:32:00+00:00,-1.8,short,is,,4005.5,4005.5,1,13,50600.0,-49.78913420987348
2023-01-17 09:34:00+00:00,-64.3,short,is,,4005.5,4006.75,1,1,50537.5,-49.85115355991069
2023-01-17 09:49:00+00:00,-64.3,long,is,,4008.0,4006.75,1,14,50475.0,-49.9131729099479
2023-01-17 09:51:00+00:00,-39.3,long,is,,4008.25,4007.5,1,1,50437.5,-49.95038451997023
2023-01-17 09:54:00+00:00,-39.3,long,is,,4008.25,4007.5,1,2,50400.0,-49.98759612999255
2023-01-17 09:56:00+00:00,-51.8,long,is,,4007.5,4006.5,1,1,50350.0,-50.037211610022325
2023-01-17 10:18:00+00:00,10.7,short,is,,4006.0,4005.75,1,21,50362.5,-50.024807740014886
2023-01-17 10:29:00+00:00,-89.3,long,is,,4007.0,4005.25,1,10,50275.0,-50.111634830066976
2023-01-17 10:43:00+00:00,23.2,long,is,,4007.0,4007.5,1,13,50300.0,-50.0868270900521
2023-01-17 10:45:00+00:00,-26.8,long,is,,4007.25,4006.75,1,1,50275.0,-50.111634830066976
2023-01-17 10:52:00+00:00,48.2,long,is,,4007.0,4008.0,1,6,50325.0,-50.06201935003721
2023-01-17 11:00:00+00:00,10.7,long,is,,4008.0,4008.25,1,7,50337.5,-50.04961548002977
2023-01-17 11:02:00+00:00,-39.3,long,is,,4008.25,4007.5,1,1,50300.0,-50.0868270900521
2023-01-17 11:04:00+00:00,-1.8,long,is,,4007.5,4007.5,1,1,50300.0,-50.0868270900521
2023-01-17 11:06:00+00:00,-14.3,long,is,,4007.5,4007.25,1,1,50287.5,-50.099230960059536
2023-01-17 11:08:00+00:00,-1.8,long,is,,4008.0,4008.0,1,1,50287.5,-50.099230960059536
2023-01-17 11:10:00+00:00,-14.3,long,is,,4008.0,4007.75,1,1,50275.0,-50.111634830066976
2023-01-17 11:12:00+00:00,-26.8,long,is,,4007.75,4007.25,1,1,50250.0,-50.13644257008186
2023-01-17 11:18:00+00:00,-64.3,short,is,,4006.5,4007.75,1,5,50187.5,-50.19846192011907
2023-01-17 11:20:00+00:00,-51.8,long,is,,4007.75,4006.75,1,1,50137.5,-50.24807740014885
2023-01-17 11:24:00+00:00,-64.3,long,is,,4007.75,4006.5,1,3,50075.0,-50.31009675018606
2023-01-17 11:26:00+00:00,-51.8,long,is,,4007.75,4006.75,1,1,50025.0,-50.35971223021583
2023-01-17 11:29:00+00:00,-76.8,long,is,,4007.75,4006.25,1,2,49950.0,-50.434135450260484
2023-01-17 11:32:00+00:00,-64.3,short,is,,4006.25,4007.5,1,2,49887.5,-50.49615480029769
2023-01-17 11:38:00+00:00,-51.8,long,is,,4007.5,4006.5,1,5,49837.5,-50.54577028032746
2023-01-17 11:43:00+00:00,-26.8,short,is,,4007.0,4007.5,1,4,49812.5,-50.57057802034235
2023-01-17 11:50:00+00:00,-101.8,long,is,,4008.75,4006.75,1,6,49712.5,-50.66980898040189
2023-01-17 11:52:00+00:00,-51.8,long,is,,4007.75,4006.75,1,1,49662.5,-50.719424460431654
2023-01-17 12:04:00+00:00,10.7,long,is,,4008.25,4008.5,1,11,49675.0,-50.707020590424214
2023-01-17 12:08:00+00:00,-101.8,short,is,,4007.5,4009.5,1,3,49575.0,-50.80625155048375
2023-01-17 12:21:00+00:00,-39.3,long,is,,4010.5,4009.75,1,12,49537.5,-50.843463160506076
2023-01-17 12:33:00+00:00,-51.8,long,is,,4011.75,4010.75,1,11,49487.5,-50.89307864053585
2023-01-17 12:37:00+00:00,-26.8,long,is,,4011.75,4011.25,1,3,49462.5,-50.91788638055073
2023-01-17 12:39:00+00:00,-139.3,long,is,,4013.0,4010.25,1,1,49325.0,-51.0543289506326
2023-01-17 12:41:00+00:00,-64.3,long,is,,4010.5,4009.25,1,1,49262.5,-51.11634830066981
2023-01-17 12:43:00+00:00,-89.3,long,is,,4010.0,4008.25,1,1,49175.0,-51.2031753907219
2023-01-17 12:45:00+00:00,-39.3,long,is,,4009.25,4008.5,1,1,49137.5,-51.240387000744235
2023-01-17 13:01:00+00:00,35.7,short,is,,4008.25,4007.5,1,15,49175.0,-51.2031753907219
2023-01-17 13:14:00+00:00,-89.3,short,is,,4004.0,4005.75,1,12,49087.5,-51.290002480774
2023-01-17 13:16:00+00:00,-14.3,short,is,,4005.75,4006.0,1,1,49075.0,-51.302406350781446
2023-01-17 13:18:00+00:00,-51.8,short,is,,4005.75,4006.75,1,1,49025.0,-51.35202183081121
2023-01-17 13:20:00+00:00,-64.3,short,is,,4006.5,4007.75,1,1,48962.5,-51.41404118084842
2023-01-17 13:39:00+00:00,-89.3,long,is,,4010.75,4009.0,1,18,48875.0,-51.500868270900526
2023-01-17 13:41:00+00:00,-26.8,long,is,,4010.5,4010.0,1,1,48850.0,-51.52567601091541
2023-01-17 13:43:00+00:00,-101.8,long,is,,4010.5,4008.5,1,1,48750.0,-51.62490697097495
2023-01-17 13:45:00+00:00,-14.3,long,is,,4009.5,4009.25,1,1,48737.5,-51.63731084098239
2023-01-17 13:49:00+00:00,-39.3,long,is,,4010.5,4009.75,1,3,48700.0,-51.67452245100471
2023-01-17 13:51:00+00:00,-89.3,long,is,,4010.0,4008.25,1,1,48612.5,-51.76134954105681
2023-01-17 14:02:00+00:00,-126.8,short,is,,4006.75,4009.25,1,10,48487.5,-51.88538824113124
2023-01-17 14:19:00+00:00,98.2,long,is,,4009.75,4011.75,1,16,48587.5,-51.786157281071695
2023-01-17 14:35:00+00:00,160.7,long,is,,4012.75,4016.0,1,15,48750.0,-51.62490697097495
2023-01-17 14:38:00+00:00,-39.3,long,is,,4016.0,4015.25,1,2,48712.5,-51.66211858099727
2023-01-17 14:40:00+00:00,60.7,long,is,,4012.0,4013.25,1,1,48775.0,-51.60009923096006
2023-01-17 14:46:00+00:00,-389.3,short,is,,4010.5,4018.25,1,5,48387.5,-51.984619201190775
2023-01-17 15:28:00+00:00,648.2,long,is,,4018.5,4031.5,1,41,49037.5,-51.33961796080377
2023-01-17 15:30:00+00:00,48.2,long,is,,4029.25,4030.25,1,1,49087.5,-51.290002480774
2023-01-17 15:32:00+00:00,-164.3,long,is,,4030.0,4026.75,1,1,48925.0,-51.45125279087075
2023-01-17 15:34:00+00:00,48.2,long,is,,4025.25,4026.25,1,1,48975.0,-51.40163731084099
2023-01-17 15:36:00+00:00,-14.3,long,is,,4026.5,4026.25,1,1,48962.5,-51.41404118084842
2023-01-17 15:38:00+00:00,60.7,long,is,,4024.0,4025.25,1,1,49025.0,-51.35202183081121
2023-01-17 15:40:00+00:00,-89.3,long,is,,4023.75,4022.0,1,1,48937.5,-51.438848920863315
2023-01-17 16:04:00+00:00,-14.3,short,is,,4015.0,4015.25,1,23,48925.0,-51.45125279087075
2023-01-17 16:27:00+00:00,373.2,short,is,,4014.5,4007.0,1,22,49300.0,-51.07913669064749
2023-01-17 16:29:00+00:00,-51.8,short,is,,4008.0,4009.0,1,1,49250.0,-51.12875217067725
2023-01-17 16:31:00+00:00,-101.8,short,is,,4009.5,4011.5,1,1,49150.0,-51.22798313073679
2023-01-17 16:33:00+00:00,48.2,short,is,,4013.25,4012.25,1,1,49200.0,-51.178367650707024
2023-01-17 16:35:00+00:00,98.2,short,is,,4013.25,4011.25,1,1,49300.0,-51.07913669064749
2023-01-17 16:37:00+00:00,48.2,short,is,,4011.75,4010.75,1,1,49350.0,-51.02952121061771
2023-01-17 16:39:00+00:00,-76.8,short,is,,4009.75,4011.25,1,1,49275.0,-51.10394443066236
2023-01-17 16:41:00+00:00,-26.8,short,is,,4012.75,4013.25,1,1,49250.0,-51.12875217067725
2023-01-17 16:43:00+00:00,-89.3,short,is,,4012.5,4014.25,1,1,49162.5,-51.21557926072935
2023-01-17 16:45:00+00:00,98.2,short,is,,4014.25,4012.25,1,1,49262.5,-51.11634830066981
2023-01-17 16:47:00+00:00,-76.8,short,is,,4013.0,4014.5,1,1,49187.5,-51.19077152071446
2023-01-17 16:49:00+00:00,23.2,short,is,,4014.75,4014.25,1,1,49212.5,-51.16596378069958
2023-01-17 16:51:00+00:00,-26.8,short,is,,4014.25,4014.75,1,1,49187.5,-51.19077152071446
2023-01-17 16:53:00+00:00,35.7,short,is,,4015.25,4014.5,1,1,49225.0,-51.15355991069214
2023-01-17 16:57:00+00:00,-39.3,short,is,,4013.75,4014.5,1,3,49187.5,-51.19077152071446
2023-01-17 16:59:00+00:00,35.7,short,is,,4015.5,4014.75,1,1,49225.0,-51.15355991069214
2023-01-17 17:01:00+00:00,-1.8,short,is,,4014.75,4014.75,1,1,49225.0,-51.15355991069214
2023-01-17 17:09:00+00:00,-126.8,long,is,,4016.75,4014.25,1,7,49100.0,-51.27759861076656
2023-01-17 17:32:00+00:00,60.7,short,is,,4013.0,4011.75,1,22,49162.5,-51.21557926072935
2023-01-17 17:46:00+00:00,-89.3,long,is,,4012.0,4010.25,1,13,49075.0,-51.302406350781446
2023-01-17 17:48:00+00:00,-76.8,short,is,,4011.5,4013.0,1,1,49000.0,-51.3768295708261
2023-01-17 17:50:00+00:00,-51.8,long,is,,4012.75,4011.75,1,1,48950.0,-51.42644505085586
2023-01-17 17:59:00+00:00,10.7,long,is,,4012.75,4013.0,1,8,48962.5,-51.41404118084842
2023-01-17 18:10:00+00:00,35.7,long,is,,4013.75,4014.5,1,10,49000.0,-51.3768295708261
2023-01-17 18:16:00+00:00,-114.3,short,is,,4012.5,4014.75,1,5,48887.5,-51.48846440089307
2023-01-17 18:21:00+00:00,-51.8,long,is,,4015.0,4014.0,1,4,48837.5,-51.53807988092285
2023-01-17 18:23:00+00:00,-76.8,long,is,,4015.0,4013.5,1,1,48762.5,-51.6125031009675
2023-01-17 18:25:00+00:00,-51.8,long,is,,4013.75,4012.75,1,1,48712.5,-51.66211858099727
2023-01-17 18:27:00+00:00,-89.3,long,is,,4014.25,4012.5,1,1,48625.0,-51.74894567104936
2023-01-17 18:31:00+00:00,-26.8,long,is,,4014.0,4013.5,1,3,48600.0,-51.77375341106425
2023-01-17 18:55:00+00:00,148.2,long,is,,4015.0,4018.0,1,23,48750.0,-51.62490697097495
2023-01-17 18:57:00+00:00,35.7,long,is,,4017.5,4018.25,1,1,48787.5,-51.587695360952615
2023-01-17 19:02:00+00:00,-26.8,long,is,,4019.0,4018.5,1,4,48762.5,-51.6125031009675
2023-01-17 19:11:00+00:00,-1.8,long,is,,4018.5,4018.5,1,8,48762.5,-51.6125031009675
2023-01-17 19:14:00+00:00,-126.8,long,is,,4019.25,4016.75,1,2,48637.5,-51.73654180104192
2023-01-17 19:31:00+00:00,73.2,short,is,,4015.0,4013.5,1,16,48712.5,-51.66211858099727
2023-01-17 19:33:00+00:00,10.7,short,is,,4014.0,4013.75,1,1,48725.0,-51.64971471098983
2023-01-17 19:35:00+00:00,-1.8,short,is,,4015.0,4015.0,1,1,48725.0,-51.64971471098983
2023-01-17 19:52:00+00:00,-14.3,long,is,,4017.0,4016.75,1,16,48712.5,-51.66211858099727
2023-01-17 19:54:00+00:00,-39.3,long,is,,4016.0,4015.25,1,1,48675.0,-51.6993301910196
2023-01-17 19:56:00+00:00,-51.8,long,is,,4016.5,4015.5,1,1,48625.0,-51.74894567104936
2023-01-17 20:02:00+00:00,-214.3,short,is,,4013.75,4018.0,1,5,48412.5,-51.95981146117589
2023-01-17 20:09:00+00:00,-76.8,long,is,,4017.0,4015.5,1,6,48337.5,-52.03423468122054
2023-01-17 20:35:00+00:00,98.2,short,is,,4015.5,4013.5,1,25,48437.5,-51.935003721160996
2023-01-17 20:37:00+00:00,-1.8,short,is,,4012.5,4012.5,1,1,48437.5,-51.935003721160996
2023-01-17 20:39:00+00:00,-1.8,short,is,,4013.0,4013.0,1,1,48437.5,-51.935003721160996
2023-01-17 20:42:00+00:00,-51.8,short,is,,4012.5,4013.5,1,2,48387.5,-51.984619201190775
2023-01-17 20:58:00+00:00,185.7,short,is,,4013.25,4009.5,1,15,48575.0,-51.798561151079134
2023-01-17 21:00:00+00:00,-51.8,short,is,,4009.25,4010.25,1,1,48525.0,-51.84817663110891
2023-01-17 21:02:00+00:00,-14.3,short,is,,4011.5,4011.75,1,1,48512.5,-51.860580501116345
2023-01-17 21:04:00+00:00,73.2,short,is,,4012.25,4010.75,1,1,48587.5,-51.786157281071695
2023-01-17 21:06:00+00:00,48.2,short,is,,4011.0,4010.0,1,1,48637.5,-51.73654180104192
2023-01-17 21:08:00+00:00,-14.3,short,is,,4010.0,4010.25,1,1,48625.0,-51.74894567104936
2023-01-17 21:10:00+00:00,35.7,short,is,,4010.25,4009.5,1,1,48662.5,-51.71173406102704
2023-01-17 21:33:00+00:00,-39.3,short,is,,4009.0,4009.75,1,22,48625.0,-51.74894567104936
2023-01-17 21:35:00+00:00,-14.3,short,is,,4009.5,4009.75,1,1,48612.5,-51.76134954105681
2023-01-17 21:37:00+00:00,-14.3,short,is,,4009.0,4009.25,1,1,48600.0,-51.77375341106425
2023-01-17 21:39:00+00:00,-14.3,short,is,,4009.5,4009.75,1,1,48587.5,-51.786157281071695
2023-01-17 21:42:00+00:00,-26.8,short,is,,4009.0,4009.5,1,2,48562.5,-51.810965021086574
2023-01-17 21:44:00+00:00,-26.8,short,is,,4009.5,4010.0,1,1,48537.5,-51.83577276110146
2023-01-17 21:47:00+00:00,-1.8,short,is,,4009.75,4009.75,1,2,48537.5,-51.83577276110146
2023-01-17 21:50:00+00:00,-39.3,short,is,,4009.0,4009.75,1,2,48500.0,-51.872984371123785
2023-01-17 23:18:00+00:00,173.2,short,is,,4008.75,4005.25,1,27,48675.0,-51.6993301910196
2023-01-17 23:20:00+00:00,-26.8,short,is,,4005.0,4005.5,1,1,48650.0,-51.724137931034484
2023-01-17 23:25:00+00:00,-14.3,short,is,,4004.25,4004.5,1,4,48637.5,-51.73654180104192
2023-01-17 23:50:00+00:00,223.2,short,is,,4004.25,3999.75,1,24,48862.5,-51.513272140907965
2023-01-17 23:53:00+00:00,-51.8,short,is,,3999.25,4000.25,1,2,48812.5,-51.56288762093774
2023-01-17 23:58:00+00:00,-26.8,short,is,,4000.0,4000.5,1,4,48787.5,-51.587695360952615
2023-01-18 00:00:00+00:00,-27.5,short,is,,4000.25,4000.75,1,1,48762.5,-51.6125031009675
2023-01-18 00:02:00+00:00,-2.5,short,is,,4001.0,4001.0,1,1,48762.5,-51.6125031009675
2023-01-18 00:04:00+00:00,-27.5,short,is,,4000.0,4000.5,1,1,48737.5,-51.63731084098239
2023-01-18 00:20:00+00:00,10.0,short,is,,3999.25,3999.0,1,15,48750.0,-51.62490697097495
2023-01-18 00:22:00+00:00,-15.0,short,is,,3999.0,3999.25,1,1,48737.5,-51.63731084098239
2023-01-18 00:24:00+00:00,-40.0,short,is,,3998.75,3999.5,1,1,48700.0,-51.67452245100471
2023-01-18 00:26:00+00:00,-52.5,short,is,,3999.0,4000.0,1,1,48650.0,-51.724137931034484
2023-01-18 00:28:00+00:00,-40.0,short,is,,3999.25,4000.0,1,1,48612.5,-51.76134954105681
2023-01-18 00:30:00+00:00,-15.0,short,is,,3998.75,3999.0,1,1,48600.0,-51.77375341106425
2023-01-18 00:32:00+00:00,-90.0,short,is,,3998.0,3999.75,1,1,48512.5,-51.860580501116345
2023-01-18 00:34:00+00:00,-40.0,short,is,,3999.0,3999.75,1,1,48475.0,-51.89779211113867
2023-01-18 00:36:00+00:00,-40.0,short,is,,3999.25,4000.0,1,1,48437.5,-51.935003721160996
2023-01-18 00:38:00+00:00,-77.5,short,is,,3999.0,4000.5,1,1,48362.5,-52.00942694120566
2023-01-18 00:40:00+00:00,-2.5,short,is,,4000.0,4000.0,1,1,48362.5,-52.00942694120566
2023-01-18 00:42:00+00:00,-27.5,short,is,,3999.25,3999.75,1,1,48337.5,-52.03423468122054
2023-01-18 00:44:00+00:00,-40.0,short,is,,3999.0,3999.75,1,1,48300.0,-52.07144629124287
2023-01-18 00:51:00+00:00,-77.5,short,is,,3999.0,4000.5,1,6,48225.0,-52.14586951128752
2023-01-18 01:00:00+00:00,-65.0,long,is,,4000.5,3999.25,1,8,48162.5,-52.20788886132473
2023-01-18 01:23:00+00:00,73.2,long,is,,4000.5,4002.0,1,22,48237.5,-52.133465641280075
2023-01-18 01:25:00+00:00,-76.8,long,is,,4002.75,4001.25,1,1,48162.5,-52.20788886132473
2023-01-18 01:27:00+00:00,-39.3,long,is,,4001.75,4001.0,1,1,48125.0,-52.24510047134706
2023-01-18 01:29:00+00:00,-26.8,long,is,,4000.75,4000.25,1,1,48100.0,-52.26990821136195
2023-01-18 01:31:00+00:00,-26.8,long,is,,4001.25,4000.75,1,1,48075.0,-52.29471595137682
2023-01-18 01:33:00+00:00,-64.3,long,is,,4001.75,4000.5,1,1,48012.5,-52.356735301414034
2023-01-18 01:35:00+00:00,-26.8,long,is,,4001.0,4000.5,1,1,47987.5,-52.38154304142893
2023-01-18 01:37:00+00:00,-26.8,long,is,,4001.0,4000.5,1,1,47962.5,-52.40635078144381
2023-01-18 01:39:00+00:00,-76.8,long,is,,4001.25,3999.75,1,1,47887.5,-52.48077400148846
2023-01-18 01:45:00+00:00,-76.8,short,is,,3999.25,4000.75,1,5,47812.5,-52.55519722153312
2023-01-18 01:56:00+00:00,-89.3,short,is,,3999.5,4001.25,1,10,47725.0,-52.64202431158521
2023-01-18 02:23:00+00:00,85.7,long,is,,4001.25,4003.0,1,26,47812.5,-52.55519722153312
2023-01-18 02:26:00+00:00,-39.3,long,is,,4003.75,4003.0,1,2,47775.0,-52.592408831555446
2023-01-18 02:28:00+00:00,-39.3,long,is,,4003.5,4002.75,1,1,47737.5,-52.62962044157777
2023-01-18 02:30:00+00:00,-64.3,long,is,,4003.25,4002.0,1,1,47675.0,-52.69163979161499
2023-01-18 02:32:00+00:00,-39.3,long,is,,4002.25,4001.5,1,1,47637.5,-52.728851401637314
2023-01-18 02:41:00+00:00,-614.3,short,is,,4001.5,4013.75,1,8,47025.0,-53.336641032001985
2023-01-18 02:59:00+00:00,148.2,long,is,,4011.75,4014.75,1,17,47175.0,-53.18779459191268
2023-01-18 03:01:00+00:00,-76.8,long,is,,4016.5,4015.0,1,1,47100.0,-53.262217811957335
2023-01-18 03:04:00+00:00,-26.8,long,is,,4016.0,4015.5,1,2,47075.0,-53.287025551972214
2023-01-18 03:06:00+00:00,-64.3,long,is,,4015.75,4014.5,1,1,47012.5,-53.349044902009425
2023-01-18 03:23:00+00:00,123.2,long,is,,4015.0,4017.5,1,16,47137.5,-53.225006201935
2023-01-18 03:25:00+00:00,-51.8,long,is,,4017.75,4016.75,1,1,47087.5,-53.274621681964774
2023-01-18 03:27:00+00:00,-14.3,long,is,,4017.25,4017.0,1,1,47075.0,-53.287025551972214
2023-01-18 03:29:00+00:00,-26.8,long,is,,4017.25,4016.75,1,1,47050.0,-53.3118332919871
2023-01-18 03:31:00+00:00,-89.3,long,is,,4017.0,4015.25,1,1,46962.5,-53.398660382039196
2023-01-18 03:33:00+00:00,-39.3,long,is,,4014.0,4013.25,1,1,46925.0,-53.43587199206152
2023-01-18 03:35:00+00:00,-39.3,long,is,,4013.0,4012.25,1,1,46887.5,-53.47308360208385
2023-01-18 03:37:00+00:00,-39.3,long,is,,4013.75,4013.0,1,1,46850.0,-53.51029521210617
2023-01-18 03:59:00+00:00,-76.8,short,is,,4009.0,4010.5,1,21,46775.0,-53.58471843215084
2023-01-18 04:01:00+00:00,-101.8,short,is,,4009.75,4011.75,1,1,46675.0,-53.68394939221037
2023-01-18 04:03:00+00:00,-51.8,short,is,,4011.5,4012.5,1,1,46625.0,-53.73356487224014
2023-01-18 04:05:00+00:00,-26.8,short,is,,4011.0,4011.5,1,1,46600.0,-53.75837261225502
2023-01-18 04:07:00+00:00,23.2,short,is,,4010.5,4010.0,1,1,46625.0,-53.73356487224014
2023-01-18 04:12:00+00:00,-151.8,short,is,,4008.25,4011.25,1,4,46475.0,-53.882411312329445
2023-01-18 04:14:00+00:00,-1.8,short,is,,4010.75,4010.75,1,1,46475.0,-53.882411312329445
2023-01-18 04:16:00+00:00,-1.8,short,is,,4011.5,4011.5,1,1,46475.0,-53.882411312329445
2023-01-18 04:18:00+00:00,-51.8,short,is,,4010.75,4011.75,1,1,46425.0,-53.93202679235921
2023-01-18 04:20:00+00:00,-39.3,short,is,,4011.5,4012.25,1,1,46387.5,-53.96923840238155
2023-01-18 04:22:00+00:00,10.7,short,is,,4011.75,4011.5,1,1,46400.0,-53.956834532374096
2023-01-18 04:24:00+00:00,-51.8,short,is,,4011.25,4012.25,1,1,46350.0,-54.006450012403874
2023-01-18 04:26:00+00:00,-51.8,short,is,,4010.75,4011.75,1,1,46300.0,-54.05606549243364
2023-01-18 04:28:00+00:00,-89.3,short,is,,4011.25,4013.0,1,1,46212.5,-54.142892582485736
2023-01-18 04:30:00+00:00,-26.8,short,is,,4012.25,4012.75,1,1,46187.5,-54.16770032250062
2023-01-18 04:32:00+00:00,-26.8,short,is,,4012.0,4012.5,1,1,46162.5,-54.19250806251551
2023-01-18 04:34:00+00:00,-39.3,short,is,,4012.0,4012.75,1,1,46125.0,-54.22971967253783
2023-01-18 04:36:00+00:00,-1.8,short,is,,4013.0,4013.0,1,1,46125.0,-54.22971967253783
2023-01-18 05:07:00+00:00,-1.8,long,is,,4013.5,4013.5,1,30,46125.0,-54.22971967253783
2023-01-18 05:09:00+00:00,-26.8,long,is,,4014.0,4013.5,1,1,46100.0,-54.25452741255271
2023-01-18 05:11:00+00:00,-14.3,long,is,,4013.0,4012.75,1,1,46087.5,-54.26693128256016
2023-01-18 05:13:00+00:00,-64.3,long,is,,4013.25,4012.0,1,1,46025.0,-54.32895063259737
2023-01-18 05:15:00+00:00,-26.8,long,is,,4012.5,4012.0,1,1,46000.0,-54.35375837261226
2023-01-18 05:17:00+00:00,-14.3,long,is,,4012.75,4012.5,1,1,45987.5,-54.366162242619694
2023-01-18 05:19:00+00:00,-1.8,long,is,,4013.25,4013.25,1,1,45987.5,-54.366162242619694
2023-01-18 05:22:00+00:00,-39.3,long,is,,4013.5,4012.75,1,2,45950.0,-54.40337385264202
2023-01-18 05:27:00+00:00,-64.3,long,is,,4013.5,4012.25,1,4,45887.5,-54.46539320267924
2023-01-18 05:29:00+00:00,-14.3,long,is,,4012.75,4012.5,1,1,45875.0,-54.47779707268667
2023-01-18 05:31:00+00:00,-26.8,long,is,,4013.0,4012.5,1,1,45850.0,-54.50260481270156
2023-01-18 05:42:00+00:00,-64.3,short,is,,4012.0,4013.25,1,10,45787.5,-54.564624162738774
2023-01-18 05:44:00+00:00,-51.8,long,is,,4013.25,4012.25,1,1,45737.5,-54.614239642768545
2023-01-18 05:46:00+00:00,-39.3,short,is,,4012.0,4012.75,1,1,45700.0,-54.65145125279087
2023-01-18 05:48:00+00:00,-39.3,short,is,,4012.5,4013.25,1,1,45662.5,-54.688662862813196
2023-01-18 05:57:00+00:00,-39.3,long,is,,4013.75,4013.0,1,8,45625.0,-54.72587447283552
2023-01-18 06:02:00+00:00,-26.8,long,is,,4013.5,4013.0,1,4,45600.0,-54.75068221285041
2023-01-18 06:05:00+00:00,-64.3,long,is,,4014.0,4012.75,1,2,45537.5,-54.812701562887625
2023-01-18 06:20:00+00:00,-1.8,long,is,,4013.75,4013.75,1,14,45537.5,-54.812701562887625
2023-01-18 06:22:00+00:00,-39.3,long,is,,4014.5,4013.75,1,1,45500.0,-54.84991317290995
2023-01-18 06:46:00+00:00,48.2,long,is,,4014.5,4015.5,1,23,45550.0,-54.80029769288017
2023-01-18 06:48:00+00:00,-26.8,long,is,,4016.25,4015.75,1,1,45525.0,-54.82510543289506
2023-01-18 06:50:00+00:00,-39.3,long,is,,4015.75,4015.0,1,1,45487.5,-54.86231704291738
2023-01-18 06:52:00+00:00,-51.8,long,is,,4015.5,4014.5,1,1,45437.5,-54.91193252294716
2023-01-18 06:54:00+00:00,-51.8,long,is,,4015.5,4014.5,1,1,45387.5,-54.96154800297693
2023-01-18 06:56:00+00:00,-1.8,long,is,,4015.5,4015.5,1,1,45387.5,-54.96154800297693
2023-01-18 07:19:00+00:00,48.2,long,is,,4016.5,4017.5,1,22,45437.5,-54.91193252294716
2023-01-18 07:21:00+00:00,-39.3,long,is,,4018.0,4017.25,1,1,45400.0,-54.94914413296949
2023-01-18 07:30:00+00:00,-26.8,long,is,,4018.0,4017.5,1,8,45375.0,-54.97395187298437
2023-01-18 07:32:00+00:00,-1.8,long,is,,4017.25,4017.25,1,1,45375.0,-54.97395187298437
2023-01-18 07:34:00+00:00,-26.8,long,is,,4017.75,4017.25,1,1,45350.0,-54.99875961299926
2023-01-18 07:40:00+00:00,-51.8,long,is,,4018.25,4017.25,1,5,45300.0,-55.04837509302902
2023-01-18 07:42:00+00:00,-14.3,long,is,,4017.75,4017.5,1,1,45287.5,-55.06077896303647
2023-01-18 07:44:00+00:00,-101.8,long,is,,4016.75,4014.75,1,1,45187.5,-55.16000992309601
2023-01-18 07:55:00+00:00,-189.3,short,is,,4013.25,4017.0,1,10,45000.0,-55.34606797320764
2023-01-18 07:57:00+00:00,-51.8,short,is,,4016.25,4017.25,1,1,44950.0,-55.39568345323741
2023-01-18 08:07:00+00:00,-89.3,long,is,,4017.0,4015.25,1,9,44862.5,-55.48251054328951
2023-01-18 08:09:00+00:00,-101.8,short,is,,4015.5,4017.5,1,1,44762.5,-55.58174150334905
2023-01-18 08:20:00+00:00,-101.8,long,is,,4018.75,4016.75,1,10,44662.5,-55.68097246340859
2023-01-18 08:44:00+00:00,235.7,short,is,,4015.75,4011.0,1,23,44900.0,-55.44529893326718
2023-01-18 08:46:00+00:00,-1.8,short,is,,4010.5,4010.5,1,1,44900.0,-55.44529893326718
2023-01-18 08:48:00+00:00,-64.3,short,is,,4009.5,4010.75,1,1,44837.5,-55.507318283304386
2023-01-18 08:50:00+00:00,-1.8,short,is,,4010.5,4010.5,1,1,44837.5,-55.507318283304386
2023-01-18 08:52:00+00:00,-114.3,short,is,,4010.5,4012.75,1,1,44725.0,-55.618953113371376
2023-01-18 08:54:00+00:00,-39.3,short,is,,4013.0,4013.75,1,1,44687.5,-55.6561647233937
2023-01-18 08:56:00+00:00,-89.3,short,is,,4012.75,4014.5,1,1,44600.0,-55.7429918134458
2023-01-18 08:58:00+00:00,-14.3,short,is,,4014.25,4014.5,1,1,44587.5,-55.75539568345324
2023-01-18 09:00:00+00:00,-14.3,short,is,,4014.5,4014.75,1,1,44575.0,-55.767799553460684
2023-01-18 09:05:00+00:00,-164.3,long,is,,4015.75,4012.5,1,4,44412.5,-55.92904986355743
2023-01-18 09:19:00+00:00,-1.8,short,is,,4012.75,4012.75,1,13,44412.5,-55.92904986355743
2023-01-18 09:22:00+00:00,-51.8,short,is,,4012.25,4013.25,1,2,44362.5,-55.978665343587195
2023-01-18 09:24:00+00:00,-39.3,short,is,,4012.5,4013.25,1,1,44325.0,-56.01587695360952
2023-01-18 09:26:00+00:00,-51.8,short,is,,4013.0,4014.0,1,1,44275.0,-56.0654924336393
2023-01-18 09:28:00+00:00,-1.8,short,is,,4013.0,4013.0,1,1,44275.0,-56.0654924336393
2023-01-18 09:50:00+00:00,-39.3,short,is,,4011.5,4012.25,1,21,44237.5,-56.102704043661625
2023-01-18 09:52:00+00:00,-39.3,short,is,,4011.75,4012.5,1,1,44200.0,-56.13991565368395
2023-01-18 09:54:00+00:00,-26.8,short,is,,4011.75,4012.25,1,1,44175.0,-56.164723393698836
2023-01-18 10:01:00+00:00,-76.8,long,is,,4012.5,4011.0,1,6,44100.0,-56.239146613743486
2023-01-18 10:03:00+00:00,-39.3,short,is,,4011.25,4012.0,1,1,44062.5,-56.27635822376581
2023-01-18 10:08:00+00:00,-39.3,long,is,,4012.75,4012.0,1,4,44025.0,-56.313569833788144
2023-01-18 10:12:00+00:00,-51.8,long,is,,4012.5,4011.5,1,3,43975.0,-56.36318531381791
2023-01-18 10:16:00+00:00,-89.3,short,is,,4011.0,4012.75,1,3,43887.5,-56.45001240387001
2023-01-18 10:21:00+00:00,-76.8,long,is,,4013.5,4012.0,1,4,43812.5,-56.52443562391466
2023-01-18 10:23:00+00:00,-26.8,long,is,,4012.25,4011.75,1,1,43787.5,-56.54924336392955
2023-01-18 10:27:00+00:00,-76.8,long,is,,4013.25,4011.75,1,3,43712.5,-56.6236665839742
2023-01-18 10:39:00+00:00,-51.8,short,is,,4010.75,4011.75,1,11,43662.5,-56.67328206400397
2023-01-18 10:41:00+00:00,-39.3,short,is,,4010.5,4011.25,1,1,43625.0,-56.710493674026296
2023-01-18 10:43:00+00:00,-26.8,short,is,,4011.0,4011.5,1,1,43600.0,-56.73530141404118
2023-01-18 10:45:00+00:00,-39.3,short,is,,4011.0,4011.75,1,1,43562.5,-56.77251302406351
2023-01-18 10:47:00+00:00,-126.8,short,is,,4011.0,4013.5,1,1,43437.5,-56.896551724137936
2023-01-18 11:11:00+00:00,10.7,long,is,,4013.75,4014.0,1,23,43450.0,-56.88414785413048
2023-01-18 11:13:00+00:00,-14.3,long,is,,4014.5,4014.25,1,1,43437.5,-56.896551724137936
2023-01-18 11:20:00+00:00,-51.8,long,is,,4015.5,4014.5,1,6,43387.5,-56.94616720416769
2023-01-18 11:22:00+00:00,-39.3,long,is,,4015.25,4014.5,1,1,43350.0,-56.98337881419002
2023-01-18 11:24:00+00:00,-26.8,long,is,,4015.0,4014.5,1,1,43325.0,-57.00818655420491
2023-01-18 11:28:00+00:00,-64.3,long,is,,4016.0,4014.75,1,3,43262.5,-57.07020590424212
2023-01-18 11:30:00+00:00,-39.3,long,is,,4014.75,4014.0,1,1,43225.0,-57.10741751426445
2023-01-18 11:32:00+00:00,-39.3,long,is,,4013.5,4012.75,1,1,43187.5,-57.14462912428677
2023-01-18 11:38:00+00:00,-164.3,short,is,,4012.5,4015.75,1,5,43025.0,-57.305879434383534
2023-01-18 11:48:00+00:00,-76.8,long,is,,4015.5,4014.0,1,9,42950.0,-57.380302654428185
2023-01-18 12:09:00+00:00,48.2,long,is,,4014.75,4015.75,1,20,43000.0,-57.330687174398406
2023-01-18 12:11:00+00:00,-14.3,long,is,,4016.5,4016.25,1,1,42987.5,-57.34309104440586
2023-01-18 12:14:00+00:00,-26.8,long,is,,4017.0,4016.5,1,2,42962.5,-57.36789878442073
2023-01-18 13:01:00+00:00,198.2,long,is,,4017.25,4021.25,1,46,43162.5,-57.16943686430166
2023-01-18 13:03:00+00:00,-14.3,long,is,,4021.75,4021.5,1,1,43150.0,-57.181840734309105
2023-01-18 13:05:00+00:00,-76.8,long,is,,4022.0,4020.5,1,1,43075.0,-57.256263954353756
2023-01-18 13:07:00+00:00,-64.3,long,is,,4020.75,4019.5,1,1,43012.5,-57.318283304390974
2023-01-18 13:09:00+00:00,-64.3,long,is,,4020.0,4018.75,1,1,42950.0,-57.380302654428185
2023-01-18 13:11:00+00:00,23.2,long,is,,4019.5,4020.0,1,1,42975.0,-57.3554949144133
2023-01-18 13:13:00+00:00,-1.8,long,is,,4020.25,4020.25,1,1,42975.0,-57.3554949144133
2023-01-18 13:15:00+00:00,-26.8,long,is,,4021.0,4020.5,1,1,42950.0,-57.380302654428185
2023-01-18 13:17:00+00:00,-51.8,long,is,,4021.5,4020.5,1,1,42900.0,-57.42991813445795
2023-01-18 13:19:00+00:00,-26.8,long,is,,4020.5,4020.0,1,1,42875.0,-57.454725874472835
2023-01-18 13:21:00+00:00,-64.3,long,is,,4020.0,4018.75,1,1,42812.5,-57.516745224510046
2023-01-18 13:23:00+00:00,-26.8,long,is,,4019.75,4019.25,1,1,42787.5,-57.54155296452493
2023-01-18 13:25:00+00:00,-101.8,long,is,,4019.25,4017.25,1,1,42687.5,-57.64078392458447
2023-01-18 13:28:00+00:00,-176.8,short,is,,4017.5,4021.0,1,2,42512.5,-57.81443810468866
2023-01-18 13:34:00+00:00,-289.3,long,is,,4020.0,4014.25,1,5,42225.0,-58.09972711485983
2023-01-18 13:46:00+00:00,-226.8,short,is,,4015.25,4019.75,1,11,42000.0,-58.3229967749938
2023-01-18 14:02:00+00:00,-64.3,long,is,,4022.0,4020.75,1,15,41937.5,-58.38501612503101
2023-01-18 14:18:00+00:00,110.7,long,is,,4021.75,4024.0,1,15,42050.0,-58.27338129496403
2023-01-18 14:20:00+00:00,10.7,long,is,,4023.75,4024.0,1,1,42062.5,-58.260977424956586
2023-01-18 14:24:00+00:00,-101.8,long,is,,4025.25,4023.25,1,3,41962.5,-58.36020838501612
2023-01-18 14:28:00+00:00,-89.3,long,is,,4026.0,4024.25,1,3,41875.0,-58.44703547506822
2023-01-18 14:30:00+00:00,-76.8,long,is,,4023.5,4022.0,1,1,41800.0,-58.52145869511287
2023-01-18 14:32:00+00:00,-89.3,long,is,,4025.5,4023.75,1,1,41712.5,-58.60828578516497
2023-01-18 14:42:00+00:00,-339.3,short,is,,4019.0,4025.75,1,9,41375.0,-58.94319027536591
2023-01-18 14:45:00+00:00,-326.8,long,is,,4027.25,4020.75,1,2,41050.0,-59.265690895559416
2023-01-18 14:47:00+00:00,-64.3,long,is,,4021.75,4020.5,1,1,40987.5,-59.32771024559662
2023-01-18 14:50:00+00:00,-164.3,short,is,,4020.25,4023.5,1,2,40825.0,-59.48896055569337
2023-01-18 15:12:00+00:00,-39.3,long,is,,4027.0,4026.25,1,21,40787.5,-59.52617216571571
2023-01-18 15:14:00+00:00,-51.8,long,is,,4029.25,4028.25,1,1,40737.5,-59.57578764574547
2023-01-18 15:18:00+00:00,35.7,long,is,,4027.5,4028.25,1,3,40775.0,-59.538576035723146
2023-01-18 15:30:00+00:00,-226.8,short,is,,4021.75,4026.25,1,11,40550.0,-59.761845695857104
2023-01-18 16:50:00+00:00,2148.2,short,is,,4022.5,3979.5,1,79,42700.0,-57.628380054577036
2023-01-18 16:57:00+00:00,35.7,short,is,,3977.5,3976.75,1,6,42737.5,-57.5911684445547
2023-01-18 16:59:00+00:00,-51.8,short,is,,3978.5,3979.5,1,1,42687.5,-57.64078392458447
2023-01-18 17:01:00+00:00,48.2,short,is,,3980.0,3979.0,1,1,42737.5,-57.5911684445547
2023-01-18 17:03:00+00:00,-26.8,short,is,,3979.25,3979.75,1,1,42712.5,-57.61597618456958
2023-01-18 17:12:00+00:00,35.7,short,is,,3978.25,3977.5,1,8,42750.0,-57.57876457454726
2023-01-18 17:14:00+00:00,23.2,short,is,,3978.0,3977.5,1,1,42775.0,-57.55395683453237
2023-01-18 17:17:00+00:00,48.2,short,is,,3979.25,3978.25,1,2,42825.0,-57.50434135450261
2023-01-18 17:38:00+00:00,198.2,short,is,,3975.5,3971.5,1,20,43025.0,-57.305879434383534
2023-01-18 17:41:00+00:00,48.2,short,is,,3971.5,3970.5,1,2,43075.0,-57.256263954353756
2023-01-18 17:43:00+00:00,-126.8,short,is,,3968.5,3971.0,1,1,42950.0,-57.380302654428185
2023-01-18 17:50:00+00:00,-14.3,short,is,,3969.25,3969.5,1,6,42937.5,-57.392706524435624
2023-01-18 18:22:00+00:00,460.7,short,is,,3969.25,3960.0,1,31,43400.0,-56.93376333416026
2023-01-18 18:24:00+00:00,-89.3,short,is,,3958.5,3960.25,1,1,43312.5,-57.02059042421236
2023-01-18 18:26:00+00:00,-64.3,short,is,,3959.75,3961.0,1,1,43250.0,-57.08260977424957
2023-01-18 18:28:00+00:00,23.2,short,is,,3962.25,3961.75,1,1,43275.0,-57.05780203423468
2023-01-18 18:30:00+00:00,-26.8,short,is,,3963.75,3964.25,1,1,43250.0,-57.08260977424957
2023-01-18 18:32:00+00:00,-76.8,short,is,,3964.0,3965.5,1,1,43175.0,-57.15703299429422
2023-01-18 18:34:00+00:00,10.7,short,is,,3965.0,3964.75,1,1,43187.5,-57.14462912428677
2023-01-18 18:36:00+00:00,-39.3,short,is,,3962.25,3963.0,1,1,43150.0,-57.181840734309105
2023-01-18 18:38:00+00:00,-64.3,short,is,,3964.75,3966.0,1,1,43087.5,-57.24386008434632
2023-01-18 18:40:00+00:00,35.7,short,is,,3965.75,3965.0,1,1,43125.0,-57.206648474323984
2023-01-18 18:42:00+00:00,-39.3,short,is,,3966.0,3966.75,1,1,43087.5,-57.24386008434632
2023-01-18 18:44:00+00:00,-51.8,short,is,,3966.0,3967.0,1,1,43037.5,-57.29347556437608
2023-01-18 18:57:00+00:00,-89.3,long,is,,3968.75,3967.0,1,12,42950.0,-57.380302654428185
2023-01-18 18:59:00+00:00,-51.8,long,is,,3968.0,3967.0,1,1,42900.0,-57.42991813445795
2023-01-18 19:01:00+00:00,-76.8,long,is,,3967.25,3965.75,1,1,42825.0,-57.50434135450261
2023-01-18 19:03:00+00:00,-64.3,long,is,,3966.0,3964.75,1,1,42762.5,-57.56636070453982
2023-01-18 19:05:00+00:00,-39.3,long,is,,3967.0,3966.25,1,1,42725.0,-57.60357231456214
2023-01-18 19:11:00+00:00,-151.8,short,is,,3964.0,3967.0,1,5,42575.0,-57.752418754651444
2023-01-18 19:13:00+00:00,-39.3,long,is,,3966.25,3965.5,1,1,42537.5,-57.78963036467378
2023-01-18 19:16:00+00:00,-26.8,long,is,,3966.0,3965.5,1,2,42512.5,-57.81443810468866
2023-01-18 19:21:00+00:00,-1.8,short,is,,3965.0,3965.0,1,4,42512.5,-57.81443810468866
2023-01-18 19:23:00+00:00,-89.3,short,is,,3964.5,3966.25,1,1,42425.0,-57.90126519474076
2023-01-18 19:39:00+00:00,35.7,long,is,,3965.5,3966.25,1,15,42462.5,-57.864053584718434
2023-01-18 19:41:00+00:00,-26.8,long,is,,3965.5,3965.0,1,1,42437.5,-57.88886132473332
2023-01-18 19:43:00+00:00,-14.3,long,is,,3964.75,3964.5,1,1,42425.0,-57.90126519474076
2023-01-18 19:45:00+00:00,10.7,long,is,,3965.75,3966.0,1,1,42437.5,-57.88886132473332
2023-01-18 19:47:00+00:00,-14.3,long,is,,3965.25,3965.0,1,1,42425.0,-57.90126519474076
2023-01-18 19:49:00+00:00,-14.3,long,is,,3965.0,3964.75,1,1,42412.5,-57.9136690647482
2023-01-18 20:09:00+00:00,73.2,short,is,,3964.0,3962.5,1,19,42487.5,-57.83924584470355
2023-01-18 20:11:00+00:00,-101.8,short,is,,3961.25,3963.25,1,1,42387.5,-57.938476804763084
2023-01-18 20:17:00+00:00,-276.8,long,is,,3965.5,3960.0,1,5,42112.5,-58.21136194492682
2023-01-18 20:21:00+00:00,-114.3,short,is,,3959.25,3961.5,1,3,42000.0,-58.3229967749938
2023-01-18 20:23:00+00:00,-51.8,short,is,,3960.25,3961.25,1,1,41950.0,-58.37261225502357
2023-01-18 21:11:00+00:00,773.2,short,is,,3962.0,3946.5,1,47,42725.0,-57.60357231456214
2023-01-18 21:13:00+00:00,-1.8,short,is,,3946.5,3946.5,1,1,42725.0,-57.60357231456214
2023-01-18 21:27:00+00:00,-26.8,short,is,,3945.5,3946.0,1,13,42700.0,-57.628380054577036
2023-01-18 21:31:00+00:00,-26.8,short,is,,3945.25,3945.75,1,3,42675.0,-57.65318779459191
2023-01-18 21:33:00+00:00,-26.8,short,is,,3945.25,3945.75,1,1,42650.0,-57.677995534606794
2023-01-18 21:35:00+00:00,-51.8,short,is,,3945.25,3946.25,1,1,42600.0,-57.72761101463657
2023-01-18 21:37:00+00:00,-26.8,short,is,,3945.75,3946.25,1,1,42575.0,-57.752418754651444
2023-01-18 21:39:00+00:00,-26.8,short,is,,3945.5,3946.0,1,1,42550.0,-57.77722649466634
2023-01-18 21:44:00+00:00,-26.8,short,is,,3945.5,3946.0,1,4,42525.0,-57.80203423468122
2023-01-18 21:47:00+00:00,-39.3,short,is,,3945.5,3946.25,1,2,42487.5,-57.83924584470355
2023-01-18 21:52:00+00:00,-39.3,short,is,,3945.25,3946.0,1,4,42450.0,-57.87645745472587
2023-01-18 21:54:00+00:00,-51.8,short,is,,3945.75,3946.75,1,1,42400.0,-57.926072934755645
2023-01-18 21:56:00+00:00,-26.8,short,is,,3946.25,3946.75,1,1,42375.0,-57.95088067477053
2023-01-18 21:58:00+00:00,-39.3,short,is,,3946.25,3947.0,1,1,42337.5,-57.988092284792856
2023-01-18 23:02:00+00:00,-1.8,short,is,,3946.25,3946.25,1,3,42337.5,-57.988092284792856
2023-01-18 23:06:00+00:00,-64.3,short,is,,3945.75,3947.0,1,3,42275.0,-58.050111634830074
2023-01-18 23:08:00+00:00,-39.3,short,is,,3946.0,3946.75,1,1,42237.5,-58.0873232448524
2023-01-18 23:15:00+00:00,-76.8,long,is,,3948.0,3946.5,1,6,42162.5,-58.16174646489705
2023-01-18 23:19:00+00:00,-64.3,long,is,,3947.25,3946.0,1,3,42100.0,-58.22376581493426
2023-01-18 23:21:00+00:00,-51.8,long,is,,3947.0,3946.0,1,1,42050.0,-58.27338129496403
2023-01-18 23:25:00+00:00,-51.8,short,is,,3946.25,3947.25,1,3,42000.0,-58.3229967749938
2023-01-18 23:31:00+00:00,-64.3,long,is,,3947.5,3946.25,1,5,41937.5,-58.38501612503101
2023-01-18 23:34:00+00:00,-64.3,short,is,,3945.75,3947.0,1,2,41875.0,-58.44703547506822
2023-01-18 23:40:00+00:00,-39.3,long,is,,3947.5,3946.75,1,5,41837.5,-58.484247085090544
2023-01-18 23:42:00+00:00,-51.8,long,is,,3947.25,3946.25,1,1,41787.5,-58.53386256512032
2023-01-18 23:56:00+00:00,48.2,long,is,,3946.5,3947.5,1,13,41837.5,-58.484247085090544
2023-01-18 23:58:00+00:00,10.7,long,is,,3947.25,3947.5,1,1,41850.0,-58.471843215083105
2023-01-19 00:00:00+00:00,-40.0,long,is,,3947.25,3946.5,1,1,41812.5,-58.50905482510543
2023-01-19 00:17:00+00:00,22.5,short,is,,3945.5,3945.0,1,16,41837.5,-58.484247085090544
2023-01-19 00:34:00+00:00,97.5,short,is,,3945.25,3943.25,1,16,41937.5,-58.38501612503101
2023-01-19 00:36:00+00:00,-40.0,short,is,,3942.5,3943.25,1,1,41900.0,-58.42222773505333
2023-01-19 00:38:00+00:00,-102.5,short,is,,3941.75,3943.75,1,1,41800.0,-58.52145869511287
2023-01-19 00:40:00+00:00,-2.5,short,is,,3942.25,3942.25,1,1,41800.0,-58.52145869511287
2023-01-19 01:01:00+00:00,48.2,short,is,,3941.75,3940.75,1,20,41850.0,-58.471843215083105
2023-01-19 01:05:00+00:00,-64.3,short,is,,3939.5,3940.75,1,3,41787.5,-58.53386256512032
2023-01-19 01:07:00+00:00,-64.3,short,is,,3939.5,3940.75,1,1,41725.0,-58.595881915157534
2023-01-19 01:09:00+00:00,-101.8,short,is,,3940.25,3942.25,1,1,41625.0,-58.69511287521707
2023-01-19 01:11:00+00:00,-51.8,short,is,,3940.5,3941.5,1,1,41575.0,-58.744728355246835
2023-01-19 01:13:00+00:00,-51.8,short,is,,3940.0,3941.0,1,1,41525.0,-58.79434383527661
2023-01-19 01:17:00+00:00,-26.8,short,is,,3940.25,3940.75,1,3,41500.0,-58.81915157529149
2023-01-19 01:25:00+00:00,-51.8,short,is,,3940.0,3941.0,1,7,41450.0,-58.86876705532126
2023-01-19 01:27:00+00:00,-39.3,short,is,,3940.75,3941.5,1,1,41412.5,-58.90597866534358
2023-01-19 01:29:00+00:00,-39.3,short,is,,3941.25,3942.0,1,1,41375.0,-58.94319027536591
2023-01-19 01:31:00+00:00,-14.3,short,is,,3941.5,3941.75,1,1,41362.5,-58.95559414537336
2023-01-19 01:33:00+00:00,-51.8,short,is,,3940.75,3941.75,1,1,41312.5,-59.00520962540312
2023-01-19 01:35:00+00:00,-26.8,short,is,,3941.75,3942.25,1,1,41287.5,-59.03001736541801
2023-01-19 01:44:00+00:00,-64.3,long,is,,3942.25,3941.0,1,8,41225.0,-59.09203671545522
2023-01-19 02:18:00+00:00,73.2,short,is,,3940.25,3938.75,1,32,41300.0,-59.01761349541057
2023-01-19 02:29:00+00:00,-1.8,short,is,,3938.0,3938.0,1,10,41300.0,-59.01761349541057
2023-01-19 02:31:00+00:00,-39.3,short,is,,3937.75,3938.5,1,1,41262.5,-59.0548251054329
2023-01-19 02:33:00+00:00,-51.8,short,is,,3938.5,3939.5,1,1,41212.5,-59.10444058546267
2023-01-19 02:35:00+00:00,-51.8,short,is,,3939.25,3940.25,1,1,41162.5,-59.15405606549243
2023-01-19 02:37:00+00:00,-39.3,short,is,,3939.5,3940.25,1,1,41125.0,-59.19126767551476
2023-01-19 03:26:00+00:00,123.2,long,is,,3940.75,3943.25,1,48,41250.0,-59.06722897544034
2023-01-19 03:28:00+00:00,-39.3,long,is,,3944.0,3943.25,1,1,41212.5,-59.10444058546267
2023-01-19 03:30:00+00:00,-26.8,long,is,,3943.5,3943.0,1,1,41187.5,-59.12924832547755
2023-01-19 03:32:00+00:00,-26.8,long,is,,3943.5,3943.0,1,1,41162.5,-59.15405606549243
2023-01-19 03:34:00+00:00,-51.8,long,is,,3943.5,3942.5,1,1,41112.5,-59.203671545522205
2023-01-19 03:36:00+00:00,-64.3,long,is,,3942.75,3941.5,1,1,41050.0,-59.265690895559416
2023-01-19 03:38:00+00:00,-51.8,long,is,,3942.75,3941.75,1,1,41000.0,-59.31530637558918
2023-01-19 03:40:00+00:00,-1.8,long,is,,3941.75,3941.75,1,1,41000.0,-59.31530637558918
2023-01-19 03:42:00+00:00,10.7,long,is,,3942.0,3942.25,1,1,41012.5,-59.30290250558174
2023-01-19 03:44:00+00:00,-126.8,long,is,,3943.0,3940.5,1,1,40887.5,-59.42694120565617
2023-01-19 04:01:00+00:00,-39.3,short,is,,3940.75,3941.5,1,16,40850.0,-59.464152815678496
2023-01-19 04:18:00+00:00,-51.8,long,is,,3943.0,3942.0,1,16,40800.0,-59.51376829570826
2023-01-19 04:20:00+00:00,-64.3,long,is,,3942.5,3941.25,1,1,40737.5,-59.57578764574547
2023-01-19 04:37:00+00:00,-39.3,short,is,,3941.25,3942.0,1,16,40700.0,-59.6129992557678
2023-01-19 04:39:00+00:00,-14.3,short,is,,3942.25,3942.5,1,1,40687.5,-59.62540312577524
2023-01-19 04:41:00+00:00,-14.3,short,is,,3942.0,3942.25,1,1,40675.0,-59.63780699578268
2023-01-19 04:44:00+00:00,-39.3,short,is,,3941.25,3942.0,1,2,40637.5,-59.67501860580501
2023-01-19 04:47:00+00:00,-26.8,short,is,,3941.25,3941.75,1,2,40612.5,-59.69982634581989
2023-01-19 04:50:00+00:00,-51.8,short,is,,3940.5,3941.5,1,2,40562.5,-59.74944182584967
2023-01-19 04:54:00+00:00,-51.8,short,is,,3940.75,3941.75,1,3,40512.5,-59.79905730587943
2023-01-19 04:56:00+00:00,-1.8,short,is,,3941.75,3941.75,1,1,40512.5,-59.79905730587943
2023-01-19 05:04:00+00:00,-51.8,short,is,,3941.0,3942.0,1,7,40462.5,-59.84867278590921
2023-01-19 05:10:00+00:00,-39.3,long,is,,3942.25,3941.5,1,5,40425.0,-59.885884395931534
2023-01-19 05:12:00+00:00,-39.3,long,is,,3941.75,3941.0,1,1,40387.5,-59.92309600595386
2023-01-19 05:15:00+00:00,-51.8,short,is,,3940.75,3941.75,1,2,40337.5,-59.97271148598363
2023-01-19 05:19:00+00:00,-39.3,long,is,,3942.0,3941.25,1,3,40300.0,-60.009923096005956
2023-01-19 05:27:00+00:00,-39.3,long,is,,3942.0,3941.25,1,7,40262.5,-60.04713470602828
2023-01-19 06:03:00+00:00,48.2,short,is,,3940.25,3939.25,1,35,40312.5,-59.99751922599851
2023-01-19 06:10:00+00:00,-1.8,short,is,,3938.75,3938.75,1,6,40312.5,-59.99751922599851
2023-01-19 06:16:00+00:00,-76.8,short,is,,3938.5,3940.0,1,5,40237.5,-60.07194244604317
2023-01-19 06:18:00+00:00,-26.8,short,is,,3939.75,3940.25,1,1,40212.5,-60.096750186058046
2023-01-19 06:20:00+00:00,-51.8,short,is,,3939.5,3940.5,1,1,40162.5,-60.14636566608782
2023-01-19 06:22:00+00:00,-1.8,short,is,,3940.0,3940.0,1,1,40162.5,-60.14636566608782
2023-01-19 06:24:00+00:00,-51.8,short,is,,3939.25,3940.25,1,1,40112.5,-60.195981146117596
2023-01-19 06:26:00+00:00,-26.8,short,is,,3939.5,3940.0,1,1,40087.5,-60.22078888613247
2023-01-19 06:30:00+00:00,-26.8,short,is,,3939.5,3940.0,1,3,40062.5,-60.24559662614736
2023-01-19 06:38:00+00:00,-64.3,long,is,,3940.5,3939.25,1,7,40000.0,-60.30761597618457
2023-01-19 06:41:00+00:00,-64.3,short,is,,3939.25,3940.5,1,2,39937.5,-60.36963532622178
2023-01-19 06:48:00+00:00,-26.8,long,is,,3940.25,3939.75,1,6,39912.5,-60.39444306623667
2023-01-19 06:50:00+00:00,-51.8,long,is,,3940.25,3939.25,1,1,39862.5,-60.44405854626643
2023-01-19 07:06:00+00:00,-1.8,short,is,,3938.25,3938.25,1,15,39862.5,-60.44405854626643
2023-01-19 07:08:00+00:00,-14.3,short,is,,3937.5,3937.75,1,1,39850.0,-60.45646241627388
2023-01-19 07:10:00+00:00,-1.8,short,is,,3937.5,3937.5,1,1,39850.0,-60.45646241627388
2023-01-19 07:12:00+00:00,-64.3,short,is,,3936.25,3937.5,1,1,39787.5,-60.5184817663111
2023-01-19 07:14:00+00:00,-26.8,short,is,,3936.75,3937.25,1,1,39762.5,-60.54328950632597
2023-01-19 07:30:00+00:00,35.7,short,is,,3936.75,3936.0,1,15,39800.0,-60.506077896303644
2023-01-19 07:32:00+00:00,-26.8,short,is,,3935.75,3936.25,1,1,39775.0,-60.53088563631853
2023-01-19 07:34:00+00:00,23.2,short,is,,3937.5,3937.0,1,1,39800.0,-60.506077896303644
2023-01-19 07:36:00+00:00,-39.3,short,is,,3937.0,3937.75,1,1,39762.5,-60.54328950632597
2023-01-19 07:38:00+00:00,-26.8,short,is,,3937.0,3937.5,1,1,39737.5,-60.568097246340855
2023-01-19 07:40:00+00:00,-14.3,short,is,,3936.75,3937.0,1,1,39725.0,-60.580501116348294
2023-01-19 07:42:00+00:00,-39.3,short,is,,3936.75,3937.5,1,1,39687.5,-60.617712726370634
2023-01-19 07:44:00+00:00,-26.8,short,is,,3937.0,3937.5,1,1,39662.5,-60.642520466385506
2023-01-19 07:51:00+00:00,-26.8,short,is,,3937.0,3937.5,1,6,39637.5,-60.6673282064004
2023-01-19 07:53:00+00:00,-39.3,short,is,,3937.0,3937.75,1,1,39600.0,-60.704539816422724
2023-01-19 07:55:00+00:00,-39.3,short,is,,3937.0,3937.75,1,1,39562.5,-60.74175142644505
2023-01-19 08:00:00+00:00,-39.3,long,is,,3938.0,3937.25,1,4,39525.0,-60.77896303646738
2023-01-19 08:23:00+00:00,85.7,long,is,,3939.75,3941.5,1,22,39612.5,-60.692135946415284
2023-01-19 08:29:00+00:00,-26.8,long,is,,3942.75,3942.25,1,5,39587.5,-60.71694368643017
2023-01-19 08:31:00+00:00,-76.8,long,is,,3941.5,3940.0,1,1,39512.5,-60.79136690647482
2023-01-19 08:33:00+00:00,-89.3,long,is,,3941.5,3939.75,1,1,39425.0,-60.87819399652692
2023-01-19 08:35:00+00:00,-64.3,long,is,,3941.0,3939.75,1,1,39362.5,-60.94021334656413
2023-01-19 08:37:00+00:00,-64.3,long,is,,3941.0,3939.75,1,1,39300.0,-61.00223269660135
2023-01-19 08:39:00+00:00,-51.8,long,is,,3939.5,3938.5,1,1,39250.0,-61.051848176631104
2023-01-19 09:07:00+00:00,223.2,short,is,,3938.25,3933.75,1,27,39475.0,-60.828578516497146
2023-01-19 09:10:00+00:00,23.2,short,is,,3933.75,3933.25,1,2,39500.0,-60.80377077648226
2023-01-19 09:12:00+00:00,-89.3,short,is,,3933.5,3935.25,1,1,39412.5,-60.89059786653436
2023-01-19 09:14:00+00:00,-14.3,short,is,,3935.25,3935.5,1,1,39400.0,-60.9030017365418
2023-01-19 09:16:00+00:00,23.2,short,is,,3935.0,3934.5,1,1,39425.0,-60.87819399652692
2023-01-19 09:18:00+00:00,-14.3,short,is,,3934.25,3934.5,1,1,39412.5,-60.89059786653436
2023-01-19 09:51:00+00:00,173.2,short,is,,3933.5,3930.0,1,32,39587.5,-60.71694368643017
2023-01-19 09:58:00+00:00,-26.8,short,is,,3928.75,3929.25,1,6,39562.5,-60.74175142644505
2023-01-19 10:01:00+00:00,-51.8,short,is,,3928.75,3929.75,1,2,39512.5,-60.79136690647482
2023-01-19 10:03:00+00:00,-51.8,short,is,,3929.0,3930.0,1,1,39462.5,-60.84098238650459
2023-01-19 10:05:00+00:00,-39.3,short,is,,3929.0,3929.75,1,1,39425.0,-60.87819399652692
2023-01-19 10:07:00+00:00,-14.3,short,is,,3929.0,3929.25,1,1,39412.5,-60.89059786653436
2023-01-19 10:10:00+00:00,-151.8,short,is,,3927.5,3930.5,1,2,39262.5,-61.03944430662367
2023-01-19 10:12:00+00:00,-89.3,short,is,,3930.5,3932.25,1,1,39175.0,-61.126271396675754
2023-01-19 10:14:00+00:00,-1.8,short,is,,3931.5,3931.5,1,1,39175.0,-61.126271396675754
2023-01-19 10:16:00+00:00,-14.3,short,is,,3930.0,3930.25,1,1,39162.5,-61.13867526668321
2023-01-19 10:50:00+00:00,248.2,short,is,,3929.75,3924.75,1,33,39412.5,-60.89059786653436
2023-01-19 10:52:00+00:00,10.7,short,is,,3925.25,3925.0,1,1,39425.0,-60.87819399652692
2023-01-19 10:54:00+00:00,-14.3,short,is,,3924.25,3924.5,1,1,39412.5,-60.89059786653436
2023-01-19 10:56:00+00:00,-51.8,short,is,,3924.0,3925.0,1,1,39362.5,-60.94021334656413
2023-01-19 10:58:00+00:00,-51.8,short,is,,3924.5,3925.5,1,1,39312.5,-60.98982882659389
2023-01-19 11:00:00+00:00,-89.3,short,is,,3924.25,3926.0,1,1,39225.0,-61.076655916646
2023-01-19 11:10:00+00:00,10.7,short,is,,3924.75,3924.5,1,9,39237.5,-61.06425204663856
2023-01-19 11:40:00+00:00,323.2,short,is,,3924.5,3918.0,1,29,39562.5,-60.74175142644505
2023-01-19 11:48:00+00:00,-26.8,short,is,,3916.75,3917.25,1,7,39537.5,-60.766559166459935
2023-01-19 11:50:00+00:00,-26.8,short,is,,3917.0,3917.5,1,1,39512.5,-60.79136690647482
2023-01-19 11:52:00+00:00,-51.8,short,is,,3917.0,3918.0,1,1,39462.5,-60.84098238650459
2023-01-19 11:55:00+00:00,-76.8,short,is,,3916.25,3917.75,1,2,39387.5,-60.91540560654924
2023-01-19 11:57:00+00:00,-39.3,short,is,,3918.0,3918.75,1,1,39350.0,-60.95261721657157
2023-01-19 11:59:00+00:00,23.2,short,is,,3919.5,3919.0,1,1,39375.0,-60.92780947655668
2023-01-19 12:01:00+00:00,35.7,short,is,,3918.5,3917.75,1,1,39412.5,-60.89059786653436
2023-01-19 12:10:00+00:00,-1.8,short,is,,3917.0,3917.0,1,8,39412.5,-60.89059786653436
2023-01-19 12:12:00+00:00,-26.8,short,is,,3916.5,3917.0,1,1,39387.5,-60.91540560654924
2023-01-19 12:14:00+00:00,-51.8,short,is,,3916.0,3917.0,1,1,39337.5,-60.96502108657901
2023-01-19 12:16:00+00:00,-26.8,short,is,,3917.75,3918.25,1,1,39312.5,-60.98982882659389
2023-01-19 12:18:00+00:00,-51.8,short,is,,3916.0,3917.0,1,1,39262.5,-61.03944430662367
2023-01-19 12:22:00+00:00,-114.3,short,is,,3915.0,3917.25,1,3,39150.0,-61.15107913669065
2023-01-19 12:29:00+00:00,-76.8,short,is,,3915.0,3916.5,1,6,39075.0,-61.225502356735305
2023-01-19 12:37:00+00:00,10.7,short,is,,3916.0,3915.75,1,7,39087.5,-61.21309848672786
2023-01-19 12:39:00+00:00,10.7,short,is,,3916.0,3915.75,1,1,39100.0,-61.20069461672042
2023-01-19 12:59:00+00:00,85.7,short,is,,3914.25,3912.5,1,19,39187.5,-61.11386752666832
2023-01-19 13:01:00+00:00,-26.8,short,is,,3911.5,3912.0,1,1,39162.5,-61.13867526668321
2023-01-19 13:05:00+00:00,-26.8,short,is,,3911.0,3911.5,1,3,39137.5,-61.163483006698094
2023-01-19 13:08:00+00:00,-1.8,short,is,,3911.75,3911.75,1,2,39137.5,-61.163483006698094
2023-01-19 13:10:00+00:00,-51.8,short,is,,3911.5,3912.5,1,1,39087.5,-61.21309848672786
2023-01-19 13:12:00+00:00,10.7,short,is,,3912.25,3912.0,1,1,39100.0,-61.20069461672042
2023-01-19 13:14:00+00:00,-39.3,short,is,,3912.0,3912.75,1,1,39062.5,-61.237906226742744
2023-01-19 13:16:00+00:00,-51.8,short,is,,3911.5,3912.5,1,1,39012.5,-61.28752170677251
2023-01-19 13:20:00+00:00,-51.8,short,is,,3911.25,3912.25,1,3,38962.5,-61.33713718680228
2023-01-19 13:23:00+00:00,10.7,short,is,,3912.5,3912.25,1,2,38975.0,-61.32473331679484
2023-01-19 13:26:00+00:00,-26.8,short,is,,3912.25,3912.75,1,2,38950.0,-61.34954105680972
2023-01-19 13:28:00+00:00,10.7,short,is,,3913.0,3912.75,1,1,38962.5,-61.33713718680228
2023-01-19 13:30:00+00:00,-101.8,short,is,,3913.5,3915.5,1,1,38862.5,-61.43636814686182
2023-01-19 13:34:00+00:00,-76.8,short,is,,3910.0,3911.5,1,3,38787.5,-61.51079136690647
2023-01-19 13:36:00+00:00,-64.3,short,is,,3912.75,3914.0,1,1,38725.0,-61.572810716943685
2023-01-19 13:39:00+00:00,23.2,short,is,,3913.0,3912.5,1,2,38750.0,-61.54800297692881
2023-01-19 13:44:00+00:00,-89.3,long,is,,3913.75,3912.0,1,4,38662.5,-61.634830066980896
2023-01-19 13:46:00+00:00,-39.3,short,is,,3911.75,3912.5,1,1,38625.0,-61.67204167700322
2023-01-19 13:48:00+00:00,-126.8,long,is,,3913.25,3910.75,1,1,38500.0,-61.796080377077644
2023-01-19 13:50:00+00:00,-51.8,short,is,,3912.5,3913.5,1,1,38450.0,-61.845695857107415
2023-01-19 13:52:00+00:00,-101.8,short,is,,3912.75,3914.75,1,1,38350.0,-61.94492681716696
2023-01-19 14:09:00+00:00,23.2,long,is,,3915.25,3915.75,1,16,38375.0,-61.920119077152066
2023-01-19 14:11:00+00:00,35.7,long,is,,3914.5,3915.25,1,1,38412.5,-61.88290746712974
2023-01-19 14:13:00+00:00,-1.8,long,is,,3916.0,3916.0,1,1,38412.5,-61.88290746712974
2023-01-19 14:15:00+00:00,60.7,long,is,,3915.5,3916.75,1,1,38475.0,-61.82088811709253
2023-01-19 14:17:00+00:00,35.7,long,is,,3916.0,3916.75,1,1,38512.5,-61.783676507070204
2023-01-19 14:20:00+00:00,-89.3,long,is,,3918.75,3917.0,1,2,38425.0,-61.87050359712231
2023-01-19 14:22:00+00:00,-14.3,long,is,,3916.75,3916.5,1,1,38412.5,-61.88290746712974
2023-01-19 14:44:00+00:00,348.2,long,is,,3916.75,3923.75,1,21,38762.5,-61.53559910692136
2023-01-19 14:46:00+00:00,-1.8,long,is,,3921.0,3921.0,1,1,38762.5,-61.53559910692136
2023-01-19 14:48:00+00:00,23.2,long,is,,3920.0,3920.5,1,1,38787.5,-61.51079136690647
2023-01-19 14:50:00+00:00,-14.3,long,is,,3917.5,3917.25,1,1,38775.0,-61.52319523691392
2023-01-19 14:52:00+00:00,10.7,long,is,,3921.0,3921.25,1,1,38787.5,-61.51079136690647
2023-01-19 14:54:00+00:00,-126.8,long,is,,3919.5,3917.0,1,1,38662.5,-61.634830066980896
2023-01-19 14:58:00+00:00,-389.3,short,is,,3917.0,3924.75,1,3,38275.0,-62.01935003721161
2023-01-19 15:01:00+00:00,-201.8,long,is,,3923.5,3919.5,1,2,38075.0,-62.21781195733068
2023-01-19 15:04:00+00:00,-39.3,long,is,,3920.75,3920.0,1,2,38037.5,-62.25502356735302
2023-01-19 15:12:00+00:00,-39.3,long,is,,3921.25,3920.5,1,7,38000.0,-62.292235177375346
2023-01-19 15:18:00+00:00,-476.8,short,is,,3915.75,3925.25,1,5,37525.0,-62.76358223765814
2023-01-19 15:21:00+00:00,-151.8,long,is,,3925.0,3922.0,1,2,37375.0,-62.91242867774746
2023-01-19 15:23:00+00:00,-1.8,long,is,,3921.0,3921.0,1,1,37375.0,-62.91242867774746
2023-01-19 15:25:00+00:00,-126.8,long,is,,3921.5,3919.0,1,1,37250.0,-63.03646737782188
2023-01-19 15:43:00+00:00,123.2,short,is,,3919.75,3917.25,1,17,37375.0,-62.91242867774746
2023-01-19 16:01:00+00:00,173.2,short,is,,3913.75,3910.25,1,17,37550.0,-62.73877449764327
2023-01-19 16:03:00+00:00,23.2,short,is,,3910.75,3910.25,1,1,37575.0,-62.713966757628384
2023-01-19 16:08:00+00:00,-89.3,short,is,,3909.5,3911.25,1,4,37487.5,-62.80079384768048
2023-01-19 16:10:00+00:00,10.7,short,is,,3914.25,3914.0,1,1,37500.0,-62.788389977673035
2023-01-19 16:19:00+00:00,-351.8,long,is,,3918.75,3911.75,1,8,37150.0,-63.13569833788142
2023-01-19 16:40:00+00:00,160.7,short,is,,3911.5,3908.25,1,20,37312.5,-62.97444802778467
2023-01-19 16:57:00+00:00,60.7,short,is,,3906.5,3905.25,1,16,37375.0,-62.91242867774746
2023-01-19 16:59:00+00:00,-14.3,short,is,,3905.75,3906.0,1,1,37362.5,-62.924832547754896
2023-01-19 17:01:00+00:00,-139.3,short,is,,3907.25,3910.0,1,1,37225.0,-63.06127511783677
2023-01-19 17:24:00+00:00,110.7,long,is,,3911.75,3914.0,1,22,37337.5,-62.94964028776978
2023-01-19 17:26:00+00:00,35.7,long,is,,3913.0,3913.75,1,1,37375.0,-62.91242867774746
2023-01-19 17:28:00+00:00,10.7,long,is,,3912.0,3912.25,1,1,37387.5,-62.90002480774002
2023-01-19 17:30:00+00:00,-1.8,long,is,,3912.5,3912.5,1,1,37387.5,-62.90002480774002
2023-01-19 17:32:00+00:00,48.2,long,is,,3911.25,3912.25,1,1,37437.5,-62.850409327710246
2023-01-19 17:34:00+00:00,-64.3,long,is,,3913.0,3911.75,1,1,37375.0,-62.91242867774746
2023-01-19 17:36:00+00:00,-26.8,long,is,,3912.25,3911.75,1,1,37350.0,-62.93723641776234
2023-01-19 17:38:00+00:00,-64.3,long,is,,3914.0,3912.75,1,1,37287.5,-62.99925576779955
2023-01-19 17:40:00+00:00,-51.8,long,is,,3913.75,3912.75,1,1,37237.5,-63.04887124782932
2023-01-19 17:44:00+00:00,-39.3,long,is,,3913.0,3912.25,1,3,37200.0,-63.08608285785166
2023-01-19 17:47:00+00:00,60.7,long,is,,3911.5,3912.75,1,2,37262.5,-63.024063507814446
2023-01-19 17:49:00+00:00,23.2,long,is,,3911.0,3911.5,1,1,37287.5,-62.99925576779955
2023-01-19 17:51:00+00:00,23.2,long,is,,3911.25,3911.75,1,1,37312.5,-62.97444802778467
2023-01-19 17:59:00+00:00,-126.8,short,is,,3910.0,3912.5,1,7,37187.5,-63.0984867278591
2023-01-19 18:17:00+00:00,98.2,long,is,,3915.0,3917.0,1,17,37287.5,-62.99925576779955
2023-01-19 18:27:00+00:00,48.2,long,is,,3917.5,3918.5,1,9,37337.5,-62.94964028776978
2023-01-19 18:29:00+00:00,85.7,long,is,,3918.0,3919.75,1,1,37425.0,-62.86281319771769
2023-01-19 18:50:00+00:00,348.2,long,is,,3920.25,3927.25,1,20,37775.0,-62.515504837509305
2023-01-19 18:52:00+00:00,-39.3,long,is,,3926.0,3925.25,1,1,37737.5,-62.55271644753163
2023-01-19 18:54:00+00:00,35.7,long,is,,3926.25,3927.0,1,1,37775.0,-62.515504837509305
2023-01-19 18:56:00+00:00,23.2,long,is,,3925.25,3925.75,1,1,37800.0,-62.49069709749442
2023-01-19 18:58:00+00:00,35.7,long,is,,3925.0,3925.75,1,1,37837.5,-62.45348548747209
2023-01-19 19:00:00+00:00,35.7,long,is,,3926.5,3927.25,1,1,37875.0,-62.41627387744977
2023-01-19 19:02:00+00:00,35.7,long,is,,3924.0,3924.75,1,1,37912.5,-62.37906226742743
2023-01-19 19:04:00+00:00,-51.8,long,is,,3926.75,3925.75,1,1,37862.5,-62.42867774745721
2023-01-19 19:06:00+00:00,-139.3,long,is,,3926.5,3923.75,1,1,37725.0,-62.56512031753907
2023-01-19 19:08:00+00:00,23.2,long,is,,3922.25,3922.75,1,1,37750.0,-62.54031257752419
2023-01-19 19:10:00+00:00,48.2,long,is,,3924.5,3925.5,1,1,37800.0,-62.49069709749442
2023-01-19 19:42:00+00:00,460.7,long,is,,3926.0,3935.25,1,31,38262.5,-62.031753907219056
2023-01-19 19:48:00+00:00,-51.8,long,is,,3937.75,3936.75,1,5,38212.5,-62.08136938724882
2023-01-19 19:50:00+00:00,23.2,long,is,,3934.75,3935.25,1,1,38237.5,-62.056561647233934
2023-01-19 19:52:00+00:00,-39.3,long,is,,3934.25,3933.5,1,1,38200.0,-62.09377325725627
2023-01-19 19:54:00+00:00,-51.8,long,is,,3934.75,3933.75,1,1,38150.0,-62.14338873728603
2023-01-19 19:56:00+00:00,60.7,long,is,,3932.75,3934.0,1,1,38212.5,-62.08136938724882
2023-01-19 19:58:00+00:00,-1.8,long,is,,3936.0,3936.0,1,1,38212.5,-62.08136938724882
2023-01-19 20:00:00+00:00,-39.3,long,is,,3935.0,3934.25,1,1,38175.0,-62.118580997271145
2023-01-19 20:07:00+00:00,-201.8,long,is,,3937.25,3933.25,1,6,37975.0,-62.31704291739023
2023-01-19 20:09:00+00:00,-14.3,long,is,,3932.5,3932.25,1,1,37962.5,-62.32944678739767
2023-01-19 20:27:00+00:00,-101.8,short,is,,3931.5,3933.5,1,17,37862.5,-62.42867774745721
2023-01-19 20:31:00+00:00,-214.3,long,is,,3932.75,3928.5,1,3,37650.0,-62.639543537583734
2023-01-19 20:37:00+00:00,-164.3,short,is,,3928.75,3932.0,1,5,37487.5,-62.80079384768048
2023-01-19 20:39:00+00:00,-1.8,short,is,,3931.75,3931.75,1,1,37487.5,-62.80079384768048
2023-01-19 21:02:00+00:00,298.2,short,is,,3930.75,3924.75,1,22,37787.5,-62.50310096750186
2023-01-19 21:05:00+00:00,98.2,short,is,,3924.5,3922.5,1,2,37887.5,-62.40387000744232
2023-01-19 21:22:00+00:00,73.2,short,is,,3921.25,3919.75,1,16,37962.5,-62.32944678739767
2023-01-19 21:24:00+00:00,-26.8,short,is,,3919.5,3920.0,1,1,37937.5,-62.35425452741256
2023-01-19 21:26:00+00:00,-26.8,short,is,,3919.5,3920.0,1,1,37912.5,-62.37906226742743
2023-01-19 21:28:00+00:00,-14.3,short,is,,3919.75,3920.0,1,1,37900.0,-62.39146613743488
2023-01-19 21:30:00+00:00,-14.3,short,is,,3919.75,3920.0,1,1,37887.5,-62.40387000744232
2023-01-19 21:32:00+00:00,-26.8,short,is,,3919.5,3920.0,1,1,37862.5,-62.42867774745721
2023-01-19 21:34:00+00:00,-51.8,short,is,,3919.25,3920.25,1,1,37812.5,-62.47829322748698
2023-01-19 21:36:00+00:00,-39.3,short,is,,3920.25,3921.0,1,1,37775.0,-62.515504837509305
2023-01-19 21:38:00+00:00,-76.8,short,is,,3921.25,3922.75,1,1,37700.0,-62.589928057553955
2023-01-19 21:40:00+00:00,10.7,short,is,,3922.0,3921.75,1,1,37712.5,-62.577524187546516
2023-01-19 21:42:00+00:00,-26.8,short,is,,3921.25,3921.75,1,1,37687.5,-62.602331927561394
2023-01-19 21:44:00+00:00,-39.3,short,is,,3920.75,3921.5,1,1,37650.0,-62.639543537583734
2023-01-19 21:46:00+00:00,-26.8,short,is,,3920.75,3921.25,1,1,37625.0,-62.664351277598605
2023-01-19 21:55:00+00:00,-64.3,short,is,,3920.25,3921.5,1,8,37562.5,-62.726370627635816
2023-01-19 21:57:00+00:00,-14.3,short,is,,3921.25,3921.5,1,1,37550.0,-62.73877449764327
2023-01-19 23:01:00+00:00,-176.8,short,is,,3920.25,3923.75,1,3,37375.0,-62.91242867774746
2023-01-19 23:13:00+00:00,-76.8,long,is,,3923.75,3922.25,1,11,37300.0,-62.98685189779211
2023-01-19 23:20:00+00:00,10.7,long,is,,3923.0,3923.25,1,6,37312.5,-62.97444802778467
2023-01-19 23:22:00+00:00,-1.8,long,is,,3923.0,3923.0,1,1,37312.5,-62.97444802778467
2023-01-19 23:27:00+00:00,-64.3,long,is,,3924.0,3922.75,1,4,37250.0,-63.03646737782188
2023-01-19 23:29:00+00:00,-51.8,long,is,,3923.5,3922.5,1,1,37200.0,-63.08608285785166
2023-01-19 23:31:00+00:00,-51.8,long,is,,3922.25,3921.25,1,1,37150.0,-63.13569833788142
2023-01-19 23:57:00+00:00,10.7,short,is,,3920.25,3920.0,1,25,37162.5,-63.12329446787398
2023-01-20 00:04:00+00:00,-40.0,short,is,,3919.5,3920.25,1,6,37125.0,-63.16050607789631
2023-01-20 00:06:00+00:00,-15.0,short,is,,3920.5,3920.75,1,1,37112.5,-63.17290994790375
2023-01-20 00:08:00+00:00,-27.5,short,is,,3920.5,3921.0,1,1,37087.5,-63.19771768791863
2023-01-20 00:10:00+00:00,-15.0,short,is,,3920.5,3920.75,1,1,37075.0,-63.21012155792607
2023-01-20 00:33:00+00:00,35.0,long,is,,3921.5,3922.25,1,22,37112.5,-63.17290994790375
2023-01-20 00:35:00+00:00,-40.0,long,is,,3922.25,3921.5,1,1,37075.0,-63.21012155792607
2023-01-20 00:46:00+00:00,-27.5,long,is,,3922.75,3922.25,1,10,37050.0,-63.23492929794096
2023-01-20 00:49:00+00:00,-27.5,long,is,,3923.25,3922.75,1,2,37025.0,-63.259737037955844
2023-01-20 00:51:00+00:00,-27.5,long,is,,3923.0,3922.5,1,1,37000.0,-63.28454477797073
2023-01-20 00:53:00+00:00,-27.5,long,is,,3923.0,3922.5,1,1,36975.0,-63.30935251798561
2023-01-20 00:55:00+00:00,-52.5,long,is,,3922.5,3921.5,1,1,36925.0,-63.35896799801538
2023-01-20 00:57:00+00:00,-15.0,long,is,,3922.75,3922.5,1,1,36912.5,-63.37137186802282
2023-01-20 01:06:00+00:00,-65.0,long,is,,3923.25,3922.0,1,8,36850.0,-63.43339121806003
2023-01-20 01:20:00+00:00,-101.8,short,is,,3921.25,3923.25,1,13,36750.0,-63.53262217811957
2023-01-20 01:36:00+00:00,48.2,long,is,,3923.0,3924.0,1,15,36800.0,-63.4830066980898
2023-01-20 01:38:00+00:00,-14.3,long,is,,3924.0,3923.75,1,1,36787.5,-63.49541056809724
2023-01-20 01:40:00+00:00,-1.8,long,is,,3923.5,3923.5,1,1,36787.5,-63.49541056809724
2023-01-20 01:43:00+00:00,-51.8,long,is,,3925.25,3924.25,1,2,36737.5,-63.54502604812702
2023-01-20 01:46:00+00:00,-39.3,long,is,,3924.75,3924.0,1,2,36700.0,-63.582237658149346
2023-01-20 01:48:00+00:00,10.7,long,is,,3923.5,3923.75,1,1,36712.5,-63.569833788141906
2023-01-20 01:50:00+00:00,-26.8,long,is,,3923.75,3923.25,1,1,36687.5,-63.59464152815678
2023-01-20 01:52:00+00:00,-1.8,long,is,,3923.25,3923.25,1,1,36687.5,-63.59464152815678
2023-01-20 02:04:00+00:00,-51.8,long,is,,3925.0,3924.0,1,11,36637.5,-63.64425700818656
2023-01-20 02:06:00+00:00,-14.3,long,is,,3924.5,3924.25,1,1,36625.0,-63.656660878193996
2023-01-20 02:08:00+00:00,-26.8,long,is,,3924.5,3924.0,1,1,36600.0,-63.68146861820888
2023-01-20 02:10:00+00:00,-14.3,long,is,,3924.25,3924.0,1,1,36587.5,-63.69387248821632
2023-01-20 02:13:00+00:00,-51.8,long,is,,3924.75,3923.75,1,2,36537.5,-63.74348796824609
2023-01-20 02:15:00+00:00,-64.3,long,is,,3924.5,3923.25,1,1,36475.0,-63.805507318283304
2023-01-20 02:17:00+00:00,-26.8,long,is,,3924.25,3923.75,1,1,36450.0,-63.83031505829819
2023-01-20 02:21:00+00:00,-14.3,long,is,,3924.25,3924.0,1,3,36437.5,-63.84271892830563
2023-01-20 02:25:00+00:00,-64.3,long,is,,3924.5,3923.25,1,3,36375.0,-63.90473827834284
2023-01-20 02:28:00+00:00,-51.8,short,is,,3923.5,3924.5,1,2,36325.0,-63.95435375837262
2023-01-20 02:31:00+00:00,-39.3,long,is,,3924.5,3923.75,1,2,36287.5,-63.991565368394944
2023-01-20 02:52:00+00:00,35.7,short,is,,3923.25,3922.5,1,20,36325.0,-63.95435375837262
2023-01-20 03:02:00+00:00,-26.8,short,is,,3921.5,3922.0,1,9,36300.0,-63.97916149838749
2023-01-20 03:04:00+00:00,-51.8,short,is,,3921.5,3922.5,1,1,36250.0,-64.02877697841727
2023-01-20 03:06:00+00:00,-26.8,short,is,,3922.25,3922.75,1,1,36225.0,-64.05358471843215
2023-01-20 03:08:00+00:00,-14.3,short,is,,3922.25,3922.5,1,1,36212.5,-64.0659885884396
2023-01-20 03:10:00+00:00,-39.3,short,is,,3922.0,3922.75,1,1,36175.0,-64.10320019846192
2023-01-20 03:12:00+00:00,-39.3,short,is,,3922.0,3922.75,1,1,36137.5,-64.14041180848425
2023-01-20 03:14:00+00:00,-39.3,short,is,,3922.25,3923.0,1,1,36100.0,-64.17762341850657
2023-01-20 03:16:00+00:00,-14.3,short,is,,3922.0,3922.25,1,1,36087.5,-64.19002728851402
2023-01-20 03:31:00+00:00,-14.3,short,is,,3921.75,3922.0,1,14,36075.0,-64.20243115852145
2023-01-20 03:33:00+00:00,-39.3,short,is,,3922.25,3923.0,1,1,36037.5,-64.23964276854377
2023-01-20 03:35:00+00:00,-14.3,short,is,,3922.75,3923.0,1,1,36025.0,-64.25204663855123
2023-01-20 03:37:00+00:00,-39.3,short,is,,3921.5,3922.25,1,1,35987.5,-64.28925824857356
2023-01-20 03:39:00+00:00,-51.8,short,is,,3922.25,3923.25,1,1,35937.5,-64.33887372860333
2023-01-20 03:41:00+00:00,-26.8,short,is,,3922.75,3923.25,1,1,35912.5,-64.36368146861821
2023-01-20 03:55:00+00:00,-26.8,long,is,,3923.5,3923.0,1,13,35887.5,-64.38848920863309
2023-01-20 03:57:00+00:00,-26.8,long,is,,3923.5,3923.0,1,1,35862.5,-64.41329694864798
2023-01-20 03:59:00+00:00,-39.3,long,is,,3923.5,3922.75,1,1,35825.0,-64.45050855867031
2023-01-20 04:07:00+00:00,-14.3,long,is,,3923.25,3923.0,1,7,35812.5,-64.46291242867774
2023-01-20 04:09:00+00:00,-64.3,long,is,,3923.25,3922.0,1,1,35750.0,-64.52493177871496
2023-01-20 04:11:00+00:00,-26.8,long,is,,3922.75,3922.25,1,1,35725.0,-64.54973951872984
2023-01-20 04:13:00+00:00,-39.3,long,is,,3923.0,3922.25,1,1,35687.5,-64.58695112875216
2023-01-20 04:18:00+00:00,-76.8,short,is,,3922.0,3923.5,1,4,35612.5,-64.66137434879683
2023-01-20 04:28:00+00:00,-26.8,long,is,,3923.5,3923.0,1,9,35587.5,-64.6861820888117
2023-01-20 04:30:00+00:00,-51.8,long,is,,3923.5,3922.5,1,1,35537.5,-64.73579756884148
2023-01-20 04:45:00+00:00,-14.3,long,is,,3923.75,3923.5,1,14,35525.0,-64.74820143884892
2023-01-20 04:53:00+00:00,-26.8,long,is,,3924.0,3923.5,1,7,35500.0,-64.7730091788638
2023-01-20 04:57:00+00:00,-26.8,long,is,,3924.5,3924.0,1,3,35475.0,-64.7978169188787
2023-01-20 05:02:00+00:00,-51.8,long,is,,3924.5,3923.5,1,4,35425.0,-64.84743239890845
2023-01-20 05:04:00+00:00,-14.3,long,is,,3924.0,3923.75,1,1,35412.5,-64.8598362689159
2023-01-20 05:06:00+00:00,-64.3,long,is,,3925.0,3923.75,1,1,35350.0,-64.92185561895312
2023-01-20 05:10:00+00:00,-26.8,long,is,,3924.25,3923.75,1,3,35325.0,-64.946663358968
2023-01-20 05:12:00+00:00,-26.8,long,is,,3924.5,3924.0,1,1,35300.0,-64.97147109898287
2023-01-20 05:14:00+00:00,-39.3,long,is,,3924.25,3923.5,1,1,35262.5,-65.0086827090052
2023-01-20 05:16:00+00:00,-39.3,long,is,,3924.25,3923.5,1,1,35225.0,-65.04589431902754
2023-01-20 05:18:00+00:00,-26.8,long,is,,3923.75,3923.25,1,1,35200.0,-65.07070205904242
2023-01-20 05:24:00+00:00,-26.8,long,is,,3924.25,3923.75,1,5,35175.0,-65.09550979905731
2023-01-20 05:29:00+00:00,-51.8,short,is,,3923.5,3924.5,1,4,35125.0,-65.14512527908708
2023-01-20 05:33:00+00:00,-64.3,long,is,,3924.5,3923.25,1,3,35062.5,-65.20714462912429
2023-01-20 05:35:00+00:00,-51.8,short,is,,3923.5,3924.5,1,1,35012.5,-65.25676010915406
2023-01-20 06:10:00+00:00,35.7,long,is,,3924.75,3925.5,1,34,35050.0,-65.21954849913173
2023-01-20 06:12:00+00:00,-64.3,long,is,,3926.25,3925.0,1,1,34987.5,-65.28156784916894
2023-01-20 06:14:00+00:00,-64.3,long,is,,3925.0,3923.75,1,1,34925.0,-65.34358719920615
2023-01-20 06:27:00+00:00,-89.3,short,is,,3924.0,3925.75,1,12,34837.5,-65.43041428925825
2023-01-20 06:32:00+00:00,-76.8,long,is,,3926.0,3924.5,1,4,34762.5,-65.5048375093029
2023-01-20 06:35:00+00:00,-39.3,long,is,,3925.0,3924.25,1,2,34725.0,-65.54204911932523
2023-01-20 06:51:00+00:00,-14.3,short,is,,3924.0,3924.25,1,15,34712.5,-65.55445298933267
2023-01-20 06:53:00+00:00,-64.3,short,is,,3924.25,3925.5,1,1,34650.0,-65.61647233936988
2023-01-20 07:01:00+00:00,-126.8,long,is,,3925.5,3923.0,1,7,34525.0,-65.7405110394443
2023-01-20 07:05:00+00:00,-39.3,short,is,,3923.75,3924.5,1,3,34487.5,-65.77772264946663
2023-01-20 07:07:00+00:00,-39.3,long,is,,3924.75,3924.0,1,1,34450.0,-65.81493425948895
2023-01-20 07:41:00+00:00,235.7,long,is,,3925.0,3929.75,1,33,34687.5,-65.57926072934755
2023-01-20 07:43:00+00:00,-14.3,long,is,,3930.25,3930.0,1,1,34675.0,-65.591664599355
2023-01-20 08:00:00+00:00,-14.3,long,is,,3931.0,3930.75,1,16,34662.5,-65.60406846936245
2023-01-20 08:02:00+00:00,-51.8,long,is,,3929.5,3928.5,1,1,34612.5,-65.6536839493922
2023-01-20 08:04:00+00:00,48.2,long,is,,3928.75,3929.75,1,1,34662.5,-65.60406846936245
2023-01-20 08:06:00+00:00,-51.8,long,is,,3930.0,3929.0,1,1,34612.5,-65.6536839493922
2023-01-20 08:08:00+00:00,-51.8,long,is,,3929.25,3928.25,1,1,34562.5,-65.70329942942197
2023-01-20 08:10:00+00:00,-14.3,long,is,,3929.0,3928.75,1,1,34550.0,-65.71570329942942
2023-01-20 08:12:00+00:00,-39.3,long,is,,3928.25,3927.5,1,1,34512.5,-65.75291490945176
2023-01-20 08:14:00+00:00,-14.3,long,is,,3928.0,3927.75,1,1,34500.0,-65.7653187794592
2023-01-20 08:16:00+00:00,-64.3,long,is,,3928.75,3927.5,1,1,34437.5,-65.82733812949641
2023-01-20 08:18:00+00:00,-39.3,long,is,,3928.5,3927.75,1,1,34400.0,-65.86454973951874
2023-01-20 08:38:00+00:00,198.2,short,is,,3927.25,3923.25,1,19,34600.0,-65.66608781939965
2023-01-20 08:40:00+00:00,-51.8,short,is,,3923.25,3924.25,1,1,34550.0,-65.71570329942942
2023-01-20 08:42:00+00:00,-64.3,short,is,,3923.25,3924.5,1,1,34487.5,-65.77772264946663
2023-01-20 08:44:00+00:00,-114.3,short,is,,3924.25,3926.5,1,1,34375.0,-65.88935747953361
2023-01-20 08:46:00+00:00,23.2,short,is,,3926.25,3925.75,1,1,34400.0,-65.86454973951874
2023-01-20 08:48:00+00:00,-14.3,short,is,,3925.5,3925.75,1,1,34387.5,-65.87695360952617
2023-01-20 08:50:00+00:00,-14.3,short,is,,3924.75,3925.0,1,1,34375.0,-65.88935747953361
2023-01-20 08:58:00+00:00,-101.8,short,is,,3922.25,3924.25,1,7,34275.0,-65.98858843959316
2023-01-20 09:18:00+00:00,135.7,short,is,,3923.0,3920.25,1,19,34412.5,-65.85214586951129
2023-01-20 09:20:00+00:00,-114.3,short,is,,3919.25,3921.5,1,1,34300.0,-65.96378069957827
2023-01-20 09:22:00+00:00,-101.8,short,is,,3922.25,3924.25,1,1,34200.0,-66.06301165963781
2023-01-20 09:24:00+00:00,-26.8,short,is,,3922.5,3923.0,1,1,34175.0,-66.08781939965269
2023-01-20 09:26:00+00:00,-76.8,short,is,,3921.5,3923.0,1,1,34100.0,-66.16224261969734
2023-01-20 09:28:00+00:00,-26.8,short,is,,3923.0,3923.5,1,1,34075.0,-66.18705035971223
2023-01-20 09:30:00+00:00,-1.8,short,is,,3922.0,3922.0,1,1,34075.0,-66.18705035971223
2023-01-20 09:32:00+00:00,-26.8,short,is,,3921.0,3921.5,1,1,34050.0,-66.21185809972712
2023-01-20 09:34:00+00:00,-89.3,short,is,,3921.0,3922.75,1,1,33962.5,-66.29868518977922
2023-01-20 09:36:00+00:00,-26.8,short,is,,3922.0,3922.5,1,1,33937.5,-66.3234929297941
2023-01-20 10:13:00+00:00,235.7,short,is,,3920.75,3916.0,1,36,34175.0,-66.08781939965269
2023-01-20 10:15:00+00:00,-76.8,short,is,,3917.25,3918.75,1,1,34100.0,-66.16224261969734
2023-01-20 10:17:00+00:00,-26.8,short,is,,3919.25,3919.75,1,1,34075.0,-66.18705035971223
2023-01-20 10:19:00+00:00,-114.3,short,is,,3918.5,3920.75,1,1,33962.5,-66.29868518977922
2023-01-20 10:28:00+00:00,-176.8,long,is,,3920.25,3916.75,1,8,33787.5,-66.4723393698834
2023-01-20 10:31:00+00:00,-176.8,short,is,,3917.25,3920.75,1,2,33612.5,-66.6459935499876
2023-01-20 10:39:00+00:00,-51.8,long,is,,3919.75,3918.75,1,7,33562.5,-66.69560903001737
2023-01-20 10:41:00+00:00,-51.8,long,is,,3920.0,3919.0,1,1,33512.5,-66.74522451004712
2023-01-20 10:49:00+00:00,-101.8,short,is,,3918.25,3920.25,1,7,33412.5,-66.84445547010668
2023-01-20 11:01:00+00:00,-89.3,long,is,,3921.5,3919.75,1,11,33325.0,-66.93128256015876
2023-01-20 11:06:00+00:00,-76.8,short,is,,3919.0,3920.5,1,4,33250.0,-67.00570578020343
2023-01-20 11:08:00+00:00,-64.3,long,is,,3920.0,3918.75,1,1,33187.5,-67.06772513024063
2023-01-20 11:16:00+00:00,-76.8,short,is,,3918.5,3920.0,1,7,33112.5,-67.1421483502853
2023-01-20 11:20:00+00:00,-89.3,long,is,,3920.25,3918.5,1,3,33025.0,-67.2289754403374
2023-01-20 11:22:00+00:00,-26.8,long,is,,3919.25,3918.75,1,1,33000.0,-67.25378318035227
2023-01-20 11:30:00+00:00,-64.3,short,is,,3918.25,3919.5,1,7,32937.5,-67.31580253038948
2023-01-20 11:41:00+00:00,-76.8,long,is,,3919.5,3918.0,1,10,32862.5,-67.39022575043414
2023-01-20 11:43:00+00:00,-64.3,short,is,,3918.0,3919.25,1,1,32800.0,-67.45224510047134
2023-01-20 11:49:00+00:00,-51.8,long,is,,3920.0,3919.0,1,5,32750.0,-67.50186058050112
2023-01-20 11:52:00+00:00,-39.3,short,is,,3919.0,3919.75,1,2,32712.5,-67.53907219052344
2023-01-20 11:57:00+00:00,-64.3,short,is,,3918.5,3919.75,1,4,32650.0,-67.60109154056066
2023-01-20 12:00:00+00:00,-51.8,long,is,,3919.75,3918.75,1,2,32600.0,-67.65070702059043
2023-01-20 12:07:00+00:00,-64.3,short,is,,3918.25,3919.5,1,6,32537.5,-67.71272637062764
2023-01-20 12:09:00+00:00,-39.3,short,is,,3918.25,3919.0,1,1,32500.0,-67.74993798064996
2023-01-20 12:11:00+00:00,-64.3,short,is,,3918.5,3919.75,1,1,32437.5,-67.81195733068718
2023-01-20 12:22:00+00:00,-89.3,long,is,,3920.25,3918.5,1,10,32350.0,-67.89878442073926
2023-01-20 12:27:00+00:00,-101.8,short,is,,3918.5,3920.5,1,4,32250.0,-67.9980153807988
2023-01-20 13:00:00+00:00,310.7,long,is,,3920.75,3927.0,1,32,32562.5,-67.68791863061276
2023-01-20 13:02:00+00:00,-51.8,long,is,,3927.75,3926.75,1,1,32512.5,-67.73753411064251
2023-01-20 13:10:00+00:00,-1.8,long,is,,3928.0,3928.0,1,7,32512.5,-67.73753411064251
2023-01-20 13:13:00+00:00,-64.3,long,is,,3929.25,3928.0,1,2,32450.0,-67.79955346067973
2023-01-20 13:15:00+00:00,10.7,long,is,,3928.0,3928.25,1,1,32462.5,-67.78714959067229
2023-01-20 13:17:00+00:00,-14.3,long,is,,3928.0,3927.75,1,1,32450.0,-67.79955346067973
2023-01-20 13:19:00+00:00,-64.3,long,is,,3927.25,3926.0,1,1,32387.5,-67.86157281071694
2023-01-20 13:21:00+00:00,10.7,long,is,,3927.25,3927.5,1,1,32400.0,-67.8491689407095
2023-01-20 13:23:00+00:00,-39.3,long,is,,3926.5,3925.75,1,1,32362.5,-67.88638055073183
2023-01-20 13:25:00+00:00,-51.8,long,is,,3926.5,3925.5,1,1,32312.5,-67.9359960307616
2023-01-20 13:27:00+00:00,-26.8,long,is,,3926.0,3925.5,1,1,32287.5,-67.96080377077648
2023-01-20 13:29:00+00:00,-39.3,long,is,,3925.5,3924.75,1,1,32250.0,-67.9980153807988
2023-01-20 13:31:00+00:00,-39.3,long,is,,3924.5,3923.75,1,1,32212.5,-68.03522699082114
2023-01-20 13:43:00+00:00,-126.8,short,is,,3923.0,3925.5,1,11,32087.5,-68.15926569089555
2023-01-20 13:49:00+00:00,-101.8,long,is,,3925.0,3923.0,1,5,31987.5,-68.25849665095511
2023-01-20 14:05:00+00:00,23.2,short,is,,3922.25,3921.75,1,15,32012.5,-68.23368891094022
2023-01-20 14:07:00+00:00,-64.3,short,is,,3922.25,3923.5,1,1,31950.0,-68.29570826097743
2023-01-20 14:09:00+00:00,-51.8,short,is,,3922.75,3923.75,1,1,31900.0,-68.34532374100719
2023-01-20 14:11:00+00:00,-51.8,short,is,,3923.5,3924.5,1,1,31850.0,-68.39493922103696
2023-01-20 14:13:00+00:00,-39.3,short,is,,3924.5,3925.25,1,1,31812.5,-68.43215083105929
2023-01-20 14:15:00+00:00,-76.8,short,is,,3924.0,3925.5,1,1,31737.5,-68.50657405110394
2023-01-20 14:31:00+00:00,-51.8,long,is,,3926.25,3925.25,1,15,31687.5,-68.55618953113371
2023-01-20 14:44:00+00:00,-39.3,short,is,,3923.75,3924.5,1,12,31650.0,-68.59340114115604
2023-01-20 15:01:00+00:00,-89.3,long,is,,3925.0,3923.25,1,16,31562.5,-68.68022823120813
2023-01-20 15:18:00+00:00,235.7,long,is,,3924.25,3929.0,1,16,31800.0,-68.44455470106674
2023-01-20 15:20:00+00:00,10.7,long,is,,3930.0,3930.25,1,1,31812.5,-68.43215083105929
2023-01-20 15:26:00+00:00,85.7,long,is,,3931.0,3932.75,1,5,31900.0,-68.34532374100719
2023-01-20 15:41:00+00:00,173.2,long,is,,3932.5,3936.0,1,14,32075.0,-68.171669560903
2023-01-20 15:44:00+00:00,-1.8,long,is,,3934.5,3934.5,1,2,32075.0,-68.171669560903
2023-01-20 15:46:00+00:00,85.7,long,is,,3933.5,3935.25,1,1,32162.5,-68.0848424708509
2023-01-20 15:48:00+00:00,10.7,long,is,,3934.0,3934.25,1,1,32175.0,-68.07243860084347
2023-01-20 15:50:00+00:00,10.7,long,is,,3935.0,3935.25,1,1,32187.5,-68.06003473083602
2023-01-20 15:52:00+00:00,-26.8,long,is,,3934.5,3934.0,1,1,32162.5,-68.0848424708509
2023-01-20 15:54:00+00:00,48.2,long,is,,3934.25,3935.25,1,1,32212.5,-68.03522699082114
2023-01-20 16:00:00+00:00,-64.3,long,is,,3936.75,3935.5,1,5,32150.0,-68.09724634085835
2023-01-20 16:38:00+00:00,598.2,long,is,,3937.5,3949.5,1,37,32750.0,-67.50186058050112
2023-01-20 16:40:00+00:00,-101.8,long,is,,3949.0,3947.0,1,1,32650.0,-67.60109154056066
2023-01-20 16:42:00+00:00,-39.3,long,is,,3947.75,3947.0,1,1,32612.5,-67.63830315058298
2023-01-20 16:44:00+00:00,-1.8,long,is,,3947.75,3947.75,1,1,32612.5,-67.63830315058298
2023-01-20 16:46:00+00:00,-1.8,long,is,,3947.5,3947.5,1,1,32612.5,-67.63830315058298
2023-01-20 16:49:00+00:00,48.2,long,is,,3948.75,3949.75,1,2,32662.5,-67.58868767055321
2023-01-20 16:51:00+00:00,-76.8,long,is,,3950.0,3948.5,1,1,32587.5,-67.66311089059786
2023-01-20 16:53:00+00:00,-76.8,long,is,,3949.0,3947.5,1,1,32512.5,-67.73753411064251
2023-01-20 16:55:00+00:00,-89.3,long,is,,3948.75,3947.0,1,1,32425.0,-67.82436120069461
2023-01-20 16:57:00+00:00,-1.8,long,is,,3947.75,3947.75,1,1,32425.0,-67.82436120069461
2023-01-20 16:59:00+00:00,-101.8,long,is,,3948.0,3946.0,1,1,32325.0,-67.92359216075415
2023-01-20 17:01:00+00:00,48.2,long,is,,3947.0,3948.0,1,1,32375.0,-67.8739766807244
2023-01-20 17:16:00+00:00,-14.3,long,is,,3948.25,3948.0,1,14,32362.5,-67.88638055073183
2023-01-20 17:29:00+00:00,35.7,long,is,,3949.5,3950.25,1,12,32400.0,-67.8491689407095
2023-01-20 17:31:00+00:00,-14.3,long,is,,3950.0,3949.75,1,1,32387.5,-67.86157281071694
2023-01-20 17:33:00+00:00,-89.3,long,is,,3949.0,3947.25,1,1,32300.0,-67.94839990076905
2023-01-20 17:35:00+00:00,-51.8,long,is,,3949.0,3948.0,1,1,32250.0,-67.9980153807988
2023-01-20 17:37:00+00:00,10.7,long,is,,3948.25,3948.5,1,1,32262.5,-67.98561151079137
2023-01-20 17:39:00+00:00,48.2,long,is,,3948.5,3949.5,1,1,32312.5,-67.9359960307616
2023-01-20 17:46:00+00:00,-64.3,long,is,,3950.25,3949.0,1,6,32250.0,-67.9980153807988
2023-01-20 17:56:00+00:00,-39.3,long,is,,3950.25,3949.5,1,9,32212.5,-68.03522699082114
2023-01-20 17:58:00+00:00,23.2,long,is,,3949.25,3949.75,1,1,32237.5,-68.01041925080625
2023-01-20 18:01:00+00:00,-114.3,short,is,,3948.25,3950.5,1,2,32125.0,-68.12205408087323
2023-01-20 18:05:00+00:00,-39.3,long,is,,3951.25,3950.5,1,3,32087.5,-68.15926569089555
2023-01-20 18:07:00+00:00,-26.8,long,is,,3949.75,3949.25,1,1,32062.5,-68.18407343091044
2023-01-20 18:15:00+00:00,-76.8,short,is,,3948.5,3950.0,1,7,31987.5,-68.25849665095511
2023-01-20 18:20:00+00:00,-426.8,long,is,,3950.0,3941.5,1,4,31562.5,-68.68022823120813
2023-01-20 18:31:00+00:00,-251.8,short,is,,3943.25,3948.25,1,10,31312.5,-68.92830563135698
2023-01-20 19:47:00+00:00,1035.7,long,is,,3949.0,3969.75,1,75,32350.0,-67.89878442073926
2023-01-20 19:49:00+00:00,-64.3,long,is,,3970.25,3969.0,1,1,32287.5,-67.96080377077648
2023-01-20 19:51:00+00:00,-39.3,long,is,,3969.75,3969.0,1,1,32250.0,-67.9980153807988
2023-01-20 19:53:00+00:00,-26.8,long,is,,3968.25,3967.75,1,1,32225.0,-68.0228231208137
2023-01-20 19:55:00+00:00,-39.3,long,is,,3969.75,3969.0,1,1,32187.5,-68.06003473083602
2023-01-20 19:57:00+00:00,-39.3,long,is,,3968.75,3968.0,1,1,32150.0,-68.09724634085835
2023-01-20 20:23:00+00:00,560.7,long,is,,3969.25,3980.5,1,25,32712.5,-67.53907219052344
2023-01-20 20:25:00+00:00,85.7,long,is,,3978.0,3979.75,1,1,32800.0,-67.45224510047134
2023-01-20 20:27:00+00:00,35.7,long,is,,3980.25,3981.0,1,1,32837.5,-67.41503349044902
2023-01-20 20:30:00+00:00,73.2,long,is,,3979.75,3981.25,1,2,32912.5,-67.34061027040437
2023-01-20 20:32:00+00:00,-1.8,long,is,,3982.5,3982.5,1,1,32912.5,-67.34061027040437
2023-01-20 20:35:00+00:00,-176.8,long,is,,3983.75,3980.25,1,2,32737.5,-67.51426445050855
2023-01-20 20:37:00+00:00,-26.8,long,is,,3978.5,3978.0,1,1,32712.5,-67.53907219052344
2023-01-20 20:39:00+00:00,60.7,long,is,,3979.5,3980.75,1,1,32775.0,-67.47705284048622
2023-01-20 20:44:00+00:00,-89.3,long,is,,3981.5,3979.75,1,4,32687.5,-67.56387993053833
2023-01-20 20:46:00+00:00,-64.3,long,is,,3980.0,3978.75,1,1,32625.0,-67.62589928057554
2023-01-20 20:48:00+00:00,60.7,long,is,,3979.25,3980.5,1,1,32687.5,-67.56387993053833
2023-01-20 21:08:00+00:00,185.7,long,is,,3982.25,3986.0,1,19,32875.0,-67.3778218804267
2023-01-20 21:10:00+00:00,-1.8,long,is,,3985.75,3985.75,1,1,32875.0,-67.3778218804267
2023-01-20 21:12:00+00:00,-14.3,long,is,,3985.0,3984.75,1,1,32862.5,-67.39022575043414
2023-01-20 21:15:00+00:00,73.2,long,is,,3984.5,3986.0,1,2,32937.5,-67.31580253038948
2023-01-20 21:17:00+00:00,-39.3,long,is,,3986.0,3985.25,1,1,32900.0,-67.3530141404118
2023-01-20 21:19:00+00:00,-14.3,long,is,,3985.25,3985.0,1,1,32887.5,-67.36541801041925
2023-01-20 21:29:00+00:00,-39.3,long,is,,3986.0,3985.25,1,9,32850.0,-67.40262962044157
2023-01-20 21:43:00+00:00,-26.8,long,is,,3986.5,3986.0,1,13,32825.0,-67.42743736045647
2023-01-20 21:45:00+00:00,-76.8,long,is,,3987.5,3986.0,1,1,32750.0,-67.50186058050112
2023-01-20 21:47:00+00:00,-1.8,long,is,,3986.5,3986.5,1,1,32750.0,-67.50186058050112
2023-01-20 21:49:00+00:00,-14.3,long,is,,3986.5,3986.25,1,1,32737.5,-67.51426445050855
2023-01-22 23:01:00+00:00,-27.5,long,is,,3986.75,3986.25,1,11,32712.5,-67.53907219052344
2023-01-22 23:15:00+00:00,-140.0,short,is,,3983.75,3986.5,1,13,32575.0,-67.67551476060531
2023-01-22 23:17:00+00:00,-77.5,long,is,,3986.75,3985.25,1,1,32500.0,-67.74993798064996
2023-01-22 23:19:00+00:00,-52.5,short,is,,3985.0,3986.0,1,1,32450.0,-67.79955346067973
2023-01-22 23:22:00+00:00,-77.5,long,is,,3986.5,3985.0,1,2,32375.0,-67.8739766807244
2023-01-22 23:46:00+00:00,-15.0,short,is,,3984.0,3984.25,1,23,32362.5,-67.88638055073183
2023-01-23 00:00:00+00:00,-2.5,short,is,,3983.5,3983.5,1,13,32362.5,-67.88638055073183
2023-01-23 00:11:00+00:00,-2.5,short,is,,3982.75,3982.75,1,10,32362.5,-67.88638055073183
2023-01-23 00:19:00+00:00,-15.0,short,is,,3982.0,3982.25,1,7,32350.0,-67.89878442073926
2023-01-23 00:21:00+00:00,-52.5,short,is,,3982.0,3983.0,1,1,32300.0,-67.94839990076905
2023-01-23 00:23:00+00:00,-27.5,short,is,,3982.75,3983.25,1,1,32275.0,-67.97320764078393
2023-01-23 00:25:00+00:00,-40.0,short,is,,3983.0,3983.75,1,1,32237.5,-68.01041925080625
2023-01-23 00:27:00+00:00,-40.0,short,is,,3982.75,3983.5,1,1,32200.0,-68.04763086082858
2023-01-23 00:29:00+00:00,-27.5,short,is,,3983.0,3983.5,1,1,32175.0,-68.07243860084347
2023-01-23 00:31:00+00:00,-40.0,short,is,,3983.25,3984.0,1,1,32137.5,-68.1096502108658
2023-01-23 00:42:00+00:00,-52.5,long,is,,3984.5,3983.5,1,10,32087.5,-68.15926569089555
2023-01-23 00:57:00+00:00,-89.3,short,is,,3981.75,3983.5,1,14,32000.0,-68.24609278094765
2023-01-23 01:12:00+00:00,-64.3,long,is,,3983.75,3982.5,1,14,31937.5,-68.30811213098487
2023-01-23 01:16:00+00:00,-64.3,short,is,,3982.5,3983.75,1,3,31875.0,-68.37013148102209
2023-01-23 01:38:00+00:00,23.2,long,is,,3984.0,3984.5,1,21,31900.0,-68.34532374100719
2023-01-23 01:40:00+00:00,-39.3,long,is,,3985.0,3984.25,1,1,31862.5,-68.38253535102952
2023-01-23 01:42:00+00:00,-1.8,long,is,,3984.75,3984.75,1,1,31862.5,-68.38253535102952
2023-01-23 01:44:00+00:00,-26.8,long,is,,3985.25,3984.75,1,1,31837.5,-68.40734309104441
2023-01-23 01:46:00+00:00,-39.3,long,is,,3985.25,3984.5,1,1,31800.0,-68.44455470106674
2023-01-23 01:48:00+00:00,-1.8,long,is,,3984.75,3984.75,1,1,31800.0,-68.44455470106674
2023-01-23 01:50:00+00:00,-26.8,long,is,,3985.0,3984.5,1,1,31775.0,-68.46936244108161
2023-01-23 01:52:00+00:00,-39.3,long,is,,3985.0,3984.25,1,1,31737.5,-68.50657405110394
2023-01-23 01:54:00+00:00,-26.8,long,is,,3984.75,3984.25,1,1,31712.5,-68.53138179111883
2023-01-23 01:56:00+00:00,-14.3,long,is,,3984.75,3984.5,1,1,31700.0,-68.54378566112626
2023-01-23 02:20:00+00:00,-1.8,long,is,,3985.5,3985.5,1,23,31700.0,-68.54378566112626
2023-01-23 02:22:00+00:00,-26.8,long,is,,3986.0,3985.5,1,1,31675.0,-68.56859340114116
2023-01-23 02:24:00+00:00,-14.3,long,is,,3986.0,3985.75,1,1,31662.5,-68.5809972711486
2023-01-23 02:26:00+00:00,-39.3,long,is,,3986.5,3985.75,1,1,31625.0,-68.61820888117093
2023-01-23 02:29:00+00:00,-39.3,long,is,,3986.25,3985.5,1,2,31587.5,-68.65542049119325
2023-01-23 02:31:00+00:00,-14.3,long,is,,3985.75,3985.5,1,1,31575.0,-68.66782436120069
2023-01-23 02:33:00+00:00,-26.8,long,is,,3986.0,3985.5,1,1,31550.0,-68.69263210121558
2023-01-23 02:35:00+00:00,-39.3,long,is,,3985.75,3985.0,1,1,31512.5,-68.7298437112379
2023-01-23 02:55:00+00:00,-14.3,short,is,,3984.0,3984.25,1,19,31500.0,-68.74224758124535
2023-01-23 02:57:00+00:00,-26.8,short,is,,3983.75,3984.25,1,1,31475.0,-68.76705532126023
2023-01-23 02:59:00+00:00,-51.8,short,is,,3984.0,3985.0,1,1,31425.0,-68.81667080129
2023-01-23 03:01:00+00:00,-39.3,short,is,,3983.75,3984.5,1,1,31387.5,-68.85388241131233
2023-01-23 03:03:00+00:00,-39.3,short,is,,3984.25,3985.0,1,1,31350.0,-68.89109402133465
2023-01-23 03:05:00+00:00,-14.3,short,is,,3984.5,3984.75,1,1,31337.5,-68.9034978913421
2023-01-23 03:07:00+00:00,-51.8,short,is,,3984.0,3985.0,1,1,31287.5,-68.95311337137187
2023-01-23 03:10:00+00:00,-39.3,short,is,,3984.25,3985.0,1,2,31250.0,-68.9903249813942
2023-01-23 03:12:00+00:00,-14.3,short,is,,3984.75,3985.0,1,1,31237.5,-69.00272885140164
2023-01-23 03:14:00+00:00,-39.3,short,is,,3984.5,3985.25,1,1,31200.0,-69.03994046142397
2023-01-23 03:30:00+00:00,-51.8,long,is,,3985.75,3984.75,1,15,31150.0,-69.08955594145372
2023-01-23 03:49:00+00:00,-39.3,short,is,,3984.25,3985.0,1,18,31112.5,-69.12676755147606
2023-01-23 03:58:00+00:00,-51.8,long,is,,3985.5,3984.5,1,8,31062.5,-69.17638303150582
2023-01-23 04:01:00+00:00,-39.3,short,is,,3984.5,3985.25,1,2,31025.0,-69.21359464152815
2023-01-23 04:06:00+00:00,-76.8,long,is,,3986.0,3984.5,1,4,30950.0,-69.28801786157281
2023-01-23 04:18:00+00:00,-76.8,short,is,,3983.25,3984.75,1,11,30875.0,-69.36244108161746
2023-01-23 04:29:00+00:00,-64.3,long,is,,3985.0,3983.75,1,10,30812.5,-69.42446043165468
2023-01-23 04:40:00+00:00,-89.3,short,is,,3983.25,3985.0,1,10,30725.0,-69.51128752170678
2023-01-23 04:43:00+00:00,-39.3,short,is,,3983.75,3984.5,1,2,30687.5,-69.5484991317291
2023-01-23 04:45:00+00:00,-26.8,short,is,,3984.0,3984.5,1,1,30662.5,-69.573306871744
2023-01-23 04:47:00+00:00,-51.8,short,is,,3983.5,3984.5,1,1,30612.5,-69.62292235177375
2023-01-23 04:49:00+00:00,-14.3,short,is,,3984.0,3984.25,1,1,30600.0,-69.63532622178118
2023-01-23 04:51:00+00:00,-39.3,short,is,,3984.0,3984.75,1,1,30562.5,-69.67253783180352
2023-01-23 04:53:00+00:00,-39.3,short,is,,3983.75,3984.5,1,1,30525.0,-69.70974944182585
2023-01-23 04:55:00+00:00,-39.3,short,is,,3984.25,3985.0,1,1,30487.5,-69.74696105184817
2023-01-23 05:03:00+00:00,-39.3,long,is,,3985.0,3984.25,1,6,30450.0,-69.7841726618705
2023-01-23 05:06:00+00:00,-51.8,long,is,,3985.0,3984.0,1,2,30400.0,-69.83378814190027
2023-01-23 05:08:00+00:00,-51.8,short,is,,3984.25,3985.25,1,1,30350.0,-69.88340362193004
2023-01-23 05:19:00+00:00,-51.8,short,is,,3984.25,3985.25,1,10,30300.0,-69.93301910195981
2023-01-23 05:48:00+00:00,73.2,long,is,,3985.5,3987.0,1,28,30375.0,-69.85859588191515
2023-01-23 05:50:00+00:00,-26.8,long,is,,3987.25,3986.75,1,1,30350.0,-69.88340362193004
2023-01-23 05:54:00+00:00,-26.8,long,is,,3987.25,3986.75,1,3,30325.0,-69.90821136194492
2023-01-23 05:58:00+00:00,-64.3,long,is,,3987.25,3986.0,1,3,30262.5,-69.97023071198214
2023-01-23 06:00:00+00:00,-26.8,long,is,,3985.75,3985.25,1,1,30237.5,-69.99503845199703
2023-01-23 06:02:00+00:00,-51.8,long,is,,3986.0,3985.0,1,1,30187.5,-70.04465393202679
2023-01-23 06:18:00+00:00,-39.3,short,is,,3984.75,3985.5,1,15,30150.0,-70.08186554204912
2023-01-23 06:22:00+00:00,-39.3,long,is,,3985.5,3984.75,1,3,30112.5,-70.11907715207145
2023-01-23 06:28:00+00:00,-51.8,short,is,,3984.0,3985.0,1,5,30062.5,-70.16869263210121
2023-01-23 06:30:00+00:00,-39.3,short,is,,3984.5,3985.25,1,1,30025.0,-70.20590424212354
2023-01-23 06:33:00+00:00,-64.3,short,is,,3984.75,3986.0,1,2,29962.5,-70.26792359216076
2023-01-23 06:45:00+00:00,-39.3,long,is,,3986.0,3985.25,1,11,29925.0,-70.30513520218308
2023-01-23 06:47:00+00:00,-51.8,short,is,,3985.0,3986.0,1,1,29875.0,-70.35475068221285
2023-01-23 06:57:00+00:00,-51.8,long,is,,3987.5,3986.5,1,9,29825.0,-70.40436616224261
2023-01-23 07:01:00+00:00,-26.8,long,is,,3987.25,3986.75,1,3,29800.0,-70.4291739022575
2023-01-23 07:10:00+00:00,23.2,long,is,,3987.5,3988.0,1,8,29825.0,-70.40436616224261
2023-01-23 07:12:00+00:00,-26.8,long,is,,3988.75,3988.25,1,1,29800.0,-70.4291739022575
2023-01-23 07:14:00+00:00,-14.3,long,is,,3988.25,3988.0,1,1,29787.5,-70.44157777226495
2023-01-23 07:16:00+00:00,-14.3,long,is,,3988.75,3988.5,1,1,29775.0,-70.4539816422724
2023-01-23 07:18:00+00:00,-39.3,long,is,,3988.75,3988.0,1,1,29737.5,-70.49119325229472
2023-01-23 07:20:00+00:00,-26.8,long,is,,3987.5,3987.0,1,1,29712.5,-70.5160009923096
2023-01-23 07:22:00+00:00,-64.3,long,is,,3988.25,3987.0,1,1,29650.0,-70.57802034234682
2023-01-23 07:24:00+00:00,-89.3,long,is,,3987.25,3985.5,1,1,29562.5,-70.66484743239891
2023-01-23 07:35:00+00:00,-39.3,short,is,,3985.75,3986.5,1,10,29525.0,-70.70205904242124
2023-01-23 07:37:00+00:00,-76.8,short,is,,3985.5,3987.0,1,1,29450.0,-70.77648226246589
2023-01-23 07:41:00+00:00,-64.3,long,is,,3987.0,3985.75,1,2,29387.5,-70.83850161250311
2023-01-23 07:45:00+00:00,-14.3,short,is,,3985.75,3986.0,1,3,29375.0,-70.85090548251054
2023-01-23 07:47:00+00:00,-26.8,short,is,,3985.75,3986.25,1,1,29350.0,-70.87571322252543
2023-01-23 07:49:00+00:00,-64.3,short,is,,3985.75,3987.0,1,1,29287.5,-70.93773257256264
2023-01-23 07:51:00+00:00,-64.3,short,is,,3986.25,3987.5,1,1,29225.0,-70.99975192259986
2023-01-23 08:20:00+00:00,223.2,long,is,,3986.75,3991.25,1,28,29450.0,-70.77648226246589
2023-01-23 08:22:00+00:00,-76.8,long,is,,3991.75,3990.25,1,1,29375.0,-70.85090548251054
2023-01-23 08:24:00+00:00,-101.8,long,is,,3988.75,3986.75,1,1,29275.0,-70.95013644257008
2023-01-23 08:41:00+00:00,23.2,short,is,,3987.75,3987.25,1,16,29300.0,-70.9253287025552
2023-01-23 08:44:00+00:00,-14.3,short,is,,3986.75,3987.0,1,2,29287.5,-70.93773257256264
2023-01-23 08:46:00+00:00,-1.8,short,is,,3987.25,3987.25,1,1,29287.5,-70.93773257256264
2023-01-23 08:51:00+00:00,-76.8,short,is,,3985.75,3987.25,1,4,29212.5,-71.01215579260729
2023-01-23 08:53:00+00:00,-1.8,short,is,,3987.25,3987.25,1,1,29212.5,-71.01215579260729
2023-01-23 08:55:00+00:00,-89.3,short,is,,3987.25,3989.0,1,1,29125.0,-71.09898288265939
2023-01-23 08:58:00+00:00,-126.8,long,is,,3988.75,3986.25,1,2,29000.0,-71.22302158273382
2023-01-23 09:15:00+00:00,48.2,short,is,,3985.75,3984.75,1,16,29050.0,-71.17340610270404
2023-01-23 09:17:00+00:00,-26.8,short,is,,3984.5,3985.0,1,1,29025.0,-71.19821384271893
2023-01-23 09:19:00+00:00,-39.3,short,is,,3985.25,3986.0,1,1,28987.5,-71.23542545274125
2023-01-23 09:21:00+00:00,-14.3,short,is,,3985.75,3986.0,1,1,28975.0,-71.2478293227487
2023-01-23 09:23:00+00:00,-1.8,short,is,,3985.5,3985.5,1,1,28975.0,-71.2478293227487
2023-01-23 09:25:00+00:00,-51.8,short,is,,3984.5,3985.5,1,1,28925.0,-71.29744480277847
2023-01-23 09:27:00+00:00,10.7,short,is,,3985.75,3985.5,1,1,28937.5,-71.28504093277103
2023-01-23 09:29:00+00:00,-26.8,short,is,,3984.5,3985.0,1,1,28912.5,-71.30984867278592
2023-01-23 09:31:00+00:00,-51.8,short,is,,3985.0,3986.0,1,1,28862.5,-71.35946415281568
2023-01-23 09:33:00+00:00,-64.3,short,is,,3986.75,3988.0,1,1,28800.0,-71.4214835028529
2023-01-23 09:42:00+00:00,-114.3,long,is,,3988.25,3986.0,1,8,28687.5,-71.53311833291987
2023-01-23 09:44:00+00:00,-26.8,short,is,,3986.25,3986.75,1,1,28662.5,-71.55792607293475
2023-01-23 09:48:00+00:00,-39.3,short,is,,3986.25,3987.0,1,3,28625.0,-71.59513768295707
2023-01-23 09:56:00+00:00,-51.8,long,is,,3987.5,3986.5,1,7,28575.0,-71.64475316298685
2023-01-23 10:05:00+00:00,-64.3,long,is,,3988.0,3986.75,1,8,28512.5,-71.70677251302406
2023-01-23 10:29:00+00:00,23.2,short,is,,3984.25,3983.75,1,23,28537.5,-71.68196477300917
2023-01-23 10:33:00+00:00,-14.3,short,is,,3982.5,3982.75,1,3,28525.0,-71.69436864301663
2023-01-23 10:35:00+00:00,-26.8,short,is,,3983.0,3983.5,1,1,28500.0,-71.7191763830315
2023-01-23 10:37:00+00:00,-76.8,short,is,,3983.25,3984.75,1,1,28425.0,-71.79359960307616
2023-01-23 10:39:00+00:00,-26.8,short,is,,3984.75,3985.25,1,1,28400.0,-71.81840734309104
2023-01-23 10:41:00+00:00,-26.8,short,is,,3984.75,3985.25,1,1,28375.0,-71.84321508310593
2023-01-23 11:00:00+00:00,-39.3,long,is,,3985.5,3984.75,1,18,28337.5,-71.88042669312826
2023-01-23 11:17:00+00:00,-51.8,short,is,,3984.25,3985.25,1,16,28287.5,-71.93004217315803
2023-01-23 11:25:00+00:00,-101.8,long,is,,3985.25,3983.25,1,7,28187.5,-72.02927313321756
2023-01-23 11:31:00+00:00,-51.8,short,is,,3983.25,3984.25,1,5,28137.5,-72.07888861324734
2023-01-23 11:39:00+00:00,-64.3,short,is,,3983.0,3984.25,1,7,28075.0,-72.14090796328453
2023-01-23 11:42:00+00:00,-126.8,long,is,,3984.75,3982.25,1,2,27950.0,-72.26494666335897
2023-01-23 11:59:00+00:00,-1.8,short,is,,3982.5,3982.5,1,16,27950.0,-72.26494666335897
2023-01-23 12:01:00+00:00,-89.3,short,is,,3982.5,3984.25,1,1,27862.5,-72.35177375341107
2023-01-23 12:19:00+00:00,-1.8,long,is,,3984.75,3984.75,1,17,27862.5,-72.35177375341107
2023-01-23 12:21:00+00:00,-26.8,long,is,,3985.5,3985.0,1,1,27837.5,-72.37658149342595
2023-01-23 12:23:00+00:00,-26.8,long,is,,3984.75,3984.25,1,1,27812.5,-72.40138923344084
2023-01-23 12:26:00+00:00,-64.3,long,is,,3985.75,3984.5,1,2,27750.0,-72.46340858347806
2023-01-23 12:28:00+00:00,-51.8,long,is,,3985.0,3984.0,1,1,27700.0,-72.51302406350781
2023-01-23 12:52:00+00:00,198.2,long,is,,3985.0,3989.0,1,23,27900.0,-72.31456214338874
2023-01-23 12:54:00+00:00,10.7,long,is,,3988.0,3988.25,1,1,27912.5,-72.3021582733813
2023-01-23 12:56:00+00:00,-14.3,long,is,,3987.5,3987.25,1,1,27900.0,-72.31456214338874
2023-01-23 12:58:00+00:00,10.7,long,is,,3987.0,3987.25,1,1,27912.5,-72.3021582733813
2023-01-23 13:00:00+00:00,-14.3,long,is,,3987.75,3987.5,1,1,27900.0,-72.31456214338874
2023-01-23 13:30:00+00:00,348.2,long,is,,3988.75,3995.75,1,29,28250.0,-71.96725378318035
2023-01-23 13:32:00+00:00,48.2,long,is,,3995.5,3996.5,1,1,28300.0,-71.91763830315058
2023-01-23 13:34:00+00:00,10.7,long,is,,3994.5,3994.75,1,1,28312.5,-71.90523443314314
2023-01-23 13:36:00+00:00,85.7,long,is,,3993.75,3995.5,1,1,28400.0,-71.81840734309104
2023-01-23 13:38:00+00:00,23.2,long,is,,3995.5,3996.0,1,1,28425.0,-71.79359960307616
2023-01-23 13:40:00+00:00,-39.3,long,is,,3995.25,3994.5,1,1,28387.5,-71.83081121309849
2023-01-23 13:42:00+00:00,23.2,long,is,,3994.25,3994.75,1,1,28412.5,-71.8060034730836
2023-01-23 13:44:00+00:00,35.7,long,is,,3994.5,3995.25,1,1,28450.0,-71.76879186306128
2023-01-23 13:46:00+00:00,-126.8,long,is,,3995.75,3993.25,1,1,28325.0,-71.8928305631357
2023-01-23 13:48:00+00:00,-51.8,long,is,,3994.5,3993.5,1,1,28275.0,-71.94244604316546
2023-01-23 13:50:00+00:00,10.7,long,is,,3992.5,3992.75,1,1,28287.5,-71.93004217315803
2023-01-23 13:52:00+00:00,-26.8,long,is,,3992.75,3992.25,1,1,28262.5,-71.95484991317291
2023-01-23 13:54:00+00:00,-76.8,long,is,,3993.75,3992.25,1,1,28187.5,-72.02927313321756
2023-01-23 13:56:00+00:00,-51.8,long,is,,3992.75,3991.75,1,1,28137.5,-72.07888861324734
2023-01-23 14:01:00+00:00,-1.8,long,is,,3993.5,3993.5,1,4,28137.5,-72.07888861324734
2023-01-23 14:08:00+00:00,-239.3,long,is,,3996.0,3991.25,1,6,27900.0,-72.31456214338874
2023-01-23 14:23:00+00:00,-89.3,short,is,,3991.25,3993.0,1,14,27812.5,-72.40138923344084
2023-01-23 14:25:00+00:00,-76.8,short,is,,3993.0,3994.5,1,1,27737.5,-72.47581245348549
2023-01-23 14:31:00+00:00,-226.8,long,is,,3995.75,3991.25,1,5,27512.5,-72.69908211361945
2023-01-23 14:36:00+00:00,-301.8,short,is,,3988.0,3994.0,1,4,27212.5,-72.99677499379807
2023-01-23 14:41:00+00:00,-289.3,short,is,,3989.0,3994.75,1,4,26925.0,-73.28206400396924
2023-01-23 14:43:00+00:00,-151.8,short,is,,3993.25,3996.25,1,1,26775.0,-73.43091044405855
2023-01-23 15:06:00+00:00,510.7,long,is,,3997.25,4007.5,1,22,27287.5,-72.92235177375342
2023-01-23 15:08:00+00:00,60.7,long,is,,4007.0,4008.25,1,1,27350.0,-72.8603324237162
2023-01-23 15:10:00+00:00,-51.8,long,is,,4009.0,4008.0,1,1,27300.0,-72.90994790374596
2023-01-23 15:43:00+00:00,623.2,long,is,,4008.25,4020.75,1,32,27925.0,-72.28975440337385
2023-01-23 16:26:00+00:00,1035.7,long,is,,4023.0,4043.75,1,42,28962.5,-71.26023319275615
2023-01-23 16:28:00+00:00,-26.8,long,is,,4042.25,4041.75,1,1,28937.5,-71.28504093277103
2023-01-23 16:30:00+00:00,-76.8,long,is,,4040.25,4038.75,1,1,28862.5,-71.35946415281568
2023-01-23 16:32:00+00:00,35.7,long,is,,4039.25,4040.0,1,1,28900.0,-71.32225254279335
2023-01-23 16:34:00+00:00,-26.8,long,is,,4042.0,4041.5,1,1,28875.0,-71.34706028280824
2023-01-23 16:36:00+00:00,-1.8,long,is,,4039.75,4039.75,1,1,28875.0,-71.34706028280824
2023-01-23 16:38:00+00:00,185.7,long,is,,4037.25,4041.0,1,1,29062.5,-71.1610022326966
2023-01-23 16:40:00+00:00,-26.8,long,is,,4042.0,4041.5,1,1,29037.5,-71.1858099727115
2023-01-23 16:42:00+00:00,-64.3,long,is,,4042.0,4040.75,1,1,28975.0,-71.2478293227487
2023-01-23 16:46:00+00:00,-64.3,long,is,,4041.5,4040.25,1,3,28912.5,-71.30984867278592
2023-01-23 17:01:00+00:00,23.2,long,is,,4042.25,4042.75,1,14,28937.5,-71.28504093277103
2023-01-23 17:03:00+00:00,-51.8,long,is,,4043.75,4042.75,1,1,28887.5,-71.3346564128008
2023-01-23 17:07:00+00:00,-89.3,long,is,,4043.0,4041.25,1,3,28800.0,-71.4214835028529
2023-01-23 17:09:00+00:00,-176.8,long,is,,4039.75,4036.25,1,1,28625.0,-71.59513768295707
2023-01-23 17:20:00+00:00,-239.3,short,is,,4034.0,4038.75,1,10,28387.5,-71.83081121309849
2023-01-23 17:23:00+00:00,10.7,short,is,,4038.5,4038.25,1,2,28400.0,-71.81840734309104
2023-01-23 17:25:00+00:00,-101.8,short,is,,4038.0,4040.0,1,1,28300.0,-71.91763830315058
2023-01-23 17:27:00+00:00,-89.3,short,is,,4038.0,4039.75,1,1,28212.5,-72.00446539320268
2023-01-23 17:29:00+00:00,-64.3,short,is,,4039.25,4040.5,1,1,28150.0,-72.06648474323988
2023-01-23 17:46:00+00:00,-26.8,long,is,,4040.5,4040.0,1,16,28125.0,-72.09129248325478
2023-01-23 17:52:00+00:00,-89.3,short,is,,4040.0,4041.75,1,5,28037.5,-72.17811957330687
2023-01-23 18:53:00+00:00,373.2,long,is,,4044.25,4051.75,1,60,28412.5,-71.8060034730836
2023-01-23 18:55:00+00:00,23.2,long,is,,4052.0,4052.5,1,1,28437.5,-71.78119573306871
2023-01-23 18:57:00+00:00,35.7,long,is,,4052.5,4053.25,1,1,28475.0,-71.74398412304639
2023-01-23 18:59:00+00:00,-151.8,long,is,,4052.25,4049.25,1,1,28325.0,-71.8928305631357
2023-01-23 19:01:00+00:00,-214.3,long,is,,4050.25,4046.0,1,1,28112.5,-72.10369635326221
2023-01-23 19:20:00+00:00,48.2,short,is,,4045.25,4044.25,1,18,28162.5,-72.05408087323245
2023-01-23 19:22:00+00:00,-76.8,short,is,,4043.0,4044.5,1,1,28087.5,-72.1285040932771
2023-01-23 20:00:00+00:00,923.2,short,is,,4043.75,4025.25,1,37,29012.5,-71.21061771272636
2023-01-23 20:02:00+00:00,23.2,short,is,,4024.5,4024.0,1,1,29037.5,-71.1858099727115
2023-01-23 20:04:00+00:00,-39.3,short,is,,4023.5,4024.25,1,1,29000.0,-71.22302158273382
2023-01-23 20:07:00+00:00,-26.8,short,is,,4022.5,4023.0,1,2,28975.0,-71.2478293227487
2023-01-23 20:09:00+00:00,-64.3,short,is,,4023.0,4024.25,1,1,28912.5,-71.30984867278592
2023-01-23 20:11:00+00:00,-14.3,short,is,,4025.0,4025.25,1,1,28900.0,-71.32225254279335
2023-01-23 20:13:00+00:00,-214.3,short,is,,4023.75,4028.0,1,1,28687.5,-71.53311833291987
2023-01-23 20:15:00+00:00,35.7,short,is,,4030.75,4030.0,1,1,28725.0,-71.49590672289754
2023-01-23 20:17:00+00:00,-89.3,short,oos,,4028.75,4030.5,1,1,28637.5,-71.58273381294964
2023-01-23 20:19:00+00:00,48.2,short,oos,,4031.25,4030.25,1,1,28687.5,-71.53311833291987
2023-01-23 20:21:00+00:00,-76.8,short,oos,,4029.5,4031.0,1,1,28612.5,-71.60754155296452
2023-01-23 20:23:00+00:00,85.7,short,oos,,4031.0,4029.25,1,1,28700.0,-71.52071446291242
2023-01-23 20:25:00+00:00,-76.8,short,oos,,4028.5,4030.0,1,1,28625.0,-71.59513768295707
2023-01-23 20:39:00+00:00,-114.3,short,oos,,4027.75,4030.0,1,13,28512.5,-71.70677251302406
2023-01-23 20:43:00+00:00,85.7,short,oos,,4029.25,4027.5,1,3,28600.0,-71.61994542297197
2023-01-23 20:45:00+00:00,-114.3,short,oos,,4028.5,4030.75,1,1,28487.5,-71.73158025303896
2023-01-23 20:47:00+00:00,-89.3,short,oos,,4029.75,4031.5,1,1,28400.0,-71.81840734309104
2023-01-23 21:01:00+00:00,-64.3,long,oos,,4033.0,4031.75,1,13,28337.5,-71.88042669312826
2023-01-23 21:03:00+00:00,-1.8,long,oos,,4033.5,4033.5,1,1,28337.5,-71.88042669312826
2023-01-23 21:05:00+00:00,-89.3,long,oos,,4033.75,4032.0,1,1,28250.0,-71.96725378318035
2023-01-23 21:07:00+00:00,-26.8,long,oos,,4033.25,4032.75,1,1,28225.0,-71.99206152319523
2023-01-23 21:09:00+00:00,-26.8,long,oos,,4032.5,4032.0,1,1,28200.0,-72.01686926321013
2023-01-23 21:11:00+00:00,-14.3,long,oos,,4033.25,4033.0,1,1,28187.5,-72.02927313321756
2023-01-23 21:13:00+00:00,-14.3,long,oos,,4033.0,4032.75,1,1,28175.0,-72.041677003225
2023-01-23 21:15:00+00:00,-1.8,long,oos,,4034.0,4034.0,1,1,28175.0,-72.041677003225
2023-01-23 21:28:00+00:00,-76.8,long,oos,,4034.75,4033.25,1,12,28100.0,-72.11610022326967
2023-01-23 21:30:00+00:00,-14.3,long,oos,,4033.5,4033.25,1,1,28087.5,-72.1285040932771
2023-01-23 23:04:00+00:00,73.2,long,oos,,4034.0,4035.5,1,33,28162.5,-72.05408087323245
2023-01-23 23:07:00+00:00,-1.8,long,oos,,4036.0,4036.0,1,2,28162.5,-72.05408087323245
2023-01-23 23:11:00+00:00,-89.3,long,oos,,4036.75,4035.0,1,3,28075.0,-72.14090796328453
2023-01-23 23:13:00+00:00,-26.8,long,oos,,4035.5,4035.0,1,1,28050.0,-72.16571570329943
2023-01-23 23:15:00+00:00,-14.3,long,oos,,4035.5,4035.25,1,1,28037.5,-72.17811957330687
2023-01-23 23:17:00+00:00,-14.3,long,oos,,4035.5,4035.25,1,1,28025.0,-72.19052344331432
2023-01-23 23:19:00+00:00,-26.8,long,oos,,4035.5,4035.0,1,1,28000.0,-72.2153311833292
2023-01-23 23:21:00+00:00,-51.8,long,oos,,4035.75,4034.75,1,1,27950.0,-72.26494666335897
2023-01-23 23:46:00+00:00,48.2,short,oos,,4034.0,4033.0,1,24,28000.0,-72.2153311833292
2023-01-23 23:48:00+00:00,-51.8,short,oos,,4032.75,4033.75,1,1,27950.0,-72.26494666335897
2023-01-23 23:50:00+00:00,-26.8,short,oos,,4033.25,4033.75,1,1,27925.0,-72.28975440337385
2023-01-23 23:52:00+00:00,-39.3,short,oos,,4033.5,4034.25,1,1,27887.5,-72.32696601339617
2023-01-23 23:54:00+00:00,-14.3,short,oos,,4033.5,4033.75,1,1,27875.0,-72.33936988340362
2023-01-23 23:56:00+00:00,-26.8,short,oos,,4033.5,4034.0,1,1,27850.0,-72.3641776234185
2023-01-23 23:58:00+00:00,-1.8,short,oos,,4033.5,4033.5,1,1,27850.0,-72.3641776234185
2023-01-24 00:03:00+00:00,-65.0,short,oos,,4033.0,4034.25,1,4,27787.5,-72.42619697345572
2023-01-24 00:05:00+00:00,-15.0,short,oos,,4033.5,4033.75,1,1,27775.0,-72.43860084346316
2023-01-24 00:13:00+00:00,-90.0,short,oos,,4032.25,4034.0,1,7,27687.5,-72.52542793351525
2023-01-24 00:20:00+00:00,-40.0,short,oos,,4033.0,4033.75,1,6,27650.0,-72.56263954353759
2023-01-24 00:22:00+00:00,-52.5,short,oos,,4032.75,4033.75,1,1,27600.0,-72.61225502356736
2023-01-24 00:24:00+00:00,10.0,short,oos,,4033.75,4033.5,1,1,27612.5,-72.59985115355991
2023-01-24 00:26:00+00:00,-40.0,short,oos,,4032.75,4033.5,1,1,27575.0,-72.63706276358224
2023-01-24 00:28:00+00:00,-27.5,short,oos,,4033.5,4034.0,1,1,27550.0,-72.66187050359713
2023-01-24 00:30:00+00:00,-2.5,short,oos,,4033.5,4033.5,1,1,27550.0,-72.66187050359713
2023-01-24 00:32:00+00:00,-27.5,short,oos,,4033.5,4034.0,1,1,27525.0,-72.68667824361201
2023-01-24 00:34:00+00:00,-52.5,short,oos,,4033.25,4034.25,1,1,27475.0,-72.73629372364178
2023-01-24 00:42:00+00:00,-27.5,long,oos,,4034.0,4033.5,1,7,27450.0,-72.76110146365666
2023-01-24 00:46:00+00:00,-40.0,long,oos,,4034.25,4033.5,1,3,27412.5,-72.79831307367898
2023-01-24 00:48:00+00:00,-40.0,long,oos,,4034.0,4033.25,1,1,27375.0,-72.83552468370131
2023-01-24 00:51:00+00:00,-52.5,short,oos,,4033.25,4034.25,1,2,27325.0,-72.8851401637311
2023-01-24 00:56:00+00:00,-52.5,long,oos,,4034.5,4033.5,1,4,27275.0,-72.93475564376085
2023-01-24 00:59:00+00:00,-15.0,long,oos,,4034.0,4033.75,1,2,27262.5,-72.9471595137683
2023-01-24 01:01:00+00:00,-40.0,long,oos,,4034.0,4033.25,1,1,27225.0,-72.98437112379062
2023-01-24 01:04:00+00:00,-52.5,long,oos,,4034.0,4033.0,1,1,27175.0,-73.0339866038204
2023-01-24 01:15:00+00:00,-65.0,short,oos,,4032.25,4033.5,1,10,27112.5,-73.0960059538576
2023-01-24 01:57:00+00:00,97.5,long,oos,,4034.0,4036.0,1,41,27212.5,-72.99677499379807
2023-01-24 01:59:00+00:00,-15.0,long,oos,,4036.25,4036.0,1,1,27200.0,-73.00917886380552
2023-01-24 02:01:00+00:00,-15.0,long,oos,,4036.25,4036.0,1,1,27187.5,-73.02158273381295
2023-01-24 02:03:00+00:00,-27.5,long,oos,,4036.25,4035.75,1,1,27162.5,-73.04639047382784
2023-01-24 02:05:00+00:00,-40.0,long,oos,,4036.75,4036.0,1,1,27125.0,-73.08360208385017
2023-01-24 02:07:00+00:00,-52.5,long,oos,,4036.75,4035.75,1,1,27075.0,-73.13321756387992
2023-01-24 02:12:00+00:00,-27.5,long,oos,,4036.5,4036.0,1,4,27050.0,-73.15802530389482
2023-01-24 02:14:00+00:00,-2.5,long,oos,,4036.25,4036.25,1,1,27050.0,-73.15802530389482
2023-01-24 02:29:00+00:00,-14.3,long,oos,,4036.75,4036.5,1,14,27037.5,-73.17042917390226
2023-01-24 02:32:00+00:00,-26.8,long,oos,,4037.25,4036.75,1,2,27012.5,-73.19523691391714
2023-01-24 02:34:00+00:00,-39.3,long,oos,,4037.0,4036.25,1,1,26975.0,-73.23244852393947
2023-01-24 02:36:00+00:00,-64.3,long,oos,,4037.0,4035.75,1,1,26912.5,-73.29446787397667
2023-01-24 02:38:00+00:00,-26.8,long,oos,,4036.5,4036.0,1,1,26887.5,-73.31927561399156
2023-01-24 02:40:00+00:00,-26.8,long,oos,,4036.5,4036.0,1,1,26862.5,-73.34408335400646
2023-01-24 02:42:00+00:00,-51.8,long,oos,,4036.75,4035.75,1,1,26812.5,-73.39369883403621
2023-01-24 02:44:00+00:00,-26.8,long,oos,,4036.25,4035.75,1,1,26787.5,-73.41850657405111
2023-01-24 02:46:00+00:00,-26.8,long,oos,,4036.0,4035.5,1,1,26762.5,-73.44331431406599
2023-01-24 02:57:00+00:00,-76.8,short,oos,,4034.75,4036.25,1,10,26687.5,-73.51773753411064
2023-01-24 03:00:00+00:00,-51.8,short,oos,,4035.0,4036.0,1,2,26637.5,-73.56735301414041
2023-01-24 03:02:00+00:00,-39.3,short,oos,,4035.25,4036.0,1,1,26600.0,-73.60456462416273
2023-01-24 03:04:00+00:00,-51.8,short,oos,,4035.25,4036.25,1,1,26550.0,-73.6541801041925
2023-01-24 03:06:00+00:00,-39.3,short,oos,,4035.5,4036.25,1,1,26512.5,-73.69139171421483
2023-01-24 03:08:00+00:00,-39.3,short,oos,,4035.75,4036.5,1,1,26475.0,-73.72860332423716
2023-01-24 03:10:00+00:00,-39.3,short,oos,,4035.75,4036.5,1,1,26437.5,-73.76581493425948
2023-01-24 03:12:00+00:00,-14.3,short,oos,,4035.75,4036.0,1,1,26425.0,-73.77821880426693
2023-01-24 03:26:00+00:00,-14.3,short,oos,,4035.5,4035.75,1,13,26412.5,-73.79062267427437
2023-01-24 03:30:00+00:00,-39.3,short,oos,,4035.0,4035.75,1,3,26375.0,-73.8278342842967
2023-01-24 03:35:00+00:00,-39.3,short,oos,,4035.0,4035.75,1,4,26337.5,-73.86504589431902
2023-01-24 03:37:00+00:00,-39.3,short,oos,,4035.75,4036.5,1,1,26300.0,-73.90225750434135
2023-01-24 03:43:00+00:00,-76.8,long,oos,,4036.5,4035.0,1,5,26225.0,-73.97668072438601
2023-01-24 03:51:00+00:00,-39.3,short,oos,,4035.0,4035.75,1,7,26187.5,-74.01389233440834
2023-01-24 04:03:00+00:00,-1.8,short,oos,,4035.25,4035.25,1,10,26187.5,-74.01389233440834
2023-01-24 04:17:00+00:00,-39.3,short,oos,,4034.5,4035.25,1,13,26150.0,-74.05110394443066
2023-01-24 04:20:00+00:00,-39.3,short,oos,,4034.5,4035.25,1,2,26112.5,-74.08831555445299
2023-01-24 04:22:00+00:00,-39.3,short,oos,,4034.75,4035.5,1,1,26075.0,-74.12552716447532
2023-01-24 04:24:00+00:00,-14.3,short,oos,,4035.0,4035.25,1,1,26062.5,-74.13793103448276
2023-01-24 04:26:00+00:00,-14.3,short,oos,,4035.0,4035.25,1,1,26050.0,-74.1503349044902
2023-01-24 04:28:00+00:00,-26.8,short,oos,,4034.75,4035.25,1,1,26025.0,-74.17514264450509
2023-01-24 04:30:00+00:00,-51.8,short,oos,,4034.5,4035.5,1,1,25975.0,-74.22475812453484
2023-01-24 04:35:00+00:00,-64.3,long,oos,,4035.75,4034.5,1,4,25912.5,-74.28677747457206
2023-01-24 04:39:00+00:00,-26.8,short,oos,,4034.75,4035.25,1,3,25887.5,-74.31158521458696
2023-01-24 04:41:00+00:00,-14.3,short,oos,,4035.25,4035.5,1,1,25875.0,-74.32398908459439
2023-01-24 04:44:00+00:00,-26.8,short,oos,,4035.0,4035.5,1,1,25850.0,-74.34879682460928
2023-01-24 04:46:00+00:00,-64.3,short,oos,,4034.75,4036.0,1,1,25787.5,-74.41081617464648
2023-01-24 05:10:00+00:00,10.7,long,oos,,4036.25,4036.5,1,23,25800.0,-74.39841230463905
2023-01-24 05:12:00+00:00,-39.3,long,oos,,4037.25,4036.5,1,1,25762.5,-74.43562391466138
2023-01-24 05:27:00+00:00,-26.8,long,oos,,4037.25,4036.75,1,14,25737.5,-74.46043165467626
2023-01-24 05:29:00+00:00,-39.3,long,oos,,4037.75,4037.0,1,1,25700.0,-74.49764326469858
2023-01-24 05:49:00+00:00,-1.8,long,oos,,4037.75,4037.75,1,19,25700.0,-74.49764326469858
2023-01-24 05:51:00+00:00,-39.3,long,oos,,4038.5,4037.75,1,1,25662.5,-74.5348548747209
2023-01-24 05:53:00+00:00,-64.3,long,oos,,4038.25,4037.0,1,1,25600.0,-74.59687422475812
2023-01-24 05:55:00+00:00,-26.8,long,oos,,4037.25,4036.75,1,1,25575.0,-74.62168196477302
2023-01-24 05:57:00+00:00,-39.3,long,oos,,4037.0,4036.25,1,1,25537.5,-74.65889357479534
2023-01-24 06:21:00+00:00,23.2,short,oos,,4036.5,4036.0,1,23,25562.5,-74.63408583478045
2023-01-24 06:23:00+00:00,-26.8,short,oos,,4035.75,4036.25,1,1,25537.5,-74.65889357479534
2023-01-24 06:25:00+00:00,-14.3,short,oos,,4036.0,4036.25,1,1,25525.0,-74.67129744480278
2023-01-24 06:27:00+00:00,-51.8,short,oos,,4035.75,4036.75,1,1,25475.0,-74.72091292483255
2023-01-24 06:29:00+00:00,-26.8,short,oos,,4036.25,4036.75,1,1,25450.0,-74.74572066484744
2023-01-24 06:55:00+00:00,-64.3,long,oos,,4037.75,4036.5,1,25,25387.5,-74.80774001488464
2023-01-24 07:00:00+00:00,-39.3,short,oos,,4036.5,4037.25,1,4,25350.0,-74.84495162490697
2023-01-24 07:17:00+00:00,23.2,short,oos,,4036.75,4036.25,1,16,25375.0,-74.82014388489209
2023-01-24 07:19:00+00:00,-51.8,short,oos,,4035.75,4036.75,1,1,25325.0,-74.86975936492185
2023-01-24 07:21:00+00:00,-76.8,short,oos,,4035.75,4037.25,1,1,25250.0,-74.94418258496651
2023-01-24 07:33:00+00:00,-101.8,long,oos,,4037.5,4035.5,1,11,25150.0,-75.04341354502606
2023-01-24 08:01:00+00:00,35.7,short,oos,,4036.0,4035.25,1,27,25187.5,-75.00620193500373
2023-01-24 08:06:00+00:00,-126.8,long,oos,,4036.5,4034.0,1,4,25062.5,-75.13024063507815
2023-01-24 08:11:00+00:00,-89.3,short,oos,,4032.25,4034.0,1,4,24975.0,-75.21706772513024
2023-01-24 08:16:00+00:00,-26.8,short,oos,,4034.0,4034.5,1,4,24950.0,-75.24187546514513
2023-01-24 08:23:00+00:00,35.7,short,oos,,4034.5,4033.75,1,6,24987.5,-75.2046638551228
2023-01-24 08:25:00+00:00,-64.3,short,oos,,4033.25,4034.5,1,1,24925.0,-75.26668320516
2023-01-24 08:27:00+00:00,-26.8,short,oos,,4033.75,4034.25,1,1,24900.0,-75.2914909451749
2023-01-24 08:40:00+00:00,-39.3,short,oos,,4032.75,4033.5,1,12,24862.5,-75.32870255519722
2023-01-24 08:42:00+00:00,35.7,short,oos,,4034.0,4033.25,1,1,24900.0,-75.2914909451749
2023-01-24 08:44:00+00:00,-51.8,short,oos,,4033.5,4034.5,1,1,24850.0,-75.34110642520466
2023-01-24 08:46:00+00:00,-39.3,short,oos,,4033.0,4033.75,1,1,24812.5,-75.37831803522698
2023-01-24 08:50:00+00:00,-14.3,short,oos,,4032.75,4033.0,1,3,24800.0,-75.39072190523444
2023-01-24 08:52:00+00:00,-39.3,short,oos,,4033.25,4034.0,1,1,24762.5,-75.42793351525677
2023-01-24 08:56:00+00:00,-1.8,short,oos,,4033.75,4033.75,1,3,24762.5,-75.42793351525677
2023-01-24 08:59:00+00:00,-26.8,short,oos,,4033.25,4033.75,1,2,24737.5,-75.45274125527165
2023-01-24 09:06:00+00:00,-39.3,short,oos,,4032.5,4033.25,1,6,24700.0,-75.48995286529397
2023-01-24 09:08:00+00:00,-51.8,short,oos,,4033.25,4034.25,1,1,24650.0,-75.53956834532374
2023-01-24 09:11:00+00:00,-51.8,short,oos,,4032.75,4033.75,1,2,24600.0,-75.58918382535352
2023-01-24 09:23:00+00:00,-101.8,long,oos,,4034.75,4032.75,1,11,24500.0,-75.68841478541304
2023-01-24 09:51:00+00:00,48.2,short,oos,,4032.25,4031.25,1,27,24550.0,-75.63879930538327
2023-01-24 09:59:00+00:00,10.7,short,oos,,4030.5,4030.25,1,7,24562.5,-75.62639543537584
2023-01-24 10:01:00+00:00,-64.3,short,oos,,4029.5,4030.75,1,1,24500.0,-75.68841478541304
2023-01-24 10:03:00+00:00,-39.3,short,oos,,4030.25,4031.0,1,1,24462.5,-75.72562639543537
2023-01-24 10:05:00+00:00,-39.3,short,oos,,4030.0,4030.75,1,1,24425.0,-75.7628380054577
2023-01-24 10:08:00+00:00,-14.3,short,oos,,4030.25,4030.5,1,2,24412.5,-75.77524187546516
2023-01-24 10:31:00+00:00,73.2,short,oos,,4029.25,4027.75,1,22,24487.5,-75.70081865542049
2023-01-24 10:36:00+00:00,-26.8,short,oos,,4027.0,4027.5,1,4,24462.5,-75.72562639543537
2023-01-24 10:38:00+00:00,-39.3,short,oos,,4027.25,4028.0,1,1,24425.0,-75.7628380054577
2023-01-24 10:40:00+00:00,-76.8,short,oos,,4027.0,4028.5,1,1,24350.0,-75.83726122550236
2023-01-24 10:42:00+00:00,-101.8,short,oos,,4027.5,4029.5,1,1,24250.0,-75.9364921855619
2023-01-24 10:44:00+00:00,23.2,short,oos,,4028.25,4027.75,1,1,24275.0,-75.91168444554701
2023-01-24 10:48:00+00:00,-89.3,short,oos,,4026.5,4028.25,1,3,24187.5,-75.9985115355991
2023-01-24 10:50:00+00:00,-139.3,short,oos,,4026.5,4029.25,1,1,24050.0,-76.13495410568098
2023-01-24 10:52:00+00:00,-51.8,short,oos,,4028.75,4029.75,1,1,24000.0,-76.18456958571073
2023-01-24 10:54:00+00:00,-64.3,short,oos,,4028.5,4029.75,1,1,23937.5,-76.24658893574795
2023-01-24 10:56:00+00:00,-26.8,short,oos,,4029.0,4029.5,1,1,23912.5,-76.27139667576284
2023-01-24 11:01:00+00:00,-51.8,long,oos,,4029.5,4028.5,1,4,23862.5,-76.32101215579262
2023-01-24 11:25:00+00:00,135.7,short,oos,,4027.75,4025.0,1,23,24000.0,-76.18456958571073
2023-01-24 11:27:00+00:00,-14.3,short,oos,,4025.25,4025.5,1,1,23987.5,-76.1969734557182
2023-01-24 11:33:00+00:00,-1.8,short,oos,,4025.0,4025.0,1,5,23987.5,-76.1969734557182
2023-01-24 11:35:00+00:00,-1.8,short,oos,,4025.25,4025.25,1,1,23987.5,-76.1969734557182
2023-01-24 11:37:00+00:00,-39.3,short,oos,,4025.0,4025.75,1,1,23950.0,-76.23418506574052
2023-01-24 11:39:00+00:00,-1.8,short,oos,,4026.75,4026.75,1,1,23950.0,-76.23418506574052
2023-01-24 11:41:00+00:00,-14.3,short,oos,,4026.5,4026.75,1,1,23937.5,-76.24658893574795
2023-01-24 11:59:00+00:00,-39.3,long,oos,,4027.75,4027.0,1,17,23900.0,-76.28380054577028
2023-01-24 12:17:00+00:00,23.2,short,oos,,4026.25,4025.75,1,17,23925.0,-76.2589928057554
2023-01-24 12:20:00+00:00,23.2,short,oos,,4025.75,4025.25,1,2,23950.0,-76.23418506574052
2023-01-24 12:22:00+00:00,-26.8,short,oos,,4025.75,4026.25,1,1,23925.0,-76.2589928057554
2023-01-24 12:24:00+00:00,-14.3,short,oos,,4025.5,4025.75,1,1,23912.5,-76.27139667576284
2023-01-24 12:26:00+00:00,-39.3,short,oos,,4025.0,4025.75,1,1,23875.0,-76.30860828578517
2023-01-24 12:28:00+00:00,-51.8,short,oos,,4025.0,4026.0,1,1,23825.0,-76.35822376581494
2023-01-24 12:30:00+00:00,-26.8,short,oos,,4026.0,4026.5,1,1,23800.0,-76.38303150582982
2023-01-24 12:32:00+00:00,-64.3,short,oos,,4024.5,4025.75,1,1,23737.5,-76.44505085586702
2023-01-24 12:34:00+00:00,-14.3,short,oos,,4025.75,4026.0,1,1,23725.0,-76.45745472587447
2023-01-24 12:42:00+00:00,-114.3,short,oos,,4024.25,4026.5,1,7,23612.5,-76.56908955594145
2023-01-24 12:56:00+00:00,-51.8,long,oos,,4026.5,4025.5,1,13,23562.5,-76.61870503597122
2023-01-24 12:58:00+00:00,-39.3,long,oos,,4026.25,4025.5,1,1,23525.0,-76.65591664599354
2023-01-24 13:04:00+00:00,-39.3,short,oos,,4025.75,4026.5,1,5,23487.5,-76.69312825601587
2023-01-24 13:08:00+00:00,-39.3,short,oos,,4025.75,4026.5,1,3,23450.0,-76.7303398660382
2023-01-24 13:11:00+00:00,-64.3,long,oos,,4026.75,4025.5,1,2,23387.5,-76.79235921607541
2023-01-24 13:13:00+00:00,-64.3,long,oos,,4026.5,4025.25,1,1,23325.0,-76.85437856611263
2023-01-24 13:17:00+00:00,-39.3,short,oos,,4025.5,4026.25,1,3,23287.5,-76.89159017613495
2023-01-24 13:29:00+00:00,-76.8,short,oos,,4024.5,4026.0,1,11,23212.5,-76.9660133961796
2023-01-24 13:32:00+00:00,-76.8,long,oos,,4026.0,4024.5,1,2,23137.5,-77.04043661622426
2023-01-24 14:00:00+00:00,385.7,short,oos,,4024.0,4016.25,1,27,23525.0,-76.65591664599354
2023-01-24 14:06:00+00:00,-1.8,short,oos,,4017.0,4017.0,1,5,23525.0,-76.65591664599354
2023-01-24 14:08:00+00:00,-76.8,short,oos,,4015.75,4017.25,1,1,23450.0,-76.7303398660382
2023-01-24 14:10:00+00:00,-1.8,short,oos,,4016.0,4016.0,1,1,23450.0,-76.7303398660382
2023-01-24 14:14:00+00:00,-101.8,short,oos,,4015.0,4017.0,1,3,23350.0,-76.82957082609774
2023-01-24 14:16:00+00:00,-39.3,short,oos,,4016.5,4017.25,1,1,23312.5,-76.86678243612008
2023-01-24 14:18:00+00:00,-1.8,short,oos,,4016.5,4016.5,1,1,23312.5,-76.86678243612008
2023-01-24 14:20:00+00:00,-39.3,short,oos,,4016.0,4016.75,1,1,23275.0,-76.9039940461424
2023-01-24 14:22:00+00:00,-51.8,short,oos,,4016.0,4017.0,1,1,23225.0,-76.95360952617216
2023-01-24 14:24:00+00:00,-1.8,short,oos,,4018.25,4018.25,1,1,23225.0,-76.95360952617216
2023-01-24 14:26:00+00:00,35.7,short,oos,,4017.5,4016.75,1,1,23262.5,-76.91639791614983
2023-01-24 14:28:00+00:00,-14.3,short,oos,,4018.25,4018.5,1,1,23250.0,-76.92880178615728
2023-01-24 14:30:00+00:00,-14.3,short,oos,,4018.0,4018.25,1,1,23237.5,-76.94120565616473
2023-01-24 14:33:00+00:00,-376.8,short,oos,,4012.5,4020.0,1,2,22862.5,-77.31332175638799
2023-01-24 14:43:00+00:00,135.7,short,oos,,4018.5,4015.75,1,9,23000.0,-77.17687918630612
2023-01-24 14:45:00+00:00,-39.3,short,oos,,4017.25,4018.0,1,1,22962.5,-77.21409079632845
2023-01-24 14:47:00+00:00,-289.3,short,oos,,4017.25,4023.0,1,1,22675.0,-77.49937980649962
2023-01-24 14:58:00+00:00,-176.8,long,oos,,4022.0,4018.5,1,10,22500.0,-77.67303398660383
2023-01-24 15:12:00+00:00,10.7,short,oos,,4018.0,4017.75,1,13,22512.5,-77.66063011659638
2023-01-24 15:25:00+00:00,-39.3,long,oos,,4017.0,4016.25,1,12,22475.0,-77.6978417266187
2023-01-24 15:36:00+00:00,73.2,long,oos,,4018.5,4020.0,1,10,22550.0,-77.62341850657405
2023-01-24 15:42:00+00:00,-201.8,short,oos,,4015.75,4019.75,1,5,22350.0,-77.82188042669313
2023-01-24 16:12:00+00:00,510.7,long,oos,,4021.75,4032.0,1,29,22862.5,-77.31332175638799
2023-01-24 16:14:00+00:00,-114.3,long,oos,,4030.75,4028.5,1,1,22750.0,-77.42495658645497
2023-01-24 16:16:00+00:00,-1.8,long,oos,,4030.25,4030.25,1,1,22750.0,-77.42495658645497
2023-01-24 16:18:00+00:00,85.7,long,oos,,4027.5,4029.25,1,1,22837.5,-77.33812949640287
2023-01-24 16:20:00+00:00,85.7,long,oos,,4026.75,4028.5,1,1,22925.0,-77.25130240635079
2023-01-24 16:22:00+00:00,85.7,long,oos,,4027.0,4028.75,1,1,23012.5,-77.16447531629869
2023-01-24 16:34:00+00:00,35.7,long,oos,,4029.75,4030.5,1,11,23050.0,-77.12726370627637
2023-01-24 16:36:00+00:00,48.2,long,oos,,4029.5,4030.5,1,1,23100.0,-77.07764822624658
2023-01-24 16:38:00+00:00,10.7,long,oos,,4030.25,4030.5,1,1,23112.5,-77.06524435623915
2023-01-24 16:41:00+00:00,23.2,long,oos,,4029.25,4029.75,1,2,23137.5,-77.04043661622426
2023-01-24 16:43:00+00:00,48.2,long,oos,,4029.75,4030.75,1,1,23187.5,-76.99082113619448
2023-01-24 16:45:00+00:00,-26.8,long,oos,,4030.25,4029.75,1,1,23162.5,-77.01562887620938
2023-01-24 16:48:00+00:00,-51.8,long,oos,,4031.25,4030.25,1,2,23112.5,-77.06524435623915
2023-01-24 16:54:00+00:00,-39.3,long,oos,,4031.0,4030.25,1,5,23075.0,-77.10245596626147
2023-01-24 16:57:00+00:00,23.2,long,oos,,4030.25,4030.75,1,2,23100.0,-77.07764822624658
2023-01-24 16:59:00+00:00,-51.8,long,oos,,4030.0,4029.0,1,1,23050.0,-77.12726370627637
2023-01-24 17:01:00+00:00,-151.8,long,oos,,4029.5,4026.5,1,1,22900.0,-77.27611014636567
2023-01-24 17:08:00+00:00,-401.8,short,oos,,4023.75,4031.75,1,6,22500.0,-77.67303398660383
2023-01-24 17:26:00+00:00,60.7,long,oos,,4030.0,4031.25,1,17,22562.5,-77.61101463656661
2023-01-24 17:28:00+00:00,-126.8,short,oos,,4030.0,4032.5,1,1,22437.5,-77.73505333664103
2023-01-24 17:31:00+00:00,-139.3,long,oos,,4032.75,4030.0,1,2,22300.0,-77.8714959067229
2023-01-24 17:33:00+00:00,10.7,long,oos,,4031.75,4032.0,1,1,22312.5,-77.85909203671547
2023-01-24 17:38:00+00:00,-26.8,short,oos,,4031.25,4031.75,1,4,22287.5,-77.88389977673033
2023-01-24 17:40:00+00:00,-76.8,long,oos,,4031.5,4030.0,1,1,22212.5,-77.958322996775
2023-01-24 17:53:00+00:00,23.2,short,oos,,4029.75,4029.25,1,12,22237.5,-77.93351525676012
2023-01-24 17:56:00+00:00,-51.8,short,oos,,4029.0,4030.0,1,2,22187.5,-77.98313073678987
2023-01-24 17:59:00+00:00,-1.8,short,oos,,4029.75,4029.75,1,2,22187.5,-77.98313073678987
2023-01-24 18:01:00+00:00,23.2,short,oos,,4029.75,4029.25,1,1,22212.5,-77.958322996775
2023-01-24 18:05:00+00:00,-351.8,long,oos,,4031.75,4024.75,1,3,21862.5,-78.30563135698337
2023-01-24 18:10:00+00:00,-201.8,short,oos,,4025.25,4029.25,1,4,21662.5,-78.50409327710246
2023-01-24 18:27:00+00:00,35.7,long,oos,,4030.75,4031.5,1,16,21700.0,-78.46688166708013
2023-01-24 18:59:00+00:00,223.2,long,oos,,4032.25,4036.75,1,31,21925.0,-78.24361200694618
2023-01-24 19:01:00+00:00,-51.8,long,oos,,4037.25,4036.25,1,1,21875.0,-78.29322748697594
2023-01-24 19:18:00+00:00,-164.3,short,oos,,4029.75,4033.0,1,16,21712.5,-78.45447779707268
2023-01-24 19:21:00+00:00,23.2,short,oos,,4032.0,4031.5,1,2,21737.5,-78.4296700570578
2023-01-24 19:24:00+00:00,-1.8,short,oos,,4032.0,4032.0,1,2,21737.5,-78.4296700570578
2023-01-24 19:26:00+00:00,-39.3,short,oos,,4031.5,4032.25,1,1,21700.0,-78.46688166708013
2023-01-24 19:50:00+00:00,60.7,long,oos,,4033.5,4034.75,1,23,21762.5,-78.40486231704293
2023-01-24 19:52:00+00:00,-64.3,long,oos,,4035.25,4034.0,1,1,21700.0,-78.46688166708013
2023-01-24 20:06:00+00:00,73.2,long,oos,,4035.0,4036.5,1,13,21775.0,-78.39245844703548
2023-01-24 20:08:00+00:00,23.2,long,oos,,4036.0,4036.5,1,1,21800.0,-78.36765070702059
2023-01-24 20:10:00+00:00,-89.3,long,oos,,4036.75,4035.0,1,1,21712.5,-78.45447779707268
2023-01-24 20:25:00+00:00,-1.8,short,oos,,4034.75,4034.75,1,14,21712.5,-78.45447779707268
2023-01-24 20:28:00+00:00,-101.8,short,oos,,4033.5,4035.5,1,2,21612.5,-78.55370875713223
2023-01-24 20:31:00+00:00,-101.8,long,oos,,4035.25,4033.25,1,2,21512.5,-78.65293971719176
2023-01-24 20:51:00+00:00,160.7,short,oos,,4031.5,4028.25,1,19,21675.0,-78.49168940709501
2023-01-24 20:53:00+00:00,-14.3,short,oos,,4030.5,4030.75,1,1,21662.5,-78.50409327710246
2023-01-24 20:55:00+00:00,-76.8,short,oos,,4030.5,4032.0,1,1,21587.5,-78.5785164971471
2023-01-24 21:14:00+00:00,223.2,long,oos,,4034.0,4038.5,1,18,21812.5,-78.35524683701315
2023-01-24 21:17:00+00:00,23.2,long,oos,,4039.5,4040.0,1,2,21837.5,-78.33043909699826
2023-01-24 21:20:00+00:00,23.2,long,oos,,4041.5,4042.0,1,2,21862.5,-78.30563135698337
2023-01-24 21:22:00+00:00,-64.3,long,oos,,4042.25,4041.0,1,1,21800.0,-78.36765070702059
2023-01-24 21:24:00+00:00,-64.3,long,oos,,4041.5,4040.25,1,1,21737.5,-78.4296700570578
2023-01-24 21:26:00+00:00,-39.3,long,oos,,4040.0,4039.25,1,1,21700.0,-78.46688166708013
2023-01-24 21:28:00+00:00,10.7,long,oos,,4040.25,4040.5,1,1,21712.5,-78.45447779707268
2023-01-24 21:30:00+00:00,-39.3,long,oos,,4040.5,4039.75,1,1,21675.0,-78.49168940709501
2023-01-24 21:34:00+00:00,-39.3,long,oos,,4041.0,4040.25,1,3,21637.5,-78.52890101711733
2023-01-24 21:41:00+00:00,-64.3,long,oos,,4041.75,4040.5,1,6,21575.0,-78.59092036715455
2023-01-24 21:47:00+00:00,-26.8,long,oos,,4041.75,4041.25,1,5,21550.0,-78.61572810716943
2023-01-24 21:49:00+00:00,-76.8,long,oos,,4040.5,4039.0,1,1,21475.0,-78.69015132721408
2023-01-24 21:51:00+00:00,-26.8,long,oos,,4039.5,4039.0,1,1,21450.0,-78.71495906722897
2023-01-24 21:53:00+00:00,10.7,long,oos,,4039.25,4039.5,1,1,21462.5,-78.70255519722153
2023-01-24 21:55:00+00:00,-14.3,long,oos,,4039.75,4039.5,1,1,21450.0,-78.71495906722897
2023-01-24 21:57:00+00:00,-14.3,long,oos,,4038.75,4038.5,1,1,21437.5,-78.72736293723642
2023-01-24 21:59:00+00:00,-1.8,long,oos,,4038.75,4038.75,1,1,21437.5,-78.72736293723642
2023-01-24 23:01:00+00:00,-39.3,long,oos,,4039.25,4038.5,1,1,21400.0,-78.76457454725875
2023-01-24 23:03:00+00:00,10.7,long,oos,,4038.75,4039.0,1,1,21412.5,-78.7521706772513
2023-01-24 23:05:00+00:00,-51.8,long,oos,,4037.25,4036.25,1,1,21362.5,-78.80178615728107
2023-01-24 23:43:00+00:00,648.2,short,oos,,4033.25,4020.25,1,37,22012.5,-78.15678491689407
2023-01-24 23:58:00+00:00,23.2,short,oos,,4018.75,4018.25,1,14,22037.5,-78.13197717687919
2023-01-25 00:00:00+00:00,-27.5,short,oos,,4017.5,4018.0,1,1,22012.5,-78.15678491689407
2023-01-25 00:02:00+00:00,10.0,short,oos,,4018.25,4018.0,1,1,22025.0,-78.14438104688662
2023-01-25 00:04:00+00:00,-40.0,short,oos,,4018.5,4019.25,1,1,21987.5,-78.18159265690896
2023-01-25 00:06:00+00:00,10.0,short,oos,,4019.75,4019.5,1,1,22000.0,-78.16918878690151
2023-01-25 00:08:00+00:00,-27.5,short,oos,,4019.75,4020.25,1,1,21975.0,-78.1939965269164
2023-01-25 00:10:00+00:00,-15.0,short,oos,,4019.5,4019.75,1,1,21962.5,-78.20640039692384
2023-01-25 00:12:00+00:00,-40.0,short,oos,,4019.5,4020.25,1,1,21925.0,-78.24361200694618
2023-01-25 00:14:00+00:00,-40.0,short,oos,,4019.25,4020.0,1,1,21887.5,-78.2808236169685
2023-01-25 00:16:00+00:00,-15.0,short,oos,,4019.5,4019.75,1,1,21875.0,-78.29322748697594
2023-01-25 00:18:00+00:00,-15.0,short,oos,,4019.5,4019.75,1,1,21862.5,-78.30563135698337
2023-01-25 00:20:00+00:00,-27.5,short,oos,,4019.25,4019.75,1,1,21837.5,-78.33043909699826
2023-01-25 00:57:00+00:00,148.2,short,oos,,4018.5,4015.5,1,36,21987.5,-78.18159265690896
2023-01-25 00:59:00+00:00,-39.3,short,oos,,4014.75,4015.5,1,1,21950.0,-78.21880426693129
2023-01-25 01:01:00+00:00,-39.3,short,oos,,4014.5,4015.25,1,1,21912.5,-78.25601587695361
2023-01-25 01:03:00+00:00,-39.3,short,oos,,4014.5,4015.25,1,1,21875.0,-78.29322748697594
2023-01-25 01:05:00+00:00,-26.8,short,oos,,4014.75,4015.25,1,1,21850.0,-78.31803522699083
2023-01-25 01:07:00+00:00,-1.8,short,oos,,4014.25,4014.25,1,1,21850.0,-78.31803522699083
2023-01-25 01:09:00+00:00,-51.8,short,oos,,4014.0,4015.0,1,1,21800.0,-78.36765070702059
2023-01-25 01:11:00+00:00,-1.8,short,oos,,4014.5,4014.5,1,1,21800.0,-78.36765070702059
2023-01-25 01:19:00+00:00,-14.3,short,oos,,4014.25,4014.5,1,7,21787.5,-78.38005457702803
2023-01-25 01:21:00+00:00,-39.3,short,oos,,4014.0,4014.75,1,1,21750.0,-78.41726618705036
2023-01-25 01:23:00+00:00,-39.3,short,oos,,4014.5,4015.25,1,1,21712.5,-78.45447779707268
2023-01-25 01:25:00+00:00,-39.3,short,oos,,4014.5,4015.25,1,1,21675.0,-78.49168940709501
2023-01-25 01:27:00+00:00,-51.8,short,oos,,4014.0,4015.0,1,1,21625.0,-78.54130488712478
2023-01-25 01:41:00+00:00,-39.3,short,oos,,4012.75,4013.5,1,13,21587.5,-78.5785164971471
2023-01-25 01:43:00+00:00,-14.3,short,oos,,4013.5,4013.75,1,1,21575.0,-78.59092036715455
2023-01-25 01:45:00+00:00,-26.8,short,oos,,4013.25,4013.75,1,1,21550.0,-78.61572810716943
2023-01-25 01:51:00+00:00,-1.8,short,oos,,4012.75,4012.75,1,5,21550.0,-78.61572810716943
2023-01-25 01:54:00+00:00,-14.3,short,oos,,4012.25,4012.5,1,2,21537.5,-78.62813197717688
2023-01-25 02:02:00+00:00,-51.8,short,oos,,4012.0,4013.0,1,7,21487.5,-78.67774745720665
2023-01-25 02:04:00+00:00,-51.8,short,oos,,4012.5,4013.5,1,1,21437.5,-78.72736293723642
2023-01-25 02:06:00+00:00,10.7,short,oos,,4013.25,4013.0,1,1,21450.0,-78.71495906722897
2023-01-25 02:08:00+00:00,-114.3,short,oos,,4012.25,4014.5,1,1,21337.5,-78.82659389729596
2023-01-25 02:22:00+00:00,-51.8,long,oos,,4015.0,4014.0,1,13,21287.5,-78.87620937732572
2023-01-25 02:26:00+00:00,-26.8,long,oos,,4014.5,4014.0,1,3,21262.5,-78.90101711734061
2023-01-25 02:53:00+00:00,98.2,long,oos,,4014.5,4016.5,1,26,21362.5,-78.80178615728107
2023-01-25 02:55:00+00:00,-26.8,long,oos,,4016.5,4016.0,1,1,21337.5,-78.82659389729596
2023-01-25 02:57:00+00:00,-64.3,long,oos,,4016.5,4015.25,1,1,21275.0,-78.88861324733317
2023-01-25 02:59:00+00:00,-26.8,long,oos,,4015.25,4014.75,1,1,21250.0,-78.91342098734805
2023-01-25 03:01:00+00:00,-26.8,long,oos,,4015.5,4015.0,1,1,21225.0,-78.93822872736294
2023-01-25 03:03:00+00:00,-14.3,long,oos,,4015.25,4015.0,1,1,21212.5,-78.95063259737039
2023-01-25 03:05:00+00:00,-26.8,long,oos,,4015.5,4015.0,1,1,21187.5,-78.97544033738527
2023-01-25 03:07:00+00:00,-14.3,long,oos,,4015.5,4015.25,1,1,21175.0,-78.98784420739271
2023-01-25 03:09:00+00:00,-51.8,long,oos,,4015.75,4014.75,1,1,21125.0,-79.03745968742247
2023-01-25 03:19:00+00:00,-101.8,short,oos,,4013.75,4015.75,1,9,21025.0,-79.13669064748201
2023-01-25 03:46:00+00:00,48.2,long,oos,,4016.75,4017.75,1,26,21075.0,-79.08707516745224
2023-01-25 03:48:00+00:00,-26.8,long,oos,,4017.25,4016.75,1,1,21050.0,-79.11188290746713
2023-01-25 03:50:00+00:00,-39.3,long,oos,,4017.5,4016.75,1,1,21012.5,-79.14909451748946
2023-01-25 03:52:00+00:00,-39.3,long,oos,,4017.5,4016.75,1,1,20975.0,-79.18630612751178
2023-01-25 03:54:00+00:00,-14.3,long,oos,,4017.25,4017.0,1,1,20962.5,-79.19870999751922
2023-01-25 03:56:00+00:00,-26.8,long,oos,,4017.75,4017.25,1,1,20937.5,-79.22351773753411
2023-01-25 04:13:00+00:00,-26.8,long,oos,,4018.0,4017.5,1,16,20912.5,-79.248325477549
2023-01-25 04:15:00+00:00,-51.8,long,oos,,4018.25,4017.25,1,1,20862.5,-79.29794095757876
2023-01-25 04:17:00+00:00,-14.3,long,oos,,4017.5,4017.25,1,1,20850.0,-79.3103448275862
2023-01-25 04:19:00+00:00,-26.8,long,oos,,4017.5,4017.0,1,1,20825.0,-79.33515256760109
2023-01-25 04:26:00+00:00,-64.3,short,oos,,4016.5,4017.75,1,6,20762.5,-79.3971719176383
2023-01-25 04:28:00+00:00,-39.3,long,oos,,4017.75,4017.0,1,1,20725.0,-79.43438352766063
2023-01-25 04:31:00+00:00,-64.3,long,oos,,4017.5,4016.25,1,2,20662.5,-79.49640287769785
2023-01-25 04:33:00+00:00,-51.8,long,oos,,4017.25,4016.25,1,1,20612.5,-79.5460183577276
2023-01-25 05:15:00+00:00,60.7,short,oos,,4016.5,4015.25,1,41,20675.0,-79.4839990076904
2023-01-25 05:17:00+00:00,-26.8,short,oos,,4015.0,4015.5,1,1,20650.0,-79.50880674770528
2023-01-25 05:19:00+00:00,-39.3,short,oos,,4014.5,4015.25,1,1,20612.5,-79.5460183577276
2023-01-25 05:21:00+00:00,-64.3,short,oos,,4014.75,4016.0,1,1,20550.0,-79.60803770776482
2023-01-25 05:23:00+00:00,-51.8,short,oos,,4015.25,4016.25,1,1,20500.0,-79.6576531877946
2023-01-25 05:25:00+00:00,-26.8,short,oos,,4015.25,4015.75,1,1,20475.0,-79.68246092780947
2023-01-25 05:27:00+00:00,-39.3,short,oos,,4015.25,4016.0,1,1,20437.5,-79.7196725378318
2023-01-25 05:30:00+00:00,-26.8,short,oos,,4015.0,4015.5,1,1,20412.5,-79.74448027784669
2023-01-25 05:50:00+00:00,35.7,short,oos,,4015.5,4014.75,1,19,20450.0,-79.70726866782437
2023-01-25 05:52:00+00:00,-1.8,short,oos,,4014.75,4014.75,1,1,20450.0,-79.70726866782437
2023-01-25 05:54:00+00:00,-51.8,short,oos,,4014.25,4015.25,1,1,20400.0,-79.75688414785414
2023-01-25 05:56:00+00:00,-39.3,short,oos,,4014.5,4015.25,1,1,20362.5,-79.79409575787646
2023-01-25 05:58:00+00:00,-1.8,short,oos,,4014.75,4014.75,1,1,20362.5,-79.79409575787646
2023-01-25 06:00:00+00:00,-39.3,short,oos,,4014.5,4015.25,1,1,20325.0,-79.83130736789879
2023-01-25 06:08:00+00:00,-64.3,long,oos,,4016.0,4014.75,1,7,20262.5,-79.89332671793599
2023-01-25 06:11:00+00:00,-39.3,short,oos,,4014.75,4015.5,1,2,20225.0,-79.93053832795832
2023-01-25 06:14:00+00:00,-39.3,short,oos,,4014.75,4015.5,1,2,20187.5,-79.96774993798064
2023-01-25 06:16:00+00:00,-26.8,short,oos,,4015.0,4015.5,1,1,20162.5,-79.99255767799553
2023-01-25 06:18:00+00:00,-39.3,long,oos,,4015.5,4014.75,1,1,20125.0,-80.02976928801786
2023-01-25 06:20:00+00:00,-39.3,long,oos,,4015.75,4015.0,1,1,20087.5,-80.06698089804019
2023-01-25 06:23:00+00:00,-89.3,short,oos,,4014.75,4016.5,1,2,20000.0,-80.15380798809228
2023-01-25 06:50:00+00:00,48.2,long,oos,,4017.0,4018.0,1,26,20050.0,-80.10419250806251
2023-01-25 06:52:00+00:00,-26.8,long,oos,,4018.75,4018.25,1,1,20025.0,-80.1290002480774
2023-01-25 06:54:00+00:00,-51.8,long,oos,,4018.75,4017.75,1,1,19975.0,-80.17861572810718
2023-01-25 06:56:00+00:00,-1.8,long,oos,,4018.25,4018.25,1,1,19975.0,-80.17861572810718
2023-01-25 07:00:00+00:00,-76.8,long,oos,,4019.25,4017.75,1,3,19900.0,-80.25303894815183
2023-01-25 07:02:00+00:00,-39.3,long,oos,,4018.5,4017.75,1,1,19862.5,-80.29025055817415
2023-01-25 07:04:00+00:00,-26.8,long,oos,,4017.5,4017.0,1,1,19837.5,-80.31505829818903
2023-01-25 07:06:00+00:00,-1.8,long,oos,,4017.5,4017.5,1,1,19837.5,-80.31505829818903
2023-01-25 07:08:00+00:00,-51.8,long,oos,,4017.75,4016.75,1,1,19787.5,-80.36467377821882
2023-01-25 07:10:00+00:00,-39.3,long,oos,,4018.0,4017.25,1,1,19750.0,-80.40188538824114
2023-01-25 07:14:00+00:00,-1.8,long,oos,,4017.75,4017.75,1,3,19750.0,-80.40188538824114
2023-01-25 07:33:00+00:00,85.7,long,oos,,4018.0,4019.75,1,18,19837.5,-80.31505829818903
2023-01-25 07:35:00+00:00,-26.8,long,oos,,4020.5,4020.0,1,1,19812.5,-80.33986603820392
2023-01-25 07:38:00+00:00,-51.8,long,oos,,4020.75,4019.75,1,2,19762.5,-80.38948151823368
2023-01-25 07:40:00+00:00,-14.3,long,oos,,4020.5,4020.25,1,1,19750.0,-80.40188538824114
2023-01-25 07:43:00+00:00,-76.8,long,oos,,4021.25,4019.75,1,2,19675.0,-80.47630860828579
2023-01-25 07:45:00+00:00,-39.3,long,oos,,4020.0,4019.25,1,1,19637.5,-80.51352021830812
2023-01-25 07:47:00+00:00,-26.8,long,oos,,4020.5,4020.0,1,1,19612.5,-80.538327958323
2023-01-25 07:49:00+00:00,-26.8,long,oos,,4019.75,4019.25,1,1,19587.5,-80.56313569833789
2023-01-25 07:51:00+00:00,10.7,long,oos,,4019.5,4019.75,1,1,19600.0,-80.55073182833044
2023-01-25 08:09:00+00:00,23.2,long,oos,,4020.25,4020.75,1,17,19625.0,-80.52592408831556
2023-01-25 08:11:00+00:00,-14.3,long,oos,,4020.5,4020.25,1,1,19612.5,-80.538327958323
2023-01-25 08:13:00+00:00,-89.3,long,oos,,4020.25,4018.5,1,1,19525.0,-80.62515504837509
2023-01-25 08:31:00+00:00,-14.3,short,oos,,4017.25,4017.5,1,17,19512.5,-80.63755891838254
2023-01-25 08:33:00+00:00,-39.3,short,oos,,4017.5,4018.25,1,1,19475.0,-80.67477052840486
2023-01-25 08:35:00+00:00,-39.3,short,oos,,4018.25,4019.0,1,1,19437.5,-80.71198213842719
2023-01-25 08:37:00+00:00,-26.8,short,oos,,4019.0,4019.5,1,1,19412.5,-80.73678987844207
2023-01-25 08:45:00+00:00,-89.3,long,oos,,4020.0,4018.25,1,7,19325.0,-80.82361696849418
2023-01-25 08:49:00+00:00,-89.3,short,oos,,4017.5,4019.25,1,3,19237.5,-80.91044405854628
2023-01-25 08:53:00+00:00,-14.3,short,oos,,4019.25,4019.5,1,3,19225.0,-80.92284792855371
2023-01-25 09:28:00+00:00,235.7,short,oos,,4018.25,4013.5,1,34,19462.5,-80.68717439841231
2023-01-25 09:30:00+00:00,-39.3,short,oos,,4013.0,4013.75,1,1,19425.0,-80.72438600843464
2023-01-25 09:32:00+00:00,-14.3,short,oos,,4014.0,4014.25,1,1,19412.5,-80.73678987844207
2023-01-25 09:40:00+00:00,73.2,short,oos,,4014.75,4013.25,1,7,19487.5,-80.66236665839742
2023-01-25 09:42:00+00:00,-26.8,short,oos,,4013.25,4013.75,1,1,19462.5,-80.68717439841231
2023-01-25 09:44:00+00:00,-51.8,short,oos,,4012.75,4013.75,1,1,19412.5,-80.73678987844207
2023-01-25 10:28:00+00:00,623.2,short,oos,,4012.25,3999.75,1,43,20037.5,-80.11659637806996
2023-01-25 10:30:00+00:00,-89.3,short,oos,,3999.25,4001.0,1,1,19950.0,-80.20342346812205
2023-01-25 10:32:00+00:00,35.7,short,oos,,4000.75,4000.0,1,1,19987.5,-80.16621185809973
2023-01-25 10:34:00+00:00,-51.8,short,oos,,4000.0,4001.0,1,1,19937.5,-80.2158273381295
2023-01-25 10:36:00+00:00,-64.3,short,oos,,4000.5,4001.75,1,1,19875.0,-80.2778466881667
2023-01-25 10:38:00+00:00,-14.3,short,oos,,4003.75,4004.0,1,1,19862.5,-80.29025055817415
2023-01-25 10:40:00+00:00,-26.8,short,oos,,4002.75,4003.25,1,1,19837.5,-80.31505829818903
2023-01-25 10:42:00+00:00,-26.8,short,oos,,4001.5,4002.0,1,1,19812.5,-80.33986603820392
2023-01-25 10:44:00+00:00,10.7,short,oos,,4001.5,4001.25,1,1,19825.0,-80.32746216819648
2023-01-25 10:46:00+00:00,-89.3,short,oos,,4001.25,4003.0,1,1,19737.5,-80.41428925824857
2023-01-25 10:48:00+00:00,-51.8,short,oos,,4002.25,4003.25,1,1,19687.5,-80.46390473827834
2023-01-25 10:50:00+00:00,-64.3,short,oos,,4001.75,4003.0,1,1,19625.0,-80.52592408831556
2023-01-25 10:52:00+00:00,-39.3,short,oos,,4004.25,4005.0,1,1,19587.5,-80.56313569833789
2023-01-25 10:54:00+00:00,-14.3,short,oos,,4004.75,4005.0,1,1,19575.0,-80.57553956834532
2023-01-25 10:56:00+00:00,-51.8,short,oos,,4003.75,4004.75,1,1,19525.0,-80.62515504837509
2023-01-25 10:58:00+00:00,-39.3,short,oos,,4004.0,4004.75,1,1,19487.5,-80.66236665839742
2023-01-25 11:00:00+00:00,-26.8,short,oos,,4003.25,4003.75,1,1,19462.5,-80.68717439841231
2023-01-25 11:02:00+00:00,23.2,short,oos,,4004.25,4003.75,1,1,19487.5,-80.66236665839742
2023-01-25 11:10:00+00:00,-89.3,short,oos,,4002.25,4004.0,1,7,19400.0,-80.74919374844953
2023-01-25 11:12:00+00:00,-64.3,short,oos,,4004.0,4005.25,1,1,19337.5,-80.81121309848672
2023-01-25 11:24:00+00:00,-51.8,long,oos,,4005.25,4004.25,1,11,19287.5,-80.8608285785165
2023-01-25 11:26:00+00:00,-39.3,long,oos,,4005.25,4004.5,1,1,19250.0,-80.89804018853883
2023-01-25 11:31:00+00:00,-89.3,long,oos,,4006.0,4004.25,1,4,19162.5,-80.98486727859093
2023-01-25 11:33:00+00:00,-39.3,long,oos,,4004.5,4003.75,1,1,19125.0,-81.02207888861325
2023-01-25 11:35:00+00:00,-26.8,long,oos,,4004.0,4003.5,1,1,19100.0,-81.04688662862813
2023-01-25 11:37:00+00:00,-51.8,long,oos,,4004.0,4003.0,1,1,19050.0,-81.0965021086579
2023-01-25 11:39:00+00:00,-39.3,long,oos,,4004.0,4003.25,1,1,19012.5,-81.13371371868024
2023-01-25 11:41:00+00:00,-51.8,long,oos,,4003.75,4002.75,1,1,18962.5,-81.18332919871
2023-01-25 12:01:00+00:00,48.2,short,oos,,4002.25,4001.25,1,19,19012.5,-81.13371371868024
2023-01-25 12:03:00+00:00,-1.8,short,oos,,4001.25,4001.25,1,1,19012.5,-81.13371371868024
2023-01-25 12:08:00+00:00,-51.8,short,oos,,4000.0,4001.0,1,4,18962.5,-81.18332919871
2023-01-25 12:10:00+00:00,-51.8,short,oos,,4001.0,4002.0,1,1,18912.5,-81.23294467873977
2023-01-25 12:17:00+00:00,-201.8,long,oos,,4003.5,3999.5,1,6,18712.5,-81.43140659885884
2023-01-25 12:29:00+00:00,-76.8,short,oos,,3999.75,4001.25,1,11,18637.5,-81.50582981890349
2023-01-25 12:36:00+00:00,-26.8,short,oos,,3999.75,4000.25,1,6,18612.5,-81.53063755891839
2023-01-25 12:38:00+00:00,-89.3,short,oos,,4000.0,4001.75,1,1,18525.0,-81.61746464897048
2023-01-25 12:41:00+00:00,-39.3,short,oos,,4000.5,4001.25,1,2,18487.5,-81.65467625899281
2023-01-25 12:48:00+00:00,23.2,short,oos,,4001.0,4000.5,1,6,18512.5,-81.62986851897791
2023-01-25 12:54:00+00:00,-76.8,short,oos,,4000.5,4002.0,1,5,18437.5,-81.70429173902257
2023-01-25 12:56:00+00:00,-26.8,short,oos,,4001.25,4001.75,1,1,18412.5,-81.72909947903746
2023-01-25 13:01:00+00:00,-139.3,long,oos,,4002.75,4000.0,1,4,18275.0,-81.86554204911933
2023-01-25 13:12:00+00:00,-26.8,short,oos,,3999.5,4000.0,1,10,18250.0,-81.8903497891342
2023-01-25 13:14:00+00:00,-89.3,short,oos,,3999.0,4000.75,1,1,18162.5,-81.9771768791863
2023-01-25 13:17:00+00:00,-126.8,short,oos,,3998.25,4000.75,1,2,18037.5,-82.10121557926074
2023-01-25 13:19:00+00:00,-64.3,short,oos,,3999.0,4000.25,1,1,17975.0,-82.16323492929794
2023-01-25 13:21:00+00:00,-51.8,short,oos,,3998.5,3999.5,1,1,17925.0,-82.21285040932771
2023-01-25 14:08:00+00:00,573.2,short,oos,,3999.75,3988.25,1,46,18500.0,-81.64227238898536
2023-01-25 14:10:00+00:00,-1.8,short,oos,,3990.75,3990.75,1,1,18500.0,-81.64227238898536
2023-01-25 14:12:00+00:00,23.2,short,oos,,3990.0,3989.5,1,1,18525.0,-81.61746464897048
2023-01-25 14:15:00+00:00,23.2,short,oos,,3988.75,3988.25,1,2,18550.0,-81.59265690895559
2023-01-25 14:17:00+00:00,-39.3,short,oos,,3988.75,3989.5,1,1,18512.5,-81.62986851897791
2023-01-25 14:19:00+00:00,-1.8,short,oos,,3989.25,3989.25,1,1,18512.5,-81.62986851897791
2023-01-25 14:24:00+00:00,-64.3,short,oos,,3988.75,3990.0,1,4,18450.0,-81.69188786901513
2023-01-25 14:39:00+00:00,98.2,short,oos,,3990.25,3988.25,1,14,18550.0,-81.59265690895559
2023-01-25 14:41:00+00:00,-226.8,short,oos,,3987.75,3992.25,1,1,18325.0,-81.81592656908956
2023-01-25 14:46:00+00:00,-276.8,long,oos,,3992.0,3986.5,1,4,18050.0,-82.08881170925328
2023-01-25 14:48:00+00:00,-101.8,short,oos,,3987.0,3989.0,1,1,17950.0,-82.18804266931282
2023-01-25 15:06:00+00:00,348.2,short,oos,,3986.5,3979.5,1,17,18300.0,-81.84073430910445
2023-01-25 15:08:00+00:00,48.2,short,oos,,3985.25,3984.25,1,1,18350.0,-81.79111882907468
2023-01-25 15:10:00+00:00,23.2,short,oos,,3983.0,3982.5,1,1,18375.0,-81.76631108905978
2023-01-25 15:12:00+00:00,-39.3,short,oos,,3981.25,3982.0,1,1,18337.5,-81.80352269908211
2023-01-25 15:14:00+00:00,-39.3,short,oos,,3979.75,3980.5,1,1,18300.0,-81.84073430910445
2023-01-25 15:18:00+00:00,-276.8,short,oos,,3975.25,3980.75,1,3,18025.0,-82.11361944926817
2023-01-25 15:31:00+00:00,135.7,short,oos,,3979.25,3976.5,1,12,18162.5,-81.9771768791863
2023-01-25 15:46:00+00:00,285.7,short,oos,,3979.0,3973.25,1,14,18450.0,-81.69188786901513
2023-01-25 15:48:00+00:00,60.7,short,oos,,3973.25,3972.0,1,1,18512.5,-81.62986851897791
2023-01-25 15:54:00+00:00,135.7,short,oos,,3972.75,3970.0,1,5,18650.0,-81.49342594889606
2023-01-25 15:56:00+00:00,-114.3,short,oos,,3971.0,3973.25,1,1,18537.5,-81.60506077896304
2023-01-25 15:58:00+00:00,-39.3,short,oos,,3975.0,3975.75,1,1,18500.0,-81.64227238898536
2023-01-25 16:00:00+00:00,-1.8,short,oos,,3977.5,3977.5,1,1,18500.0,-81.64227238898536
2023-01-25 16:02:00+00:00,-14.3,short,oos,,3977.0,3977.25,1,1,18487.5,-81.65467625899281
2023-01-25 16:04:00+00:00,35.7,short,oos,,3978.5,3977.75,1,1,18525.0,-81.61746464897048
2023-01-25 16:46:00+00:00,485.7,long,oos,,3979.25,3989.0,1,41,19012.5,-81.13371371868024
2023-01-25 16:48:00+00:00,-51.8,long,oos,,3991.0,3990.0,1,1,18962.5,-81.18332919871
2023-01-25 17:06:00+00:00,310.7,long,oos,,3991.0,3997.25,1,17,19275.0,-80.87323244852394
2023-01-25 17:08:00+00:00,-26.8,long,oos,,3997.75,3997.25,1,1,19250.0,-80.89804018853883
2023-01-25 17:10:00+00:00,-39.3,long,oos,,3999.75,3999.0,1,1,19212.5,-80.93525179856115
2023-01-25 17:12:00+00:00,-101.8,long,oos,,3999.75,3997.75,1,1,19112.5,-81.03448275862068
2023-01-25 17:14:00+00:00,35.7,long,oos,,3997.5,3998.25,1,1,19150.0,-80.99727114859836
2023-01-25 17:17:00+00:00,10.7,long,oos,,3998.75,3999.0,1,2,19162.5,-80.98486727859093
2023-01-25 17:21:00+00:00,-76.8,long,oos,,3999.25,3997.75,1,3,19087.5,-81.05929049863558
2023-01-25 17:23:00+00:00,-1.8,long,oos,,3996.75,3996.75,1,1,19087.5,-81.05929049863558
2023-01-25 17:25:00+00:00,23.2,long,oos,,3996.0,3996.5,1,1,19112.5,-81.03448275862068
2023-01-25 17:27:00+00:00,-26.8,long,oos,,3996.0,3995.5,1,1,19087.5,-81.05929049863558
2023-01-25 17:29:00+00:00,-51.8,long,oos,,3994.75,3993.75,1,1,19037.5,-81.10890597866535
2023-01-25 17:31:00+00:00,35.7,long,oos,,3995.25,3996.0,1,1,19075.0,-81.07169436864302
2023-01-25 17:34:00+00:00,-14.3,long,oos,,3996.5,3996.25,1,2,19062.5,-81.08409823865045
2023-01-25 17:56:00+00:00,223.2,long,oos,,3995.5,4000.0,1,21,19287.5,-80.8608285785165
2023-01-25 17:58:00+00:00,60.7,long,oos,,3999.0,4000.25,1,1,19350.0,-80.79880922847929
2023-01-25 18:00:00+00:00,-26.8,long,oos,,4001.0,4000.5,1,1,19325.0,-80.82361696849418
2023-01-25 18:35:00+00:00,673.2,long,oos,,4000.0,4013.5,1,34,20000.0,-80.15380798809228
2023-01-25 18:40:00+00:00,-14.3,long,oos,,4014.75,4014.5,1,4,19987.5,-80.16621185809973
2023-01-25 18:45:00+00:00,-89.3,long,oos,,4016.75,4015.0,1,4,19900.0,-80.25303894815183
2023-01-25 18:55:00+00:00,-1.8,long,oos,,4017.25,4017.25,1,9,19900.0,-80.25303894815183
2023-01-25 18:57:00+00:00,-26.8,long,oos,,4018.0,4017.5,1,1,19875.0,-80.2778466881667
2023-01-25 18:59:00+00:00,35.7,long,oos,,4016.75,4017.5,1,1,19912.5,-80.24063507814438
2023-01-25 19:02:00+00:00,-139.3,long,oos,,4018.75,4016.0,1,2,19775.0,-80.37707764822625
2023-01-25 19:04:00+00:00,85.7,long,oos,,4015.75,4017.5,1,1,19862.5,-80.29025055817415
2023-01-25 19:06:00+00:00,10.7,long,oos,,4017.5,4017.75,1,1,19875.0,-80.2778466881667
2023-01-25 19:26:00+00:00,273.2,long,oos,,4017.75,4023.25,1,19,20150.0,-80.00496154800297
2023-01-25 19:28:00+00:00,-51.8,long,oos,,4022.0,4021.0,1,1,20100.0,-80.05457702803275
2023-01-25 19:30:00+00:00,23.2,long,oos,,4021.5,4022.0,1,1,20125.0,-80.02976928801786
2023-01-25 19:32:00+00:00,23.2,long,oos,,4020.75,4021.25,1,1,20150.0,-80.00496154800297
2023-01-25 19:34:00+00:00,-139.3,long,oos,,4022.0,4019.25,1,1,20012.5,-80.14140411808485
2023-01-25 19:36:00+00:00,48.2,long,oos,,4017.25,4018.25,1,1,20062.5,-80.09178863805508
2023-01-25 19:38:00+00:00,-51.8,long,oos,,4019.75,4018.75,1,1,20012.5,-80.14140411808485
2023-01-25 19:40:00+00:00,-1.8,long,oos,,4019.5,4019.5,1,1,20012.5,-80.14140411808485
2023-01-25 19:46:00+00:00,-26.8,long,oos,,4021.0,4020.5,1,5,19987.5,-80.16621185809973
2023-01-25 20:13:00+00:00,410.7,long,oos,,4021.75,4030.0,1,26,20400.0,-79.75688414785414
2023-01-25 20:15:00+00:00,10.7,long,oos,,4029.5,4029.75,1,1,20412.5,-79.74448027784669
2023-01-25 20:17:00+00:00,-89.3,long,oos,,4028.75,4027.0,1,1,20325.0,-79.83130736789879
2023-01-25 20:19:00+00:00,-14.3,long,oos,,4029.0,4028.75,1,1,20312.5,-79.84371123790622
2023-01-25 20:21:00+00:00,-14.3,long,oos,,4028.25,4028.0,1,1,20300.0,-79.85611510791367
2023-01-25 20:23:00+00:00,48.2,long,oos,,4026.5,4027.5,1,1,20350.0,-79.8064996278839
2023-01-25 20:25:00+00:00,-26.8,long,oos,,4025.5,4025.0,1,1,20325.0,-79.83130736789879
2023-01-25 20:27:00+00:00,73.2,long,oos,,4025.5,4027.0,1,1,20400.0,-79.75688414785414
2023-01-25 20:29:00+00:00,-1.8,long,oos,,4027.75,4027.75,1,1,20400.0,-79.75688414785414
2023-01-25 20:36:00+00:00,-114.3,long,oos,,4028.5,4026.25,1,6,20287.5,-79.86851897792111
2023-01-25 20:43:00+00:00,123.2,long,oos,,4025.25,4027.75,1,6,20412.5,-79.74448027784669
2023-01-25 20:45:00+00:00,-64.3,long,oos,,4027.5,4026.25,1,1,20350.0,-79.8064996278839
2023-01-25 20:56:00+00:00,-151.8,short,oos,,4025.0,4028.0,1,10,20200.0,-79.95534606797321
2023-01-25 21:12:00+00:00,-76.8,long,oos,,4029.25,4027.75,1,15,20125.0,-80.02976928801786
2023-01-25 21:14:00+00:00,-51.8,long,oos,,4029.0,4028.0,1,1,20075.0,-80.07938476804763
2023-01-25 21:16:00+00:00,-26.8,long,oos,,4029.25,4028.75,1,1,20050.0,-80.10419250806251
2023-01-25 21:18:00+00:00,-51.8,long,oos,,4028.75,4027.75,1,1,20000.0,-80.15380798809228
2023-01-25 21:20:00+00:00,-26.8,long,oos,,4028.25,4027.75,1,1,19975.0,-80.17861572810718
2023-01-25 21:25:00+00:00,-176.8,short,oos,,4026.75,4030.25,1,4,19800.0,-80.35226990821135
2023-01-25 21:38:00+00:00,-14.3,long,oos,,4029.0,4028.75,1,12,19787.5,-80.36467377821882
2023-01-25 21:43:00+00:00,-39.3,long,oos,,4029.75,4029.0,1,4,19750.0,-80.40188538824114
2023-01-25 21:45:00+00:00,-51.8,long,oos,,4030.0,4029.0,1,1,19700.0,-80.4515008682709
2023-01-25 21:47:00+00:00,-14.3,long,oos,,4029.25,4029.0,1,1,19687.5,-80.46390473827834
2023-01-25 21:49:00+00:00,-26.8,long,oos,,4029.25,4028.75,1,1,19662.5,-80.48871247829322
2023-01-25 23:00:00+00:00,48.2,long,oos,,4029.75,4030.75,1,10,19712.5,-80.43909699826347
2023-01-25 23:05:00+00:00,-39.3,long,oos,,4029.5,4028.75,1,4,19675.0,-80.47630860828579
2023-01-25 23:11:00+00:00,-126.8,short,oos,,4028.5,4031.0,1,5,19550.0,-80.60034730836021
2023-01-25 23:40:00+00:00,298.2,long,oos,,4030.25,4036.25,1,28,19850.0,-80.3026544281816
2023-01-25 23:42:00+00:00,-51.8,long,oos,,4037.0,4036.0,1,1,19800.0,-80.35226990821135
2023-01-25 23:44:00+00:00,-26.8,long,oos,,4036.75,4036.25,1,1,19775.0,-80.37707764822625
2023-01-25 23:59:00+00:00,-1.8,long,oos,,4037.0,4037.0,1,14,19775.0,-80.37707764822625
2023-01-26 00:06:00+00:00,-15.0,long,oos,,4038.0,4037.75,1,6,19762.5,-80.38948151823368
2023-01-26 00:08:00+00:00,-40.0,long,oos,,4038.25,4037.5,1,1,19725.0,-80.426693128256
2023-01-26 00:10:00+00:00,-52.5,long,oos,,4038.0,4037.0,1,1,19675.0,-80.47630860828579
2023-01-26 00:12:00+00:00,-27.5,long,oos,,4037.75,4037.25,1,1,19650.0,-80.50111634830067
2023-01-26 00:30:00+00:00,-2.5,long,oos,,4038.25,4038.25,1,17,19650.0,-80.50111634830067
2023-01-26 00:32:00+00:00,-27.5,long,oos,,4038.75,4038.25,1,1,19625.0,-80.52592408831556
2023-01-26 00:34:00+00:00,-15.0,long,oos,,4038.0,4037.75,1,1,19612.5,-80.538327958323
2023-01-26 00:36:00+00:00,-2.5,long,oos,,4037.5,4037.5,1,1,19612.5,-80.538327958323
2023-01-26 00:38:00+00:00,-27.5,long,oos,,4038.0,4037.5,1,1,19587.5,-80.56313569833789
2023-01-26 00:40:00+00:00,-40.0,long,oos,,4038.0,4037.25,1,1,19550.0,-80.60034730836021
2023-01-26 00:42:00+00:00,-40.0,long,oos,,4037.25,4036.5,1,1,19512.5,-80.63755891838254
2023-01-26 00:44:00+00:00,-15.0,long,oos,,4036.75,4036.5,1,1,19500.0,-80.64996278838997
2023-01-26 01:23:00+00:00,123.2,short,oos,,4036.25,4033.75,1,38,19625.0,-80.52592408831556
2023-01-26 01:25:00+00:00,-14.3,short,oos,,4033.75,4034.0,1,1,19612.5,-80.538327958323
2023-01-26 01:27:00+00:00,-14.3,short,oos,,4033.25,4033.5,1,1,19600.0,-80.55073182833044
2023-01-26 01:29:00+00:00,-39.3,short,oos,,4032.75,4033.5,1,1,19562.5,-80.58794343835277
2023-01-26 01:31:00+00:00,-51.8,short,oos,,4033.0,4034.0,1,1,19512.5,-80.63755891838254
2023-01-26 01:33:00+00:00,-39.3,short,oos,,4033.5,4034.25,1,1,19475.0,-80.67477052840486
2023-01-26 01:35:00+00:00,-1.8,short,oos,,4034.0,4034.0,1,1,19475.0,-80.67477052840486
2023-01-26 01:37:00+00:00,-51.8,short,oos,,4034.0,4035.0,1,1,19425.0,-80.72438600843464
2023-01-26 01:39:00+00:00,-14.3,short,oos,,4035.25,4035.5,1,1,19412.5,-80.73678987844207
2023-01-26 01:41:00+00:00,-51.8,short,oos,,4034.25,4035.25,1,1,19362.5,-80.78640535847185
2023-01-26 01:43:00+00:00,-51.8,short,oos,,4034.5,4035.5,1,1,19312.5,-80.83602083850161
2023-01-26 01:45:00+00:00,-14.3,short,oos,,4035.25,4035.5,1,1,19300.0,-80.84842470850906
2023-01-26 01:47:00+00:00,-39.3,short,oos,,4034.5,4035.25,1,1,19262.5,-80.88563631853138
2023-01-26 01:49:00+00:00,-39.3,short,oos,,4034.5,4035.25,1,1,19225.0,-80.92284792855371
2023-01-26 01:51:00+00:00,-39.3,short,oos,,4034.25,4035.0,1,1,19187.5,-80.96005953857603
2023-01-26 01:53:00+00:00,-14.3,short,oos,,4034.5,4034.75,1,1,19175.0,-80.97246340858348
2023-01-26 01:59:00+00:00,-26.8,short,oos,,4034.5,4035.0,1,5,19150.0,-80.99727114859836
2023-01-26 02:01:00+00:00,-39.3,short,oos,,4034.25,4035.0,1,1,19112.5,-81.03448275862068
2023-01-26 02:19:00+00:00,-1.8,long,oos,,4035.75,4035.75,1,17,19112.5,-81.03448275862068
2023-01-26 02:21:00+00:00,10.7,long,oos,,4035.5,4035.75,1,1,19125.0,-81.02207888861325
2023-01-26 02:23:00+00:00,-39.3,long,oos,,4036.0,4035.25,1,1,19087.5,-81.05929049863558
2023-01-26 02:25:00+00:00,-26.8,long,oos,,4035.75,4035.25,1,1,19062.5,-81.08409823865045
2023-01-26 02:27:00+00:00,-51.8,long,oos,,4035.75,4034.75,1,1,19012.5,-81.13371371868024
2023-01-26 02:29:00+00:00,-14.3,long,oos,,4035.25,4035.0,1,1,19000.0,-81.14611758868767
2023-01-26 02:31:00+00:00,-1.8,long,oos,,4035.0,4035.0,1,1,19000.0,-81.14611758868767
2023-01-26 02:33:00+00:00,-14.3,long,oos,,4035.5,4035.25,1,1,18987.5,-81.1585214586951
2023-01-26 02:35:00+00:00,-39.3,long,oos,,4035.0,4034.25,1,1,18950.0,-81.19573306871743
2023-01-26 02:47:00+00:00,-64.3,short,oos,,4034.0,4035.25,1,11,18887.5,-81.25775241875465
2023-01-26 03:08:00+00:00,-14.3,long,oos,,4035.75,4035.5,1,20,18875.0,-81.2701562887621
2023-01-26 03:10:00+00:00,-39.3,long,oos,,4035.75,4035.0,1,1,18837.5,-81.30736789878442
2023-01-26 03:25:00+00:00,-26.8,short,oos,,4035.25,4035.75,1,14,18812.5,-81.33217563879931
2023-01-26 03:43:00+00:00,-14.3,long,oos,,4035.5,4035.25,1,17,18800.0,-81.34457950880675
2023-01-26 03:45:00+00:00,-14.3,long,oos,,4035.75,4035.5,1,1,18787.5,-81.35698337881419
2023-01-26 03:47:00+00:00,-26.8,long,oos,,4036.0,4035.5,1,1,18762.5,-81.38179111882907
2023-01-26 03:49:00+00:00,-39.3,long,oos,,4036.0,4035.25,1,1,18725.0,-81.4190027288514
2023-01-26 03:52:00+00:00,-64.3,short,oos,,4035.25,4036.5,1,2,18662.5,-81.48102207888861
2023-01-26 03:55:00+00:00,-51.8,long,oos,,4036.5,4035.5,1,2,18612.5,-81.53063755891839
2023-01-26 04:07:00+00:00,-1.8,long,oos,,4036.0,4036.0,1,11,18612.5,-81.53063755891839
2023-01-26 04:09:00+00:00,-26.8,long,oos,,4036.25,4035.75,1,1,18587.5,-81.55544529893326
2023-01-26 04:11:00+00:00,-26.8,long,oos,,4036.5,4036.0,1,1,18562.5,-81.58025303894814
2023-01-26 04:14:00+00:00,-39.3,long,oos,,4036.5,4035.75,1,2,18525.0,-81.61746464897048
2023-01-26 04:17:00+00:00,-26.8,long,oos,,4036.5,4036.0,1,2,18500.0,-81.64227238898536
2023-01-26 04:19:00+00:00,-39.3,long,oos,,4037.0,4036.25,1,1,18462.5,-81.67948399900769
2023-01-26 04:21:00+00:00,-14.3,long,oos,,4036.5,4036.25,1,1,18450.0,-81.69188786901513
2023-01-26 04:24:00+00:00,-39.3,long,oos,,4037.0,4036.25,1,2,18412.5,-81.72909947903746
2023-01-26 04:26:00+00:00,-64.3,long,oos,,4037.0,4035.75,1,1,18350.0,-81.79111882907468
2023-01-26 04:31:00+00:00,-76.8,short,oos,,4035.25,4036.75,1,4,18275.0,-81.86554204911933
2023-01-26 04:33:00+00:00,-51.8,long,oos,,4036.75,4035.75,1,1,18225.0,-81.9151575291491
2023-01-26 04:35:00+00:00,-39.3,long,oos,,4036.5,4035.75,1,1,18187.5,-81.95236913917142
2023-01-26 04:37:00+00:00,-26.8,long,oos,,4036.25,4035.75,1,1,18162.5,-81.9771768791863
2023-01-26 04:48:00+00:00,-51.8,long,oos,,4036.75,4035.75,1,10,18112.5,-82.02679235921607
2023-01-26 04:56:00+00:00,-51.8,short,oos,,4035.5,4036.5,1,6,18062.5,-82.07640783924585
2023-01-26 05:15:00+00:00,10.7,long,oos,,4036.5,4036.75,1,18,18075.0,-82.0640039692384
2023-01-26 05:19:00+00:00,-64.3,long,oos,,4037.75,4036.5,1,3,18012.5,-82.1260233192756
2023-01-26 05:32:00+00:00,-26.8,long,oos,,4037.5,4037.0,1,12,17987.5,-82.1508310592905
2023-01-26 05:34:00+00:00,-14.3,long,oos,,4037.0,4036.75,1,1,17975.0,-82.16323492929794
2023-01-26 05:43:00+00:00,-89.3,short,oos,,4036.25,4038.0,1,8,17887.5,-82.25006201935004
2023-01-26 05:47:00+00:00,-51.8,long,oos,,4037.5,4036.5,1,3,17837.5,-82.29967749937981
2023-01-26 06:28:00+00:00,398.2,long,oos,,4037.5,4045.5,1,40,18237.5,-81.90275365914165
2023-01-26 06:30:00+00:00,-26.8,long,oos,,4044.75,4044.25,1,1,18212.5,-81.92756139915653
2023-01-26 06:32:00+00:00,-39.3,long,oos,,4044.75,4044.0,1,1,18175.0,-81.96477300917886
2023-01-26 06:34:00+00:00,-39.3,long,oos,,4044.5,4043.75,1,1,18137.5,-82.0019846192012
2023-01-26 06:36:00+00:00,23.2,long,oos,,4043.25,4043.75,1,1,18162.5,-81.9771768791863
2023-01-26 06:38:00+00:00,-14.3,long,oos,,4044.0,4043.75,1,1,18150.0,-81.98958074919375
2023-01-26 06:40:00+00:00,-26.8,long,oos,,4045.0,4044.5,1,1,18125.0,-82.01438848920863
2023-01-26 06:46:00+00:00,-64.3,long,oos,,4045.5,4044.25,1,5,18062.5,-82.07640783924585
2023-01-26 06:54:00+00:00,-76.8,long,oos,,4044.75,4043.25,1,7,17987.5,-82.1508310592905
2023-01-26 06:56:00+00:00,-26.8,long,oos,,4043.5,4043.0,1,1,17962.5,-82.17563879930539
2023-01-26 06:58:00+00:00,10.7,long,oos,,4043.5,4043.75,1,1,17975.0,-82.16323492929794
2023-01-26 07:01:00+00:00,-51.8,long,oos,,4044.25,4043.25,1,2,17925.0,-82.21285040932771
2023-01-26 07:03:00+00:00,-14.3,long,oos,,4043.75,4043.5,1,1,17912.5,-82.22525427933515
2023-01-26 07:05:00+00:00,-1.8,long,oos,,4043.5,4043.5,1,1,17912.5,-82.22525427933515
2023-01-26 07:12:00+00:00,-89.3,short,oos,,4042.0,4043.75,1,6,17825.0,-82.31208136938724
2023-01-26 07:16:00+00:00,-76.8,short,oos,,4042.25,4043.75,1,3,17750.0,-82.38650458943191
2023-01-26 07:18:00+00:00,-51.8,long,oos,,4043.75,4042.75,1,1,17700.0,-82.43612006946167
2023-01-26 07:33:00+00:00,35.7,short,oos,,4042.5,4041.75,1,14,17737.5,-82.39890845943934
2023-01-26 07:35:00+00:00,-51.8,short,oos,,4041.75,4042.75,1,1,17687.5,-82.44852393946911
2023-01-26 07:37:00+00:00,-14.3,short,oos,,4043.0,4043.25,1,1,17675.0,-82.46092780947656
2023-01-26 07:39:00+00:00,-26.8,short,oos,,4042.25,4042.75,1,1,17650.0,-82.48573554949145
2023-01-26 07:41:00+00:00,-14.3,short,oos,,4042.75,4043.0,1,1,17637.5,-82.49813941949888
2023-01-26 07:43:00+00:00,-51.8,short,oos,,4042.5,4043.5,1,1,17587.5,-82.54775489952866
2023-01-26 07:48:00+00:00,-101.8,long,oos,,4044.25,4042.25,1,4,17487.5,-82.6469858595882
2023-01-26 07:51:00+00:00,-39.3,short,oos,,4042.25,4043.0,1,2,17450.0,-82.68419746961052
2023-01-26 07:56:00+00:00,-89.3,short,oos,,4041.75,4043.5,1,4,17362.5,-82.7710245596626
2023-01-26 07:58:00+00:00,-26.8,short,oos,,4043.25,4043.75,1,1,17337.5,-82.7958322996775
2023-01-26 08:01:00+00:00,-64.3,short,oos,,4043.0,4044.25,1,2,17275.0,-82.8578516497147
2023-01-26 08:06:00+00:00,-39.3,short,oos,,4042.5,4043.25,1,4,17237.5,-82.89506325973703
2023-01-26 08:08:00+00:00,-101.8,long,oos,,4043.75,4041.75,1,1,17137.5,-82.99429421979657
2023-01-26 08:10:00+00:00,-114.3,short,oos,,4042.25,4044.5,1,1,17025.0,-83.10592904986356
2023-01-26 08:27:00+00:00,10.7,long,oos,,4044.75,4045.0,1,16,17037.5,-83.09352517985612
2023-01-26 08:29:00+00:00,-39.3,long,oos,,4046.25,4045.5,1,1,17000.0,-83.13073678987844
2023-01-26 08:31:00+00:00,-51.8,long,oos,,4045.75,4044.75,1,1,16950.0,-83.18035226990821
2023-01-26 08:33:00+00:00,48.2,long,oos,,4043.75,4044.75,1,1,17000.0,-83.13073678987844
2023-01-26 08:35:00+00:00,-51.8,long,oos,,4045.0,4044.0,1,1,16950.0,-83.18035226990821
2023-01-26 08:37:00+00:00,-1.8,long,oos,,4044.25,4044.25,1,1,16950.0,-83.18035226990821
2023-01-26 08:39:00+00:00,-39.3,long,oos,,4044.75,4044.0,1,1,16912.5,-83.21756387993054
2023-01-26 08:42:00+00:00,23.2,long,oos,,4044.5,4045.0,1,2,16937.5,-83.19275613991566
2023-01-26 08:44:00+00:00,-14.3,long,oos,,4044.75,4044.5,1,1,16925.0,-83.20516000992309
2023-01-26 08:48:00+00:00,-64.3,long,oos,,4045.25,4044.0,1,3,16862.5,-83.26717935996031
2023-01-26 08:50:00+00:00,-26.8,long,oos,,4044.25,4043.75,1,1,16837.5,-83.2919870999752
2023-01-26 08:52:00+00:00,-39.3,long,oos,,4044.25,4043.5,1,1,16800.0,-83.32919870999753
2023-01-26 08:54:00+00:00,-39.3,long,oos,,4044.25,4043.5,1,1,16762.5,-83.36641032001985
2023-01-26 08:56:00+00:00,-14.3,long,oos,,4044.0,4043.75,1,1,16750.0,-83.37881419002728
2023-01-26 09:03:00+00:00,-64.3,short,oos,,4042.75,4044.0,1,6,16687.5,-83.4408335400645
2023-01-26 09:06:00+00:00,-26.8,short,oos,,4043.25,4043.75,1,2,16662.5,-83.46564128007938
2023-01-26 09:16:00+00:00,-64.3,long,oos,,4044.75,4043.5,1,9,16600.0,-83.5276606301166
2023-01-26 09:19:00+00:00,-64.3,long,oos,,4044.5,4043.25,1,2,16537.5,-83.5896799801538
2023-01-26 09:21:00+00:00,-14.3,long,oos,,4044.5,4044.25,1,1,16525.0,-83.60208385016125
2023-01-26 09:48:00+00:00,273.2,short,oos,,4043.0,4037.5,1,26,16800.0,-83.32919870999753
2023-01-26 09:50:00+00:00,-39.3,short,oos,,4037.0,4037.75,1,1,16762.5,-83.36641032001985
2023-01-26 09:52:00+00:00,-51.8,short,oos,,4037.5,4038.5,1,1,16712.5,-83.41602580004962
2023-01-26 09:54:00+00:00,-14.3,short,oos,,4037.75,4038.0,1,1,16700.0,-83.42842967005706
2023-01-26 09:56:00+00:00,-39.3,short,oos,,4036.75,4037.5,1,1,16662.5,-83.46564128007938
2023-01-26 10:04:00+00:00,-114.3,short,oos,,4035.25,4037.5,1,7,16550.0,-83.57727611014637
2023-01-26 10:06:00+00:00,-39.3,short,oos,,4037.0,4037.75,1,1,16512.5,-83.6144877201687
2023-01-26 10:10:00+00:00,-26.8,short,oos,,4037.25,4037.75,1,3,16487.5,-83.63929546018358
2023-01-26 10:12:00+00:00,-39.3,short,oos,,4038.25,4039.0,1,1,16450.0,-83.6765070702059
2023-01-26 10:14:00+00:00,-1.8,short,oos,,4038.0,4038.0,1,1,16450.0,-83.6765070702059
2023-01-26 10:16:00+00:00,-64.3,short,oos,,4038.0,4039.25,1,1,16387.5,-83.73852642024312
2023-01-26 10:18:00+00:00,-26.8,short,oos,,4038.0,4038.5,1,1,16362.5,-83.763334160258
2023-01-26 10:20:00+00:00,-26.8,short,oos,,4037.75,4038.25,1,1,16337.5,-83.78814190027288
2023-01-26 10:22:00+00:00,-51.8,short,oos,,4037.5,4038.5,1,1,16287.5,-83.83775738030266
2023-01-26 10:24:00+00:00,-14.3,short,oos,,4038.75,4039.0,1,1,16275.0,-83.8501612503101
2023-01-26 10:31:00+00:00,-1.8,short,oos,,4038.5,4038.5,1,6,16275.0,-83.8501612503101
2023-01-26 10:33:00+00:00,-39.3,short,oos,,4038.0,4038.75,1,1,16237.5,-83.88737286033242
2023-01-26 10:35:00+00:00,-76.8,short,oos,,4039.0,4040.5,1,1,16162.5,-83.96179608037708
2023-01-26 10:58:00+00:00,-26.8,long,oos,,4041.25,4040.75,1,22,16137.5,-83.98660382039196
2023-01-26 11:00:00+00:00,-39.3,long,oos,,4041.25,4040.5,1,1,16100.0,-84.02381543041429
2023-01-26 11:02:00+00:00,-1.8,long,oos,,4040.25,4040.25,1,1,16100.0,-84.02381543041429
2023-01-26 11:04:00+00:00,10.7,long,oos,,4040.5,4040.75,1,1,16112.5,-84.01141156040684
2023-01-26 11:12:00+00:00,-39.3,long,oos,,4042.25,4041.5,1,7,16075.0,-84.04862317042917
2023-01-26 11:20:00+00:00,-51.8,long,oos,,4042.5,4041.5,1,7,16025.0,-84.09823865045894
2023-01-26 11:23:00+00:00,-76.8,long,oos,,4042.75,4041.25,1,2,15950.0,-84.17266187050359
2023-01-26 11:25:00+00:00,-51.8,long,oos,,4042.0,4041.0,1,1,15900.0,-84.22227735053337
2023-01-26 11:29:00+00:00,-26.8,long,oos,,4041.25,4040.75,1,3,15875.0,-84.24708509054824
2023-01-26 11:31:00+00:00,-14.3,long,oos,,4040.5,4040.25,1,1,15862.5,-84.2594889605557
2023-01-26 11:33:00+00:00,-39.3,long,oos,,4040.5,4039.75,1,1,15825.0,-84.29670057057803
2023-01-26 11:35:00+00:00,-64.3,long,oos,,4040.5,4039.25,1,1,15762.5,-84.35871992061523
2023-01-26 11:37:00+00:00,-76.8,long,oos,,4040.0,4038.5,1,1,15687.5,-84.43314314065988
2023-01-26 11:47:00+00:00,-101.8,short,oos,,4038.0,4040.0,1,9,15587.5,-84.53237410071942
2023-01-26 11:51:00+00:00,-89.3,short,oos,,4037.5,4039.25,1,3,15500.0,-84.61920119077152
2023-01-26 11:54:00+00:00,-14.3,short,oos,,4038.75,4039.0,1,2,15487.5,-84.63160506077895
2023-01-26 11:56:00+00:00,-26.8,short,oos,,4038.5,4039.0,1,1,15462.5,-84.65641280079385
2023-01-26 11:58:00+00:00,23.2,short,oos,,4039.25,4038.75,1,1,15487.5,-84.63160506077895
2023-01-26 12:00:00+00:00,-64.3,short,oos,,4038.75,4040.0,1,1,15425.0,-84.69362441081617
2023-01-26 12:18:00+00:00,-26.8,long,oos,,4040.75,4040.25,1,17,15400.0,-84.71843215083106
2023-01-26 12:24:00+00:00,-64.3,short,oos,,4040.25,4041.5,1,5,15337.5,-84.78045150086827
2023-01-26 12:27:00+00:00,-64.3,short,oos,,4040.0,4041.25,1,2,15275.0,-84.84247085090549
2023-01-26 12:30:00+00:00,-76.8,long,oos,,4042.0,4040.5,1,2,15200.0,-84.91689407095014
2023-01-26 13:06:00+00:00,448.2,long,oos,,4041.75,4050.75,1,35,15650.0,-84.4703547506822
2023-01-26 13:08:00+00:00,-14.3,long,oos,,4051.75,4051.5,1,1,15637.5,-84.48275862068965
2023-01-26 13:10:00+00:00,-26.8,long,oos,,4050.25,4049.75,1,1,15612.5,-84.50756636070454
2023-01-26 13:12:00+00:00,-1.8,long,oos,,4050.25,4050.25,1,1,15612.5,-84.50756636070454
2023-01-26 13:14:00+00:00,-64.3,long,oos,,4050.75,4049.5,1,1,15550.0,-84.56958571074175
2023-01-26 13:16:00+00:00,-101.8,long,oos,,4051.0,4049.0,1,1,15450.0,-84.66881667080129
2023-01-26 13:18:00+00:00,23.2,long,oos,,4049.25,4049.75,1,1,15475.0,-84.64400893078641
2023-01-26 13:20:00+00:00,-26.8,long,oos,,4050.0,4049.5,1,1,15450.0,-84.66881667080129
2023-01-26 13:22:00+00:00,-76.8,long,oos,,4050.0,4048.5,1,1,15375.0,-84.74323989084594
2023-01-26 13:24:00+00:00,-1.8,long,oos,,4048.0,4048.0,1,1,15375.0,-84.74323989084594
2023-01-26 13:26:00+00:00,10.7,long,oos,,4048.5,4048.75,1,1,15387.5,-84.73083602083851
2023-01-26 13:31:00+00:00,-264.3,long,oos,,4050.0,4044.75,1,4,15125.0,-84.9913172909948
2023-01-26 13:33:00+00:00,-239.3,long,oos,,4049.5,4044.75,1,1,14887.5,-85.2269908211362
2023-01-26 13:37:00+00:00,-276.8,short,oos,,4044.75,4050.25,1,3,14612.5,-85.49987596129992
2023-01-26 14:13:00+00:00,185.7,long,oos,,4052.25,4056.0,1,35,14800.0,-85.3138179111883
2023-01-26 14:15:00+00:00,23.2,long,oos,,4055.5,4056.0,1,1,14825.0,-85.2890101711734
2023-01-26 14:27:00+00:00,35.7,long,oos,,4058.25,4059.0,1,11,14862.5,-85.25179856115108
2023-01-26 14:30:00+00:00,-89.3,long,oos,,4060.75,4059.0,1,2,14775.0,-85.33862565120317
2023-01-26 14:35:00+00:00,-139.3,long,oos,,4062.5,4059.75,1,4,14637.5,-85.47506822128504
2023-01-26 14:38:00+00:00,-214.3,long,oos,,4064.75,4060.5,1,2,14425.0,-85.68593401141156
2023-01-26 14:42:00+00:00,-251.8,long,oos,,4064.5,4059.5,1,3,14175.0,-85.9340114115604
2023-01-26 14:44:00+00:00,-264.3,long,oos,,4061.25,4056.0,1,1,13912.5,-86.1944926817167
2023-01-26 15:05:00+00:00,410.7,short,oos,,4054.0,4045.75,1,20,14325.0,-85.78516497147109
2023-01-26 15:13:00+00:00,35.7,short,oos,,4045.0,4044.25,1,7,14362.5,-85.74795336144877
2023-01-26 15:15:00+00:00,35.7,short,oos,,4049.0,4048.25,1,1,14400.0,-85.71074175142644
2023-01-26 15:17:00+00:00,-164.3,short,oos,,4050.5,4053.75,1,1,14237.5,-85.8719920615232
2023-01-26 15:19:00+00:00,-51.8,short,oos,,4053.0,4054.0,1,1,14187.5,-85.92160754155297
2023-01-26 15:29:00+00:00,-164.3,long,oos,,4054.25,4051.0,1,9,14025.0,-86.08285785164972
2023-01-26 15:31:00+00:00,-126.8,long,oos,,4054.0,4051.5,1,1,13900.0,-86.20689655172413
2023-01-26 15:33:00+00:00,-176.8,short,oos,,4052.5,4056.0,1,1,13725.0,-86.38055073182834
2023-01-26 15:36:00+00:00,-139.3,long,oos,,4057.25,4054.5,1,2,13587.5,-86.51699330191019
2023-01-26 16:11:00+00:00,910.7,short,oos,,4053.75,4035.5,1,34,14500.0,-85.61151079136691
2023-01-26 16:13:00+00:00,-1.8,short,oos,,4033.5,4033.5,1,1,14500.0,-85.61151079136691
2023-01-26 16:15:00+00:00,-264.3,short,oos,,4032.0,4037.25,1,1,14237.5,-85.8719920615232
2023-01-26 16:17:00+00:00,-164.3,short,oos,,4039.0,4042.25,1,1,14075.0,-86.03324237161995
2023-01-26 16:19:00+00:00,-51.8,short,oos,,4040.0,4041.0,1,1,14025.0,-86.08285785164972
2023-01-26 16:29:00+00:00,173.2,short,oos,,4039.0,4035.5,1,9,14200.0,-85.90920367154553
2023-01-26 16:31:00+00:00,-89.3,short,oos,,4037.75,4039.5,1,1,14112.5,-85.99603076159762
2023-01-26 16:33:00+00:00,85.7,short,oos,,4040.5,4038.75,1,1,14200.0,-85.90920367154553
2023-01-26 16:35:00+00:00,-76.8,short,oos,,4038.0,4039.5,1,1,14125.0,-85.98362689159018
2023-01-26 16:37:00+00:00,-139.3,short,oos,,4039.5,4042.25,1,1,13987.5,-86.12006946167205
2023-01-26 16:39:00+00:00,98.2,short,oos,,4041.25,4039.25,1,1,14087.5,-86.0208385016125
2023-01-26 16:41:00+00:00,-14.3,short,oos,,4037.75,4038.0,1,1,14075.0,-86.03324237161995
2023-01-26 16:43:00+00:00,-139.3,short,oos,,4038.25,4041.0,1,1,13937.5,-86.1696849417018
2023-01-26 16:45:00+00:00,-64.3,short,oos,,4042.0,4043.25,1,1,13875.0,-86.23170429173902
2023-01-26 16:47:00+00:00,23.2,short,oos,,4041.75,4041.25,1,1,13900.0,-86.20689655172413
2023-01-26 16:52:00+00:00,-126.8,long,oos,,4043.25,4040.75,1,4,13775.0,-86.33093525179856
2023-01-26 16:56:00+00:00,-101.8,long,oos,,4042.75,4040.75,1,3,13675.0,-86.4301662118581
2023-01-26 16:58:00+00:00,-89.3,short,oos,,4041.25,4043.0,1,1,13587.5,-86.51699330191019
2023-01-26 17:20:00+00:00,260.7,long,oos,,4044.25,4049.5,1,21,13850.0,-86.25651203175391
2023-01-26 17:24:00+00:00,-14.3,long,oos,,4050.5,4050.25,1,3,13837.5,-86.26891590176135
2023-01-26 17:26:00+00:00,60.7,long,oos,,4049.25,4050.5,1,1,13900.0,-86.20689655172413
2023-01-26 17:28:00+00:00,-39.3,long,oos,,4049.75,4049.0,1,1,13862.5,-86.24410816174647
2023-01-26 17:30:00+00:00,-51.8,long,oos,,4051.25,4050.25,1,1,13812.5,-86.29372364177624
2023-01-26 17:44:00+00:00,23.2,long,oos,,4050.5,4051.0,1,13,13837.5,-86.26891590176135
2023-01-26 17:46:00+00:00,73.2,long,oos,,4049.0,4050.5,1,1,13912.5,-86.1944926817167
2023-01-26 17:48:00+00:00,-126.8,long,oos,,4046.5,4044.0,1,1,13787.5,-86.31853138179112
2023-01-26 17:50:00+00:00,10.7,long,oos,,4046.5,4046.75,1,1,13800.0,-86.30612751178369
2023-01-26 17:52:00+00:00,23.2,long,oos,,4050.5,4051.0,1,1,13825.0,-86.28131977176879
2023-01-26 17:59:00+00:00,-189.3,long,oos,,4053.5,4049.75,1,6,13637.5,-86.46737782188043
2023-01-26 18:01:00+00:00,23.2,long,oos,,4049.25,4049.75,1,1,13662.5,-86.44257008186554
2023-01-26 18:06:00+00:00,-139.3,long,oos,,4052.5,4049.75,1,4,13525.0,-86.57901265194741
2023-01-26 18:08:00+00:00,-51.8,long,oos,,4048.0,4047.0,1,1,13475.0,-86.62862813197718
2023-01-26 18:14:00+00:00,-214.3,short,oos,,4045.5,4049.75,1,5,13262.5,-86.8394939221037
2023-01-26 18:16:00+00:00,-89.3,long,oos,,4049.0,4047.25,1,1,13175.0,-86.9263210121558
2023-01-26 18:18:00+00:00,-51.8,long,oos,,4049.25,4048.25,1,1,13125.0,-86.97593649218555
2023-01-26 18:22:00+00:00,-89.3,short,oos,,4047.0,4048.75,1,3,13037.5,-87.06276358223765
2023-01-26 18:54:00+00:00,360.7,long,oos,,4049.75,4057.0,1,31,13400.0,-86.70305135202183
2023-01-26 18:56:00+00:00,48.2,long,oos,,4056.25,4057.25,1,1,13450.0,-86.65343587199206
2023-01-26 18:58:00+00:00,60.7,long,oos,,4055.25,4056.5,1,1,13512.5,-86.59141652195484
2023-01-26 19:00:00+00:00,-26.8,long,oos,,4057.0,4056.5,1,1,13487.5,-86.61622426196973
2023-01-26 19:02:00+00:00,23.2,long,oos,,4053.75,4054.25,1,1,13512.5,-86.59141652195484
2023-01-26 19:04:00+00:00,-14.3,long,oos,,4055.0,4054.75,1,1,13500.0,-86.60382039196229
2023-01-26 19:06:00+00:00,23.2,long,oos,,4055.75,4056.25,1,1,13525.0,-86.57901265194741
2023-01-26 19:16:00+00:00,-14.3,long,oos,,4057.25,4057.0,1,9,13512.5,-86.59141652195484
2023-01-26 19:26:00+00:00,60.7,long,oos,,4057.75,4059.0,1,9,13575.0,-86.52939717191764
2023-01-26 19:28:00+00:00,-14.3,long,oos,,4056.0,4055.75,1,1,13562.5,-86.54180104192508
2023-01-26 19:30:00+00:00,48.2,long,oos,,4057.25,4058.25,1,1,13612.5,-86.49218556189531
2023-01-26 19:32:00+00:00,-1.8,long,oos,,4058.75,4058.75,1,1,13612.5,-86.49218556189531
2023-01-26 19:40:00+00:00,-39.3,long,oos,,4060.25,4059.5,1,7,13575.0,-86.52939717191764
2023-01-26 19:50:00+00:00,-39.3,long,oos,,4061.5,4060.75,1,9,13537.5,-86.56660878193996
2023-01-26 19:52:00+00:00,-64.3,long,oos,,4060.5,4059.25,1,1,13475.0,-86.62862813197718
2023-01-26 19:54:00+00:00,48.2,long,oos,,4058.0,4059.0,1,1,13525.0,-86.57901265194741
2023-01-26 19:56:00+00:00,35.7,long,oos,,4058.25,4059.0,1,1,13562.5,-86.54180104192508
2023-01-26 19:58:00+00:00,60.7,long,oos,,4059.5,4060.75,1,1,13625.0,-86.47978169188787
2023-01-26 20:07:00+00:00,-51.8,long,oos,,4061.5,4060.5,1,8,13575.0,-86.52939717191764
2023-01-26 20:32:00+00:00,273.2,long,oos,,4059.75,4065.25,1,24,13850.0,-86.25651203175391
2023-01-26 20:38:00+00:00,-139.3,long,oos,,4068.0,4065.25,1,5,13712.5,-86.39295460183577
2023-01-26 20:40:00+00:00,35.7,long,oos,,4065.5,4066.25,1,1,13750.0,-86.35574299181344
2023-01-26 20:43:00+00:00,-64.3,long,oos,,4067.0,4065.75,1,2,13687.5,-86.41776234185066
2023-01-26 20:45:00+00:00,-26.8,long,oos,,4065.0,4064.5,1,1,13662.5,-86.44257008186554
2023-01-26 20:47:00+00:00,98.2,long,oos,,4063.5,4065.5,1,1,13762.5,-86.34333912180601
2023-01-26 20:54:00+00:00,23.2,long,oos,,4065.75,4066.25,1,6,13787.5,-86.31853138179112
2023-01-26 21:11:00+00:00,173.2,long,oos,,4068.0,4071.5,1,16,13962.5,-86.14487720168694
2023-01-26 21:13:00+00:00,-26.8,long,oos,,4071.75,4071.25,1,1,13937.5,-86.1696849417018
2023-01-26 21:15:00+00:00,10.7,long,oos,,4070.5,4070.75,1,1,13950.0,-86.15728107169437
2023-01-26 21:17:00+00:00,-39.3,long,oos,,4072.25,4071.5,1,1,13912.5,-86.1944926817167
2023-01-26 21:19:00+00:00,-26.8,long,oos,,4070.75,4070.25,1,1,13887.5,-86.21930042173159
2023-01-26 21:21:00+00:00,-26.8,long,oos,,4070.5,4070.0,1,1,13862.5,-86.24410816174647
2023-01-26 21:23:00+00:00,-64.3,long,oos,,4070.75,4069.5,1,1,13800.0,-86.30612751178369
2023-01-26 21:26:00+00:00,23.2,long,oos,,4070.5,4071.0,1,2,13825.0,-86.28131977176879
2023-01-26 21:28:00+00:00,-64.3,long,oos,,4071.25,4070.0,1,1,13762.5,-86.34333912180601
2023-01-26 21:33:00+00:00,-64.3,long,oos,,4071.0,4069.75,1,4,13700.0,-86.40535847184321
2023-01-26 21:35:00+00:00,-39.3,long,oos,,4069.75,4069.0,1,1,13662.5,-86.44257008186554
2023-01-26 21:37:00+00:00,-64.3,long,oos,,4069.5,4068.25,1,1,13600.0,-86.50458943190276
2023-01-26 21:39:00+00:00,-14.3,long,oos,,4068.25,4068.0,1,1,13587.5,-86.51699330191019
2023-01-26 21:41:00+00:00,-39.3,long,oos,,4068.5,4067.75,1,1,13550.0,-86.55420491193252
2023-01-26 21:53:00+00:00,-51.8,short,oos,,4067.75,4068.75,1,11,13500.0,-86.60382039196229
2023-01-26 21:55:00+00:00,-39.3,short,oos,,4068.0,4068.75,1,1,13462.5,-86.64103200198461
2023-01-26 23:16:00+00:00,110.7,short,oos,,4068.0,4065.75,1,20,13575.0,-86.52939717191764
2023-01-26 23:18:00+00:00,-39.3,short,oos,,4065.0,4065.75,1,1,13537.5,-86.56660878193996
2023-01-26 23:20:00+00:00,-76.8,short,oos,,4065.0,4066.5,1,1,13462.5,-86.64103200198461
2023-01-26 23:22:00+00:00,-51.8,short,oos,,4065.25,4066.25,1,1,13412.5,-86.6906474820144
2023-01-26 23:24:00+00:00,-26.8,short,oos,,4065.75,4066.25,1,1,13387.5,-86.71545522202926
2023-01-26 23:26:00+00:00,-26.8,short,oos,,4065.5,4066.0,1,1,13362.5,-86.74026296204416
2023-01-26 23:38:00+00:00,-39.3,short,oos,,4064.75,4065.5,1,11,13325.0,-86.77747457206648
2023-01-26 23:57:00+00:00,48.2,short,oos,,4064.0,4063.0,1,18,13375.0,-86.72785909203672
2023-01-26 23:59:00+00:00,-51.8,short,oos,,4062.0,4063.0,1,1,13325.0,-86.77747457206648
2023-01-27 00:05:00+00:00,-52.5,short,oos,,4062.25,4063.25,1,5,13275.0,-86.82709005209625
2023-01-27 00:07:00+00:00,-40.0,short,oos,,4063.0,4063.75,1,1,13237.5,-86.86430166211858
2023-01-27 00:09:00+00:00,-40.0,short,oos,,4062.75,4063.5,1,1,13200.0,-86.9015132721409
2023-01-27 00:11:00+00:00,-15.0,short,oos,,4063.25,4063.5,1,1,13187.5,-86.91391714214835
2023-01-27 00:13:00+00:00,-40.0,short,oos,,4063.25,4064.0,1,1,13150.0,-86.95112875217067
2023-01-27 00:15:00+00:00,-15.0,short,oos,,4063.25,4063.5,1,1,13137.5,-86.96353262217812
2023-01-27 00:17:00+00:00,-65.0,short,oos,,4062.75,4064.0,1,1,13075.0,-87.02555197221533
2023-01-27 00:19:00+00:00,-65.0,short,oos,,4063.75,4065.0,1,1,13012.5,-87.08757132225254
2023-01-27 00:38:00+00:00,-2.5,long,oos,,4065.5,4065.5,1,18,13012.5,-87.08757132225254
2023-01-27 00:40:00+00:00,-40.0,long,oos,,4065.75,4065.0,1,1,12975.0,-87.12478293227487
2023-01-27 00:42:00+00:00,-40.0,long,oos,,4066.0,4065.25,1,1,12937.5,-87.1619945422972
2023-01-27 00:44:00+00:00,-52.5,long,oos,,4065.5,4064.5,1,1,12887.5,-87.21161002232697
2023-01-27 00:51:00+00:00,-102.5,short,oos,,4064.0,4066.0,1,6,12787.5,-87.31084098238651
2023-01-27 00:53:00+00:00,-52.5,long,oos,,4065.75,4064.75,1,1,12737.5,-87.36045646241627
2023-01-27 00:55:00+00:00,-52.5,long,oos,,4065.25,4064.25,1,1,12687.5,-87.41007194244604
2023-01-27 00:57:00+00:00,-15.0,long,oos,,4064.75,4064.5,1,1,12675.0,-87.42247581245348
2023-01-27 00:59:00+00:00,-27.5,long,oos,,4064.75,4064.25,1,1,12650.0,-87.44728355246836
2023-01-27 01:08:00+00:00,-52.5,short,oos,,4064.0,4065.0,1,8,12600.0,-87.49689903249815
2023-01-27 01:23:00+00:00,-65.0,long,oos,,4065.5,4064.25,1,14,12537.5,-87.55891838253535
2023-01-27 01:35:00+00:00,-102.5,short,oos,,4063.0,4065.0,1,11,12437.5,-87.6581493425949
2023-01-27 01:39:00+00:00,-65.0,short,oos,,4063.5,4064.75,1,3,12375.0,-87.7201686926321
2023-01-27 01:41:00+00:00,-27.5,short,oos,,4064.0,4064.5,1,1,12350.0,-87.74497643264698
2023-01-27 02:02:00+00:00,-1.8,short,oos,,4063.75,4063.75,1,20,12350.0,-87.74497643264698
2023-01-27 02:04:00+00:00,-26.8,short,oos,,4063.25,4063.75,1,1,12325.0,-87.76978417266187
2023-01-27 02:06:00+00:00,-26.8,short,oos,,4063.25,4063.75,1,1,12300.0,-87.79459191267675
2023-01-27 02:08:00+00:00,-39.3,short,oos,,4063.5,4064.25,1,1,12262.5,-87.83180352269908
2023-01-27 02:10:00+00:00,-51.8,short,oos,,4064.0,4065.0,1,1,12212.5,-87.88141900272886
2023-01-27 02:23:00+00:00,-51.8,long,oos,,4065.0,4064.0,1,12,12162.5,-87.93103448275862
2023-01-27 02:25:00+00:00,-64.3,short,oos,,4063.75,4065.0,1,1,12100.0,-87.99305383279584
2023-01-27 02:29:00+00:00,-51.8,short,oos,,4064.0,4065.0,1,3,12050.0,-88.04266931282561
2023-01-27 02:35:00+00:00,-39.3,long,oos,,4065.0,4064.25,1,5,12012.5,-88.07988092284793
2023-01-27 02:44:00+00:00,-1.8,long,oos,,4065.0,4065.0,1,8,12012.5,-88.07988092284793
2023-01-27 02:46:00+00:00,-39.3,long,oos,,4065.25,4064.5,1,1,11975.0,-88.11709253287026
2023-01-27 02:48:00+00:00,-51.8,long,oos,,4065.0,4064.0,1,1,11925.0,-88.16670801290003
2023-01-27 02:51:00+00:00,-26.8,long,oos,,4065.25,4064.75,1,2,11900.0,-88.19151575291491
2023-01-27 02:53:00+00:00,-14.3,long,oos,,4064.75,4064.5,1,1,11887.5,-88.20391962292236
2023-01-27 02:55:00+00:00,-64.3,long,oos,,4065.0,4063.75,1,1,11825.0,-88.26593897295957
2023-01-27 02:59:00+00:00,-64.3,short,oos,,4063.75,4065.0,1,3,11762.5,-88.32795832299678
2023-01-27 03:22:00+00:00,-1.8,long,oos,,4064.75,4064.75,1,22,11762.5,-88.32795832299678
2023-01-27 03:24:00+00:00,-64.3,long,oos,,4065.0,4063.75,1,1,11700.0,-88.38997767303398
2023-01-27 03:44:00+00:00,-14.3,short,oos,,4064.0,4064.25,1,19,11687.5,-88.40238154304143
2023-01-27 03:46:00+00:00,-39.3,short,oos,,4063.5,4064.25,1,1,11650.0,-88.43959315306375
2023-01-27 03:49:00+00:00,-26.8,short,oos,,4063.5,4064.0,1,2,11625.0,-88.46440089307865
2023-01-27 03:52:00+00:00,-26.8,short,oos,,4063.5,4064.0,1,2,11600.0,-88.48920863309353
2023-01-27 04:08:00+00:00,10.7,short,oos,,4063.0,4062.75,1,15,11612.5,-88.47680476308608
2023-01-27 04:10:00+00:00,-26.8,short,oos,,4062.75,4063.25,1,1,11587.5,-88.50161250310097
2023-01-27 04:12:00+00:00,-51.8,short,oos,,4062.75,4063.75,1,1,11537.5,-88.55122798313073
2023-01-27 04:14:00+00:00,-26.8,short,oos,,4063.25,4063.75,1,1,11512.5,-88.57603572314562
2023-01-27 04:16:00+00:00,-51.8,short,oos,,4063.25,4064.25,1,1,11462.5,-88.6256512031754
2023-01-27 04:18:00+00:00,-26.8,short,oos,,4063.25,4063.75,1,1,11437.5,-88.65045894319027
2023-01-27 04:20:00+00:00,-14.3,short,oos,,4063.5,4063.75,1,1,11425.0,-88.66286281319772
2023-01-27 04:22:00+00:00,-26.8,short,oos,,4063.0,4063.5,1,1,11400.0,-88.6876705532126
2023-01-27 04:24:00+00:00,-14.3,short,oos,,4063.25,4063.5,1,1,11387.5,-88.70007442322004
2023-01-27 04:26:00+00:00,-39.3,short,oos,,4063.25,4064.0,1,1,11350.0,-88.73728603324237
2023-01-27 04:28:00+00:00,-39.3,short,oos,,4063.25,4064.0,1,1,11312.5,-88.7744976432647
2023-01-27 04:31:00+00:00,-14.3,short,oos,,4063.5,4063.75,1,2,11300.0,-88.78690151327214
2023-01-27 04:54:00+00:00,10.7,long,oos,,4064.25,4064.5,1,22,11312.5,-88.7744976432647
2023-01-27 04:56:00+00:00,-39.3,long,oos,,4065.0,4064.25,1,1,11275.0,-88.81170925328703
2023-01-27 04:58:00+00:00,-14.3,long,oos,,4064.5,4064.25,1,1,11262.5,-88.82411312329447
2023-01-27 05:00:00+00:00,-26.8,long,oos,,4064.25,4063.75,1,1,11237.5,-88.84892086330936
2023-01-27 05:02:00+00:00,-14.3,long,oos,,4064.5,4064.25,1,1,11225.0,-88.86132473331679
2023-01-27 05:09:00+00:00,-26.8,long,oos,,4064.75,4064.25,1,6,11200.0,-88.88613247333168
2023-01-27 05:11:00+00:00,-26.8,long,oos,,4064.5,4064.0,1,1,11175.0,-88.91094021334656
2023-01-27 05:38:00+00:00,48.2,long,oos,,4064.5,4065.5,1,26,11225.0,-88.86132473331679
2023-01-27 05:40:00+00:00,-26.8,long,oos,,4066.0,4065.5,1,1,11200.0,-88.88613247333168
2023-01-27 05:42:00+00:00,-26.8,long,oos,,4065.75,4065.25,1,1,11175.0,-88.91094021334656
2023-01-27 05:44:00+00:00,-39.3,long,oos,,4065.75,4065.0,1,1,11137.5,-88.94815182336889
2023-01-27 05:46:00+00:00,-26.8,long,oos,,4065.25,4064.75,1,1,11112.5,-88.97295956338378
2023-01-27 05:48:00+00:00,-39.3,long,oos,,4065.5,4064.75,1,1,11075.0,-89.0101711734061
2023-01-27 05:50:00+00:00,-14.3,long,oos,,4065.25,4065.0,1,1,11062.5,-89.02257504341354
2023-01-27 05:52:00+00:00,-39.3,long,oos,,4065.5,4064.75,1,1,11025.0,-89.05978665343586
2023-01-27 05:54:00+00:00,-14.3,long,oos,,4065.25,4065.0,1,1,11012.5,-89.07219052344331
2023-01-27 05:56:00+00:00,-39.3,long,oos,,4065.5,4064.75,1,1,10975.0,-89.10940213346564
2023-01-27 05:58:00+00:00,-14.3,long,oos,,4065.25,4065.0,1,1,10962.5,-89.12180600347308
2023-01-27 06:00:00+00:00,-26.8,long,oos,,4065.25,4064.75,1,1,10937.5,-89.14661374348796
2023-01-27 06:02:00+00:00,-26.8,long,oos,,4065.25,4064.75,1,1,10912.5,-89.17142148350285
2023-01-27 06:09:00+00:00,-14.3,long,oos,,4065.25,4065.0,1,6,10900.0,-89.18382535351029
2023-01-27 06:11:00+00:00,-64.3,long,oos,,4065.75,4064.5,1,1,10837.5,-89.2458447035475
2023-01-27 06:18:00+00:00,-26.8,short,oos,,4064.75,4065.25,1,6,10812.5,-89.2706524435624
2023-01-27 06:23:00+00:00,-51.8,long,oos,,4065.5,4064.5,1,4,10762.5,-89.32026792359216
2023-01-27 06:26:00+00:00,-51.8,short,oos,,4064.5,4065.5,1,2,10712.5,-89.36988340362193
2023-01-27 06:28:00+00:00,-51.8,long,oos,,4065.25,4064.25,1,1,10662.5,-89.4194988836517
2023-01-27 06:30:00+00:00,-39.3,short,oos,,4064.25,4065.0,1,1,10625.0,-89.45671049367402
2023-01-27 06:52:00+00:00,123.2,short,oos,,4064.0,4061.5,1,21,10750.0,-89.3326717935996
2023-01-27 06:54:00+00:00,-14.3,short,oos,,4061.0,4061.25,1,1,10737.5,-89.34507566360705
2023-01-27 06:56:00+00:00,-26.8,short,oos,,4061.0,4061.5,1,1,10712.5,-89.36988340362193
2023-01-27 06:58:00+00:00,-39.3,short,oos,,4061.5,4062.25,1,1,10675.0,-89.40709501364425
2023-01-27 07:00:00+00:00,-51.8,short,oos,,4061.75,4062.75,1,1,10625.0,-89.45671049367402
2023-01-27 07:02:00+00:00,-51.8,short,oos,,4061.0,4062.0,1,1,10575.0,-89.5063259737038
2023-01-27 07:05:00+00:00,-14.3,short,oos,,4061.25,4061.5,1,2,10562.5,-89.51872984371124
2023-01-27 07:20:00+00:00,-64.3,short,oos,,4060.5,4061.75,1,14,10500.0,-89.58074919374846
2023-01-27 07:22:00+00:00,-64.3,short,oos,,4061.5,4062.75,1,1,10437.5,-89.64276854378565
2023-01-27 07:24:00+00:00,-39.3,short,oos,,4062.0,4062.75,1,1,10400.0,-89.67998015380799
2023-01-27 07:26:00+00:00,-26.8,short,oos,,4062.25,4062.75,1,1,10375.0,-89.70478789382287
2023-01-27 07:28:00+00:00,-14.3,short,oos,,4062.5,4062.75,1,1,10362.5,-89.71719176383031
2023-01-27 07:30:00+00:00,-39.3,short,oos,,4062.25,4063.0,1,1,10325.0,-89.75440337385264
2023-01-27 07:32:00+00:00,-1.8,short,oos,,4062.0,4062.0,1,1,10325.0,-89.75440337385264
2023-01-27 07:34:00+00:00,-39.3,short,oos,,4062.25,4063.0,1,1,10287.5,-89.79161498387496
2023-01-27 07:42:00+00:00,-26.8,long,oos,,4063.0,4062.5,1,7,10262.5,-89.81642272388986
2023-01-27 07:44:00+00:00,-26.8,long,oos,,4062.75,4062.25,1,1,10237.5,-89.84123046390474
2023-01-27 07:46:00+00:00,-51.8,long,oos,,4062.75,4061.75,1,1,10187.5,-89.89084594393451
2023-01-27 07:51:00+00:00,-89.3,short,oos,,4061.5,4063.25,1,4,10100.0,-89.9776730339866
2023-01-27 08:00:00+00:00,-51.8,long,oos,,4063.25,4062.25,1,8,10050.0,-90.02728851401636
2023-01-27 08:31:00+00:00,48.2,short,oos,,4061.5,4060.5,1,30,10100.0,-89.9776730339866
2023-01-27 08:48:00+00:00,-26.8,long,oos,,4062.25,4061.75,1,16,10075.0,-90.0024807740015
2023-01-27 08:51:00+00:00,-114.3,short,oos,,4061.25,4063.5,1,2,9962.5,-90.11411560406847
2023-01-27 08:53:00+00:00,-64.3,long,oos,,4063.25,4062.0,1,1,9900.0,-90.17613495410568
2023-01-27 09:03:00+00:00,-51.8,short,oos,,4061.25,4062.25,1,9,9850.0,-90.22575043413545
2023-01-27 09:12:00+00:00,-26.8,short,oos,,4061.0,4061.5,1,8,9825.0,-90.25055817415033
2023-01-27 09:20:00+00:00,-39.3,long,oos,,4061.75,4061.0,1,7,9787.5,-90.28776978417267
2023-01-27 09:22:00+00:00,-64.3,short,oos,,4061.0,4062.25,1,1,9725.0,-90.34978913420987
2023-01-27 09:25:00+00:00,-14.3,short,oos,,4061.25,4061.5,1,2,9712.5,-90.36219300421732
2023-01-27 09:36:00+00:00,-76.8,short,oos,,4060.5,4062.0,1,10,9637.5,-90.43661622426197
2023-01-27 09:43:00+00:00,-51.8,long,oos,,4061.5,4060.5,1,6,9587.5,-90.48623170429174
2023-01-27 09:58:00+00:00,35.7,long,oos,,4061.25,4062.0,1,14,9625.0,-90.44902009426941
2023-01-27 10:02:00+00:00,-101.8,long,oos,,4063.75,4061.75,1,3,9525.0,-90.54825105432896
2023-01-27 10:09:00+00:00,-14.3,long,oos,,4062.75,4062.5,1,6,9512.5,-90.56065492433639
2023-01-27 10:13:00+00:00,-51.8,long,oos,,4063.5,4062.5,1,3,9462.5,-90.61027040436616
2023-01-27 10:15:00+00:00,-51.8,long,oos,,4063.25,4062.25,1,1,9412.5,-90.65988588439593
2023-01-27 10:17:00+00:00,-1.8,long,oos,,4062.25,4062.25,1,1,9412.5,-90.65988588439593
2023-01-27 10:19:00+00:00,-26.8,long,oos,,4062.75,4062.25,1,1,9387.5,-90.68469362441081
2023-01-27 10:21:00+00:00,-39.3,long,oos,,4062.5,4061.75,1,1,9350.0,-90.72190523443314
2023-01-27 10:46:00+00:00,-1.8,long,oos,,4064.0,4064.0,1,24,9350.0,-90.72190523443314
2023-01-27 10:48:00+00:00,-14.3,long,oos,,4063.75,4063.5,1,1,9337.5,-90.73430910444058
2023-01-27 10:50:00+00:00,-14.3,long,oos,,4063.5,4063.25,1,1,9325.0,-90.74671297444803
2023-01-27 10:52:00+00:00,-51.8,long,oos,,4064.25,4063.25,1,1,9275.0,-90.79632845447779
2023-01-27 11:12:00+00:00,73.2,long,oos,,4064.0,4065.5,1,19,9350.0,-90.72190523443314
2023-01-27 11:14:00+00:00,-14.3,long,oos,,4066.0,4065.75,1,1,9337.5,-90.73430910444058
2023-01-27 11:17:00+00:00,-39.3,long,oos,,4066.25,4065.5,1,2,9300.0,-90.77152071446292
2023-01-27 11:19:00+00:00,-14.3,long,oos,,4066.0,4065.75,1,1,9287.5,-90.78392458447036
2023-01-27 11:21:00+00:00,-64.3,long,oos,,4066.25,4065.0,1,1,9225.0,-90.84594393450757
2023-01-27 11:23:00+00:00,-51.8,long,oos,,4065.5,4064.5,1,1,9175.0,-90.89555941453733
2023-01-27 11:26:00+00:00,-14.3,long,oos,,4065.5,4065.25,1,2,9162.5,-90.90796328454478
2023-01-27 11:28:00+00:00,-64.3,long,oos,,4066.0,4064.75,1,1,9100.0,-90.969982634582
2023-01-27 11:32:00+00:00,-51.8,long,oos,,4066.0,4065.0,1,3,9050.0,-91.01959811461175
2023-01-27 11:49:00+00:00,23.2,long,oos,,4065.75,4066.25,1,16,9075.0,-90.99479037459687
2023-01-27 11:51:00+00:00,-14.3,long,oos,,4065.75,4065.5,1,1,9062.5,-91.00719424460432
2023-01-27 11:53:00+00:00,-39.3,long,oos,,4065.75,4065.0,1,1,9025.0,-91.04440585462665
2023-01-27 11:55:00+00:00,-26.8,long,oos,,4066.0,4065.5,1,1,9000.0,-91.06921359464152
2023-01-27 12:02:00+00:00,-114.3,short,oos,,4064.75,4067.0,1,6,8887.5,-91.1808484247085
2023-01-27 12:22:00+00:00,-1.8,long,oos,,4068.25,4068.25,1,19,8887.5,-91.1808484247085
2023-01-27 12:26:00+00:00,-51.8,long,oos,,4069.0,4068.0,1,3,8837.5,-91.23046390473829
2023-01-27 12:28:00+00:00,-101.8,long,oos,,4067.5,4065.5,1,1,8737.5,-91.32969486479782
2023-01-27 12:50:00+00:00,85.7,short,oos,,4064.5,4062.75,1,21,8825.0,-91.24286777474572
2023-01-27 12:57:00+00:00,23.2,short,oos,,4062.75,4062.25,1,6,8850.0,-91.21806003473084
2023-01-27 13:05:00+00:00,-64.3,short,oos,,4060.75,4062.0,1,7,8787.5,-91.28007938476804
2023-01-27 13:08:00+00:00,23.2,short,oos,,4062.25,4061.75,1,2,8812.5,-91.25527164475317
2023-01-27 13:10:00+00:00,-51.8,short,oos,,4061.0,4062.0,1,1,8762.5,-91.30488712478294
2023-01-27 13:12:00+00:00,-14.3,short,oos,,4061.75,4062.0,1,1,8750.0,-91.31729099479038
2023-01-27 13:14:00+00:00,-76.8,short,oos,,4061.5,4063.0,1,1,8675.0,-91.39171421483503
2023-01-27 13:16:00+00:00,-1.8,short,oos,,4063.25,4063.25,1,1,8675.0,-91.39171421483503
2023-01-27 13:18:00+00:00,-14.3,short,oos,,4063.25,4063.5,1,1,8662.5,-91.40411808484247
2023-01-27 13:20:00+00:00,-76.8,short,oos,,4061.75,4063.25,1,1,8587.5,-91.47854130488713
2023-01-27 13:22:00+00:00,-64.3,short,oos,,4061.25,4062.5,1,1,8525.0,-91.54056065492433
2023-01-27 13:30:00+00:00,-189.3,short,oos,,4061.75,4065.5,1,7,8337.5,-91.72661870503596
2023-01-27 13:32:00+00:00,-76.8,short,oos,,4060.5,4062.0,1,1,8262.5,-91.80104192508063
2023-01-27 13:49:00+00:00,35.7,long,oos,,4064.25,4065.0,1,16,8300.0,-91.7638303150583
2023-01-27 14:06:00+00:00,35.7,short,oos,,4063.5,4062.75,1,16,8337.5,-91.72661870503596
2023-01-27 14:16:00+00:00,48.2,short,oos,,4062.25,4061.25,1,9,8387.5,-91.6770032250062
2023-01-27 14:18:00+00:00,-51.8,short,oos,,4060.25,4061.25,1,1,8337.5,-91.72661870503596
2023-01-27 14:21:00+00:00,-126.8,short,oos,,4059.25,4061.75,1,2,8212.5,-91.8506574051104
2023-01-27 14:25:00+00:00,-39.3,short,oos,,4060.25,4061.0,1,3,8175.0,-91.88786901513272
2023-01-27 14:27:00+00:00,-89.3,short,oos,,4061.5,4063.25,1,1,8087.5,-91.97469610518482
2023-01-27 15:01:00+00:00,510.7,long,oos,,4063.5,4073.75,1,33,8600.0,-91.46613743487968
2023-01-27 15:20:00+00:00,373.2,long,oos,,4079.5,4087.0,1,18,8975.0,-91.09402133465642
2023-01-27 15:22:00+00:00,-151.8,long,oos,,4086.0,4083.0,1,1,8825.0,-91.24286777474572
2023-01-27 15:24:00+00:00,85.7,long,oos,,4080.75,4082.5,1,1,8912.5,-91.15604068469364
2023-01-27 15:26:00+00:00,-64.3,long,oos,,4082.5,4081.25,1,1,8850.0,-91.21806003473084
2023-01-27 15:28:00+00:00,85.7,long,oos,,4080.25,4082.0,1,1,8937.5,-91.13123294467874
2023-01-27 15:30:00+00:00,110.7,long,oos,,4082.25,4084.5,1,1,9050.0,-91.01959811461175
2023-01-27 15:33:00+00:00,-1.8,long,oos,,4084.75,4084.75,1,2,9050.0,-91.01959811461175
2023-01-27 15:35:00+00:00,-226.8,long,oos,,4082.5,4078.0,1,1,8825.0,-91.24286777474572
2023-01-27 15:37:00+00:00,35.7,long,oos,,4080.75,4081.5,1,1,8862.5,-91.2056561647234
2023-01-27 15:40:00+00:00,-76.8,long,oos,,4082.75,4081.25,1,2,8787.5,-91.28007938476804
2023-01-27 15:42:00+00:00,-1.8,long,oos,,4080.75,4080.75,1,1,8787.5,-91.28007938476804
2023-01-27 15:44:00+00:00,-114.3,long,oos,,4081.25,4079.0,1,1,8675.0,-91.39171421483503
2023-01-27 15:46:00+00:00,-64.3,long,oos,,4079.5,4078.25,1,1,8612.5,-91.45373356487224
2023-01-27 16:06:00+00:00,73.2,short,oos,,4072.75,4071.25,1,19,8687.5,-91.37931034482759
2023-01-27 16:08:00+00:00,98.2,short,oos,,4071.5,4069.5,1,1,8787.5,-91.28007938476804
2023-01-27 16:13:00+00:00,-189.3,short,oos,,4065.75,4069.5,1,4,8600.0,-91.46613743487968
2023-01-27 16:16:00+00:00,-39.3,short,oos,,4068.0,4068.75,1,2,8562.5,-91.50334904490201
2023-01-27 16:18:00+00:00,-1.8,short,oos,,4073.25,4073.25,1,1,8562.5,-91.50334904490201
2023-01-27 16:20:00+00:00,23.2,short,oos,,4074.0,4073.5,1,1,8587.5,-91.47854130488713
2023-01-27 16:22:00+00:00,-39.3,short,oos,,4075.75,4076.5,1,1,8550.0,-91.51575291490946
2023-01-27 16:24:00+00:00,-26.8,short,oos,,4076.75,4077.25,1,1,8525.0,-91.54056065492433
2023-01-27 16:26:00+00:00,48.2,short,oos,,4077.0,4076.0,1,1,8575.0,-91.49094517489456
2023-01-27 17:00:00+00:00,410.7,long,oos,,4077.75,4086.0,1,33,8987.5,-91.08161746464897
2023-01-27 17:03:00+00:00,73.2,long,oos,,4084.0,4085.5,1,2,9062.5,-91.00719424460432
2023-01-27 17:05:00+00:00,-64.3,long,oos,,4084.5,4083.25,1,1,9000.0,-91.06921359464152
2023-01-27 17:07:00+00:00,-1.8,long,oos,,4084.25,4084.25,1,1,9000.0,-91.06921359464152
2023-01-27 17:10:00+00:00,-26.8,long,oos,,4085.5,4085.0,1,2,8975.0,-91.09402133465642
2023-01-27 17:12:00+00:00,-114.3,long,oos,,4085.75,4083.5,1,1,8862.5,-91.2056561647234
2023-01-27 17:27:00+00:00,123.2,long,oos,,4086.0,4088.5,1,14,8987.5,-91.08161746464897
2023-01-27 17:29:00+00:00,23.2,long,oos,,4087.0,4087.5,1,1,9012.5,-91.05680972463409
2023-01-27 17:31:00+00:00,23.2,long,oos,,4086.75,4087.25,1,1,9037.5,-91.0320019846192
2023-01-27 17:33:00+00:00,23.2,long,oos,,4088.25,4088.75,1,1,9062.5,-91.00719424460432
2023-01-27 17:57:00+00:00,73.2,long,oos,,4089.5,4091.0,1,23,9137.5,-90.93277102455967
2023-01-27 18:00:00+00:00,-64.3,long,oos,,4093.0,4091.75,1,2,9075.0,-90.99479037459687
2023-01-27 18:02:00+00:00,-214.3,long,oos,,4093.0,4088.75,1,1,8862.5,-91.2056561647234
2023-01-27 18:04:00+00:00,-26.8,long,oos,,4090.0,4089.5,1,1,8837.5,-91.23046390473829
2023-01-27 18:06:00+00:00,-14.3,long,oos,,4089.25,4089.0,1,1,8825.0,-91.24286777474572
2023-01-27 18:08:00+00:00,-26.8,long,oos,,4090.0,4089.5,1,1,8800.0,-91.26767551476061
2023-01-27 18:10:00+00:00,-1.8,long,oos,,4088.5,4088.5,1,1,8800.0,-91.26767551476061
2023-01-27 18:23:00+00:00,10.7,short,oos,,4088.0,4087.75,1,12,8812.5,-91.25527164475317
2023-01-27 18:29:00+00:00,-101.8,short,oos,,4086.5,4088.5,1,5,8712.5,-91.35450260481271
2023-01-27 18:31:00+00:00,-89.3,short,oos,,4088.0,4089.75,1,1,8625.0,-91.44132969486479
2023-01-27 18:42:00+00:00,-51.8,long,oos,,4090.0,4089.0,1,10,8575.0,-91.49094517489456
2023-01-27 18:45:00+00:00,-151.8,short,oos,,4087.5,4090.5,1,2,8425.0,-91.63979161498388
2023-01-27 18:47:00+00:00,-101.8,short,oos,,4089.5,4091.5,1,1,8325.0,-91.73902257504342
2023-01-27 18:51:00+00:00,-26.8,long,oos,,4090.75,4090.25,1,3,8300.0,-91.7638303150583
2023-01-27 18:53:00+00:00,-39.3,long,oos,,4091.0,4090.25,1,1,8262.5,-91.80104192508063
2023-01-27 18:57:00+00:00,-76.8,short,oos,,4089.0,4090.5,1,3,8187.5,-91.87546514512528
2023-01-27 19:09:00+00:00,-14.3,long,oos,,4090.75,4090.5,1,11,8175.0,-91.88786901513272
2023-01-27 19:35:00+00:00,260.7,long,oos,,4091.75,4097.0,1,25,8437.5,-91.62738774497643
2023-01-27 20:14:00+00:00,310.7,long,oos,,4098.5,4104.75,1,38,8750.0,-91.31729099479038
2023-01-27 20:16:00+00:00,35.7,long,oos,,4102.0,4102.75,1,1,8787.5,-91.28007938476804
2023-01-27 20:18:00+00:00,48.2,long,oos,,4100.5,4101.5,1,1,8837.5,-91.23046390473829
2023-01-27 20:20:00+00:00,48.2,long,oos,,4102.0,4103.0,1,1,8887.5,-91.1808484247085
2023-01-27 20:22:00+00:00,-14.3,long,oos,,4100.5,4100.25,1,1,8875.0,-91.19325229471596
2023-01-27 20:24:00+00:00,35.7,long,oos,,4101.0,4101.75,1,1,8912.5,-91.15604068469364
2023-01-27 20:26:00+00:00,-101.8,long,oos,,4102.25,4100.25,1,1,8812.5,-91.25527164475317
2023-01-27 20:28:00+00:00,48.2,long,oos,,4101.0,4102.0,1,1,8862.5,-91.2056561647234
2023-01-27 20:31:00+00:00,-14.3,long,oos,,4102.5,4102.25,1,2,8850.0,-91.21806003473084
2023-01-27 20:39:00+00:00,-64.3,long,oos,,4103.75,4102.5,1,7,8787.5,-91.28007938476804
2023-01-27 20:43:00+00:00,-114.3,long,oos,,4102.5,4100.25,1,3,8675.0,-91.39171421483503
2023-01-27 20:45:00+00:00,-51.8,long,oos,,4101.25,4100.25,1,1,8625.0,-91.44132969486479
2023-01-27 21:14:00+00:00,535.7,short,oos,,4095.25,4084.5,1,28,9162.5,-90.90796328454478
2023-01-27 21:16:00+00:00,10.7,short,oos,,4084.0,4083.75,1,1,9175.0,-90.89555941453733
2023-01-27 21:21:00+00:00,-39.3,short,oos,,4083.25,4084.0,1,4,9137.5,-90.93277102455967
2023-01-27 21:23:00+00:00,-26.8,short,oos,,4083.75,4084.25,1,1,9112.5,-90.95757876457455
2023-01-27 21:30:00+00:00,-39.3,short,oos,,4083.0,4083.75,1,6,9075.0,-90.99479037459687
2023-01-27 21:34:00+00:00,-39.3,short,oos,,4083.0,4083.75,1,3,9037.5,-91.0320019846192
2023-01-27 21:36:00+00:00,-14.3,short,oos,,4083.25,4083.5,1,1,9025.0,-91.04440585462665
2023-01-27 21:39:00+00:00,-39.3,short,oos,,4082.75,4083.5,1,2,8987.5,-91.08161746464897
2023-01-27 21:41:00+00:00,-51.8,short,oos,,4083.0,4084.0,1,1,8937.5,-91.13123294467874
2023-01-27 21:43:00+00:00,-39.3,short,oos,,4083.25,4084.0,1,1,8900.0,-91.16844455470107
2023-01-27 21:45:00+00:00,-51.8,short,oos,,4083.0,4084.0,1,1,8850.0,-91.21806003473084
2023-01-27 21:47:00+00:00,-39.3,short,oos,,4083.0,4083.75,1,1,8812.5,-91.25527164475317
2023-01-27 21:59:00+00:00,-39.3,short,oos,,4082.5,4083.25,1,11,8775.0,-91.29248325477549
2023-01-29 23:09:00+00:00,-315.0,short,oos,,4076.75,4083.0,1,9,8462.5,-91.60258000496155
2023-01-29 23:11:00+00:00,-40.0,short,oos,,4082.0,4082.75,1,1,8425.0,-91.63979161498388
2023-01-29 23:13:00+00:00,-77.5,short,oos,,4083.0,4084.5,1,1,8350.0,-91.71421483502853
2023-01-29 23:15:00+00:00,-27.5,short,oos,,4084.5,4085.0,1,1,8325.0,-91.73902257504342
2023-01-29 23:17:00+00:00,-40.0,short,oos,,4083.25,4084.0,1,1,8287.5,-91.77623418506575
2023-01-29 23:20:00+00:00,22.5,short,oos,,4083.25,4082.75,1,2,8312.5,-91.75142644505085
2023-01-29 23:40:00+00:00,48.2,short,oos,,4079.25,4078.25,1,19,8362.5,-91.7018109650211
2023-01-29 23:42:00+00:00,-26.8,short,oos,,4078.0,4078.5,1,1,8337.5,-91.72661870503596
2023-01-29 23:45:00+00:00,10.7,short,oos,,4078.5,4078.25,1,2,8350.0,-91.71421483502853
2023-01-29 23:49:00+00:00,-26.8,short,oos,,4077.5,4078.0,1,3,8325.0,-91.73902257504342
2023-01-29 23:51:00+00:00,-39.3,short,oos,,4077.25,4078.0,1,1,8287.5,-91.77623418506575
2023-01-29 23:53:00+00:00,-51.8,short,oos,,4077.25,4078.25,1,1,8237.5,-91.8258496650955
2023-01-29 23:55:00+00:00,-51.8,short,oos,,4078.75,4079.75,1,1,8187.5,-91.87546514512528
2023-01-29 23:57:00+00:00,-1.8,short,oos,,4079.25,4079.25,1,1,8187.5,-91.87546514512528
2023-01-30 00:04:00+00:00,-27.5,short,oos,,4077.75,4078.25,1,6,8162.5,-91.90027288514017
2023-01-30 00:06:00+00:00,-15.0,short,oos,,4078.5,4078.75,1,1,8150.0,-91.9126767551476
2023-01-30 00:08:00+00:00,-40.0,short,oos,,4079.0,4079.75,1,1,8112.5,-91.94988836516993
2023-01-30 00:10:00+00:00,-52.5,short,oos,,4079.5,4080.5,1,1,8062.5,-91.9995038451997
2023-01-30 00:12:00+00:00,-15.0,short,oos,,4079.75,4080.0,1,1,8050.0,-92.01190771520714
2023-01-30 00:14:00+00:00,-40.0,short,oos,,4079.75,4080.5,1,1,8012.5,-92.04911932522947
2023-01-30 00:28:00+00:00,-27.5,long,oos,,4081.0,4080.5,1,13,7987.5,-92.07392706524435
2023-01-30 00:31:00+00:00,-27.5,long,oos,,4080.75,4080.25,1,2,7962.5,-92.09873480525924
2023-01-30 00:33:00+00:00,-2.5,long,oos,,4080.25,4080.25,1,1,7962.5,-92.09873480525924
2023-01-30 00:35:00+00:00,-65.0,long,oos,,4080.5,4079.25,1,1,7900.0,-92.16075415529646
2023-01-30 00:53:00+00:00,-27.5,short,oos,,4079.0,4079.5,1,17,7875.0,-92.18556189531134
2023-01-30 00:55:00+00:00,-27.5,short,oos,,4078.5,4079.0,1,1,7850.0,-92.21036963532622
2023-01-30 01:00:00+00:00,-15.0,short,oos,,4078.75,4079.0,1,4,7837.5,-92.22277350533366
2023-01-30 01:02:00+00:00,-52.5,short,oos,,4078.0,4079.0,1,1,7787.5,-92.27238898536343
2023-01-30 01:04:00+00:00,-40.0,short,oos,,4078.0,4078.75,1,1,7750.0,-92.30960059538576
2023-01-30 01:23:00+00:00,48.2,short,oos,,4078.0,4077.0,1,18,7800.0,-92.25998511535599
2023-01-30 01:25:00+00:00,-26.8,short,oos,,4076.75,4077.25,1,1,7775.0,-92.28479285537088
2023-01-30 01:27:00+00:00,-64.3,short,oos,,4076.0,4077.25,1,1,7712.5,-92.34681220540809
2023-01-30 01:29:00+00:00,-26.8,short,oos,,4076.5,4077.0,1,1,7687.5,-92.37161994542296
2023-01-30 01:32:00+00:00,-1.8,short,oos,,4076.5,4076.5,1,2,7687.5,-92.37161994542296
2023-01-30 01:35:00+00:00,-51.8,short,oos,,4075.5,4076.5,1,2,7637.5,-92.42123542545274
2023-01-30 01:44:00+00:00,-64.3,short,oos,,4075.25,4076.5,1,8,7575.0,-92.48325477548995
2023-01-30 01:46:00+00:00,-64.3,short,oos,,4076.25,4077.5,1,1,7512.5,-92.54527412552717
2023-01-30 01:48:00+00:00,-1.8,short,oos,,4076.5,4076.5,1,1,7512.5,-92.54527412552717
2023-01-30 01:50:00+00:00,-26.8,short,oos,,4076.0,4076.5,1,1,7487.5,-92.57008186554205
2023-01-30 01:52:00+00:00,-39.3,short,oos,,4076.0,4076.75,1,1,7450.0,-92.60729347556438
2023-01-30 01:54:00+00:00,-39.3,short,oos,,4076.0,4076.75,1,1,7412.5,-92.6445050855867
2023-01-30 01:56:00+00:00,-39.3,short,oos,,4076.0,4076.75,1,1,7375.0,-92.68171669560903
2023-01-30 01:58:00+00:00,-26.8,short,oos,,4076.0,4076.5,1,1,7350.0,-92.70652443562392
2023-01-30 02:11:00+00:00,-51.8,short,oos,,4075.0,4076.0,1,12,7300.0,-92.75613991565368
2023-01-30 02:13:00+00:00,-39.3,short,oos,,4075.25,4076.0,1,1,7262.5,-92.79335152567602
2023-01-30 02:16:00+00:00,-51.8,short,oos,,4075.0,4076.0,1,2,7212.5,-92.84296700570577
2023-01-30 02:18:00+00:00,-39.3,short,oos,,4075.25,4076.0,1,1,7175.0,-92.8801786157281
2023-01-30 02:22:00+00:00,-39.3,short,oos,,4075.0,4075.75,1,3,7137.5,-92.91739022575042
2023-01-30 02:24:00+00:00,-39.3,short,oos,,4075.5,4076.25,1,1,7100.0,-92.95460183577276
2023-01-30 02:26:00+00:00,-39.3,short,oos,,4075.75,4076.5,1,1,7062.5,-92.99181344579509
2023-01-30 02:28:00+00:00,-51.8,short,oos,,4076.0,4077.0,1,1,7012.5,-93.04142892582486
2023-01-30 02:30:00+00:00,-26.8,short,oos,,4076.0,4076.5,1,1,6987.5,-93.06623666583974
2023-01-30 02:32:00+00:00,-39.3,short,oos,,4075.75,4076.5,1,1,6950.0,-93.10344827586206
2023-01-30 02:34:00+00:00,-64.3,long,oos,,4076.75,4075.5,1,1,6887.5,-93.16546762589928
2023-01-30 02:47:00+00:00,-51.8,short,oos,,4075.0,4076.0,1,12,6837.5,-93.21508310592905
2023-01-30 02:50:00+00:00,-26.8,short,oos,,4075.0,4075.5,1,2,6812.5,-93.23989084594393
2023-01-30 02:53:00+00:00,-26.8,short,oos,,4075.25,4075.75,1,2,6787.5,-93.26469858595881
2023-01-30 02:55:00+00:00,-14.3,short,oos,,4075.25,4075.5,1,1,6775.0,-93.27710245596627
2023-01-30 03:19:00+00:00,98.2,short,oos,,4075.0,4073.0,1,23,6875.0,-93.17787149590673
2023-01-30 03:21:00+00:00,-64.3,short,oos,,4072.25,4073.5,1,1,6812.5,-93.23989084594393
2023-01-30 03:23:00+00:00,-39.3,short,oos,,4073.0,4073.75,1,1,6775.0,-93.27710245596627
2023-01-30 03:25:00+00:00,-26.8,short,oos,,4073.5,4074.0,1,1,6750.0,-93.30191019598114
2023-01-30 03:27:00+00:00,-1.8,short,oos,,4073.75,4073.75,1,1,6750.0,-93.30191019598114
2023-01-30 03:29:00+00:00,-39.3,short,oos,,4073.25,4074.0,1,1,6712.5,-93.33912180600348
2023-01-30 03:33:00+00:00,-39.3,short,oos,,4073.0,4073.75,1,3,6675.0,-93.3763334160258
2023-01-30 03:35:00+00:00,-39.3,short,oos,,4073.5,4074.25,1,1,6637.5,-93.41354502604813
2023-01-30 03:47:00+00:00,-64.3,long,oos,,4075.25,4074.0,1,11,6575.0,-93.47556437608534
2023-01-30 03:59:00+00:00,-39.3,short,oos,,4074.0,4074.75,1,11,6537.5,-93.51277598610767
2023-01-30 04:04:00+00:00,-39.3,long,oos,,4074.5,4073.75,1,4,6500.0,-93.54998759613
2023-01-30 04:06:00+00:00,-51.8,short,oos,,4073.5,4074.5,1,1,6450.0,-93.59960307615977
2023-01-30 04:08:00+00:00,-39.3,short,oos,,4073.5,4074.25,1,1,6412.5,-93.63681468618209
2023-01-30 04:24:00+00:00,-26.8,long,oos,,4074.75,4074.25,1,15,6387.5,-93.66162242619697
2023-01-30 05:20:00+00:00,198.2,short,oos,,4073.75,4069.75,1,55,6587.5,-93.4631605060779
2023-01-30 05:26:00+00:00,-14.3,short,oos,,4069.25,4069.5,1,5,6575.0,-93.47556437608534
2023-01-30 05:29:00+00:00,-89.3,short,oos,,4068.0,4069.75,1,2,6487.5,-93.56239146613744
2023-01-30 05:31:00+00:00,-1.8,short,oos,,4069.5,4069.5,1,1,6487.5,-93.56239146613744
2023-01-30 05:34:00+00:00,-26.8,short,oos,,4069.0,4069.5,1,2,6462.5,-93.58719920615232
2023-01-30 05:37:00+00:00,-26.8,short,oos,,4069.0,4069.5,1,2,6437.5,-93.6120069461672
2023-01-30 05:39:00+00:00,-26.8,short,oos,,4069.75,4070.25,1,1,6412.5,-93.63681468618209
2023-01-30 05:41:00+00:00,-39.3,short,oos,,4069.5,4070.25,1,1,6375.0,-93.67402629620442
2023-01-30 05:43:00+00:00,-26.8,short,oos,,4070.0,4070.5,1,1,6350.0,-93.6988340362193
2023-01-30 05:45:00+00:00,-39.3,short,oos,,4070.25,4071.0,1,1,6312.5,-93.73604564624162
2023-01-30 05:47:00+00:00,-26.8,short,oos,,4070.5,4071.0,1,1,6287.5,-93.76085338625651
2023-01-30 05:49:00+00:00,-26.8,short,oos,,4070.25,4070.75,1,1,6262.5,-93.78566112627139
2023-01-30 05:51:00+00:00,-51.8,short,oos,,4070.5,4071.5,1,1,6212.5,-93.83527660630116
2023-01-30 05:53:00+00:00,-26.8,short,oos,,4070.75,4071.25,1,1,6187.5,-93.86008434631606
2023-01-30 05:55:00+00:00,-26.8,short,oos,,4070.25,4070.75,1,1,6162.5,-93.88489208633094
2023-01-30 05:57:00+00:00,-26.8,short,oos,,4070.25,4070.75,1,1,6137.5,-93.90969982634581
2023-01-30 06:04:00+00:00,-26.8,short,oos,,4070.0,4070.5,1,6,6112.5,-93.93450756636071
2023-01-30 06:06:00+00:00,-39.3,short,oos,,4070.0,4070.75,1,1,6075.0,-93.97171917638303
2023-01-30 06:13:00+00:00,-51.8,short,oos,,4070.25,4071.25,1,6,6025.0,-94.0213346564128
2023-01-30 06:15:00+00:00,-51.8,short,oos,,4069.75,4070.75,1,1,5975.0,-94.07095013644256
2023-01-30 06:20:00+00:00,-101.8,long,oos,,4071.25,4069.25,1,4,5875.0,-94.1701810965021
2023-01-30 06:24:00+00:00,-51.8,short,oos,,4069.75,4070.75,1,3,5825.0,-94.21979657653188
2023-01-30 06:26:00+00:00,-39.3,short,oos,,4069.75,4070.5,1,1,5787.5,-94.2570081865542
2023-01-30 06:28:00+00:00,-51.8,long,oos,,4070.75,4069.75,1,1,5737.5,-94.30662366658397
2023-01-30 06:56:00+00:00,23.2,short,oos,,4069.0,4068.5,1,27,5762.5,-94.2818159265691
2023-01-30 06:58:00+00:00,-39.3,short,oos,,4068.25,4069.0,1,1,5725.0,-94.31902753659142
2023-01-30 07:00:00+00:00,-14.3,short,oos,,4068.5,4068.75,1,1,5712.5,-94.33143140659885
2023-01-30 07:05:00+00:00,35.7,short,oos,,4068.75,4068.0,1,4,5750.0,-94.29421979657653
2023-01-30 07:07:00+00:00,-14.3,short,oos,,4068.5,4068.75,1,1,5737.5,-94.30662366658397
2023-01-30 07:34:00+00:00,210.7,short,oos,,4068.0,4063.75,1,26,5950.0,-94.09575787645745
2023-01-30 07:38:00+00:00,10.7,short,oos,,4063.75,4063.5,1,3,5962.5,-94.08335400645001
2023-01-30 07:55:00+00:00,23.2,short,oos,,4062.75,4062.25,1,16,5987.5,-94.05854626643513
2023-01-30 07:57:00+00:00,-89.3,short,oos,,4062.0,4063.75,1,1,5900.0,-94.14537335648723
2023-01-30 07:59:00+00:00,-64.3,short,oos,,4062.5,4063.75,1,1,5837.5,-94.20739270652444
2023-01-30 08:34:00+00:00,485.7,short,oos,,4062.75,4053.0,1,34,6325.0,-93.72364177623419
2023-01-30 08:36:00+00:00,-26.8,short,oos,,4052.0,4052.5,1,1,6300.0,-93.74844951624907
2023-01-30 08:38:00+00:00,-14.3,short,oos,,4054.0,4054.25,1,1,6287.5,-93.76085338625651
2023-01-30 08:40:00+00:00,-51.8,short,oos,,4053.25,4054.25,1,1,6237.5,-93.81046886628627
2023-01-30 08:42:00+00:00,-114.3,short,oos,,4054.0,4056.25,1,1,6125.0,-93.92210369635326
2023-01-30 08:44:00+00:00,-14.3,short,oos,,4055.5,4055.75,1,1,6112.5,-93.93450756636071
2023-01-30 08:46:00+00:00,-51.8,short,oos,,4054.5,4055.5,1,1,6062.5,-93.98412304639048
2023-01-30 08:48:00+00:00,-14.3,short,oos,,4054.5,4054.75,1,1,6050.0,-93.99652691639791
2023-01-30 08:50:00+00:00,-1.8,short,oos,,4055.25,4055.25,1,1,6050.0,-93.99652691639791
2023-01-30 08:52:00+00:00,-64.3,short,oos,,4053.75,4055.0,1,1,5987.5,-94.05854626643513
2023-01-30 09:01:00+00:00,-64.3,short,oos,,4054.25,4055.5,1,8,5925.0,-94.12056561647233
2023-01-30 09:03:00+00:00,-39.3,short,oos,,4054.75,4055.5,1,1,5887.5,-94.15777722649466
2023-01-30 09:08:00+00:00,-26.8,short,oos,,4054.5,4055.0,1,4,5862.5,-94.18258496650955
2023-01-30 09:13:00+00:00,-51.8,short,oos,,4053.0,4054.0,1,4,5812.5,-94.23220044653931
2023-01-30 09:15:00+00:00,-101.8,short,oos,,4052.75,4054.75,1,1,5712.5,-94.33143140659885
2023-01-30 09:17:00+00:00,-64.3,short,oos,,4054.25,4055.5,1,1,5650.0,-94.39345075663607
2023-01-30 09:19:00+00:00,-14.3,short,oos,,4055.25,4055.5,1,1,5637.5,-94.40585462664352
2023-01-30 09:26:00+00:00,-114.3,long,oos,,4056.5,4054.25,1,6,5525.0,-94.51748945671049
2023-01-30 09:49:00+00:00,260.7,short,oos,,4055.0,4049.75,1,22,5787.5,-94.2570081865542
2023-01-30 09:51:00+00:00,73.2,short,oos,,4051.25,4049.75,1,1,5862.5,-94.18258496650955
2023-01-30 09:53:00+00:00,-1.8,short,oos,,4049.25,4049.25,1,1,5862.5,-94.18258496650955
2023-01-30 09:55:00+00:00,-14.3,short,oos,,4049.5,4049.75,1,1,5850.0,-94.19498883651698
2023-01-30 09:57:00+00:00,-76.8,short,oos,,4048.75,4050.25,1,1,5775.0,-94.26941205656165
2023-01-30 09:59:00+00:00,-51.8,short,oos,,4048.5,4049.5,1,1,5725.0,-94.31902753659142
2023-01-30 10:08:00+00:00,-26.8,short,oos,,4049.0,4049.5,1,8,5700.0,-94.3438352766063
2023-01-30 10:12:00+00:00,-51.8,short,oos,,4048.0,4049.0,1,3,5650.0,-94.39345075663607
2023-01-30 10:14:00+00:00,-39.3,short,oos,,4049.0,4049.75,1,1,5612.5,-94.4306623666584
2023-01-30 10:16:00+00:00,-26.8,short,oos,,4048.5,4049.0,1,1,5587.5,-94.45547010667327
2023-01-30 10:19:00+00:00,-64.3,short,oos,,4048.5,4049.75,1,2,5525.0,-94.51748945671049
2023-01-30 10:21:00+00:00,-51.8,short,oos,,4048.75,4049.75,1,1,5475.0,-94.56710493674026
2023-01-30 10:23:00+00:00,-1.8,short,oos,,4049.5,4049.5,1,1,5475.0,-94.56710493674026
2023-01-30 10:25:00+00:00,-89.3,short,oos,,4048.0,4049.75,1,1,5387.5,-94.65393202679236
2023-01-30 10:35:00+00:00,-51.8,short,oos,,4049.5,4050.5,1,9,5337.5,-94.70354750682213
2023-01-30 10:37:00+00:00,-39.3,short,oos,,4049.0,4049.75,1,1,5300.0,-94.74075911684446
2023-01-30 10:39:00+00:00,-39.3,short,oos,,4049.5,4050.25,1,1,5262.5,-94.77797072686678
2023-01-30 10:41:00+00:00,-76.8,short,oos,,4050.0,4051.5,1,1,5187.5,-94.85239394691143
2023-01-30 10:53:00+00:00,-151.8,long,oos,,4052.0,4049.0,1,11,5037.5,-95.00124038700073
2023-01-30 11:00:00+00:00,-114.3,short,oos,,4048.75,4051.0,1,6,4925.0,-95.11287521706772
2023-01-30 11:02:00+00:00,-114.3,long,oos,,4050.75,4048.5,1,1,4812.5,-95.2245100471347
2023-01-30 11:08:00+00:00,-89.3,short,oos,,4048.5,4050.25,1,5,4725.0,-95.3113371371868
2023-01-30 11:42:00+00:00,248.2,short,oos,,4048.25,4043.25,1,33,4975.0,-95.06325973703795
2023-01-30 11:45:00+00:00,-64.3,short,oos,,4041.5,4042.75,1,2,4912.5,-95.12527908707517
2023-01-30 11:47:00+00:00,10.7,short,oos,,4043.25,4043.0,1,1,4925.0,-95.11287521706772
2023-01-30 11:49:00+00:00,-39.3,short,oos,,4044.5,4045.25,1,1,4887.5,-95.15008682709005
2023-01-30 11:51:00+00:00,48.2,short,oos,,4044.25,4043.25,1,1,4937.5,-95.10047134706028
2023-01-30 11:53:00+00:00,-89.3,short,oos,,4041.75,4043.5,1,1,4850.0,-95.18729843711237
2023-01-30 11:55:00+00:00,-51.8,short,oos,,4043.25,4044.25,1,1,4800.0,-95.23691391714215
2023-01-30 11:57:00+00:00,-64.3,short,oos,,4044.25,4045.5,1,1,4737.5,-95.29893326717936
2023-01-30 11:59:00+00:00,-51.8,short,oos,,4044.0,4045.0,1,1,4687.5,-95.34854874720912
2023-01-30 12:01:00+00:00,-51.8,short,oos,,4044.25,4045.25,1,1,4637.5,-95.39816422723891
2023-01-30 12:03:00+00:00,-26.8,short,oos,,4045.25,4045.75,1,1,4612.5,-95.42297196725377
2023-01-30 12:25:00+00:00,-39.3,long,oos,,4046.75,4046.0,1,21,4575.0,-95.46018357727611
2023-01-30 12:27:00+00:00,-39.3,long,oos,,4047.0,4046.25,1,1,4537.5,-95.49739518729844
2023-01-30 12:29:00+00:00,-76.8,short,oos,,4046.0,4047.5,1,1,4462.5,-95.57181840734309
2023-01-30 12:33:00+00:00,-76.8,long,oos,,4048.0,4046.5,1,3,4387.5,-95.64624162738774
2023-01-30 12:36:00+00:00,-64.3,long,oos,,4047.25,4046.0,1,2,4325.0,-95.70826097742496
2023-01-30 12:38:00+00:00,-51.8,long,oos,,4046.0,4045.0,1,1,4275.0,-95.75787645745473
2023-01-30 12:42:00+00:00,-114.3,short,oos,,4045.5,4047.75,1,3,4162.5,-95.8695112875217
2023-01-30 13:00:00+00:00,60.7,long,oos,,4047.75,4049.0,1,17,4225.0,-95.80749193748449
2023-01-30 13:02:00+00:00,-76.8,long,oos,,4049.25,4047.75,1,1,4150.0,-95.88191515752915
2023-01-30 13:04:00+00:00,10.7,long,oos,,4047.0,4047.25,1,1,4162.5,-95.8695112875217
2023-01-30 13:06:00+00:00,-39.3,long,oos,,4048.25,4047.5,1,1,4125.0,-95.90672289754404
2023-01-30 13:31:00+00:00,135.7,long,oos,,4048.0,4050.75,1,24,4262.5,-95.77028032746216
2023-01-30 13:33:00+00:00,-51.8,long,oos,,4049.5,4048.5,1,1,4212.5,-95.81989580749195
2023-01-30 13:35:00+00:00,-51.8,long,oos,,4050.25,4049.25,1,1,4162.5,-95.8695112875217
2023-01-30 13:37:00+00:00,-26.8,long,oos,,4050.0,4049.5,1,1,4137.5,-95.8943190275366
2023-01-30 13:39:00+00:00,-76.8,long,oos,,4050.0,4048.5,1,1,4062.5,-95.96874224758125
2023-01-30 13:45:00+00:00,-151.8,short,oos,,4048.0,4051.0,1,5,3912.5,-96.11758868767055
2023-01-30 13:47:00+00:00,-76.8,long,oos,,4051.5,4050.0,1,1,3837.5,-96.1920119077152
2023-01-30 14:03:00+00:00,-1.8,long,oos,,4051.75,4051.75,1,15,3837.5,-96.1920119077152
2023-01-30 14:05:00+00:00,-39.3,long,oos,,4051.25,4050.5,1,1,3800.0,-96.22922351773754
2023-01-30 14:07:00+00:00,-14.3,long,oos,,4051.5,4051.25,1,1,3787.5,-96.24162738774498
2023-01-30 14:18:00+00:00,-14.3,long,oos,,4052.75,4052.5,1,10,3775.0,-96.25403125775242
2023-01-30 14:29:00+00:00,48.2,long,oos,,4053.25,4054.25,1,10,3825.0,-96.20441577772266
2023-01-30 14:55:00+00:00,360.7,long,oos,,4054.75,4062.0,1,25,4187.5,-95.84470354750682
2023-01-30 15:14:00+00:00,298.2,long,oos,,4064.25,4070.25,1,18,4487.5,-95.54701066732821
2023-01-30 15:16:00+00:00,-126.8,long,oos,,4073.0,4070.5,1,1,4362.5,-95.67104936740263
2023-01-30 15:18:00+00:00,85.7,long,oos,,4067.75,4069.5,1,1,4450.0,-95.58422227735053
2023-01-30 15:20:00+00:00,23.2,long,oos,,4067.0,4067.5,1,1,4475.0,-95.55941453733566
2023-01-30 15:22:00+00:00,-189.3,long,oos,,4069.25,4065.5,1,1,4287.5,-95.7454725874473
2023-01-30 15:24:00+00:00,-164.3,long,oos,,4067.75,4064.5,1,1,4125.0,-95.90672289754404
2023-01-30 15:26:00+00:00,23.2,long,oos,,4063.5,4064.0,1,1,4150.0,-95.88191515752915
2023-01-30 15:28:00+00:00,-51.8,long,oos,,4062.0,4061.0,1,1,4100.0,-95.93153063755892
2023-01-30 15:51:00+00:00,335.7,short,oos,,4061.25,4054.5,1,22,4437.5,-95.59662614735798
2023-01-30 15:56:00+00:00,98.2,short,oos,,4053.75,4051.75,1,4,4537.5,-95.49739518729844
2023-01-30 15:58:00+00:00,-39.3,short,oos,,4051.75,4052.5,1,1,4500.0,-95.53460679732076
2023-01-30 16:00:00+00:00,-51.8,short,oos,,4055.5,4056.5,1,1,4450.0,-95.58422227735053
2023-01-30 16:02:00+00:00,-76.8,short,oos,,4055.5,4057.0,1,1,4375.0,-95.65864549739518
2023-01-30 16:04:00+00:00,-1.8,short,oos,,4057.0,4057.0,1,1,4375.0,-95.65864549739518
2023-01-30 16:06:00+00:00,-1.8,short,oos,,4055.0,4055.0,1,1,4375.0,-95.65864549739518
2023-01-30 16:09:00+00:00,10.7,short,oos,,4055.0,4054.75,1,2,4387.5,-95.64624162738774
2023-01-30 16:11:00+00:00,-89.3,short,oos,,4056.25,4058.0,1,1,4300.0,-95.73306871743983
2023-01-30 16:13:00+00:00,-76.8,short,oos,,4061.25,4062.75,1,1,4225.0,-95.80749193748449
2023-01-30 16:15:00+00:00,73.2,short,oos,,4061.75,4060.25,1,1,4300.0,-95.73306871743983
2023-01-30 16:17:00+00:00,-164.3,short,oos,,4061.5,4064.75,1,1,4137.5,-95.8943190275366
2023-01-30 16:24:00+00:00,-276.8,long,oos,,4062.75,4057.25,1,6,3862.5,-96.16720416770033
2023-01-30 16:31:00+00:00,-151.8,short,oos,,4058.25,4061.25,1,6,3712.5,-96.31605060778963
2023-01-30 16:58:00+00:00,335.7,short,oos,,4061.0,4054.25,1,26,4050.0,-95.9811461175887
2023-01-30 17:00:00+00:00,-76.8,short,oos,,4056.75,4058.25,1,1,3975.0,-96.05556933763334
2023-01-30 17:16:00+00:00,-14.3,long,oos,,4057.5,4057.25,1,15,3962.5,-96.06797320764079
2023-01-30 17:18:00+00:00,-114.3,long,oos,,4057.25,4055.0,1,1,3850.0,-96.17960803770777
2023-01-30 17:30:00+00:00,-51.8,short,oos,,4054.0,4055.0,1,11,3800.0,-96.22922351773754
2023-01-30 17:37:00+00:00,35.7,short,oos,,4054.75,4054.0,1,6,3837.5,-96.1920119077152
2023-01-30 17:42:00+00:00,-39.3,short,oos,,4054.25,4055.0,1,4,3800.0,-96.22922351773754
2023-01-30 18:06:00+00:00,335.7,short,oos,,4054.5,4047.75,1,23,4137.5,-95.8943190275366
2023-01-30 18:08:00+00:00,10.7,short,oos,,4048.5,4048.25,1,1,4150.0,-95.88191515752915
2023-01-30 18:10:00+00:00,-26.8,short,oos,,4047.0,4047.5,1,1,4125.0,-95.90672289754404
2023-01-30 18:12:00+00:00,-51.8,short,oos,,4048.25,4049.25,1,1,4075.0,-95.9563383775738
2023-01-30 18:14:00+00:00,10.7,short,oos,,4048.25,4048.0,1,1,4087.5,-95.94393450756637
2023-01-30 18:16:00+00:00,-14.3,short,oos,,4048.25,4048.5,1,1,4075.0,-95.9563383775738
2023-01-30 18:18:00+00:00,-151.8,short,oos,,4052.25,4055.25,1,1,3925.0,-96.10518481766312
2023-01-30 18:30:00+00:00,-176.8,long,oos,,4056.25,4052.75,1,11,3750.0,-96.27883899776731
2023-01-30 18:50:00+00:00,185.7,short,oos,,4051.25,4047.5,1,19,3937.5,-96.09278094765567
2023-01-30 18:55:00+00:00,35.7,short,oos,,4048.0,4047.25,1,4,3975.0,-96.05556933763334
2023-01-30 18:59:00+00:00,23.2,short,oos,,4047.0,4046.5,1,3,4000.0,-96.03076159761845
2023-01-30 19:01:00+00:00,73.2,short,oos,,4048.75,4047.25,1,1,4075.0,-95.9563383775738
2023-01-30 19:03:00+00:00,-39.3,short,oos,,4048.25,4049.0,1,1,4037.5,-95.99354998759613
2023-01-30 19:05:00+00:00,-14.3,short,oos,,4049.5,4049.75,1,1,4025.0,-96.00595385760357
2023-01-30 19:10:00+00:00,-201.8,long,oos,,4049.25,4045.25,1,4,3825.0,-96.20441577772266
2023-01-30 19:36:00+00:00,210.7,short,oos,,4047.25,4043.0,1,25,4037.5,-95.99354998759613
2023-01-30 19:39:00+00:00,-139.3,short,oos,,4040.75,4043.5,1,2,3900.0,-96.129992557678
2023-01-30 19:59:00+00:00,210.7,short,oos,,4043.25,4039.0,1,19,4112.5,-95.91912676755148
2023-01-30 20:01:00+00:00,-39.3,short,oos,,4039.5,4040.25,1,1,4075.0,-95.9563383775738
2023-01-30 20:03:00+00:00,-64.3,short,oos,,4039.25,4040.5,1,1,4012.5,-96.01835772761102
2023-01-30 20:05:00+00:00,10.7,short,oos,,4043.0,4042.75,1,1,4025.0,-96.00595385760357
2023-01-30 20:07:00+00:00,135.7,short,oos,,4042.25,4039.5,1,1,4162.5,-95.8695112875217
2023-01-30 20:13:00+00:00,-176.8,short,oos,,4035.75,4039.25,1,5,3987.5,-96.0431654676259
2023-01-30 20:32:00+00:00,148.2,short,oos,,4038.25,4035.25,1,18,4137.5,-95.8943190275366
2023-01-30 20:34:00+00:00,23.2,short,oos,,4037.0,4036.5,1,1,4162.5,-95.8695112875217
2023-01-30 20:36:00+00:00,-76.8,short,oos,,4037.5,4039.0,1,1,4087.5,-95.94393450756637
2023-01-30 20:38:00+00:00,-89.3,short,oos,,4039.0,4040.75,1,1,4000.0,-96.03076159761845
2023-01-30 20:47:00+00:00,-201.8,long,oos,,4040.5,4036.5,1,8,3800.0,-96.22922351773754
2023-01-30 20:51:00+00:00,-151.8,short,oos,,4036.0,4039.0,1,3,3650.0,-96.37806995782684
2023-01-30 21:01:00+00:00,-1.8,short,oos,,4036.0,4036.0,1,9,3650.0,-96.37806995782684
2023-01-30 21:36:00+00:00,85.7,long,oos,,4037.75,4039.5,1,34,3737.5,-96.29124286777476
2023-01-30 21:38:00+00:00,-64.3,long,oos,,4040.75,4039.5,1,1,3675.0,-96.35326221781196
2023-01-30 21:40:00+00:00,-26.8,long,oos,,4040.0,4039.5,1,1,3650.0,-96.37806995782684
2023-01-30 21:42:00+00:00,-26.8,long,oos,,4040.0,4039.5,1,1,3625.0,-96.40287769784173
2023-01-30 21:44:00+00:00,-26.8,long,oos,,4039.75,4039.25,1,1,3600.0,-96.42768543785661
2023-01-30 21:46:00+00:00,-89.3,long,oos,,4040.25,4038.5,1,1,3512.5,-96.5145125279087
2023-01-30 21:48:00+00:00,-39.3,long,oos,,4039.0,4038.25,1,1,3475.0,-96.55172413793103
2023-01-30 21:50:00+00:00,-14.3,long,oos,,4038.25,4038.0,1,1,3462.5,-96.56412800793848
2023-01-30 21:52:00+00:00,-26.8,long,oos,,4039.0,4038.5,1,1,3437.5,-96.58893574795336
2023-01-30 21:54:00+00:00,-14.3,long,oos,,4039.5,4039.25,1,1,3425.0,-96.6013396179608
2023-01-30 23:09:00+00:00,-89.3,long,oos,,4039.5,4037.75,1,14,3337.5,-96.6881667080129
2023-01-30 23:11:00+00:00,-14.3,long,oos,,4038.75,4038.5,1,1,3325.0,-96.70057057802033
2023-01-30 23:19:00+00:00,-76.8,short,oos,,4038.0,4039.5,1,7,3250.0,-96.774993798065
2023-01-30 23:50:00+00:00,98.2,long,oos,,4039.5,4041.5,1,30,3350.0,-96.67576283800545
2023-01-31 00:02:00+00:00,-52.5,long,oos,,4042.75,4041.75,1,11,3300.0,-96.72537831803523
2023-01-31 00:04:00+00:00,-40.0,long,oos,,4041.75,4041.0,1,1,3262.5,-96.76258992805755
2023-01-31 00:06:00+00:00,-65.0,long,oos,,4041.0,4039.75,1,1,3200.0,-96.82460927809477
2023-01-31 00:08:00+00:00,-15.0,long,oos,,4041.0,4040.75,1,1,3187.5,-96.83701314810222
2023-01-31 00:10:00+00:00,-52.5,long,oos,,4041.5,4040.5,1,1,3137.5,-96.88662862813197
2023-01-31 00:12:00+00:00,-40.0,long,oos,,4041.25,4040.5,1,1,3100.0,-96.9238402381543
2023-01-31 00:27:00+00:00,10.0,short,oos,,4040.25,4040.0,1,14,3112.5,-96.91143636814687
2023-01-31 00:29:00+00:00,-52.5,short,oos,,4039.75,4040.75,1,1,3062.5,-96.96105184817662
2023-01-31 00:31:00+00:00,-52.5,short,oos,,4040.25,4041.25,1,1,3012.5,-97.0106673282064
2023-01-31 00:42:00+00:00,-65.0,long,oos,,4041.25,4040.0,1,10,2950.0,-97.07268667824361
2023-01-31 00:47:00+00:00,-27.5,short,oos,,4040.5,4041.0,1,4,2925.0,-97.0974944182585
2023-01-31 00:50:00+00:00,-52.5,short,oos,,4040.5,4041.5,1,2,2875.0,-97.14710989828826
2023-01-31 00:53:00+00:00,-40.0,long,oos,,4041.25,4040.5,1,2,2837.5,-97.18432150831059
2023-01-31 00:57:00+00:00,-65.0,short,oos,,4040.25,4041.5,1,3,2775.0,-97.2463408583478
2023-01-31 00:59:00+00:00,-40.0,short,oos,,4040.75,4041.5,1,1,2737.5,-97.28355246837013
2023-01-31 01:02:00+00:00,-40.0,long,oos,,4041.5,4040.75,1,2,2700.0,-97.32076407839246
2023-01-31 01:04:00+00:00,-15.0,short,oos,,4040.75,4041.0,1,1,2687.5,-97.3331679483999
2023-01-31 01:08:00+00:00,-52.5,long,oos,,4041.25,4040.25,1,3,2637.5,-97.38278342842966
2023-01-31 01:11:00+00:00,-77.5,short,oos,,4040.0,4041.5,1,2,2562.5,-97.45720664847433
2023-01-31 01:13:00+00:00,-40.0,short,oos,,4040.5,4041.25,1,1,2525.0,-97.49441825849665
2023-01-31 01:37:00+00:00,85.7,short,oos,,4040.75,4039.0,1,23,2612.5,-97.40759116844455
2023-01-31 01:55:00+00:00,-64.3,long,oos,,4041.5,4040.25,1,17,2550.0,-97.46961051848176
2023-01-31 01:57:00+00:00,-51.8,long,oos,,4041.5,4040.5,1,1,2500.0,-97.51922599851154
2023-01-31 01:59:00+00:00,-51.8,long,oos,,4040.75,4039.75,1,1,2450.0,-97.5688414785413
2023-01-31 02:01:00+00:00,-14.3,long,oos,,4040.25,4040.0,1,1,2437.5,-97.58124534854875
2023-01-31 02:03:00+00:00,-51.8,long,oos,,4040.5,4039.5,1,1,2387.5,-97.63086082857852
2023-01-31 02:12:00+00:00,-89.3,short,oos,,4038.75,4040.5,1,8,2300.0,-97.71768791863062
2023-01-31 02:15:00+00:00,-26.8,long,oos,,4040.5,4040.0,1,2,2275.0,-97.7424956586455
2023-01-31 02:29:00+00:00,-26.8,long,oos,,4040.75,4040.25,1,13,2250.0,-97.76730339866037
2023-01-31 02:31:00+00:00,-39.3,long,oos,,4040.5,4039.75,1,1,2212.5,-97.80451500868271
2023-01-31 03:10:00+00:00,60.7,short,oos,,4039.5,4038.25,1,38,2275.0,-97.7424956586455
2023-01-31 03:54:00+00:00,398.2,short,oos,,4038.0,4030.0,1,43,2675.0,-97.34557181840734
2023-01-31 04:02:00+00:00,-1.8,short,oos,,4028.75,4028.75,1,7,2675.0,-97.34557181840734
2023-01-31 04:05:00+00:00,-14.3,short,oos,,4028.75,4029.0,1,2,2662.5,-97.35797568841478
2023-01-31 04:13:00+00:00,-26.8,short,oos,,4028.25,4028.75,1,7,2637.5,-97.38278342842966
2023-01-31 04:16:00+00:00,-39.3,short,oos,,4027.75,4028.5,1,2,2600.0,-97.419995038452
2023-01-31 04:20:00+00:00,-51.8,short,oos,,4027.25,4028.25,1,3,2550.0,-97.46961051848176
2023-01-31 04:22:00+00:00,-26.8,short,oos,,4028.25,4028.75,1,1,2525.0,-97.49441825849665
2023-01-31 04:24:00+00:00,-26.8,short,oos,,4028.75,4029.25,1,1,2500.0,-97.51922599851154
2023-01-31 04:26:00+00:00,-51.8,short,oos,,4028.75,4029.75,1,1,2450.0,-97.5688414785413
2023-01-31 04:28:00+00:00,-14.3,short,oos,,4029.0,4029.25,1,1,2437.5,-97.58124534854875
2023-01-31 04:30:00+00:00,-39.3,short,oos,,4028.5,4029.25,1,1,2400.0,-97.61845695857107
2023-01-31 04:32:00+00:00,-39.3,short,oos,,4028.75,4029.5,1,1,2362.5,-97.6556685685934
2023-01-31 04:34:00+00:00,-14.3,short,oos,,4028.75,4029.0,1,1,2350.0,-97.66807243860084
2023-01-31 04:42:00+00:00,-39.3,short,oos,,4028.5,4029.25,1,7,2312.5,-97.70528404862317
2023-01-31 04:44:00+00:00,-51.8,short,oos,,4028.5,4029.5,1,1,2262.5,-97.75489952865294
2023-01-31 04:46:00+00:00,-39.3,short,oos,,4028.75,4029.5,1,1,2225.0,-97.79211113867527
2023-01-31 04:48:00+00:00,-14.3,short,oos,,4029.25,4029.5,1,1,2212.5,-97.80451500868271
2023-01-31 04:51:00+00:00,-14.3,short,oos,,4029.0,4029.25,1,2,2200.0,-97.81691887869015
2023-01-31 04:53:00+00:00,-64.3,short,oos,,4028.25,4029.5,1,1,2137.5,-97.87893822872736
2023-01-31 04:55:00+00:00,-26.8,short,oos,,4029.0,4029.5,1,1,2112.5,-97.90374596874226
2023-01-31 05:08:00+00:00,-51.8,long,oos,,4030.25,4029.25,1,12,2062.5,-97.95336144877201
2023-01-31 05:33:00+00:00,73.2,long,oos,,4030.0,4031.5,1,24,2137.5,-97.87893822872736
2023-01-31 05:35:00+00:00,-39.3,long,oos,,4032.0,4031.25,1,1,2100.0,-97.91614983874969
2023-01-31 05:37:00+00:00,-14.3,long,oos,,4031.75,4031.5,1,1,2087.5,-97.92855370875712
2023-01-31 05:39:00+00:00,-14.3,long,oos,,4031.5,4031.25,1,1,2075.0,-97.94095757876458
2023-01-31 05:41:00+00:00,-39.3,long,oos,,4032.25,4031.5,1,1,2037.5,-97.97816918878691
2023-01-31 05:43:00+00:00,-14.3,long,oos,,4031.75,4031.5,1,1,2025.0,-97.99057305879434
2023-01-31 05:45:00+00:00,-51.8,long,oos,,4031.75,4030.75,1,1,1975.0,-98.04018853882411
2023-01-31 05:47:00+00:00,-51.8,long,oos,,4031.0,4030.0,1,1,1925.0,-98.08980401885388
2023-01-31 06:05:00+00:00,23.2,short,oos,,4029.75,4029.25,1,17,1950.0,-98.064996278839
2023-01-31 06:10:00+00:00,-26.8,short,oos,,4028.5,4029.0,1,4,1925.0,-98.08980401885388
2023-01-31 06:12:00+00:00,-39.3,short,oos,,4029.0,4029.75,1,1,1887.5,-98.12701562887621
2023-01-31 06:14:00+00:00,-39.3,short,oos,,4029.75,4030.5,1,1,1850.0,-98.16422723889853
2023-01-31 06:16:00+00:00,-51.8,short,oos,,4029.75,4030.75,1,1,1800.0,-98.2138427189283
2023-01-31 06:32:00+00:00,-39.3,long,oos,,4031.5,4030.75,1,15,1762.5,-98.25105432895064
2023-01-31 06:34:00+00:00,-76.8,long,oos,,4031.0,4029.5,1,1,1687.5,-98.3254775489953
2023-01-31 06:44:00+00:00,-51.8,short,oos,,4029.75,4030.75,1,9,1637.5,-98.37509302902505
2023-01-31 07:02:00+00:00,10.7,long,oos,,4030.75,4031.0,1,17,1650.0,-98.36268915901762
2023-01-31 07:12:00+00:00,-26.8,long,oos,,4032.25,4031.75,1,9,1625.0,-98.3874968990325
2023-01-31 07:30:00+00:00,-39.3,short,oos,,4030.0,4030.75,1,17,1587.5,-98.42470850905482
2023-01-31 08:07:00+00:00,385.7,long,oos,,4031.25,4039.0,1,36,1975.0,-98.04018853882411
2023-01-31 08:09:00+00:00,-101.8,long,oos,,4038.5,4036.5,1,1,1875.0,-98.13941949888365
2023-01-31 08:11:00+00:00,-26.8,long,oos,,4036.0,4035.5,1,1,1850.0,-98.16422723889853
2023-01-31 08:13:00+00:00,-39.3,long,oos,,4035.75,4035.0,1,1,1812.5,-98.20143884892086
2023-01-31 08:15:00+00:00,-101.8,long,oos,,4035.25,4033.25,1,1,1712.5,-98.3006698089804
2023-01-31 08:17:00+00:00,110.7,long,oos,,4034.0,4036.25,1,1,1825.0,-98.18903497891343
2023-01-31 08:19:00+00:00,-101.8,long,oos,,4038.5,4036.5,1,1,1725.0,-98.28826593897297
2023-01-31 08:21:00+00:00,-14.3,long,oos,,4037.0,4036.75,1,1,1712.5,-98.3006698089804
2023-01-31 08:23:00+00:00,-126.8,long,oos,,4036.0,4033.5,1,1,1587.5,-98.42470850905482
2023-01-31 09:01:00+00:00,373.2,short,oos,,4032.25,4024.75,1,37,1962.5,-98.05259240883156
2023-01-31 09:03:00+00:00,-51.8,short,oos,,4023.75,4024.75,1,1,1912.5,-98.10220788886133
2023-01-31 09:06:00+00:00,-76.8,short,oos,,4022.25,4023.75,1,2,1837.5,-98.17663110890598
2023-01-31 09:08:00+00:00,-14.3,short,oos,,4023.25,4023.5,1,1,1825.0,-98.18903497891343
2023-01-31 09:10:00+00:00,-76.8,short,oos,,4021.75,4023.25,1,1,1750.0,-98.26345819895808
2023-01-31 09:26:00+00:00,85.7,short,oos,,4023.5,4021.75,1,15,1837.5,-98.17663110890598
2023-01-31 09:29:00+00:00,-51.8,short,oos,,4021.0,4022.0,1,2,1787.5,-98.22624658893575
2023-01-31 09:33:00+00:00,-39.3,short,oos,,4020.0,4020.75,1,3,1750.0,-98.26345819895808
2023-01-31 09:36:00+00:00,-14.3,short,oos,,4020.75,4021.0,1,2,1737.5,-98.27586206896551
2023-01-31 09:38:00+00:00,-26.8,short,oos,,4021.5,4022.0,1,1,1712.5,-98.3006698089804
2023-01-31 09:40:00+00:00,-1.8,short,oos,,4021.0,4021.0,1,1,1712.5,-98.3006698089804
2023-01-31 09:45:00+00:00,-126.8,short,oos,,4020.0,4022.5,1,4,1587.5,-98.42470850905482
2023-01-31 09:47:00+00:00,-51.8,short,oos,,4021.75,4022.75,1,1,1537.5,-98.4743239890846
2023-01-31 09:49:00+00:00,-1.8,short,oos,,4022.5,4022.5,1,1,1537.5,-98.4743239890846
2023-01-31 09:51:00+00:00,-26.8,short,oos,,4021.25,4021.75,1,1,1512.5,-98.49913172909947
2023-01-31 10:18:00+00:00,85.7,short,oos,,4021.0,4019.25,1,26,1600.0,-98.41230463904739
2023-01-31 10:20:00+00:00,-51.8,short,oos,,4020.0,4021.0,1,1,1550.0,-98.46192011907715
2023-01-31 10:22:00+00:00,-14.3,short,oos,,4019.25,4019.5,1,1,1537.5,-98.4743239890846
2023-01-31 10:24:00+00:00,-26.8,short,oos,,4018.5,4019.0,1,1,1512.5,-98.49913172909947
2023-01-31 10:31:00+00:00,-89.3,short,oos,,4017.25,4019.0,1,6,1425.0,-98.58595881915157
2023-01-31 10:47:00+00:00,-26.8,short,oos,,4017.25,4017.75,1,15,1400.0,-98.61076655916646
2023-01-31 10:49:00+00:00,-26.8,short,oos,,4017.75,4018.25,1,1,1375.0,-98.63557429918134
2023-01-31 10:51:00+00:00,10.7,short,oos,,4018.25,4018.0,1,1,1387.5,-98.6231704291739
2023-01-31 10:53:00+00:00,-26.8,short,oos,,4017.0,4017.5,1,1,1362.5,-98.64797816918879
2023-01-31 10:55:00+00:00,-26.8,short,oos,,4017.0,4017.5,1,1,1337.5,-98.67278590920367
2023-01-31 11:17:00+00:00,135.7,short,oos,,4016.5,4013.75,1,21,1475.0,-98.5363433391218
2023-01-31 11:19:00+00:00,-26.8,short,oos,,4014.25,4014.75,1,1,1450.0,-98.56115107913669
2023-01-31 11:37:00+00:00,10.7,short,oos,,4013.5,4013.25,1,17,1462.5,-98.54874720912925
2023-01-31 11:39:00+00:00,-51.8,short,oos,,4012.5,4013.5,1,1,1412.5,-98.59836268915902
2023-01-31 11:41:00+00:00,-76.8,short,oos,,4013.5,4015.0,1,1,1337.5,-98.67278590920367
2023-01-31 11:43:00+00:00,-101.8,short,oos,,4015.0,4017.0,1,1,1237.5,-98.77201686926321
2023-01-31 12:10:00+00:00,85.7,long,oos,,4016.75,4018.5,1,26,1325.0,-98.68518977921111
2023-01-31 12:25:00+00:00,-1.8,long,oos,,4020.0,4020.0,1,14,1325.0,-98.68518977921111
2023-01-31 12:27:00+00:00,10.7,long,oos,,4020.0,4020.25,1,1,1337.5,-98.67278590920367
2023-01-31 13:00:00+00:00,185.7,long,oos,,4021.0,4024.75,1,32,1525.0,-98.48672785909204
2023-01-31 13:14:00+00:00,23.2,long,oos,,4026.0,4026.5,1,13,1550.0,-98.46192011907715
2023-01-31 13:20:00+00:00,-26.8,long,oos,,4027.0,4026.5,1,5,1525.0,-98.48672785909204
2023-01-31 13:23:00+00:00,-76.8,long,oos,,4027.75,4026.25,1,2,1450.0,-98.56115107913669
2023-01-31 13:25:00+00:00,-51.8,long,oos,,4027.25,4026.25,1,1,1400.0,-98.61076655916646
2023-01-31 13:29:00+00:00,10.7,long,oos,,4026.25,4026.5,1,3,1412.5,-98.59836268915902
2023-01-31 14:05:00+00:00,860.7,long,oos,,4026.75,4044.0,1,35,2275.0,-97.7424956586455
2023-01-31 14:07:00+00:00,-39.3,long,oos,,4043.5,4042.75,1,1,2237.5,-97.77970726866782
2023-01-31 14:09:00+00:00,48.2,long,oos,,4042.5,4043.5,1,1,2287.5,-97.73009178863805
2023-01-31 14:11:00+00:00,-64.3,long,oos,,4044.75,4043.5,1,1,2225.0,-97.79211113867527
2023-01-31 14:13:00+00:00,-1.8,long,oos,,4042.25,4042.25,1,1,2225.0,-97.79211113867527
2023-01-31 14:15:00+00:00,-26.8,long,oos,,4042.5,4042.0,1,1,2200.0,-97.81691887869015
2023-01-31 14:17:00+00:00,-14.3,long,oos,,4039.75,4039.5,1,1,2187.5,-97.82932274869759
2023-01-31 14:19:00+00:00,-14.3,long,oos,,4038.25,4038.0,1,1,2175.0,-97.84172661870504
2023-01-31 14:21:00+00:00,-1.8,long,oos,,4038.25,4038.25,1,1,2175.0,-97.84172661870504
2023-01-31 14:23:00+00:00,-39.3,long,oos,,4039.25,4038.5,1,1,2137.5,-97.87893822872736
2023-01-31 14:25:00+00:00,10.7,long,oos,,4040.25,4040.5,1,1,2150.0,-97.86653435871993
2023-01-31 14:27:00+00:00,-1.8,long,oos,,4039.0,4039.0,1,1,2150.0,-97.86653435871993
2023-01-31 14:29:00+00:00,-1.8,long,oos,,4036.75,4036.75,1,1,2150.0,-97.86653435871993
2023-01-31 14:33:00+00:00,85.7,long,oos,,4036.75,4038.5,1,3,2237.5,-97.77970726866782
2023-01-31 14:36:00+00:00,-76.8,long,oos,,4040.5,4039.0,1,2,2162.5,-97.85413048871247
2023-01-31 14:39:00+00:00,-151.8,long,oos,,4039.25,4036.25,1,2,2012.5,-98.00297692880179
2023-01-31 14:45:00+00:00,35.7,long,oos,,4038.75,4039.5,1,5,2050.0,-97.96576531877946
2023-01-31 14:59:00+00:00,-76.8,long,oos,,4042.5,4041.0,1,13,1975.0,-98.04018853882411
2023-01-31 15:06:00+00:00,-239.3,short,oos,,4038.0,4042.75,1,6,1737.5,-98.27586206896551
2023-01-31 15:10:00+00:00,-464.3,long,oos,,4044.5,4035.25,1,3,1275.0,-98.73480525924089
2023-01-31 15:13:00+00:00,-276.8,short,oos,,4037.75,4043.25,1,2,1000.0,-99.00769039940461
2023-01-31 15:27:00+00:00,23.2,long,oos,,4044.75,4045.25,1,13,1025.0,-98.98288265938973
2023-01-31 15:53:00+00:00,335.7,long,oos,,4046.25,4053.0,1,25,1362.5,-98.64797816918879
2023-01-31 15:55:00+00:00,48.2,long,oos,,4052.25,4053.25,1,1,1412.5,-98.59836268915902
2023-01-31 15:57:00+00:00,-51.8,long,oos,,4054.75,4053.75,1,1,1362.5,-98.64797816918879
2023-01-31 16:11:00+00:00,35.7,long,oos,,4054.75,4055.5,1,13,1400.0,-98.61076655916646
2023-01-31 16:13:00+00:00,-76.8,long,oos,,4055.0,4053.5,1,1,1325.0,-98.68518977921111
2023-01-31 16:15:00+00:00,-51.8,long,oos,,4056.0,4055.0,1,1,1275.0,-98.73480525924089
2023-01-31 16:17:00+00:00,-39.3,long,oos,,4056.5,4055.75,1,1,1237.5,-98.77201686926321
2023-01-31 16:19:00+00:00,-64.3,long,oos,,4055.5,4054.25,1,1,1175.0,-98.83403621930043
2023-01-31 16:21:00+00:00,35.7,long,oos,,4055.0,4055.75,1,1,1212.5,-98.7968246092781
2023-01-31 16:26:00+00:00,60.7,long,oos,,4054.75,4056.0,1,4,1275.0,-98.73480525924089
2023-01-31 16:40:00+00:00,48.2,long,oos,,4056.5,4057.5,1,13,1325.0,-98.68518977921111
2023-01-31 16:44:00+00:00,-64.3,long,oos,,4059.25,4058.0,1,3,1262.5,-98.74720912924832
2023-01-31 16:46:00+00:00,-26.8,long,oos,,4056.5,4056.0,1,1,1237.5,-98.77201686926321
2023-01-31 16:48:00+00:00,-39.3,long,oos,,4057.25,4056.5,1,1,1200.0,-98.80922847928554
2023-01-31 16:50:00+00:00,10.7,long,oos,,4055.0,4055.25,1,1,1212.5,-98.7968246092781
2023-01-31 16:52:00+00:00,48.2,long,oos,,4054.75,4055.75,1,1,1262.5,-98.74720912924832
2023-01-31 16:54:00+00:00,48.2,long,oos,,4056.25,4057.25,1,1,1312.5,-98.69759364921855
2023-01-31 17:00:00+00:00,-64.3,long,oos,,4058.0,4056.75,1,5,1250.0,-98.75961299925576
2023-01-31 17:02:00+00:00,-76.8,long,oos,,4056.25,4054.75,1,1,1175.0,-98.83403621930043
2023-01-31 17:10:00+00:00,-176.8,short,oos,,4052.75,4056.25,1,7,1000.0,-99.00769039940461
2023-01-31 17:16:00+00:00,-14.3,short,oos,,4055.75,4056.0,1,5,987.5,-99.02009426941206
2023-01-31 17:52:00+00:00,273.2,long,oos,,4056.5,4062.0,1,35,1262.5,-98.74720912924832
2023-01-31 17:56:00+00:00,-1.8,long,oos,,4062.75,4062.75,1,3,1262.5,-98.74720912924832
2023-01-31 17:58:00+00:00,10.7,long,oos,,4062.5,4062.75,1,1,1275.0,-98.73480525924089
2023-01-31 18:00:00+00:00,35.7,long,oos,,4062.5,4063.25,1,1,1312.5,-98.69759364921855
2023-01-31 18:02:00+00:00,10.7,long,oos,,4062.5,4062.75,1,1,1325.0,-98.68518977921111
2023-01-31 18:11:00+00:00,-26.8,long,oos,,4063.0,4062.5,1,8,1300.0,-98.709997519226
2023-01-31 18:16:00+00:00,-64.3,long,oos,,4064.0,4062.75,1,4,1237.5,-98.77201686926321
2023-01-31 18:18:00+00:00,35.7,long,oos,,4062.0,4062.75,1,1,1275.0,-98.73480525924089
2023-01-31 18:20:00+00:00,-1.8,long,oos,,4062.5,4062.5,1,1,1275.0,-98.73480525924089
2023-01-31 18:23:00+00:00,23.2,long,oos,,4062.25,4062.75,1,2,1300.0,-98.709997519226
2023-01-31 18:28:00+00:00,-151.8,short,oos,,4059.75,4062.75,1,4,1150.0,-98.8588439593153
2023-01-31 18:38:00+00:00,-39.3,long,oos,,4062.5,4061.75,1,9,1112.5,-98.89605556933763
2023-01-31 19:16:00+00:00,385.7,long,oos,,4061.5,4069.25,1,37,1500.0,-98.51153559910692
2023-01-31 19:18:00+00:00,48.2,long,oos,,4068.75,4069.75,1,1,1550.0,-98.46192011907715
2023-01-31 19:20:00+00:00,-26.8,long,oos,,4068.5,4068.0,1,1,1525.0,-98.48672785909204
2023-01-31 19:22:00+00:00,48.2,long,oos,,4068.5,4069.5,1,1,1575.0,-98.43711237906227
2023-01-31 19:24:00+00:00,-1.8,long,oos,,4068.25,4068.25,1,1,1575.0,-98.43711237906227
2023-01-31 19:26:00+00:00,-1.8,long,oos,,4067.75,4067.75,1,1,1575.0,-98.43711237906227
2023-01-31 19:28:00+00:00,-26.8,long,oos,,4069.0,4068.5,1,1,1550.0,-98.46192011907715
2023-01-31 19:37:00+00:00,-89.3,long,oos,,4069.75,4068.0,1,8,1462.5,-98.54874720912925
2023-01-31 19:39:00+00:00,-1.8,long,oos,,4068.75,4068.75,1,1,1462.5,-98.54874720912925
2023-01-31 20:00:00+00:00,98.2,long,oos,,4069.5,4071.5,1,20,1562.5,-98.44951624906972
2023-01-31 20:10:00+00:00,23.2,long,oos,,4071.75,4072.25,1,9,1587.5,-98.42470850905482
2023-01-31 20:12:00+00:00,-64.3,long,oos,,4069.75,4068.5,1,1,1525.0,-98.48672785909204
2023-01-31 20:31:00+00:00,110.7,short,oos,,4068.75,4066.5,1,18,1637.5,-98.37509302902505
2023-01-31 20:33:00+00:00,35.7,short,oos,,4068.0,4067.25,1,1,1675.0,-98.33788141900273
2023-01-31 20:35:00+00:00,-51.8,short,oos,,4068.25,4069.25,1,1,1625.0,-98.3874968990325
2023-01-31 20:37:00+00:00,10.7,short,oos,,4069.0,4068.75,1,1,1637.5,-98.37509302902505
2023-01-31 21:11:00+00:00,748.2,long,oos,,4070.0,4085.0,1,33,2387.5,-97.63086082857852
2023-01-31 21:13:00+00:00,35.7,long,oos,,4084.25,4085.0,1,1,2425.0,-97.5936492185562
2023-01-31 21:15:00+00:00,-51.8,long,oos,,4085.0,4084.0,1,1,2375.0,-97.64326469858597
2023-01-31 21:17:00+00:00,48.2,long,oos,,4085.0,4086.0,1,1,2425.0,-97.5936492185562
2023-01-31 21:19:00+00:00,-14.3,long,oos,,4084.5,4084.25,1,1,2412.5,-97.60605308856363
2023-01-31 21:22:00+00:00,10.7,long,oos,,4085.25,4085.5,1,2,2425.0,-97.5936492185562
2023-01-31 21:24:00+00:00,-14.3,long,oos,,4085.75,4085.5,1,1,2412.5,-97.60605308856363
2023-01-31 21:27:00+00:00,-14.3,long,oos,,4086.0,4085.75,1,2,2400.0,-97.61845695857107
2023-01-31 21:31:00+00:00,-39.3,long,oos,,4085.75,4085.0,1,3,2362.5,-97.6556685685934
2023-01-31 21:33:00+00:00,-64.3,long,oos,,4086.0,4084.75,1,1,2300.0,-97.71768791863062
2023-01-31 21:35:00+00:00,-26.8,long,oos,,4085.25,4084.75,1,1,2275.0,-97.7424956586455
2023-01-31 21:38:00+00:00,-26.8,long,oos,,4085.5,4085.0,1,2,2250.0,-97.76730339866037
2023-01-31 21:40:00+00:00,-39.3,long,oos,,4085.75,4085.0,1,1,2212.5,-97.80451500868271
2023-01-31 21:42:00+00:00,-39.3,long,oos,,4085.5,4084.75,1,1,2175.0,-97.84172661870504
2023-01-31 21:44:00+00:00,-51.8,long,oos,,4084.75,4083.75,1,1,2125.0,-97.8913420987348
2023-01-31 21:46:00+00:00,-51.8,long,oos,,4084.25,4083.25,1,1,2075.0,-97.94095757876458
2023-01-31 21:48:00+00:00,-14.3,long,oos,,4083.75,4083.5,1,1,2062.5,-97.95336144877201
2023-01-31 21:50:00+00:00,-39.3,long,oos,,4083.75,4083.0,1,1,2025.0,-97.99057305879434
2023-01-31 21:52:00+00:00,-14.3,long,oos,,4083.75,4083.5,1,1,2012.5,-98.00297692880179
2023-01-31 21:54:00+00:00,-1.8,long,oos,,4083.75,4083.75,1,1,2012.5,-98.00297692880179
2023-01-31 21:56:00+00:00,-1.8,long,oos,,4083.5,4083.5,1,1,2012.5,-98.00297692880179
2023-01-31 21:59:00+00:00,-14.3,long,oos,,4084.25,4084.0,1,2,2000.0,-98.01538079880923
2023-01-31 23:03:00+00:00,-151.8,long,oos,,4086.0,4083.0,1,3,1850.0,-98.16422723889853
2023-01-31 23:05:00+00:00,-39.3,long,oos,,4083.5,4082.75,1,1,1812.5,-98.20143884892086
2023-01-31 23:07:00+00:00,-14.3,long,oos,,4082.75,4082.5,1,1,1800.0,-98.2138427189283
2023-01-31 23:09:00+00:00,-26.8,long,oos,,4083.0,4082.5,1,1,1775.0,-98.23865045894318
2023-01-31 23:11:00+00:00,-39.3,long,oos,,4083.25,4082.5,1,1,1737.5,-98.27586206896551
2023-01-31 23:25:00+00:00,-1.8,short,oos,,4082.25,4082.25,1,13,1737.5,-98.27586206896551
2023-01-31 23:44:00+00:00,35.7,short,oos,,4081.5,4080.75,1,18,1775.0,-98.23865045894318
2023-01-31 23:46:00+00:00,-76.8,short,oos,,4079.25,4080.75,1,1,1700.0,-98.31307367898783
2023-01-31 23:48:00+00:00,-39.3,short,oos,,4080.25,4081.0,1,1,1662.5,-98.35028528901017
2023-01-31 23:50:00+00:00,-39.3,short,oos,,4080.75,4081.5,1,1,1625.0,-98.3874968990325
2023-01-31 23:52:00+00:00,-39.3,short,oos,,4081.25,4082.0,1,1,1587.5,-98.42470850905482
2023-01-31 23:54:00+00:00,-14.3,short,oos,,4082.5,4082.75,1,1,1575.0,-98.43711237906227
2023-02-01 00:00:00+00:00,-115.0,long,oos,,4083.0,4080.75,1,5,1462.5,-98.54874720912925
