date,trade_return,direction,regime,exit_reason,entry_price,exit_price,quantity,bars_held,equity,drawdown
2023-01-03 00:41:00+00:00,-12.5,short,is,,3865.5,3865.75,1,1,99987.5,0.0
2023-01-03 01:19:00+00:00,700.0,short,is,,3865.0,3851.0,1,37,100687.5,0.0
2023-01-03 01:38:00+00:00,150.0,short,is,,3849.75,3846.75,1,18,100837.5,0.0
2023-01-03 01:40:00+00:00,37.5,short,is,,3846.75,3846.0,1,1,100875.0,0.0
2023-01-03 01:42:00+00:00,-37.5,short,is,,3846.25,3847.0,1,1,100837.5,-0.03717472118959108
2023-01-03 01:44:00+00:00,-62.5,short,is,,3848.0,3849.25,1,1,100775.0,-0.09913258983890955
2023-01-03 01:46:00+00:00,0.0,short,is,,3849.25,3849.25,1,1,100775.0,-0.09913258983890955
2023-01-03 01:48:00+00:00,0.0,short,is,,3848.5,3848.5,1,1,100775.0,-0.09913258983890955
2023-01-03 01:50:00+00:00,-25.0,short,is,,3849.25,3849.75,1,1,100750.0,-0.12391573729863693
2023-01-03 01:52:00+00:00,-25.0,short,is,,3847.75,3848.25,1,1,100725.0,-0.14869888475836432
2023-01-03 01:54:00+00:00,-37.5,short,is,,3848.0,3848.75,1,1,100687.5,-0.18587360594795538
2023-01-03 01:56:00+00:00,12.5,short,is,,3849.75,3849.5,1,1,100700.0,-0.1734820322180917
2023-01-03 01:58:00+00:00,-100.0,short,is,,3850.5,3852.5,1,1,100600.0,-0.27261462205700127
2023-01-03 02:00:00+00:00,12.5,short,is,,3853.75,3853.5,1,1,100612.5,-0.26022304832713755
2023-01-03 02:02:00+00:00,37.5,short,is,,3852.5,3851.75,1,1,100650.0,-0.22304832713754646
2023-01-03 02:04:00+00:00,-75.0,short,is,,3851.25,3852.75,1,1,100575.0,-0.29739776951672864
2023-01-03 02:16:00+00:00,-112.5,long,is,,3854.0,3851.75,1,11,100462.5,-0.40892193308550184
2023-01-03 02:19:00+00:00,-112.5,short,is,,3851.75,3854.0,1,2,100350.0,-0.5204460966542751
2023-01-03 02:56:00+00:00,312.5,long,is,,3854.25,3860.5,1,36,100662.5,-0.21065675340768275
2023-01-03 02:59:00+00:00,12.5,long,is,,3861.25,3861.5,1,2,100675.0,-0.1982651796778191
2023-01-03 03:02:00+00:00,-37.5,long,is,,3861.25,3860.5,1,2,100637.5,-0.23543990086741015
2023-01-03 03:04:00+00:00,0.0,long,is,,3860.75,3860.75,1,1,100637.5,-0.23543990086741015
2023-01-03 03:09:00+00:00,12.5,long,is,,3861.25,3861.5,1,4,100650.0,-0.22304832713754646
2023-01-03 03:15:00+00:00,0.0,long,is,,3861.25,3861.25,1,5,100650.0,-0.22304832713754646
2023-01-03 03:17:00+00:00,25.0,long,is,,3860.25,3860.75,1,1,100675.0,-0.1982651796778191
2023-01-03 03:19:00+00:00,0.0,long,is,,3861.0,3861.0,1,1,100675.0,-0.1982651796778191
2023-01-03 03:24:00+00:00,37.5,long,is,,3860.75,3861.5,1,4,100712.5,-0.161090458488228
2023-01-03 03:31:00+00:00,0.0,long,is,,3861.75,3861.75,1,6,100712.5,-0.161090458488228
2023-01-03 04:04:00+00:00,187.5,long,is,,3862.25,3866.0,1,32,100900.0,0.0
2023-01-03 04:07:00+00:00,0.0,long,is,,3865.5,3865.5,1,2,100900.0,0.0
2023-01-03 04:09:00+00:00,12.5,long,is,,3863.75,3864.0,1,1,100912.5,0.0
2023-01-03 04:11:00+00:00,12.5,long,is,,3863.75,3864.0,1,1,100925.0,0.0
2023-01-03 04:13:00+00:00,0.0,long,is,,3864.25,3864.25,1,1,100925.0,0.0
2023-01-03 04:15:00+00:00,12.5,long,is,,3864.5,3864.75,1,1,100937.5,0.0
2023-01-03 04:17:00+00:00,12.5,long,is,,3864.75,3865.0,1,1,100950.0,0.0
2023-01-03 04:19:00+00:00,0.0,long,is,,3864.5,3864.5,1,1,100950.0,0.0
2023-01-03 04:41:00+00:00,37.5,long,is,,3865.25,3866.0,1,21,100987.5,0.0
2023-01-03 04:43:00+00:00,0.0,long,is,,3865.75,3865.75,1,1,100987.5,0.0
2023-01-03 04:45:00+00:00,-12.5,long,is,,3866.0,3865.75,1,1,100975.0,-0.012377769525931427
2023-01-03 04:47:00+00:00,0.0,long,is,,3865.75,3865.75,1,1,100975.0,-0.012377769525931427
2023-01-03 04:49:00+00:00,-12.5,long,is,,3865.75,3865.5,1,1,100962.5,-0.024755539051862854
2023-01-03 04:51:00+00:00,-25.0,long,is,,3865.5,3865.0,1,1,100937.5,-0.04951107810372571
2023-01-03 04:53:00+00:00,0.0,long,is,,3865.5,3865.5,1,1,100937.5,-0.04951107810372571
2023-01-03 04:55:00+00:00,-25.0,long,is,,3865.25,3864.75,1,1,100912.5,-0.07426661715558856
2023-01-03 05:04:00+00:00,-37.5,short,is,,3864.5,3865.25,1,8,100875.0,-0.11139992573338284
2023-01-03 05:24:00+00:00,25.0,long,is,,3865.5,3866.0,1,19,100900.0,-0.08664438668151998
2023-01-03 05:26:00+00:00,-12.5,long,is,,3866.0,3865.75,1,1,100887.5,-0.09902215620745142
2023-01-03 05:34:00+00:00,-50.0,short,is,,3865.25,3866.25,1,7,100837.5,-0.14853323431117713
2023-01-03 05:36:00+00:00,0.0,long,is,,3866.0,3866.0,1,1,100837.5,-0.14853323431117713
2023-01-03 05:38:00+00:00,0.0,long,is,,3865.5,3865.5,1,1,100837.5,-0.14853323431117713
2023-01-03 05:55:00+00:00,-87.5,long,is,,3872.25,3870.5,1,16,100750.0,-0.2351776209926971
2023-01-03 05:57:00+00:00,-25.0,long,is,,3871.5,3871.0,1,1,100725.0,-0.25993316004455996
2023-01-03 05:59:00+00:00,-12.5,long,is,,3871.5,3871.25,1,1,100712.5,-0.2723109295704914
2023-01-03 06:01:00+00:00,-25.0,long,is,,3871.5,3871.0,1,1,100687.5,-0.29706646862235425
2023-01-03 06:03:00+00:00,-37.5,long,is,,3870.75,3870.0,1,1,100650.0,-0.33419977720014854
2023-01-03 06:05:00+00:00,25.0,long,is,,3869.75,3870.25,1,1,100675.0,-0.3094442381482857
2023-01-03 06:07:00+00:00,-12.5,long,is,,3869.5,3869.25,1,1,100662.5,-0.3218220076742171
2023-01-03 06:09:00+00:00,25.0,long,is,,3870.0,3870.5,1,1,100687.5,-0.29706646862235425
2023-01-03 06:12:00+00:00,-12.5,long,is,,3870.5,3870.25,1,2,100675.0,-0.3094442381482857
2023-01-03 06:37:00+00:00,75.0,long,is,,3870.25,3871.75,1,24,100750.0,-0.2351776209926971
2023-01-03 06:39:00+00:00,-37.5,long,is,,3870.5,3869.75,1,1,100712.5,-0.2723109295704914
2023-01-03 06:56:00+00:00,-25.0,short,is,,3867.75,3868.25,1,16,100687.5,-0.29706646862235425
2023-01-03 06:58:00+00:00,-25.0,short,is,,3868.5,3869.0,1,1,100662.5,-0.3218220076742171
2023-01-03 07:00:00+00:00,-75.0,short,is,,3868.75,3870.25,1,1,100587.5,-0.39608862482980567
2023-01-03 07:04:00+00:00,-200.0,long,is,,3872.5,3868.5,1,3,100387.5,-0.5941329372447085
2023-01-03 07:16:00+00:00,-37.5,short,is,,3868.0,3868.75,1,11,100350.0,-0.6312662458225028
2023-01-03 07:18:00+00:00,12.5,short,is,,3869.25,3869.0,1,1,100362.5,-0.6188884762965714
2023-01-03 07:20:00+00:00,-37.5,short,is,,3868.75,3869.5,1,1,100325.0,-0.6560217848743656
2023-01-03 07:23:00+00:00,12.5,short,is,,3868.75,3868.5,1,2,100337.5,-0.6436440153484342
2023-01-03 07:26:00+00:00,-87.5,short,is,,3867.75,3869.5,1,2,100250.0,-0.7302884020299543
2023-01-03 07:28:00+00:00,-125.0,short,is,,3868.75,3871.25,1,1,100125.0,-0.8540660972892685
2023-01-03 08:13:00+00:00,425.0,long,is,,3871.25,3879.75,1,44,100550.0,-0.43322193340759996
2023-01-03 08:15:00+00:00,-12.5,long,is,,3878.25,3878.0,1,1,100537.5,-0.44559970293353135
2023-01-03 08:17:00+00:00,25.0,long,is,,3879.25,3879.75,1,1,100562.5,-0.42084416388166856
2023-01-03 08:19:00+00:00,37.5,long,is,,3880.25,3881.0,1,1,100600.0,-0.3837108553038743
2023-01-03 08:59:00+00:00,625.0,long,is,,3882.0,3894.5,1,39,101225.0,0.0
2023-01-03 09:08:00+00:00,75.0,long,is,,3895.25,3896.75,1,8,101300.0,0.0
2023-01-03 09:29:00+00:00,225.0,long,is,,3897.0,3901.5,1,20,101525.0,0.0
2023-01-03 09:32:00+00:00,-37.5,long,is,,3902.5,3901.75,1,2,101487.5,-0.036936715094804236
2023-01-03 09:38:00+00:00,-50.0,long,is,,3904.0,3903.0,1,5,101437.5,-0.08618566855454322
2023-01-03 09:40:00+00:00,0.0,long,is,,3902.5,3902.5,1,1,101437.5,-0.08618566855454322
2023-01-03 09:44:00+00:00,-37.5,long,is,,3903.25,3902.5,1,3,101400.0,-0.12312238364934745
2023-01-03 09:56:00+00:00,37.5,long,is,,3903.0,3903.75,1,11,101437.5,-0.08618566855454322
2023-01-03 09:58:00+00:00,-62.5,long,is,,3904.5,3903.25,1,1,101375.0,-0.14774686037921694
2023-01-03 10:01:00+00:00,-50.0,long,is,,3905.0,3904.0,1,2,101325.0,-0.19699581383895592
2023-01-03 10:03:00+00:00,-25.0,long,is,,3904.25,3903.75,1,1,101300.0,-0.2216202905688254
2023-01-03 10:05:00+00:00,-12.5,long,is,,3903.75,3903.5,1,1,101287.5,-0.23393252893376018
2023-01-03 10:08:00+00:00,-37.5,long,is,,3905.0,3904.25,1,2,101250.0,-0.2708692440285644
2023-01-03 10:10:00+00:00,0.0,long,is,,3902.25,3902.25,1,1,101250.0,-0.2708692440285644
2023-01-03 10:12:00+00:00,-37.5,long,is,,3902.25,3901.5,1,1,101212.5,-0.3078059591233686
2023-01-03 10:35:00+00:00,175.0,short,is,,3899.5,3896.0,1,22,101387.5,-0.1354346220142822
2023-01-03 10:39:00+00:00,-112.5,short,is,,3894.0,3896.25,1,3,101275.0,-0.2462447672986949
2023-01-03 10:41:00+00:00,12.5,short,is,,3895.75,3895.5,1,1,101287.5,-0.23393252893376018
2023-01-03 10:43:00+00:00,-50.0,short,is,,3897.0,3898.0,1,1,101237.5,-0.2831814823934991
2023-01-03 10:45:00+00:00,12.5,short,is,,3898.0,3897.75,1,1,101250.0,-0.2708692440285644
2023-01-03 10:47:00+00:00,37.5,short,is,,3898.75,3898.0,1,1,101287.5,-0.23393252893376018
2023-01-03 10:49:00+00:00,-37.5,short,is,,3897.25,3898.0,1,1,101250.0,-0.2708692440285644
2023-01-03 10:51:00+00:00,0.0,short,is,,3898.0,3898.0,1,1,101250.0,-0.2708692440285644
2023-01-03 10:53:00+00:00,-12.5,short,is,,3898.0,3898.25,1,1,101237.5,-0.2831814823934991
2023-01-03 10:55:00+00:00,0.0,short,is,,3898.5,3898.5,1,1,101237.5,-0.2831814823934991
2023-01-03 10:57:00+00:00,-12.5,short,is,,3899.75,3900.0,1,1,101225.0,-0.2954937207584339
2023-01-03 11:02:00+00:00,50.0,short,is,,3899.0,3898.0,1,4,101275.0,-0.2462447672986949
2023-01-03 11:06:00+00:00,0.0,short,is,,3898.0,3898.0,1,3,101275.0,-0.2462447672986949
2023-01-03 11:27:00+00:00,187.5,short,is,,3896.75,3893.0,1,20,101462.5,-0.061561191824673726
2023-01-03 11:29:00+00:00,-62.5,short,is,,3891.75,3893.0,1,1,101400.0,-0.12312238364934745
2023-01-03 11:31:00+00:00,-25.0,short,is,,3892.75,3893.25,1,1,101375.0,-0.14774686037921694
2023-01-03 11:33:00+00:00,-12.5,short,is,,3893.25,3893.5,1,1,101362.5,-0.1600590987441517
2023-01-03 11:35:00+00:00,-25.0,short,is,,3892.5,3893.0,1,1,101337.5,-0.18468357547402117
2023-01-03 11:39:00+00:00,37.5,short,is,,3893.5,3892.75,1,3,101375.0,-0.14774686037921694
2023-01-03 11:42:00+00:00,-12.5,short,is,,3892.75,3893.0,1,2,101362.5,-0.1600590987441517
2023-01-03 12:17:00+00:00,750.0,short,is,,3889.5,3874.5,1,34,102112.5,0.0
2023-01-03 12:19:00+00:00,0.0,short,is,,3875.25,3875.25,1,1,102112.5,0.0
2023-01-03 12:21:00+00:00,25.0,short,is,,3876.0,3875.5,1,1,102137.5,0.0
2023-01-03 12:23:00+00:00,-62.5,short,is,,3876.25,3877.5,1,1,102075.0,-0.06119202056051891
2023-01-03 12:25:00+00:00,25.0,short,is,,3878.5,3878.0,1,1,102100.0,-0.036715212336311344
2023-01-03 12:27:00+00:00,0.0,short,is,,3877.75,3877.75,1,1,102100.0,-0.036715212336311344
2023-01-03 12:29:00+00:00,50.0,short,is,,3877.0,3876.0,1,1,102150.0,0.0
2023-01-03 12:31:00+00:00,-137.5,short,is,,3875.5,3878.25,1,1,102012.5,-0.13460597161037688
2023-01-03 12:33:00+00:00,12.5,short,is,,3879.25,3879.0,1,1,102025.0,-0.12236906510034262
2023-01-03 12:35:00+00:00,-50.0,short,is,,3879.0,3880.0,1,1,101975.0,-0.17131669114047968
2023-01-03 12:37:00+00:00,25.0,short,is,,3879.5,3879.0,1,1,102000.0,-0.14684287812041116
2023-01-03 12:39:00+00:00,-62.5,short,is,,3878.0,3879.25,1,1,101937.5,-0.20802741067058247
2023-01-03 12:41:00+00:00,-50.0,short,is,,3880.0,3881.0,1,1,101887.5,-0.25697503671071953
2023-01-03 12:43:00+00:00,25.0,short,is,,3881.0,3880.5,1,1,101912.5,-0.23250122369065102
2023-01-03 12:45:00+00:00,-37.5,short,is,,3879.75,3880.5,1,1,101875.0,-0.26921194322075376
2023-01-03 12:47:00+00:00,37.5,short,is,,3879.75,3879.0,1,1,101912.5,-0.23250122369065102
2023-01-03 12:50:00+00:00,-100.0,short,is,,3877.5,3879.5,1,2,101812.5,-0.3303964757709251
2023-01-03 13:00:00+00:00,-25.0,short,is,,3879.25,3879.75,1,9,101787.5,-0.35487028879099364
2023-01-03 13:08:00+00:00,-87.5,long,is,,3880.5,3878.75,1,7,101700.0,-0.4405286343612335
2023-01-03 13:21:00+00:00,-212.5,short,is,,3875.5,3879.75,1,12,101487.5,-0.648556045031816
2023-01-03 13:29:00+00:00,-162.5,long,is,,3880.5,3877.25,1,7,101325.0,-0.8076358296622614
2023-01-03 13:31:00+00:00,-12.5,long,is,,3877.75,3877.5,1,1,101312.5,-0.8198727361722956
2023-01-03 14:03:00+00:00,225.0,long,is,,3878.5,3883.0,1,31,101537.5,-0.5996084189916789
2023-01-03 14:05:00+00:00,-50.0,long,is,,3882.25,3881.25,1,1,101487.5,-0.648556045031816
2023-01-03 14:07:00+00:00,37.5,long,is,,3882.25,3883.0,1,1,101525.0,-0.6118453255017132
2023-01-03 14:25:00+00:00,150.0,long,is,,3882.75,3885.75,1,17,101675.0,-0.46500244738130203
2023-01-03 14:27:00+00:00,12.5,long,is,,3882.0,3882.25,1,1,101687.5,-0.45276554087126775
2023-01-03 14:29:00+00:00,-50.0,long,is,,3882.75,3881.75,1,1,101637.5,-0.5017131669114048
2023-01-03 14:34:00+00:00,-325.0,short,is,,3881.0,3887.5,1,4,101312.5,-0.8198727361722956
2023-01-03 14:37:00+00:00,0.0,long,is,,3882.0,3882.0,1,2,101312.5,-0.8198727361722956
2023-01-03 14:46:00+00:00,-112.5,long,is,,3883.75,3881.5,1,8,101200.0,-0.9300048947626041
2023-01-03 15:30:00+00:00,1812.5,short,is,,3882.5,3846.25,1,43,103012.5,0.0
2023-01-03 15:36:00+00:00,-362.5,short,is,,3838.25,3845.5,1,5,102650.0,-0.3518990413784735
2023-01-03 15:38:00+00:00,-12.5,short,is,,3845.5,3845.75,1,1,102637.5,-0.3640334910811795
2023-01-03 15:40:00+00:00,25.0,short,is,,3847.25,3846.75,1,1,102662.5,-0.3397645916757675
2023-01-03 15:42:00+00:00,-50.0,short,is,,3849.0,3850.0,1,1,102612.5,-0.38830239048659143
2023-01-03 15:44:00+00:00,37.5,short,is,,3849.25,3848.5,1,1,102650.0,-0.3518990413784735
2023-01-03 15:46:00+00:00,-150.0,short,is,,3847.25,3850.25,1,1,102500.0,-0.4975124378109453
2023-01-03 15:48:00+00:00,62.5,short,is,,3853.25,3852.0,1,1,102562.5,-0.4368401892974154
2023-01-03 15:50:00+00:00,25.0,short,is,,3851.5,3851.0,1,1,102587.5,-0.4125712898920034
2023-01-03 15:53:00+00:00,-87.5,short,is,,3848.5,3850.25,1,2,102500.0,-0.4975124378109453
2023-01-03 15:56:00+00:00,-112.5,short,is,,3847.25,3849.5,1,2,102387.5,-0.6067224851352991
2023-01-03 15:58:00+00:00,-75.0,short,is,,3853.0,3854.5,1,1,102312.5,-0.679529183351535
2023-01-03 16:00:00+00:00,-125.0,short,is,,3854.75,3857.25,1,1,102187.5,-0.8008736803785949
2023-01-03 16:02:00+00:00,62.5,short,is,,3859.25,3858.0,1,1,102250.0,-0.7402014318650649
2023-01-03 16:04:00+00:00,-12.5,short,is,,3856.25,3856.5,1,1,102237.5,-0.752335881567771
2023-01-03 16:06:00+00:00,-12.5,short,is,,3852.75,3853.0,1,1,102225.0,-0.7644703312704768
2023-01-03 16:30:00+00:00,750.0,short,is,,3851.75,3836.75,1,23,102975.0,-0.03640334910811795
2023-01-03 17:01:00+00:00,287.5,short,is,,3833.75,3828.0,1,30,103262.5,0.0
2023-01-03 17:04:00+00:00,-62.5,short,is,,3825.75,3827.0,1,2,103200.0,-0.06052536012589275
2023-01-03 17:06:00+00:00,-50.0,short,is,,3826.0,3827.0,1,1,103150.0,-0.10894564822660695
2023-01-03 17:08:00+00:00,-187.5,short,is,,3829.0,3832.75,1,1,102962.5,-0.2905217286042852
2023-01-03 17:10:00+00:00,25.0,short,is,,3831.25,3830.75,1,1,102987.5,-0.2663115845539281
2023-01-03 17:12:00+00:00,-50.0,short,is,,3830.0,3831.0,1,1,102937.5,-0.3147318726546423
2023-01-03 17:14:00+00:00,-100.0,short,is,,3831.5,3833.5,1,1,102837.5,-0.4115724488560707
2023-01-03 17:16:00+00:00,87.5,short,is,,3832.5,3830.75,1,1,102925.0,-0.32683694467982083
2023-01-03 17:22:00+00:00,50.0,short,is,,3831.25,3830.25,1,5,102975.0,-0.27841665657910664
2023-01-03 17:32:00+00:00,-137.5,short,is,,3826.75,3829.5,1,9,102837.5,-0.4115724488560707
2023-01-03 17:34:00+00:00,-187.5,short,is,,3829.5,3833.25,1,1,102650.0,-0.593148529233749
2023-01-03 17:42:00+00:00,-412.5,long,is,,3834.75,3826.5,1,7,102237.5,-0.992615906064641
2023-01-03 17:58:00+00:00,62.5,short,is,,3825.75,3824.5,1,15,102300.0,-0.9320905459387484
2023-01-03 18:00:00+00:00,-25.0,short,is,,3822.25,3822.75,1,1,102275.0,-0.9563006899891054
2023-01-03 18:02:00+00:00,-12.5,short,is,,3821.25,3821.5,1,1,102262.5,-0.968405762014284
2023-01-03 18:04:00+00:00,-50.0,short,is,,3820.5,3821.5,1,1,102212.5,-1.0168260501149982
2023-01-03 18:06:00+00:00,112.5,short,is,,3823.5,3821.25,1,1,102325.0,-0.9078804018883913
2023-01-03 18:08:00+00:00,-50.0,short,is,,3821.75,3822.75,1,1,102275.0,-0.9563006899891054
2023-01-03 18:10:00+00:00,-37.5,short,is,,3821.25,3822.0,1,1,102237.5,-0.992615906064641
2023-01-03 18:12:00+00:00,-50.0,short,is,,3824.25,3825.25,1,1,102187.5,-1.0410361941653554
2023-01-03 18:24:00+00:00,0.0,short,is,,3823.5,3823.5,1,11,102187.5,-1.0410361941653554
2023-01-03 18:26:00+00:00,-325.0,short,is,,3822.5,3829.0,1,1,101862.5,-1.3557680668199976
2023-01-03 18:40:00+00:00,-212.5,long,is,,3832.25,3828.0,1,13,101650.0,-1.561554291248033
2023-01-03 18:44:00+00:00,-75.0,long,is,,3831.75,3830.25,1,3,101575.0,-1.634184723399104
2023-01-03 18:46:00+00:00,-87.5,long,is,,3830.0,3828.25,1,1,101487.5,-1.7189202275753541
2023-01-03 18:48:00+00:00,-37.5,long,is,,3828.0,3827.25,1,1,101450.0,-1.7552354436508897
2023-01-03 18:50:00+00:00,37.5,long,is,,3828.75,3829.5,1,1,101487.5,-1.7189202275753541
2023-01-03 18:52:00+00:00,-50.0,long,is,,3830.5,3829.5,1,1,101437.5,-1.7673405156760684
2023-01-03 19:03:00+00:00,-12.5,long,is,,3831.5,3831.25,1,10,101425.0,-1.7794455877012467
2023-01-03 19:06:00+00:00,25.0,long,is,,3830.75,3831.25,1,2,101450.0,-1.7552354436508897
2023-01-03 19:08:00+00:00,37.5,long,is,,3831.5,3832.25,1,1,101487.5,-1.7189202275753541
2023-01-03 19:10:00+00:00,12.5,long,is,,3832.5,3832.75,1,1,101500.0,-1.7068151555501756
2023-01-03 19:12:00+00:00,-50.0,long,is,,3831.5,3830.5,1,1,101450.0,-1.7552354436508897
2023-01-03 19:14:00+00:00,100.0,long,is,,3827.75,3829.75,1,1,101550.0,-1.6583948674494615
2023-01-03 19:16:00+00:00,75.0,long,is,,3829.75,3831.25,1,1,101625.0,-1.58576443529839
2023-01-03 19:20:00+00:00,-125.0,long,is,,3831.75,3829.25,1,3,101500.0,-1.7068151555501756
2023-01-03 19:22:00+00:00,-12.5,long,is,,3829.75,3829.5,1,1,101487.5,-1.7189202275753541
2023-01-03 19:24:00+00:00,-137.5,long,is,,3830.0,3827.25,1,1,101350.0,-1.852076019852318
2023-01-03 19:42:00+00:00,25.0,short,is,,3826.0,3825.5,1,17,101375.0,-1.8278658758019608
2023-01-03 19:44:00+00:00,-200.0,short,is,,3825.0,3829.0,1,1,101175.0,-2.021547028204818
2023-01-03 20:03:00+00:00,212.5,long,is,,3831.0,3835.25,1,18,101387.5,-1.8157608037767825
2023-01-03 20:08:00+00:00,-112.5,long,is,,3838.0,3835.75,1,4,101275.0,-1.9247064520033896
2023-01-03 20:10:00+00:00,-37.5,long,is,,3837.5,3836.75,1,1,101237.5,-1.9610216680789252
2023-01-03 20:21:00+00:00,75.0,long,is,,3837.75,3839.25,1,10,101312.5,-1.8883912359278536
2023-01-03 20:23:00+00:00,-12.5,long,is,,3837.75,3837.5,1,1,101300.0,-1.9004963079530324
2023-01-03 20:25:00+00:00,-50.0,long,is,,3836.75,3835.75,1,1,101250.0,-1.9489165960537465
2023-01-03 20:27:00+00:00,75.0,long,is,,3837.75,3839.25,1,1,101325.0,-1.8762861639026753
2023-01-03 20:29:00+00:00,-12.5,long,is,,3839.5,3839.25,1,1,101312.5,-1.8883912359278536
2023-01-03 20:42:00+00:00,50.0,long,is,,3840.25,3841.25,1,12,101362.5,-1.8399709478271395
2023-01-03 20:45:00+00:00,-37.5,long,is,,3843.25,3842.5,1,2,101325.0,-1.8762861639026753
2023-01-03 20:47:00+00:00,87.5,long,is,,3841.0,3842.75,1,1,101412.5,-1.7915506597264252
2023-01-03 21:00:00+00:00,50.0,long,is,,3843.75,3844.75,1,12,101462.5,-1.7431303716257112
2023-01-03 21:02:00+00:00,-25.0,long,is,,3841.25,3840.75,1,1,101437.5,-1.7673405156760684
2023-01-03 21:04:00+00:00,25.0,long,is,,3838.5,3839.0,1,1,101462.5,-1.7431303716257112
2023-01-03 21:06:00+00:00,0.0,long,is,,3839.25,3839.25,1,1,101462.5,-1.7431303716257112
2023-01-03 21:08:00+00:00,50.0,long,is,,3840.5,3841.5,1,1,101512.5,-1.6947100835249969
2023-01-03 21:10:00+00:00,-12.5,long,is,,3841.25,3841.0,1,1,101500.0,-1.7068151555501756
2023-01-03 21:12:00+00:00,75.0,long,is,,3841.25,3842.75,1,1,101575.0,-1.634184723399104
2023-01-03 21:14:00+00:00,-112.5,long,is,,3843.0,3840.75,1,1,101462.5,-1.7431303716257112
2023-01-03 21:17:00+00:00,-137.5,short,is,,3839.75,3842.5,1,2,101325.0,-1.8762861639026753
2023-01-03 21:32:00+00:00,-50.0,long,is,,3843.25,3842.25,1,14,101275.0,-1.9247064520033896
2023-01-03 21:34:00+00:00,-12.5,long,is,,3842.25,3842.0,1,1,101262.5,-1.936811524028568
2023-01-03 21:46:00+00:00,-12.5,short,is,,3841.75,3842.0,1,11,101250.0,-1.9489165960537465
2023-01-03 23:00:00+00:00,12.5,long,is,,3842.5,3842.75,1,13,101262.5,-1.936811524028568
2023-01-03 23:19:00+00:00,-75.0,short,is,,3840.5,3842.0,1,18,101187.5,-2.0094419561796393
2023-01-03 23:21:00+00:00,-25.0,short,is,,3842.75,3843.25,1,1,101162.5,-2.0336521002299963
2023-01-03 23:26:00+00:00,-87.5,long,is,,3843.5,3841.75,1,4,101075.0,-2.118387604406246
2023-01-03 23:28:00+00:00,0.0,short,is,,3842.0,3842.0,1,1,101075.0,-2.118387604406246
2023-01-03 23:33:00+00:00,-50.0,long,is,,3842.75,3841.75,1,4,101025.0,-2.1668078925069603
2023-01-03 23:42:00+00:00,-87.5,short,is,,3841.25,3843.0,1,8,100937.5,-2.25154339668321
2023-01-04 00:07:00+00:00,25.0,long,is,,3843.5,3844.0,1,24,100962.5,-2.227333252632853
2023-01-04 00:10:00+00:00,-12.5,long,is,,3844.25,3844.0,1,2,100950.0,-2.2394383246580314
2023-01-04 00:12:00+00:00,12.5,long,is,,3844.25,3844.5,1,1,100962.5,-2.227333252632853
2023-01-04 00:18:00+00:00,12.5,long,is,,3844.5,3844.75,1,5,100975.0,-2.215228180607675
2023-01-04 00:35:00+00:00,75.0,long,is,,3844.75,3846.25,1,16,101050.0,-2.1425977484566032
2023-01-04 00:37:00+00:00,-62.5,long,is,,3847.0,3845.75,1,1,100987.5,-2.203123108582496
2023-01-04 00:39:00+00:00,-37.5,long,is,,3844.5,3843.75,1,1,100950.0,-2.2394383246580314
2023-01-04 00:41:00+00:00,-25.0,long,is,,3844.25,3843.75,1,1,100925.0,-2.263648468708389
2023-01-04 00:54:00+00:00,-62.5,short,is,,3843.75,3845.0,1,12,100862.5,-2.3241738288342817
2023-01-04 01:33:00+00:00,250.0,long,is,,3844.75,3849.75,1,38,101112.5,-2.082072388330711
2023-01-04 02:00:00+00:00,100.0,long,is,,3850.0,3852.0,1,26,101212.5,-1.985231812129282
2023-01-04 02:05:00+00:00,-25.0,long,is,,3852.75,3852.25,1,4,101187.5,-2.0094419561796393
2023-01-04 02:07:00+00:00,-12.5,long,is,,3852.5,3852.25,1,1,101175.0,-2.021547028204818
2023-01-04 02:20:00+00:00,0.0,long,is,,3853.0,3853.0,1,12,101175.0,-2.021547028204818
2023-01-04 02:22:00+00:00,-12.5,long,is,,3852.75,3852.5,1,1,101162.5,-2.0336521002299963
2023-01-04 02:24:00+00:00,-25.0,long,is,,3852.25,3851.75,1,1,101137.5,-2.0578622442803534
2023-01-04 02:26:00+00:00,-12.5,long,is,,3851.5,3851.25,1,1,101125.0,-2.069967316305532
2023-01-04 02:28:00+00:00,-12.5,long,is,,3851.25,3851.0,1,1,101112.5,-2.082072388330711
2023-01-04 02:30:00+00:00,0.0,long,is,,3850.5,3850.5,1,1,101112.5,-2.082072388330711
2023-01-04 02:32:00+00:00,12.5,long,is,,3850.25,3850.5,1,1,101125.0,-2.069967316305532
2023-01-04 03:04:00+00:00,137.5,short,is,,3850.25,3847.5,1,31,101262.5,-1.936811524028568
2023-01-04 03:06:00+00:00,-12.5,short,is,,3848.25,3848.5,1,1,101250.0,-1.9489165960537465
2023-01-04 03:08:00+00:00,-25.0,short,is,,3849.5,3850.0,1,1,101225.0,-1.9731267401041037
2023-01-04 03:10:00+00:00,-25.0,short,is,,3849.5,3850.0,1,1,101200.0,-1.9973368841544608
2023-01-04 03:12:00+00:00,12.5,short,is,,3850.25,3850.0,1,1,101212.5,-1.985231812129282
2023-01-04 03:14:00+00:00,25.0,short,is,,3849.75,3849.25,1,1,101237.5,-1.9610216680789252
2023-01-04 03:16:00+00:00,-50.0,short,is,,3848.5,3849.5,1,1,101187.5,-2.0094419561796393
2023-01-04 03:18:00+00:00,-25.0,short,is,,3849.5,3850.0,1,1,101162.5,-2.0336521002299963
2023-01-04 03:20:00+00:00,0.0,short,is,,3850.5,3850.5,1,1,101162.5,-2.0336521002299963
2023-01-04 03:22:00+00:00,25.0,short,is,,3850.5,3850.0,1,1,101187.5,-2.0094419561796393
2023-01-04 03:24:00+00:00,12.5,short,is,,3850.5,3850.25,1,1,101200.0,-1.9973368841544608
2023-01-04 03:26:00+00:00,0.0,short,is,,3850.25,3850.25,1,1,101200.0,-1.9973368841544608
2023-01-04 03:28:00+00:00,0.0,short,is,,3850.0,3850.0,1,1,101200.0,-1.9973368841544608
2023-01-04 03:56:00+00:00,162.5,short,is,,3850.0,3846.75,1,27,101362.5,-1.8399709478271395
2023-01-04 03:58:00+00:00,-50.0,short,is,,3847.5,3848.5,1,1,101312.5,-1.8883912359278536
2023-01-04 04:25:00+00:00,62.5,long,is,,3848.75,3850.0,1,26,101375.0,-1.8278658758019608
2023-01-04 04:28:00+00:00,-37.5,long,is,,3850.75,3850.0,1,2,101337.5,-1.8641810918774968
2023-01-04 04:30:00+00:00,-12.5,long,is,,3849.5,3849.25,1,1,101325.0,-1.8762861639026753
2023-01-04 04:32:00+00:00,12.5,long,is,,3849.5,3849.75,1,1,101337.5,-1.8641810918774968
2023-01-04 05:12:00+00:00,87.5,long,is,,3851.0,3852.75,1,39,101425.0,-1.7794455877012467
2023-01-04 05:15:00+00:00,-25.0,long,is,,3853.25,3852.75,1,2,101400.0,-1.803655731751604
2023-01-04 05:17:00+00:00,0.0,long,is,,3853.25,3853.25,1,1,101400.0,-1.803655731751604
2023-01-04 05:19:00+00:00,-12.5,long,is,,3853.0,3852.75,1,1,101387.5,-1.8157608037767825
2023-01-04 05:21:00+00:00,12.5,long,is,,3852.0,3852.25,1,1,101400.0,-1.803655731751604
2023-01-04 05:23:00+00:00,0.0,long,is,,3851.75,3851.75,1,1,101400.0,-1.803655731751604
2023-01-04 05:25:00+00:00,12.5,long,is,,3851.0,3851.25,1,1,101412.5,-1.7915506597264252
2023-01-04 05:41:00+00:00,-37.5,short,is,,3850.25,3851.0,1,15,101375.0,-1.8278658758019608
2023-01-04 05:50:00+00:00,-75.0,short,is,,3850.25,3851.75,1,8,101300.0,-1.9004963079530324
2023-01-04 06:06:00+00:00,-25.0,long,is,,3851.5,3851.0,1,15,101275.0,-1.9247064520033896
2023-01-04 06:19:00+00:00,37.5,long,is,,3851.75,3852.5,1,12,101312.5,-1.8883912359278536
2023-01-04 06:21:00+00:00,-12.5,long,is,,3852.0,3851.75,1,1,101300.0,-1.9004963079530324
2023-01-04 06:26:00+00:00,0.0,long,is,,3852.25,3852.25,1,4,101300.0,-1.9004963079530324
2023-01-04 06:28:00+00:00,0.0,long,is,,3852.25,3852.25,1,1,101300.0,-1.9004963079530324
2023-01-04 06:30:00+00:00,0.0,long,is,,3852.0,3852.0,1,1,101300.0,-1.9004963079530324
2023-01-04 06:51:00+00:00,75.0,short,is,,3851.75,3850.25,1,20,101375.0,-1.8278658758019608
2023-01-04 06:53:00+00:00,-37.5,short,is,,3850.25,3851.0,1,1,101337.5,-1.8641810918774968
2023-01-04 06:55:00+00:00,-37.5,short,is,,3851.25,3852.0,1,1,101300.0,-1.9004963079530324
2023-01-04 07:15:00+00:00,50.0,long,is,,3852.0,3853.0,1,19,101350.0,-1.852076019852318
2023-01-04 07:17:00+00:00,0.0,long,is,,3853.0,3853.0,1,1,101350.0,-1.852076019852318
2023-01-04 07:24:00+00:00,-37.5,long,is,,3854.25,3853.5,1,6,101312.5,-1.8883912359278536
2023-01-04 07:26:00+00:00,-12.5,long,is,,3853.0,3852.75,1,1,101300.0,-1.9004963079530324
2023-01-04 07:37:00+00:00,12.5,long,is,,3853.5,3853.75,1,10,101312.5,-1.8883912359278536
2023-01-04 07:39:00+00:00,37.5,long,is,,3853.25,3854.0,1,1,101350.0,-1.852076019852318
2023-01-04 08:38:00+00:00,462.5,long,is,,3854.5,3863.75,1,58,101812.5,-1.4041883549207117
2023-01-04 08:40:00+00:00,25.0,long,is,,3864.0,3864.5,1,1,101837.5,-1.3799782108703547
2023-01-04 08:42:00+00:00,0.0,long,is,,3864.75,3864.75,1,1,101837.5,-1.3799782108703547
2023-01-04 08:44:00+00:00,37.5,long,is,,3863.5,3864.25,1,1,101875.0,-1.343662994794819
2023-01-04 08:46:00+00:00,0.0,long,is,,3863.75,3863.75,1,1,101875.0,-1.343662994794819
2023-01-04 08:48:00+00:00,0.0,long,is,,3864.75,3864.75,1,1,101875.0,-1.343662994794819
2023-01-04 08:50:00+00:00,-75.0,long,is,,3864.5,3863.0,1,1,101800.0,-1.4162934269458904
2023-01-04 08:52:00+00:00,-12.5,long,is,,3863.0,3862.75,1,1,101787.5,-1.4283984989710687
2023-01-04 08:54:00+00:00,37.5,long,is,,3862.0,3862.75,1,1,101825.0,-1.3920832828955332
2023-01-04 08:56:00+00:00,37.5,long,is,,3862.75,3863.5,1,1,101862.5,-1.3557680668199976
2023-01-04 08:58:00+00:00,-25.0,long,is,,3864.25,3863.75,1,1,101837.5,-1.3799782108703547
2023-01-04 09:00:00+00:00,-50.0,long,is,,3862.25,3861.25,1,1,101787.5,-1.4283984989710687
2023-01-04 09:02:00+00:00,-87.5,long,is,,3861.5,3859.75,1,1,101700.0,-1.5131340031473186
2023-01-04 09:18:00+00:00,-25.0,short,is,,3859.25,3859.75,1,15,101675.0,-1.5373441471976759
2023-01-04 09:20:00+00:00,-25.0,short,is,,3860.0,3860.5,1,1,101650.0,-1.561554291248033
2023-01-04 09:22:00+00:00,-12.5,short,is,,3860.25,3860.5,1,1,101637.5,-1.5736593632732114
2023-01-04 09:24:00+00:00,-12.5,short,is,,3860.75,3861.0,1,1,101625.0,-1.58576443529839
2023-01-04 09:34:00+00:00,0.0,short,is,,3859.75,3859.75,1,9,101625.0,-1.58576443529839
2023-01-04 09:36:00+00:00,-12.5,short,is,,3859.25,3859.5,1,1,101612.5,-1.5978695073235687
2023-01-04 09:38:00+00:00,-25.0,short,is,,3859.5,3860.0,1,1,101587.5,-1.6220796513739255
2023-01-04 09:40:00+00:00,0.0,short,is,,3860.0,3860.0,1,1,101587.5,-1.6220796513739255
2023-01-04 09:42:00+00:00,25.0,short,is,,3860.75,3860.25,1,1,101612.5,-1.5978695073235687
2023-01-04 09:44:00+00:00,-12.5,short,is,,3859.25,3859.5,1,1,101600.0,-1.6099745793487472
2023-01-04 09:46:00+00:00,50.0,short,is,,3860.75,3859.75,1,1,101650.0,-1.561554291248033
2023-01-04 09:56:00+00:00,-25.0,long,is,,3861.5,3861.0,1,9,101625.0,-1.58576443529839
2023-01-04 10:01:00+00:00,0.0,short,is,,3861.5,3861.5,1,4,101625.0,-1.58576443529839
2023-01-04 10:18:00+00:00,37.5,long,is,,3862.25,3863.0,1,16,101662.5,-1.5494492192228544
2023-01-04 10:23:00+00:00,-125.0,short,is,,3861.25,3863.75,1,4,101537.5,-1.67049993947464
2023-01-04 10:25:00+00:00,-25.0,long,is,,3863.5,3863.0,1,1,101512.5,-1.6947100835249969
2023-01-04 10:27:00+00:00,0.0,long,is,,3863.0,3863.0,1,1,101512.5,-1.6947100835249969
2023-01-04 10:29:00+00:00,-12.5,long,is,,3862.0,3861.75,1,1,101500.0,-1.7068151555501756
2023-01-04 10:31:00+00:00,50.0,long,is,,3861.75,3862.75,1,1,101550.0,-1.6583948674494615
2023-01-04 10:35:00+00:00,-50.0,long,is,,3863.0,3862.0,1,3,101500.0,-1.7068151555501756
2023-01-04 10:52:00+00:00,137.5,short,is,,3860.75,3858.0,1,16,101637.5,-1.5736593632732114
2023-01-04 10:54:00+00:00,12.5,short,is,,3858.0,3857.75,1,1,101650.0,-1.561554291248033
2023-01-04 10:56:00+00:00,0.0,short,is,,3857.75,3857.75,1,1,101650.0,-1.561554291248033
2023-01-04 10:58:00+00:00,0.0,short,is,,3857.25,3857.25,1,1,101650.0,-1.561554291248033
2023-01-04 11:00:00+00:00,0.0,short,is,,3857.5,3857.5,1,1,101650.0,-1.561554291248033
2023-01-04 11:02:00+00:00,-12.5,short,is,,3858.0,3858.25,1,1,101637.5,-1.5736593632732114
2023-01-04 11:04:00+00:00,0.0,short,is,,3859.5,3859.5,1,1,101637.5,-1.5736593632732114
2023-01-04 11:06:00+00:00,25.0,short,is,,3860.0,3859.5,1,1,101662.5,-1.5494492192228544
2023-01-04 11:08:00+00:00,0.0,short,is,,3859.25,3859.25,1,1,101662.5,-1.5494492192228544
2023-01-04 11:10:00+00:00,-87.5,short,is,,3859.0,3860.75,1,1,101575.0,-1.634184723399104
2023-01-04 11:28:00+00:00,75.0,long,is,,3860.25,3861.75,1,17,101650.0,-1.561554291248033
2023-01-04 11:31:00+00:00,12.5,long,is,,3861.5,3861.75,1,2,101662.5,-1.5494492192228544
2023-01-04 11:34:00+00:00,-50.0,long,is,,3862.5,3861.5,1,2,101612.5,-1.5978695073235687
2023-01-04 11:43:00+00:00,62.5,long,is,,3861.5,3862.75,1,8,101675.0,-1.5373441471976759
2023-01-04 11:47:00+00:00,-25.0,long,is,,3863.25,3862.75,1,3,101650.0,-1.561554291248033
2023-01-04 11:49:00+00:00,-12.5,long,is,,3863.0,3862.75,1,1,101637.5,-1.5736593632732114
2023-01-04 11:53:00+00:00,0.0,long,is,,3863.0,3863.0,1,3,101637.5,-1.5736593632732114
2023-01-04 11:58:00+00:00,-62.5,long,is,,3863.75,3862.5,1,4,101575.0,-1.634184723399104
2023-01-04 12:17:00+00:00,75.0,short,is,,3860.25,3858.75,1,18,101650.0,-1.561554291248033
2023-01-04 12:27:00+00:00,87.5,short,is,,3858.75,3857.0,1,9,101737.5,-1.476818787071783
2023-01-04 12:34:00+00:00,-50.0,short,is,,3856.75,3857.75,1,6,101687.5,-1.5252390751724973
2023-01-04 12:36:00+00:00,0.0,short,is,,3857.25,3857.25,1,1,101687.5,-1.5252390751724973
2023-01-04 12:38:00+00:00,-12.5,short,is,,3856.5,3856.75,1,1,101675.0,-1.5373441471976759
2023-01-04 12:40:00+00:00,25.0,short,is,,3857.0,3856.5,1,1,101700.0,-1.5131340031473186
2023-01-04 12:45:00+00:00,-87.5,short,is,,3855.0,3856.75,1,4,101612.5,-1.5978695073235687
2023-01-04 12:55:00+00:00,62.5,short,is,,3856.0,3854.75,1,9,101675.0,-1.5373441471976759
2023-01-04 12:58:00+00:00,-100.0,short,is,,3853.25,3855.25,1,2,101575.0,-1.634184723399104
2023-01-04 13:00:00+00:00,12.5,short,is,,3855.5,3855.25,1,1,101587.5,-1.6220796513739255
2023-01-04 13:02:00+00:00,-25.0,short,is,,3854.75,3855.25,1,1,101562.5,-1.6462897954242828
2023-01-04 13:04:00+00:00,-37.5,short,is,,3857.25,3858.0,1,1,101525.0,-1.6826050114998183
2023-01-04 13:36:00+00:00,312.5,long,is,,3859.0,3865.25,1,31,101837.5,-1.3799782108703547
2023-01-04 13:38:00+00:00,12.5,long,is,,3866.0,3866.25,1,1,101850.0,-1.3678731388451761
2023-01-04 13:41:00+00:00,-37.5,long,is,,3866.5,3865.75,1,2,101812.5,-1.4041883549207117
2023-01-04 13:52:00+00:00,25.0,long,is,,3867.0,3867.5,1,10,101837.5,-1.3799782108703547
2023-01-04 13:54:00+00:00,-25.0,long,is,,3867.25,3866.75,1,1,101812.5,-1.4041883549207117
2023-01-04 13:56:00+00:00,-25.0,long,is,,3865.75,3865.25,1,1,101787.5,-1.4283984989710687
2023-01-04 13:58:00+00:00,25.0,long,is,,3864.5,3865.0,1,1,101812.5,-1.4041883549207117
2023-01-04 14:00:00+00:00,-12.5,long,is,,3866.5,3866.25,1,1,101800.0,-1.4162934269458904
2023-01-04 14:02:00+00:00,-62.5,long,is,,3865.25,3864.0,1,1,101737.5,-1.476818787071783
2023-01-04 14:04:00+00:00,-25.0,long,is,,3862.5,3862.0,1,1,101712.5,-1.5010289311221403
2023-01-04 14:06:00+00:00,-25.0,long,is,,3863.0,3862.5,1,1,101687.5,-1.5252390751724973
2023-01-04 14:08:00+00:00,25.0,long,is,,3862.25,3862.75,1,1,101712.5,-1.5010289311221403
2023-01-04 14:10:00+00:00,-25.0,long,is,,3863.25,3862.75,1,1,101687.5,-1.5252390751724973
2023-01-04 14:13:00+00:00,-62.5,long,is,,3862.75,3861.5,1,2,101625.0,-1.58576443529839
2023-01-04 14:15:00+00:00,0.0,long,is,,3862.25,3862.25,1,1,101625.0,-1.58576443529839
2023-01-04 14:17:00+00:00,25.0,long,is,,3862.0,3862.5,1,1,101650.0,-1.561554291248033
2023-01-04 14:21:00+00:00,-112.5,short,is,,3860.75,3863.0,1,3,101537.5,-1.67049993947464
2023-01-04 14:23:00+00:00,-62.5,long,is,,3863.5,3862.25,1,1,101475.0,-1.7310252996005324
2023-01-04 14:33:00+00:00,-100.0,long,is,,3862.25,3860.25,1,9,101375.0,-1.8278658758019608
2023-01-04 14:36:00+00:00,-562.5,short,is,,3857.25,3868.5,1,2,100812.5,-2.372594116934996
2023-01-04 14:45:00+00:00,-437.5,long,is,,3872.0,3863.25,1,8,100375.0,-2.796271637816245
2023-01-04 14:59:00+00:00,-250.0,short,is,,3862.75,3867.75,1,13,100125.0,-3.038373078319816
2023-01-04 15:01:00+00:00,-500.0,long,is,,3869.25,3859.25,1,1,99625.0,-3.522575959326958
2023-01-04 15:03:00+00:00,-362.5,short,is,,3865.0,3872.25,1,1,99262.5,-3.873623048057136
2023-01-04 15:21:00+00:00,687.5,short,is,,3863.75,3850.0,1,17,99950.0,-3.2078440866723157
2023-01-04 15:25:00+00:00,162.5,short,is,,3851.25,3848.0,1,3,100112.5,-3.0504781503449947
2023-01-04 15:28:00+00:00,-87.5,short,is,,3845.75,3847.5,1,2,100025.0,-3.1352136545212446
2023-01-04 15:30:00+00:00,-212.5,short,is,,3849.0,3853.25,1,1,99812.5,-3.34099987894928
2023-01-04 15:32:00+00:00,37.5,short,is,,3849.5,3848.75,1,1,99850.0,-3.3046846628737443
2023-01-04 15:34:00+00:00,-175.0,short,is,,3847.25,3850.75,1,1,99675.0,-3.4741556712262436
2023-01-04 15:36:00+00:00,25.0,short,is,,3850.5,3850.0,1,1,99700.0,-3.4499455271758865
2023-01-04 15:38:00+00:00,37.5,short,is,,3853.0,3852.25,1,1,99737.5,-3.413630311100351
2023-01-04 15:40:00+00:00,125.0,short,is,,3852.0,3849.5,1,1,99862.5,-3.2925795908485656
2023-01-04 15:43:00+00:00,-112.5,short,is,,3849.5,3851.75,1,2,99750.0,-3.4015252390751725
2023-01-04 15:45:00+00:00,-287.5,short,is,,3852.75,3858.5,1,1,99462.5,-3.679941895654279
2023-01-04 16:05:00+00:00,-112.5,long,is,,3864.25,3862.0,1,19,99350.0,-3.788887543880886
2023-01-04 16:07:00+00:00,-100.0,long,is,,3863.5,3861.5,1,1,99250.0,-3.885728120082314
2023-01-04 17:02:00+00:00,1387.5,long,is,,3864.0,3891.75,1,54,100637.5,-2.5420651252874955
2023-01-04 17:04:00+00:00,-50.0,long,is,,3891.75,3890.75,1,1,100587.5,-2.5904854133882096
2023-01-04 17:06:00+00:00,-37.5,long,is,,3891.75,3891.0,1,1,100550.0,-2.6268006294637454
2023-01-04 17:08:00+00:00,25.0,long,is,,3889.0,3889.5,1,1,100575.0,-2.602590485413388
2023-01-04 17:10:00+00:00,-62.5,long,is,,3891.0,3889.75,1,1,100512.5,-2.6631158455392807
2023-01-04 17:12:00+00:00,37.5,long,is,,3889.5,3890.25,1,1,100550.0,-2.6268006294637454
2023-01-04 17:14:00+00:00,-87.5,long,is,,3891.25,3889.5,1,1,100462.5,-2.7115361336399952
2023-01-04 17:16:00+00:00,75.0,long,is,,3889.0,3890.5,1,1,100537.5,-2.638905701488924
2023-01-04 17:18:00+00:00,37.5,long,is,,3889.75,3890.5,1,1,100575.0,-2.602590485413388
2023-01-04 17:21:00+00:00,-62.5,long,is,,3891.5,3890.25,1,2,100512.5,-2.6631158455392807
2023-01-04 17:28:00+00:00,-162.5,long,is,,3893.0,3889.75,1,6,100350.0,-2.820481781866602
2023-01-04 17:30:00+00:00,-50.0,long,is,,3890.5,3889.5,1,1,100300.0,-2.8689020699673162
2023-01-04 17:49:00+00:00,-50.0,long,is,,3891.25,3890.25,1,18,100250.0,-2.9173223580680303
2023-01-04 17:51:00+00:00,0.0,long,is,,3891.25,3891.25,1,1,100250.0,-2.9173223580680303
2023-01-04 17:53:00+00:00,-12.5,long,is,,3888.0,3887.75,1,1,100237.5,-2.929427430093209
2023-01-04 17:55:00+00:00,-25.0,long,is,,3889.25,3888.75,1,1,100212.5,-2.953637574143566
2023-01-04 18:13:00+00:00,225.0,short,is,,3886.25,3881.75,1,17,100437.5,-2.7357462776903523
2023-01-04 18:15:00+00:00,-12.5,short,is,,3882.25,3882.5,1,1,100425.0,-2.747851349715531
2023-01-04 18:17:00+00:00,-62.5,short,is,,3884.0,3885.25,1,1,100362.5,-2.8083767098414234
2023-01-04 18:19:00+00:00,0.0,short,is,,3886.75,3886.75,1,1,100362.5,-2.8083767098414234
2023-01-04 18:21:00+00:00,12.5,short,is,,3887.25,3887.0,1,1,100375.0,-2.796271637816245
2023-01-04 18:23:00+00:00,50.0,short,is,,3887.5,3886.5,1,1,100425.0,-2.747851349715531
2023-01-04 18:25:00+00:00,25.0,short,is,,3888.0,3887.5,1,1,100450.0,-2.7236412056651735
2023-01-04 18:27:00+00:00,-25.0,short,is,,3887.5,3888.0,1,1,100425.0,-2.747851349715531
2023-01-04 18:29:00+00:00,12.5,short,is,,3886.75,3886.5,1,1,100437.5,-2.7357462776903523
2023-01-04 18:32:00+00:00,-50.0,short,is,,3885.5,3886.5,1,2,100387.5,-2.7841665657910664
2023-01-04 18:34:00+00:00,50.0,short,is,,3887.5,3886.5,1,1,100437.5,-2.7357462776903523
2023-01-04 18:36:00+00:00,-12.5,short,is,,3887.5,3887.75,1,1,100425.0,-2.747851349715531
2023-01-04 18:42:00+00:00,-162.5,long,is,,3890.0,3886.75,1,5,100262.5,-2.905217286042852
2023-01-04 19:01:00+00:00,25.0,short,is,,3888.0,3887.5,1,18,100287.5,-2.881007141992495
2023-01-04 19:16:00+00:00,225.0,short,is,,3881.0,3876.5,1,14,100512.5,-2.6631158455392807
2023-01-04 19:18:00+00:00,0.0,short,is,,3880.5,3880.5,1,1,100512.5,-2.6631158455392807
2023-01-04 19:20:00+00:00,-112.5,short,is,,3879.25,3881.5,1,1,100400.0,-2.772061493765888
2023-01-04 19:42:00+00:00,875.0,short,is,,3879.0,3861.5,1,21,101275.0,-1.9247064520033896
2023-01-04 19:44:00+00:00,100.0,short,is,,3859.75,3857.75,1,1,101375.0,-1.8278658758019608
2023-01-04 19:46:00+00:00,-87.5,short,is,,3857.5,3859.25,1,1,101287.5,-1.912601379978211
2023-01-04 19:48:00+00:00,-25.0,short,is,,3860.5,3861.0,1,1,101262.5,-1.936811524028568
2023-01-04 19:50:00+00:00,112.5,short,is,,3860.25,3858.0,1,1,101375.0,-1.8278658758019608
2023-01-04 19:52:00+00:00,-200.0,short,is,,3854.75,3858.75,1,1,101175.0,-2.021547028204818
2023-01-04 19:54:00+00:00,-75.0,short,is,,3858.25,3859.75,1,1,101100.0,-2.094177460355889
2023-01-04 19:56:00+00:00,-187.5,short,is,,3859.25,3863.0,1,1,100912.5,-2.2757535407335676
2023-01-04 19:58:00+00:00,62.5,short,is,,3867.75,3866.5,1,1,100975.0,-2.215228180607675
2023-01-04 20:00:00+00:00,-125.0,short,is,,3867.0,3869.5,1,1,100850.0,-2.3362789008594604
2023-01-04 20:02:00+00:00,-200.0,short,is,,3871.0,3875.0,1,1,100650.0,-2.5299600532623168
2023-01-04 20:14:00+00:00,-162.5,long,is,,3873.0,3869.75,1,11,100487.5,-2.687325989589638
2023-01-04 20:16:00+00:00,-37.5,short,is,,3870.75,3871.5,1,1,100450.0,-2.7236412056651735
2023-01-04 20:20:00+00:00,0.0,long,is,,3871.0,3871.0,1,3,100450.0,-2.7236412056651735
2023-01-04 20:22:00+00:00,-212.5,long,is,,3872.25,3868.0,1,1,100237.5,-2.929427430093209
2023-01-04 20:49:00+00:00,450.0,short,is,,3865.0,3856.0,1,26,100687.5,-2.4936448371867814
2023-01-04 20:51:00+00:00,-12.5,short,is,,3858.25,3858.5,1,1,100675.0,-2.5057499092119597
2023-01-04 20:53:00+00:00,-12.5,short,is,,3860.5,3860.75,1,1,100662.5,-2.5178549812371385
2023-01-04 20:55:00+00:00,-212.5,short,is,,3859.0,3863.25,1,1,100450.0,-2.7236412056651735
2023-01-04 21:15:00+00:00,225.0,long,is,,3868.0,3872.5,1,19,100675.0,-2.5057499092119597
2023-01-04 21:17:00+00:00,0.0,long,is,,3873.0,3873.0,1,1,100675.0,-2.5057499092119597
2023-01-04 21:22:00+00:00,-12.5,long,is,,3873.75,3873.5,1,4,100662.5,-2.5178549812371385
2023-01-04 21:24:00+00:00,-12.5,long,is,,3873.25,3873.0,1,1,100650.0,-2.5299600532623168
2023-01-04 21:26:00+00:00,-37.5,long,is,,3872.5,3871.75,1,1,100612.5,-2.5662752693378525
2023-01-04 21:28:00+00:00,0.0,long,is,,3871.0,3871.0,1,1,100612.5,-2.5662752693378525
2023-01-04 21:30:00+00:00,-25.0,long,is,,3871.25,3870.75,1,1,100587.5,-2.5904854133882096
2023-01-04 21:32:00+00:00,-12.5,long,is,,3871.0,3870.75,1,1,100575.0,-2.602590485413388
2023-01-04 21:34:00+00:00,12.5,long,is,,3870.0,3870.25,1,1,100587.5,-2.5904854133882096
2023-01-04 21:36:00+00:00,-25.0,long,is,,3869.0,3868.5,1,1,100562.5,-2.6146955574385666
2023-01-04 21:38:00+00:00,0.0,long,is,,3868.75,3868.75,1,1,100562.5,-2.6146955574385666
2023-01-04 21:40:00+00:00,0.0,long,is,,3868.5,3868.5,1,1,100562.5,-2.6146955574385666
2023-01-04 21:42:00+00:00,0.0,long,is,,3868.75,3868.75,1,1,100562.5,-2.6146955574385666
2023-01-04 21:44:00+00:00,-12.5,long,is,,3869.0,3868.75,1,1,100550.0,-2.6268006294637454
2023-01-04 21:46:00+00:00,37.5,long,is,,3868.5,3869.25,1,1,100587.5,-2.5904854133882096
2023-01-04 21:48:00+00:00,-12.5,long,is,,3868.75,3868.5,1,1,100575.0,-2.602590485413388
2023-01-04 21:50:00+00:00,-25.0,long,is,,3869.0,3868.5,1,1,100550.0,-2.6268006294637454
2023-01-04 21:52:00+00:00,-12.5,long,is,,3868.5,3868.25,1,1,100537.5,-2.638905701488924
2023-01-04 23:14:00+00:00,137.5,long,is,,3868.5,3871.25,1,21,100675.0,-2.5057499092119597
2023-01-04 23:21:00+00:00,0.0,long,is,,3871.25,3871.25,1,6,100675.0,-2.5057499092119597
2023-01-04 23:23:00+00:00,-12.5,long,is,,3871.5,3871.25,1,1,100662.5,-2.5178549812371385
2023-01-04 23:56:00+00:00,162.5,long,is,,3871.75,3875.0,1,32,100825.0,-2.360489044909817
2023-01-04 23:58:00+00:00,25.0,long,is,,3873.25,3873.75,1,1,100850.0,-2.3362789008594604
2023-01-05 00:00:00+00:00,-12.5,long,is,,3873.0,3872.75,1,1,100837.5,-2.3483839728846387
2023-01-05 00:02:00+00:00,50.0,long,is,,3872.0,3873.0,1,1,100887.5,-2.299963684783924
2023-01-05 00:04:00+00:00,-37.5,long,is,,3872.75,3872.0,1,1,100850.0,-2.3362789008594604
2023-01-05 00:16:00+00:00,-87.5,short,is,,3871.25,3873.0,1,11,100762.5,-2.42101440503571
2023-01-05 00:32:00+00:00,0.0,long,is,,3873.0,3873.0,1,15,100762.5,-2.42101440503571
2023-01-05 00:35:00+00:00,-50.0,long,is,,3873.5,3872.5,1,2,100712.5,-2.4694346931364244
2023-01-05 00:54:00+00:00,62.5,short,is,,3872.5,3871.25,1,18,100775.0,-2.4089093330105316
2023-01-05 00:56:00+00:00,-12.5,short,is,,3871.75,3872.0,1,1,100762.5,-2.42101440503571
2023-01-05 00:58:00+00:00,0.0,short,is,,3871.5,3871.5,1,1,100762.5,-2.42101440503571
2023-01-05 01:05:00+00:00,0.0,short,is,,3871.0,3871.0,1,6,100762.5,-2.42101440503571
2023-01-05 01:07:00+00:00,-62.5,short,is,,3871.0,3872.25,1,1,100700.0,-2.4815397651616027
2023-01-05 01:09:00+00:00,-37.5,short,is,,3871.75,3872.5,1,1,100662.5,-2.5178549812371385
2023-01-05 01:11:00+00:00,12.5,short,is,,3872.75,3872.5,1,1,100675.0,-2.5057499092119597
2023-01-05 01:31:00+00:00,-12.5,long,is,,3873.25,3873.0,1,19,100662.5,-2.5178549812371385
2023-01-05 01:33:00+00:00,-50.0,long,is,,3873.75,3872.75,1,1,100612.5,-2.5662752693378525
2023-01-05 01:35:00+00:00,-50.0,short,is,,3872.5,3873.5,1,1,100562.5,-2.6146955574385666
2023-01-05 01:37:00+00:00,0.0,long,is,,3872.75,3872.75,1,1,100562.5,-2.6146955574385666
2023-01-05 01:39:00+00:00,-37.5,long,is,,3872.75,3872.0,1,1,100525.0,-2.6510107735141024
2023-01-05 01:46:00+00:00,-87.5,short,is,,3872.0,3873.75,1,6,100437.5,-2.7357462776903523
2023-01-05 01:55:00+00:00,-12.5,long,is,,3873.0,3872.75,1,8,100425.0,-2.747851349715531
2023-01-05 02:35:00+00:00,575.0,short,is,,3872.0,3860.5,1,39,101000.0,-2.1910180365573173
2023-01-05 02:37:00+00:00,-12.5,short,is,,3860.25,3860.5,1,1,100987.5,-2.203123108582496
2023-01-05 02:39:00+00:00,-37.5,short,is,,3860.0,3860.75,1,1,100950.0,-2.2394383246580314
2023-01-05 02:41:00+00:00,12.5,short,is,,3861.0,3860.75,1,1,100962.5,-2.227333252632853
2023-01-05 02:43:00+00:00,-62.5,short,is,,3861.0,3862.25,1,1,100900.0,-2.287858612758746
2023-01-05 02:45:00+00:00,12.5,short,is,,3862.25,3862.0,1,1,100912.5,-2.2757535407335676
2023-01-05 02:47:00+00:00,-25.0,short,is,,3862.25,3862.75,1,1,100887.5,-2.299963684783924
2023-01-05 02:49:00+00:00,-25.0,short,is,,3862.5,3863.0,1,1,100862.5,-2.3241738288342817
2023-01-05 02:51:00+00:00,-12.5,short,is,,3862.5,3862.75,1,1,100850.0,-2.3362789008594604
2023-01-05 02:53:00+00:00,0.0,short,is,,3863.5,3863.5,1,1,100850.0,-2.3362789008594604
2023-01-05 02:55:00+00:00,0.0,short,is,,3863.25,3863.25,1,1,100850.0,-2.3362789008594604
2023-01-05 02:57:00+00:00,37.5,short,is,,3863.25,3862.5,1,1,100887.5,-2.299963684783924
2023-01-05 03:09:00+00:00,-50.0,short,is,,3862.75,3863.75,1,11,100837.5,-2.3483839728846387
2023-01-05 03:11:00+00:00,-25.0,short,is,,3863.75,3864.25,1,1,100812.5,-2.372594116934996
2023-01-05 03:13:00+00:00,-25.0,short,is,,3863.25,3863.75,1,1,100787.5,-2.396804260985353
2023-01-05 03:15:00+00:00,12.5,short,is,,3864.25,3864.0,1,1,100800.0,-2.3846991889601745
2023-01-05 03:17:00+00:00,0.0,short,is,,3864.25,3864.25,1,1,100800.0,-2.3846991889601745
2023-01-05 03:19:00+00:00,0.0,short,is,,3864.75,3864.75,1,1,100800.0,-2.3846991889601745
2023-01-05 03:25:00+00:00,-112.5,long,is,,3865.5,3863.25,1,5,100687.5,-2.4936448371867814
2023-01-05 03:31:00+00:00,-25.0,short,is,,3863.5,3864.0,1,5,100662.5,-2.5178549812371385
2023-01-05 03:35:00+00:00,-12.5,long,is,,3863.75,3863.5,1,3,100650.0,-2.5299600532623168
2023-01-05 03:40:00+00:00,-75.0,short,is,,3862.75,3864.25,1,4,100575.0,-2.602590485413388
2023-01-05 03:43:00+00:00,-37.5,long,is,,3863.25,3862.5,1,2,100537.5,-2.638905701488924
2023-01-05 03:45:00+00:00,12.5,long,is,,3862.75,3863.0,1,1,100550.0,-2.6268006294637454
2023-01-05 03:49:00+00:00,0.0,long,is,,3863.5,3863.5,1,3,100550.0,-2.6268006294637454
2023-01-05 03:51:00+00:00,-25.0,long,is,,3863.0,3862.5,1,1,100525.0,-2.6510107735141024
2023-01-05 03:58:00+00:00,-62.5,short,is,,3862.25,3863.5,1,6,100462.5,-2.7115361336399952
2023-01-05 04:53:00+00:00,425.0,long,is,,3863.25,3871.75,1,54,100887.5,-2.299963684783924
2023-01-05 04:55:00+00:00,12.5,long,is,,3871.75,3872.0,1,1,100900.0,-2.287858612758746
2023-01-05 05:17:00+00:00,25.0,long,is,,3872.25,3872.75,1,21,100925.0,-2.263648468708389
2023-01-05 05:19:00+00:00,-25.0,long,is,,3872.75,3872.25,1,1,100900.0,-2.287858612758746
2023-01-05 05:21:00+00:00,-12.5,long,is,,3872.5,3872.25,1,1,100887.5,-2.299963684783924
2023-01-05 05:23:00+00:00,0.0,long,is,,3872.0,3872.0,1,1,100887.5,-2.299963684783924
2023-01-05 05:25:00+00:00,12.5,long,is,,3871.25,3871.5,1,1,100900.0,-2.287858612758746
2023-01-05 05:27:00+00:00,-12.5,long,is,,3871.25,3871.0,1,1,100887.5,-2.299963684783924
2023-01-05 05:29:00+00:00,25.0,long,is,,3870.5,3871.0,1,1,100912.5,-2.2757535407335676
2023-01-05 05:31:00+00:00,25.0,long,is,,3871.25,3871.75,1,1,100937.5,-2.25154339668321
2023-01-05 05:33:00+00:00,-37.5,long,is,,3871.75,3871.0,1,1,100900.0,-2.287858612758746
2023-01-05 05:46:00+00:00,12.5,long,is,,3871.5,3871.75,1,12,100912.5,-2.2757535407335676
2023-01-05 05:50:00+00:00,-12.5,long,is,,3872.25,3872.0,1,3,100900.0,-2.287858612758746
2023-01-05 06:00:00+00:00,-50.0,short,is,,3871.25,3872.25,1,9,100850.0,-2.3362789008594604
2023-01-05 06:07:00+00:00,0.0,short,is,,3871.5,3871.5,1,6,100850.0,-2.3362789008594604
2023-01-05 06:09:00+00:00,0.0,short,is,,3872.0,3872.0,1,1,100850.0,-2.3362789008594604
2023-01-05 06:20:00+00:00,-25.0,long,is,,3872.5,3872.0,1,10,100825.0,-2.360489044909817
2023-01-05 06:42:00+00:00,50.0,short,is,,3871.75,3870.75,1,21,100875.0,-2.312068756809103
2023-01-05 06:44:00+00:00,12.5,short,is,,3870.75,3870.5,1,1,100887.5,-2.299963684783924
2023-01-05 07:15:00+00:00,250.0,short,is,,3870.25,3865.25,1,30,101137.5,-2.0578622442803534
2023-01-05 07:17:00+00:00,0.0,short,is,,3865.75,3865.75,1,1,101137.5,-2.0578622442803534
2023-01-05 07:19:00+00:00,12.5,short,is,,3866.0,3865.75,1,1,101150.0,-2.0457571722551746
2023-01-05 07:21:00+00:00,-75.0,short,is,,3865.5,3867.0,1,1,101075.0,-2.118387604406246
2023-01-05 07:23:00+00:00,12.5,short,is,,3866.5,3866.25,1,1,101087.5,-2.1062825323810674
2023-01-05 07:25:00+00:00,25.0,short,is,,3866.75,3866.25,1,1,101112.5,-2.082072388330711
2023-01-05 07:27:00+00:00,-25.0,short,is,,3865.25,3865.75,1,1,101087.5,-2.1062825323810674
2023-01-05 07:29:00+00:00,-25.0,short,is,,3865.5,3866.0,1,1,101062.5,-2.130492676431425
2023-01-05 07:31:00+00:00,-25.0,short,is,,3865.5,3866.0,1,1,101037.5,-2.154702820481782
2023-01-05 07:33:00+00:00,-50.0,short,is,,3866.0,3867.0,1,1,100987.5,-2.203123108582496
2023-01-05 07:39:00+00:00,-12.5,short,is,,3865.75,3866.0,1,5,100975.0,-2.215228180607675
2023-01-05 07:41:00+00:00,-25.0,short,is,,3866.0,3866.5,1,1,100950.0,-2.2394383246580314
2023-01-05 07:43:00+00:00,-12.5,short,is,,3866.5,3866.75,1,1,100937.5,-2.25154339668321
2023-01-05 08:01:00+00:00,162.5,short,is,,3866.25,3863.0,1,17,101100.0,-2.094177460355889
2023-01-05 08:03:00+00:00,-100.0,short,is,,3863.25,3865.25,1,1,101000.0,-2.1910180365573173
2023-01-05 08:05:00+00:00,-50.0,short,is,,3863.25,3864.25,1,1,100950.0,-2.2394383246580314
2023-01-05 08:07:00+00:00,-75.0,short,is,,3863.5,3865.0,1,1,100875.0,-2.312068756809103
2023-01-05 08:09:00+00:00,0.0,short,is,,3865.0,3865.0,1,1,100875.0,-2.312068756809103
2023-01-05 08:11:00+00:00,12.5,short,is,,3864.0,3863.75,1,1,100887.5,-2.299963684783924
2023-01-05 08:13:00+00:00,-150.0,short,is,,3861.5,3864.5,1,1,100737.5,-2.445224549086067
2023-01-05 08:15:00+00:00,-25.0,short,is,,3865.5,3866.0,1,1,100712.5,-2.4694346931364244
2023-01-05 08:17:00+00:00,12.5,short,is,,3865.0,3864.75,1,1,100725.0,-2.4573296211112456
2023-01-05 08:19:00+00:00,-62.5,short,is,,3864.75,3866.0,1,1,100662.5,-2.5178549812371385
2023-01-05 08:21:00+00:00,25.0,short,is,,3865.25,3864.75,1,1,100687.5,-2.4936448371867814
2023-01-05 08:24:00+00:00,12.5,short,is,,3865.25,3865.0,1,2,100700.0,-2.4815397651616027
2023-01-05 08:30:00+00:00,0.0,long,is,,3864.75,3864.75,1,5,100700.0,-2.4815397651616027
2023-01-05 08:32:00+00:00,-50.0,long,is,,3865.0,3864.0,1,1,100650.0,-2.5299600532623168
2023-01-05 08:35:00+00:00,-75.0,long,is,,3865.75,3864.25,1,2,100575.0,-2.602590485413388
2023-01-05 08:49:00+00:00,87.5,short,is,,3863.25,3861.5,1,13,100662.5,-2.5178549812371385
2023-01-05 08:51:00+00:00,-37.5,short,is,,3861.25,3862.0,1,1,100625.0,-2.554170197312674
2023-01-05 08:53:00+00:00,25.0,short,is,,3862.25,3861.75,1,1,100650.0,-2.5299600532623168
2023-01-05 08:55:00+00:00,-62.5,short,is,,3861.75,3863.0,1,1,100587.5,-2.5904854133882096
2023-01-05 08:57:00+00:00,-50.0,short,is,,3862.25,3863.25,1,1,100537.5,-2.638905701488924
2023-01-05 09:08:00+00:00,-112.5,long,is,,3864.75,3862.5,1,10,100425.0,-2.747851349715531
2023-01-05 09:14:00+00:00,-50.0,short,is,,3862.25,3863.25,1,5,100375.0,-2.796271637816245
2023-01-05 09:34:00+00:00,112.5,long,is,,3863.5,3865.75,1,19,100487.5,-2.687325989589638
2023-01-05 09:36:00+00:00,37.5,long,is,,3866.0,3866.75,1,1,100525.0,-2.6510107735141024
2023-01-05 09:38:00+00:00,-37.5,long,is,,3866.25,3865.5,1,1,100487.5,-2.687325989589638
2023-01-05 09:44:00+00:00,37.5,long,is,,3866.5,3867.25,1,5,100525.0,-2.6510107735141024
2023-01-05 09:47:00+00:00,25.0,long,is,,3866.0,3866.5,1,2,100550.0,-2.6268006294637454
2023-01-05 09:49:00+00:00,25.0,long,is,,3866.75,3867.25,1,1,100575.0,-2.602590485413388
2023-01-05 09:52:00+00:00,-100.0,long,is,,3868.5,3866.5,1,2,100475.0,-2.699431061614817
2023-01-05 09:54:00+00:00,-12.5,long,is,,3866.5,3866.25,1,1,100462.5,-2.7115361336399952
2023-01-05 10:15:00+00:00,250.0,long,is,,3867.5,3872.5,1,20,100712.5,-2.4694346931364244
2023-01-05 10:28:00+00:00,25.0,long,is,,3873.5,3874.0,1,12,100737.5,-2.445224549086067
2023-01-05 10:30:00+00:00,12.5,long,is,,3874.25,3874.5,1,1,100750.0,-2.4331194770608886
2023-01-05 10:33:00+00:00,-12.5,long,is,,3874.25,3874.0,1,2,100737.5,-2.445224549086067
2023-01-05 10:35:00+00:00,-12.5,long,is,,3874.5,3874.25,1,1,100725.0,-2.4573296211112456
2023-01-05 10:51:00+00:00,-12.5,long,is,,3875.0,3874.75,1,15,100712.5,-2.4694346931364244
2023-01-05 10:53:00+00:00,-25.0,long,is,,3875.25,3874.75,1,1,100687.5,-2.4936448371867814
2023-01-05 10:55:00+00:00,62.5,long,is,,3874.25,3875.5,1,1,100750.0,-2.4331194770608886
2023-01-05 10:57:00+00:00,12.5,long,is,,3875.5,3875.75,1,1,100762.5,-2.42101440503571
2023-01-05 10:59:00+00:00,50.0,long,is,,3875.25,3876.25,1,1,100812.5,-2.372594116934996
2023-01-05 11:23:00+00:00,125.0,long,is,,3876.25,3878.75,1,23,100937.5,-2.25154339668321
2023-01-05 11:25:00+00:00,-12.5,long,is,,3878.5,3878.25,1,1,100925.0,-2.263648468708389
2023-01-05 11:27:00+00:00,12.5,long,is,,3877.75,3878.0,1,1,100937.5,-2.25154339668321
2023-01-05 11:29:00+00:00,-12.5,long,is,,3878.75,3878.5,1,1,100925.0,-2.263648468708389
2023-01-05 11:31:00+00:00,-50.0,long,is,,3878.75,3877.75,1,1,100875.0,-2.312068756809103
2023-01-05 11:33:00+00:00,-37.5,long,is,,3879.0,3878.25,1,1,100837.5,-2.3483839728846387
2023-01-05 11:35:00+00:00,0.0,long,is,,3878.25,3878.25,1,1,100837.5,-2.3483839728846387
2023-01-05 11:37:00+00:00,0.0,long,is,,3878.25,3878.25,1,1,100837.5,-2.3483839728846387
2023-01-05 11:40:00+00:00,-25.0,long,is,,3879.0,3878.5,1,2,100812.5,-2.372594116934996
2023-01-05 11:42:00+00:00,25.0,long,is,,3877.25,3877.75,1,1,100837.5,-2.3483839728846387
2023-01-05 11:44:00+00:00,25.0,long,is,,3877.75,3878.25,1,1,100862.5,-2.3241738288342817
2023-01-05 11:51:00+00:00,-37.5,long,is,,3878.75,3878.0,1,6,100825.0,-2.360489044909817
2023-01-05 11:59:00+00:00,0.0,long,is,,3879.0,3879.0,1,7,100825.0,-2.360489044909817
2023-01-05 12:01:00+00:00,-75.0,long,is,,3878.75,3877.25,1,1,100750.0,-2.4331194770608886
2023-01-05 12:17:00+00:00,-75.0,short,is,,3876.75,3878.25,1,15,100675.0,-2.5057499092119597
2023-01-05 12:42:00+00:00,75.0,long,is,,3879.5,3881.0,1,24,100750.0,-2.4331194770608886
2023-01-05 12:44:00+00:00,-12.5,long,is,,3882.0,3881.75,1,1,100737.5,-2.445224549086067
2023-01-05 13:15:00+00:00,125.0,short,is,,3879.0,3876.5,1,30,100862.5,-2.3241738288342817
2023-01-05 13:46:00+00:00,262.5,short,is,,3862.0,3856.75,1,30,101125.0,-2.069967316305532
2023-01-05 13:50:00+00:00,62.5,short,is,,3856.5,3855.25,1,3,101187.5,-2.0094419561796393
2023-01-05 13:52:00+00:00,-37.5,short,is,,3855.75,3856.5,1,1,101150.0,-2.0457571722551746
2023-01-05 14:15:00+00:00,200.0,short,is,,3854.75,3850.75,1,22,101350.0,-1.852076019852318
2023-01-05 14:17:00+00:00,-50.0,short,is,,3850.75,3851.75,1,1,101300.0,-1.9004963079530324
2023-01-05 14:19:00+00:00,87.5,short,is,,3851.5,3849.75,1,1,101387.5,-1.8157608037767825
2023-01-05 14:28:00+00:00,37.5,short,is,,3850.0,3849.25,1,8,101425.0,-1.7794455877012467
2023-01-05 14:30:00+00:00,-187.5,short,is,,3849.0,3852.75,1,1,101237.5,-1.9610216680789252
2023-01-05 14:52:00+00:00,937.5,short,is,,3852.0,3833.25,1,21,102175.0,-1.0531412661905337
2023-01-05 14:55:00+00:00,-137.5,short,is,,3830.5,3833.25,1,2,102037.5,-1.186297058467498
2023-01-05 14:57:00+00:00,-62.5,short,is,,3832.25,3833.5,1,1,101975.0,-1.2468224185933907
2023-01-05 14:59:00+00:00,62.5,short,is,,3838.0,3836.75,1,1,102037.5,-1.186297058467498
2023-01-05 15:01:00+00:00,200.0,short,is,,3836.25,3832.25,1,1,102237.5,-0.992615906064641
2023-01-05 15:03:00+00:00,-12.5,short,is,,3837.5,3837.75,1,1,102225.0,-1.0047209780898196
2023-01-05 15:05:00+00:00,37.5,short,is,,3839.0,3838.25,1,1,102262.5,-0.968405762014284
2023-01-05 15:07:00+00:00,-25.0,short,is,,3834.25,3834.75,1,1,102237.5,-0.992615906064641
2023-01-05 15:09:00+00:00,-225.0,short,is,,3838.5,3843.0,1,1,102012.5,-1.210507202517855
2023-01-05 15:11:00+00:00,87.5,short,is,,3843.25,3841.5,1,1,102100.0,-1.125771698341605
2023-01-05 15:13:00+00:00,-350.0,short,is,,3842.25,3849.25,1,1,101750.0,-1.4647137150466045
2023-01-05 15:15:00+00:00,-12.5,short,is,,3844.75,3845.0,1,1,101737.5,-1.476818787071783
2023-01-05 15:17:00+00:00,37.5,short,is,,3842.75,3842.0,1,1,101775.0,-1.4405035709962475
2023-01-05 15:39:00+00:00,137.5,short,is,,3838.25,3835.5,1,21,101912.5,-1.3073477787192833
2023-01-05 15:43:00+00:00,-175.0,short,is,,3834.25,3837.75,1,3,101737.5,-1.476818787071783
2023-01-05 15:49:00+00:00,-225.0,long,is,,3840.0,3835.5,1,5,101512.5,-1.6947100835249969
2023-01-05 15:51:00+00:00,62.5,short,is,,3837.25,3836.0,1,1,101575.0,-1.634184723399104
2023-01-05 16:07:00+00:00,187.5,short,is,,3835.75,3832.0,1,15,101762.5,-1.452608643021426
2023-01-05 16:10:00+00:00,-75.0,short,is,,3830.5,3832.0,1,2,101687.5,-1.5252390751724973
2023-01-05 16:12:00+00:00,0.0,short,is,,3832.5,3832.5,1,1,101687.5,-1.5252390751724973
2023-01-05 16:14:00+00:00,-137.5,short,is,,3832.25,3835.0,1,1,101550.0,-1.6583948674494615
2023-01-05 16:16:00+00:00,112.5,short,is,,3832.75,3830.5,1,1,101662.5,-1.5494492192228544
2023-01-05 16:18:00+00:00,12.5,short,is,,3832.5,3832.25,1,1,101675.0,-1.5373441471976759
2023-01-05 16:32:00+00:00,87.5,short,is,,3831.5,3829.75,1,13,101762.5,-1.452608643021426
2023-01-05 16:36:00+00:00,25.0,short,is,,3829.5,3829.0,1,3,101787.5,-1.4283984989710687
2023-01-05 16:38:00+00:00,112.5,short,is,,3830.25,3828.0,1,1,101900.0,-1.319452850744462
2023-01-05 16:40:00+00:00,-25.0,short,is,,3827.25,3827.75,1,1,101875.0,-1.343662994794819
2023-01-05 16:42:00+00:00,-112.5,short,is,,3827.5,3829.75,1,1,101762.5,-1.452608643021426
2023-01-05 16:44:00+00:00,-150.0,short,is,,3829.75,3832.75,1,1,101612.5,-1.5978695073235687
2023-01-05 16:46:00+00:00,-100.0,short,is,,3833.0,3835.0,1,1,101512.5,-1.6947100835249969
2023-01-05 16:48:00+00:00,-12.5,short,is,,3833.25,3833.5,1,1,101500.0,-1.7068151555501756
2023-01-05 16:53:00+00:00,-187.5,long,is,,3833.75,3830.0,1,4,101312.5,-1.8883912359278536
2023-01-05 17:03:00+00:00,-87.5,short,is,,3829.75,3831.5,1,9,101225.0,-1.9731267401041037
2023-01-05 17:16:00+00:00,-100.0,long,is,,3832.0,3830.0,1,12,101125.0,-2.069967316305532
2023-01-05 17:19:00+00:00,-100.0,long,is,,3831.5,3829.5,1,2,101025.0,-2.1668078925069603
2023-01-05 17:24:00+00:00,-225.0,short,is,,3826.75,3831.25,1,4,100800.0,-2.3846991889601745
2023-01-05 17:39:00+00:00,-12.5,long,is,,3833.25,3833.0,1,14,100787.5,-2.396804260985353
2023-01-05 17:41:00+00:00,-37.5,long,is,,3833.5,3832.75,1,1,100750.0,-2.4331194770608886
2023-01-05 17:43:00+00:00,-25.0,long,is,,3832.5,3832.0,1,1,100725.0,-2.4573296211112456
2023-01-05 17:45:00+00:00,-25.0,long,is,,3831.25,3830.75,1,1,100700.0,-2.4815397651616027
2023-01-05 17:47:00+00:00,-112.5,long,is,,3832.25,3830.0,1,1,100587.5,-2.5904854133882096
2023-01-05 18:08:00+00:00,-25.0,short,is,,3830.25,3830.75,1,20,100562.5,-2.6146955574385666
2023-01-05 18:13:00+00:00,-125.0,long,is,,3831.25,3828.75,1,4,100437.5,-2.7357462776903523
2023-01-05 18:21:00+00:00,-350.0,short,is,,3827.75,3834.75,1,7,100087.5,-3.0746882943953517
2023-01-05 18:43:00+00:00,337.5,long,is,,3837.5,3844.25,1,21,100425.0,-2.747851349715531
2023-01-05 18:45:00+00:00,25.0,long,is,,3842.0,3842.5,1,1,100450.0,-2.7236412056651735
2023-01-05 18:47:00+00:00,-37.5,long,is,,3842.5,3841.75,1,1,100412.5,-2.7599564217407093
2023-01-05 18:49:00+00:00,-25.0,long,is,,3843.25,3842.75,1,1,100387.5,-2.7841665657910664
2023-01-05 18:51:00+00:00,37.5,long,is,,3841.5,3842.25,1,1,100425.0,-2.747851349715531
2023-01-05 18:53:00+00:00,12.5,long,is,,3842.5,3842.75,1,1,100437.5,-2.7357462776903523
2023-01-05 18:55:00+00:00,-50.0,long,is,,3843.25,3842.25,1,1,100387.5,-2.7841665657910664
2023-01-05 18:58:00+00:00,-125.0,long,is,,3845.25,3842.75,1,2,100262.5,-2.905217286042852
2023-01-05 19:00:00+00:00,100.0,long,is,,3839.0,3841.0,1,1,100362.5,-2.8083767098414234
2023-01-05 19:05:00+00:00,-37.5,long,is,,3842.75,3842.0,1,4,100325.0,-2.844691925916959
2023-01-05 19:08:00+00:00,-37.5,long,is,,3843.0,3842.25,1,2,100287.5,-2.881007141992495
2023-01-05 19:12:00+00:00,-150.0,long,is,,3844.5,3841.5,1,3,100137.5,-3.026268006294637
2023-01-05 19:14:00+00:00,-100.0,long,is,,3843.5,3841.5,1,1,100037.5,-3.123108582496066
2023-01-05 19:16:00+00:00,75.0,long,is,,3837.75,3839.25,1,1,100112.5,-3.0504781503449947
2023-01-05 19:18:00+00:00,25.0,long,is,,3840.75,3841.25,1,1,100137.5,-3.026268006294637
2023-01-05 19:21:00+00:00,25.0,long,is,,3841.0,3841.5,1,2,100162.5,-3.0020578622442806
2023-01-05 19:24:00+00:00,37.5,long,is,,3840.5,3841.25,1,2,100200.0,-2.9657426461687444
2023-01-05 19:26:00+00:00,-12.5,long,is,,3840.5,3840.25,1,1,100187.5,-2.977847718193923
2023-01-05 19:28:00+00:00,-25.0,long,is,,3839.5,3839.0,1,1,100162.5,-3.0020578622442806
2023-01-05 19:37:00+00:00,-300.0,short,is,,3837.75,3843.75,1,8,99862.5,-3.2925795908485656
2023-01-05 19:57:00+00:00,-25.0,long,is,,3847.5,3847.0,1,19,99837.5,-3.316789734898923
2023-01-05 19:59:00+00:00,-50.0,long,is,,3846.25,3845.25,1,1,99787.5,-3.3652100229996367
2023-01-05 20:36:00+00:00,462.5,short,is,,3843.25,3834.0,1,36,100250.0,-2.9173223580680303
2023-01-05 20:38:00+00:00,100.0,short,is,,3834.0,3832.0,1,1,100350.0,-2.820481781866602
2023-01-05 20:40:00+00:00,12.5,short,is,,3833.0,3832.75,1,1,100362.5,-2.8083767098414234
2023-01-05 20:42:00+00:00,25.0,short,is,,3832.0,3831.5,1,1,100387.5,-2.7841665657910664
2023-01-05 20:46:00+00:00,-100.0,short,is,,3830.25,3832.25,1,3,100287.5,-2.881007141992495
2023-01-05 20:58:00+00:00,100.0,short,is,,3831.25,3829.25,1,11,100387.5,-2.7841665657910664
2023-01-05 21:00:00+00:00,25.0,short,is,,3829.25,3828.75,1,1,100412.5,-2.7599564217407093
2023-01-05 21:02:00+00:00,100.0,short,is,,3831.0,3829.0,1,1,100512.5,-2.6631158455392807
2023-01-05 21:04:00+00:00,-37.5,short,is,,3829.25,3830.0,1,1,100475.0,-2.699431061614817
2023-01-05 21:06:00+00:00,50.0,short,is,,3831.0,3830.0,1,1,100525.0,-2.6510107735141024
2023-01-05 21:08:00+00:00,62.5,short,is,,3829.75,3828.5,1,1,100587.5,-2.5904854133882096
2023-01-05 21:10:00+00:00,-12.5,short,is,,3829.25,3829.5,1,1,100575.0,-2.602590485413388
2023-01-05 21:13:00+00:00,0.0,short,is,,3829.25,3829.25,1,2,100575.0,-2.602590485413388
2023-01-05 21:15:00+00:00,50.0,short,is,,3830.75,3829.75,1,1,100625.0,-2.554170197312674
2023-01-05 21:17:00+00:00,-12.5,short,is,,3831.0,3831.25,1,1,100612.5,-2.5662752693378525
2023-01-05 21:19:00+00:00,25.0,short,is,,3830.75,3830.25,1,1,100637.5,-2.5420651252874955
2023-01-05 21:21:00+00:00,25.0,short,is,,3831.5,3831.0,1,1,100662.5,-2.5178549812371385
2023-01-05 21:23:00+00:00,25.0,short,is,,3832.25,3831.75,1,1,100687.5,-2.4936448371867814
2023-01-05 21:25:00+00:00,-12.5,short,is,,3832.25,3832.5,1,1,100675.0,-2.5057499092119597
2023-01-05 21:27:00+00:00,37.5,short,is,,3832.75,3832.0,1,1,100712.5,-2.4694346931364244
2023-01-05 21:29:00+00:00,-25.0,short,is,,3832.5,3833.0,1,1,100687.5,-2.4936448371867814
2023-01-05 21:31:00+00:00,-37.5,short,is,,3832.75,3833.5,1,1,100650.0,-2.5299600532623168
2023-01-05 21:33:00+00:00,12.5,short,is,,3832.75,3832.5,1,1,100662.5,-2.5178549812371385
2023-01-05 21:35:00+00:00,0.0,short,is,,3832.5,3832.5,1,1,100662.5,-2.5178549812371385
2023-01-05 21:37:00+00:00,-25.0,long,is,,3832.75,3832.25,1,1,100637.5,-2.5420651252874955
2023-01-05 21:39:00+00:00,-37.5,long,is,,3833.0,3832.25,1,1,100600.0,-2.5783803413630313
2023-01-05 21:42:00+00:00,-37.5,short,is,,3832.25,3833.0,1,2,100562.5,-2.6146955574385666
2023-01-05 21:47:00+00:00,-25.0,long,is,,3833.0,3832.5,1,4,100537.5,-2.638905701488924
2023-01-05 21:49:00+00:00,-12.5,long,is,,3832.5,3832.25,1,1,100525.0,-2.6510107735141024
2023-01-05 21:55:00+00:00,-12.5,long,is,,3832.75,3832.5,1,5,100512.5,-2.6631158455392807
2023-01-05 21:57:00+00:00,12.5,long,is,,3832.25,3832.5,1,1,100525.0,-2.6510107735141024
2023-01-05 23:06:00+00:00,-25.0,long,is,,3832.75,3832.25,1,8,100500.0,-2.6752209175644595
2023-01-05 23:08:00+00:00,-12.5,long,is,,3832.5,3832.25,1,1,100487.5,-2.687325989589638
2023-01-05 23:10:00+00:00,-12.5,long,is,,3832.25,3832.0,1,1,100475.0,-2.699431061614817
2023-01-05 23:12:00+00:00,-37.5,long,is,,3832.5,3831.75,1,1,100437.5,-2.7357462776903523
2023-01-05 23:39:00+00:00,100.0,long,is,,3832.25,3834.25,1,26,100537.5,-2.638905701488924
2023-01-05 23:42:00+00:00,0.0,long,is,,3834.75,3834.75,1,2,100537.5,-2.638905701488924
2023-01-05 23:58:00+00:00,50.0,long,is,,3834.75,3835.75,1,15,100587.5,-2.5904854133882096
2023-01-06 00:00:00+00:00,-12.5,long,is,,3835.25,3835.0,1,1,100575.0,-2.602590485413388
2023-01-06 00:06:00+00:00,0.0,long,is,,3836.0,3836.0,1,5,100575.0,-2.602590485413388
2023-01-06 00:12:00+00:00,12.5,long,is,,3836.5,3836.75,1,5,100587.5,-2.5904854133882096
2023-01-06 00:14:00+00:00,0.0,long,is,,3836.0,3836.0,1,1,100587.5,-2.5904854133882096
2023-01-06 00:16:00+00:00,-37.5,long,is,,3836.25,3835.5,1,1,100550.0,-2.6268006294637454
2023-01-06 00:18:00+00:00,25.0,long,is,,3835.75,3836.25,1,1,100575.0,-2.602590485413388
2023-01-06 00:41:00+00:00,112.5,long,is,,3835.75,3838.0,1,22,100687.5,-2.4936448371867814
2023-01-06 00:43:00+00:00,12.5,long,is,,3837.75,3838.0,1,1,100700.0,-2.4815397651616027
2023-01-06 00:45:00+00:00,-12.5,long,is,,3838.25,3838.0,1,1,100687.5,-2.4936448371867814
2023-01-06 00:47:00+00:00,-12.5,long,is,,3838.25,3838.0,1,1,100675.0,-2.5057499092119597
2023-01-06 00:49:00+00:00,-12.5,long,is,,3838.5,3838.25,1,1,100662.5,-2.5178549812371385
2023-01-06 00:51:00+00:00,12.5,long,is,,3837.75,3838.0,1,1,100675.0,-2.5057499092119597
2023-01-06 00:53:00+00:00,0.0,long,is,,3838.0,3838.0,1,1,100675.0,-2.5057499092119597
2023-01-06 00:55:00+00:00,-12.5,long,is,,3838.0,3837.75,1,1,100662.5,-2.5178549812371385
2023-01-06 01:18:00+00:00,50.0,long,is,,3838.25,3839.25,1,22,100712.5,-2.4694346931364244
2023-01-06 01:20:00+00:00,-12.5,long,is,,3839.75,3839.5,1,1,100700.0,-2.4815397651616027
2023-01-06 01:22:00+00:00,-12.5,long,is,,3838.5,3838.25,1,1,100687.5,-2.4936448371867814
2023-01-06 01:24:00+00:00,25.0,long,is,,3839.25,3839.75,1,1,100712.5,-2.4694346931364244
2023-01-06 01:26:00+00:00,-12.5,long,is,,3839.75,3839.5,1,1,100700.0,-2.4815397651616027
2023-01-06 01:28:00+00:00,37.5,long,is,,3838.75,3839.5,1,1,100737.5,-2.445224549086067
2023-01-06 01:54:00+00:00,175.0,long,is,,3839.5,3843.0,1,25,100912.5,-2.2757535407335676
2023-01-06 01:57:00+00:00,25.0,long,is,,3842.75,3843.25,1,2,100937.5,-2.25154339668321
2023-01-06 02:13:00+00:00,12.5,long,is,,3844.0,3844.25,1,15,100950.0,-2.2394383246580314
2023-01-06 02:15:00+00:00,0.0,long,is,,3843.75,3843.75,1,1,100950.0,-2.2394383246580314
2023-01-06 02:21:00+00:00,0.0,long,is,,3844.5,3844.5,1,5,100950.0,-2.2394383246580314
2023-01-06 02:23:00+00:00,0.0,long,is,,3844.25,3844.25,1,1,100950.0,-2.2394383246580314
2023-01-06 02:33:00+00:00,12.5,long,is,,3844.5,3844.75,1,9,100962.5,-2.227333252632853
2023-01-06 02:35:00+00:00,-37.5,long,is,,3845.0,3844.25,1,1,100925.0,-2.263648468708389
2023-01-06 02:37:00+00:00,0.0,long,is,,3844.75,3844.75,1,1,100925.0,-2.263648468708389
2023-01-06 02:39:00+00:00,-12.5,long,is,,3844.25,3844.0,1,1,100912.5,-2.2757535407335676
2023-01-06 02:41:00+00:00,-25.0,long,is,,3844.0,3843.5,1,1,100887.5,-2.299963684783924
2023-01-06 02:43:00+00:00,0.0,long,is,,3843.5,3843.5,1,1,100887.5,-2.299963684783924
2023-01-06 02:45:00+00:00,12.5,long,is,,3843.5,3843.75,1,1,100900.0,-2.287858612758746
2023-01-06 02:49:00+00:00,0.0,long,is,,3844.25,3844.25,1,3,100900.0,-2.287858612758746
2023-01-06 02:51:00+00:00,-50.0,long,is,,3844.75,3843.75,1,1,100850.0,-2.3362789008594604
2023-01-06 02:53:00+00:00,-12.5,long,is,,3843.75,3843.5,1,1,100837.5,-2.3483839728846387
2023-01-06 02:55:00+00:00,0.0,long,is,,3844.0,3844.0,1,1,100837.5,-2.3483839728846387
2023-01-06 03:21:00+00:00,125.0,long,is,,3843.75,3846.25,1,25,100962.5,-2.227333252632853
2023-01-06 03:23:00+00:00,12.5,long,is,,3846.0,3846.25,1,1,100975.0,-2.215228180607675
2023-01-06 03:25:00+00:00,12.5,long,is,,3846.0,3846.25,1,1,100987.5,-2.203123108582496
2023-01-06 03:37:00+00:00,-12.5,long,is,,3847.0,3846.75,1,11,100975.0,-2.215228180607675
2023-01-06 03:39:00+00:00,-12.5,long,is,,3846.25,3846.0,1,1,100962.5,-2.227333252632853
2023-01-06 03:41:00+00:00,12.5,long,is,,3846.0,3846.25,1,1,100975.0,-2.215228180607675
2023-01-06 03:43:00+00:00,0.0,long,is,,3846.25,3846.25,1,1,100975.0,-2.215228180607675
2023-01-06 03:45:00+00:00,12.5,long,is,,3845.75,3846.0,1,1,100987.5,-2.203123108582496
2023-01-06 03:47:00+00:00,37.5,long,is,,3845.75,3846.5,1,1,101025.0,-2.1668078925069603
2023-01-06 03:49:00+00:00,-25.0,long,is,,3846.75,3846.25,1,1,101000.0,-2.1910180365573173
2023-01-06 03:51:00+00:00,12.5,long,is,,3846.0,3846.25,1,1,101012.5,-2.178912964532139
2023-01-06 03:59:00+00:00,-25.0,long,is,,3847.0,3846.5,1,7,100987.5,-2.203123108582496
2023-01-06 04:02:00+00:00,12.5,long,is,,3846.25,3846.5,1,2,101000.0,-2.1910180365573173
2023-01-06 04:08:00+00:00,0.0,long,is,,3846.75,3846.75,1,5,101000.0,-2.1910180365573173
2023-01-06 04:10:00+00:00,-12.5,long,is,,3846.25,3846.0,1,1,100987.5,-2.203123108582496
2023-01-06 04:25:00+00:00,-37.5,short,is,,3845.75,3846.5,1,14,100950.0,-2.2394383246580314
2023-01-06 04:47:00+00:00,-25.0,long,is,,3846.75,3846.25,1,21,100925.0,-2.263648468708389
2023-01-06 04:50:00+00:00,-50.0,short,is,,3845.75,3846.75,1,2,100875.0,-2.312068756809103
2023-01-06 04:52:00+00:00,-12.5,long,is,,3847.0,3846.75,1,1,100862.5,-2.3241738288342817
2023-01-06 04:54:00+00:00,-25.0,long,is,,3847.0,3846.5,1,1,100837.5,-2.3483839728846387
2023-01-06 05:03:00+00:00,-37.5,long,is,,3847.5,3846.75,1,8,100800.0,-2.3846991889601745
2023-01-06 05:41:00+00:00,187.5,short,is,,3846.25,3842.5,1,37,100987.5,-2.203123108582496
2023-01-06 06:00:00+00:00,50.0,short,is,,3842.25,3841.25,1,18,101037.5,-2.154702820481782
2023-01-06 06:02:00+00:00,0.0,short,is,,3842.0,3842.0,1,1,101037.5,-2.154702820481782
2023-01-06 06:04:00+00:00,25.0,short,is,,3842.0,3841.5,1,1,101062.5,-2.130492676431425
2023-01-06 06:06:00+00:00,25.0,short,is,,3842.0,3841.5,1,1,101087.5,-2.1062825323810674
2023-01-06 06:08:00+00:00,12.5,short,is,,3841.25,3841.0,1,1,101100.0,-2.094177460355889
2023-01-06 06:10:00+00:00,-37.5,short,is,,3841.5,3842.25,1,1,101062.5,-2.130492676431425
2023-01-06 06:12:00+00:00,-12.5,short,is,,3842.0,3842.25,1,1,101050.0,-2.1425977484566032
2023-01-06 06:14:00+00:00,-12.5,short,is,,3842.5,3842.75,1,1,101037.5,-2.154702820481782
2023-01-06 06:16:00+00:00,37.5,short,is,,3843.5,3842.75,1,1,101075.0,-2.118387604406246
2023-01-06 06:18:00+00:00,0.0,short,is,,3842.0,3842.0,1,1,101075.0,-2.118387604406246
2023-01-06 06:22:00+00:00,0.0,short,is,,3842.0,3842.0,1,3,101075.0,-2.118387604406246
2023-01-06 06:41:00+00:00,62.5,short,is,,3842.25,3841.0,1,18,101137.5,-2.0578622442803534
2023-01-06 06:43:00+00:00,0.0,short,is,,3841.75,3841.75,1,1,101137.5,-2.0578622442803534
2023-01-06 06:45:00+00:00,12.5,short,is,,3841.75,3841.5,1,1,101150.0,-2.0457571722551746
2023-01-06 06:47:00+00:00,0.0,short,is,,3841.75,3841.75,1,1,101150.0,-2.0457571722551746
2023-01-06 06:49:00+00:00,0.0,short,is,,3841.75,3841.75,1,1,101150.0,-2.0457571722551746
2023-01-06 06:51:00+00:00,-12.5,short,is,,3841.5,3841.75,1,1,101137.5,-2.0578622442803534
2023-01-06 06:53:00+00:00,-12.5,short,is,,3841.5,3841.75,1,1,101125.0,-2.069967316305532
2023-01-06 06:56:00+00:00,0.0,short,is,,3841.5,3841.5,1,2,101125.0,-2.069967316305532
2023-01-06 07:01:00+00:00,-62.5,short,is,,3841.5,3842.75,1,4,101062.5,-2.130492676431425
2023-01-06 07:16:00+00:00,-25.0,long,is,,3843.5,3843.0,1,14,101037.5,-2.154702820481782
2023-01-06 07:18:00+00:00,0.0,long,is,,3842.0,3842.0,1,1,101037.5,-2.154702820481782
2023-01-06 08:01:00+00:00,362.5,short,is,,3841.5,3834.25,1,42,101400.0,-1.803655731751604
2023-01-06 08:03:00+00:00,-100.0,short,is,,3833.0,3835.0,1,1,101300.0,-1.9004963079530324
2023-01-06 08:18:00+00:00,37.5,short,is,,3834.5,3833.75,1,14,101337.5,-1.8641810918774968
2023-01-06 08:20:00+00:00,-62.5,short,is,,3834.75,3836.0,1,1,101275.0,-1.9247064520033896
2023-01-06 08:22:00+00:00,75.0,short,is,,3835.25,3833.75,1,1,101350.0,-1.852076019852318
2023-01-06 08:24:00+00:00,12.5,short,is,,3834.0,3833.75,1,1,101362.5,-1.8399709478271395
2023-01-06 08:26:00+00:00,-12.5,short,is,,3833.75,3834.0,1,1,101350.0,-1.852076019852318
2023-01-06 08:28:00+00:00,50.0,short,is,,3835.0,3834.0,1,1,101400.0,-1.803655731751604
2023-01-06 08:30:00+00:00,0.0,short,is,,3834.25,3834.25,1,1,101400.0,-1.803655731751604
2023-01-06 08:32:00+00:00,62.5,short,is,,3835.25,3834.0,1,1,101462.5,-1.7431303716257112
2023-01-06 08:36:00+00:00,-62.5,short,is,,3833.5,3834.75,1,3,101400.0,-1.803655731751604
2023-01-06 08:38:00+00:00,-50.0,short,is,,3834.5,3835.5,1,1,101350.0,-1.852076019852318
2023-01-06 08:40:00+00:00,-37.5,short,is,,3835.25,3836.0,1,1,101312.5,-1.8883912359278536
2023-01-06 08:42:00+00:00,12.5,short,is,,3834.75,3834.5,1,1,101325.0,-1.8762861639026753
2023-01-06 08:49:00+00:00,-62.5,short,is,,3833.25,3834.5,1,6,101262.5,-1.936811524028568
2023-01-06 08:54:00+00:00,-62.5,short,is,,3833.25,3834.5,1,4,101200.0,-1.9973368841544608
2023-01-06 08:56:00+00:00,-37.5,short,is,,3834.5,3835.25,1,1,101162.5,-2.0336521002299963
2023-01-06 09:02:00+00:00,-112.5,long,is,,3835.5,3833.25,1,5,101050.0,-2.1425977484566032
2023-01-06 09:43:00+00:00,262.5,short,is,,3832.75,3827.5,1,40,101312.5,-1.8883912359278536
2023-01-06 09:45:00+00:00,50.0,short,is,,3829.0,3828.0,1,1,101362.5,-1.8399709478271395
2023-01-06 09:47:00+00:00,0.0,short,is,,3828.0,3828.0,1,1,101362.5,-1.8399709478271395
2023-01-06 09:49:00+00:00,12.5,short,is,,3828.75,3828.5,1,1,101375.0,-1.8278658758019608
2023-01-06 09:51:00+00:00,62.5,short,is,,3828.75,3827.5,1,1,101437.5,-1.7673405156760684
2023-01-06 09:53:00+00:00,-25.0,short,is,,3827.75,3828.25,1,1,101412.5,-1.7915506597264252
2023-01-06 09:55:00+00:00,-50.0,short,is,,3828.5,3829.5,1,1,101362.5,-1.8399709478271395
2023-01-06 09:57:00+00:00,12.5,short,is,,3829.0,3828.75,1,1,101375.0,-1.8278658758019608
2023-01-06 09:59:00+00:00,12.5,short,is,,3829.5,3829.25,1,1,101387.5,-1.8157608037767825
2023-01-06 10:05:00+00:00,50.0,short,is,,3829.75,3828.75,1,5,101437.5,-1.7673405156760684
2023-01-06 10:07:00+00:00,0.0,short,is,,3829.0,3829.0,1,1,101437.5,-1.7673405156760684
2023-01-06 10:10:00+00:00,-12.5,short,is,,3828.25,3828.5,1,2,101425.0,-1.7794455877012467
2023-01-06 10:12:00+00:00,-62.5,short,is,,3829.0,3830.25,1,1,101362.5,-1.8399709478271395
2023-01-06 10:29:00+00:00,-25.0,long,is,,3831.0,3830.5,1,16,101337.5,-1.8641810918774968
2023-01-06 10:31:00+00:00,12.5,long,is,,3830.0,3830.25,1,1,101350.0,-1.852076019852318
2023-01-06 10:33:00+00:00,12.5,long,is,,3830.5,3830.75,1,1,101362.5,-1.8399709478271395
2023-01-06 10:35:00+00:00,-12.5,long,is,,3830.75,3830.5,1,1,101350.0,-1.852076019852318
2023-01-06 10:37:00+00:00,62.5,long,is,,3830.25,3831.5,1,1,101412.5,-1.7915506597264252
2023-01-06 10:39:00+00:00,-25.0,long,is,,3831.75,3831.25,1,1,101387.5,-1.8157608037767825
2023-01-06 10:48:00+00:00,-25.0,long,is,,3832.0,3831.5,1,8,101362.5,-1.8399709478271395
2023-01-06 10:51:00+00:00,12.5,long,is,,3831.5,3831.75,1,2,101375.0,-1.8278658758019608
2023-01-06 10:53:00+00:00,-87.5,long,is,,3832.25,3830.5,1,1,101287.5,-1.912601379978211
2023-01-06 10:55:00+00:00,37.5,long,is,,3830.25,3831.0,1,1,101325.0,-1.8762861639026753
2023-01-06 10:57:00+00:00,12.5,long,is,,3830.25,3830.5,1,1,101337.5,-1.8641810918774968
2023-01-06 10:59:00+00:00,-75.0,long,is,,3830.25,3828.75,1,1,101262.5,-1.936811524028568
2023-01-06 11:05:00+00:00,-125.0,short,is,,3828.0,3830.5,1,5,101137.5,-2.0578622442803534
2023-01-06 11:28:00+00:00,100.0,long,is,,3830.5,3832.5,1,22,101237.5,-1.9610216680789252
2023-01-06 11:30:00+00:00,25.0,long,is,,3832.0,3832.5,1,1,101262.5,-1.936811524028568
2023-01-06 11:32:00+00:00,-62.5,long,is,,3833.5,3832.25,1,1,101200.0,-1.9973368841544608
2023-01-06 11:34:00+00:00,-12.5,long,is,,3831.75,3831.5,1,1,101187.5,-2.0094419561796393
2023-01-06 11:36:00+00:00,-25.0,long,is,,3831.75,3831.25,1,1,101162.5,-2.0336521002299963
2023-01-06 11:50:00+00:00,37.5,short,is,,3830.75,3830.0,1,13,101200.0,-1.9973368841544608
2023-01-06 11:52:00+00:00,12.5,short,is,,3831.0,3830.75,1,1,101212.5,-1.985231812129282
2023-01-06 11:54:00+00:00,25.0,short,is,,3830.25,3829.75,1,1,101237.5,-1.9610216680789252
2023-01-06 11:56:00+00:00,25.0,short,is,,3831.0,3830.5,1,1,101262.5,-1.936811524028568
2023-01-06 11:58:00+00:00,-50.0,short,is,,3830.25,3831.25,1,1,101212.5,-1.985231812129282
2023-01-06 12:00:00+00:00,37.5,short,is,,3831.0,3830.25,1,1,101250.0,-1.9489165960537465
2023-01-06 12:20:00+00:00,0.0,short,is,,3829.0,3829.0,1,19,101250.0,-1.9489165960537465
2023-01-06 12:22:00+00:00,-25.0,short,is,,3828.75,3829.25,1,1,101225.0,-1.9731267401041037
2023-01-06 12:24:00+00:00,-25.0,short,is,,3829.0,3829.5,1,1,101200.0,-1.9973368841544608
2023-01-06 12:26:00+00:00,-37.5,short,is,,3830.25,3831.0,1,1,101162.5,-2.0336521002299963
2023-01-06 12:34:00+00:00,-87.5,long,is,,3831.25,3829.5,1,7,101075.0,-2.118387604406246
2023-01-06 12:36:00+00:00,-12.5,short,is,,3830.0,3830.25,1,1,101062.5,-2.130492676431425
2023-01-06 12:51:00+00:00,12.5,short,is,,3829.25,3829.0,1,14,101075.0,-2.118387604406246
2023-01-06 12:54:00+00:00,-50.0,short,is,,3827.75,3828.75,1,2,101025.0,-2.1668078925069603
2023-01-06 13:00:00+00:00,-150.0,long,is,,3830.75,3827.75,1,5,100875.0,-2.312068756809103
2023-01-06 13:11:00+00:00,-75.0,short,is,,3826.5,3828.0,1,10,100800.0,-2.3846991889601745
2023-01-06 13:13:00+00:00,-62.5,short,is,,3827.25,3828.5,1,1,100737.5,-2.445224549086067
2023-01-06 13:27:00+00:00,37.5,short,is,,3827.25,3826.5,1,13,100775.0,-2.4089093330105316
2023-01-06 13:29:00+00:00,-37.5,short,is,,3824.5,3825.25,1,1,100737.5,-2.445224549086067
2023-01-06 13:31:00+00:00,-1200.0,short,is,,3822.0,3846.0,1,1,99537.5,-3.607311463503208
2023-01-06 14:07:00+00:00,1337.5,long,is,,3839.75,3866.5,1,35,100875.0,-2.312068756809103
2023-01-06 14:09:00+00:00,-100.0,long,is,,3864.75,3862.75,1,1,100775.0,-2.4089093330105316
2023-01-06 14:11:00+00:00,50.0,long,is,,3862.75,3863.75,1,1,100825.0,-2.360489044909817
2023-01-06 14:13:00+00:00,-25.0,long,is,,3862.25,3861.75,1,1,100800.0,-2.3846991889601745
2023-01-06 14:15:00+00:00,25.0,long,is,,3865.0,3865.5,1,1,100825.0,-2.360489044909817
2023-01-06 14:17:00+00:00,-62.5,long,is,,3866.0,3864.75,1,1,100762.5,-2.42101440503571
2023-01-06 14:19:00+00:00,-50.0,long,is,,3862.5,3861.5,1,1,100712.5,-2.4694346931364244
2023-01-06 14:21:00+00:00,-112.5,long,is,,3860.5,3858.25,1,1,100600.0,-2.5783803413630313
2023-01-06 14:23:00+00:00,62.5,long,is,,3858.25,3859.5,1,1,100662.5,-2.5178549812371385
2023-01-06 14:25:00+00:00,62.5,long,is,,3859.0,3860.25,1,1,100725.0,-2.4573296211112456
2023-01-06 14:29:00+00:00,-25.0,long,is,,3861.25,3860.75,1,3,100700.0,-2.4815397651616027
2023-01-06 14:31:00+00:00,-150.0,long,is,,3861.25,3858.25,1,1,100550.0,-2.6268006294637454
2023-01-06 14:33:00+00:00,162.5,long,is,,3857.75,3861.0,1,1,100712.5,-2.4694346931364244
2023-01-06 14:38:00+00:00,-550.0,long,is,,3868.5,3857.5,1,4,100162.5,-3.0020578622442806
2023-01-06 14:56:00+00:00,75.0,short,is,,3849.25,3847.75,1,17,100237.5,-2.929427430093209
2023-01-06 14:58:00+00:00,225.0,short,is,,3846.0,3841.5,1,1,100462.5,-2.7115361336399952
2023-01-06 15:00:00+00:00,-75.0,short,is,,3841.0,3842.5,1,1,100387.5,-2.7841665657910664
2023-01-06 15:02:00+00:00,-187.5,short,is,,3848.5,3852.25,1,1,100200.0,-2.9657426461687444
2023-01-06 15:27:00+00:00,237.5,long,is,,3861.5,3866.25,1,24,100437.5,-2.7357462776903523
2023-01-06 15:29:00+00:00,0.0,long,is,,3864.0,3864.0,1,1,100437.5,-2.7357462776903523
2023-01-06 16:14:00+00:00,1262.5,long,is,,3864.5,3889.75,1,44,101700.0,-1.5131340031473186
2023-01-06 16:17:00+00:00,0.0,long,is,,3888.75,3888.75,1,2,101700.0,-1.5131340031473186
2023-01-06 16:19:00+00:00,50.0,long,is,,3887.75,3888.75,1,1,101750.0,-1.4647137150466045
2023-01-06 16:21:00+00:00,75.0,long,is,,3888.75,3890.25,1,1,101825.0,-1.3920832828955332
2023-01-06 16:27:00+00:00,-150.0,long,is,,3892.75,3889.75,1,5,101675.0,-1.5373441471976759
2023-01-06 16:29:00+00:00,112.5,long,is,,3888.5,3890.75,1,1,101787.5,-1.4283984989710687
2023-01-06 16:31:00+00:00,-62.5,long,is,,3889.25,3888.0,1,1,101725.0,-1.4889238590969616
2023-01-06 16:33:00+00:00,150.0,long,is,,3886.75,3889.75,1,1,101875.0,-1.343662994794819
2023-01-06 16:44:00+00:00,-12.5,long,is,,3890.25,3890.0,1,10,101862.5,-1.3557680668199976
2023-01-06 17:08:00+00:00,400.0,long,is,,3891.0,3899.0,1,23,102262.5,-0.968405762014284
2023-01-06 17:10:00+00:00,0.0,long,is,,3898.75,3898.75,1,1,102262.5,-0.968405762014284
2023-01-06 17:12:00+00:00,-75.0,long,is,,3900.5,3899.0,1,1,102187.5,-1.0410361941653554
2023-01-06 17:14:00+00:00,-12.5,long,is,,3897.25,3897.0,1,1,102175.0,-1.0531412661905337
2023-01-06 17:16:00+00:00,12.5,long,is,,3895.75,3896.0,1,1,102187.5,-1.0410361941653554
2023-01-06 17:18:00+00:00,37.5,long,is,,3894.75,3895.5,1,1,102225.0,-1.0047209780898196
2023-01-06 17:20:00+00:00,-12.5,long,is,,3897.5,3897.25,1,1,102212.5,-1.0168260501149982
2023-01-06 17:22:00+00:00,0.0,long,is,,3896.5,3896.5,1,1,102212.5,-1.0168260501149982
2023-01-06 17:24:00+00:00,-137.5,long,is,,3895.0,3892.25,1,1,102075.0,-1.149981842391962
2023-01-06 17:46:00+00:00,-87.5,short,is,,3890.25,3892.0,1,21,101987.5,-1.2347173465682122
2023-01-06 17:48:00+00:00,-12.5,short,is,,3891.75,3892.0,1,1,101975.0,-1.2468224185933907
2023-01-06 17:50:00+00:00,37.5,short,is,,3892.5,3891.75,1,1,102012.5,-1.210507202517855
2023-01-06 18:01:00+00:00,50.0,short,is,,3891.5,3890.5,1,10,102062.5,-1.1620869144171408
2023-01-06 18:06:00+00:00,-75.0,short,is,,3890.0,3891.5,1,4,101987.5,-1.2347173465682122
2023-01-06 18:08:00+00:00,25.0,short,is,,3893.25,3892.75,1,1,102012.5,-1.210507202517855
2023-01-06 18:10:00+00:00,-37.5,short,is,,3891.25,3892.0,1,1,101975.0,-1.2468224185933907
2023-01-06 18:12:00+00:00,0.0,short,is,,3891.0,3891.0,1,1,101975.0,-1.2468224185933907
2023-01-06 18:23:00+00:00,-75.0,long,is,,3894.0,3892.5,1,10,101900.0,-1.319452850744462
2023-01-06 18:25:00+00:00,-50.0,short,is,,3893.25,3894.25,1,1,101850.0,-1.3678731388451761
2023-01-06 18:47:00+00:00,175.0,long,is,,3895.5,3899.0,1,21,102025.0,-1.1984021304926764
2023-01-06 18:51:00+00:00,-112.5,long,is,,3901.5,3899.25,1,3,101912.5,-1.3073477787192833
2023-01-06 18:53:00+00:00,50.0,long,is,,3898.5,3899.5,1,1,101962.5,-1.2589274906185692
2023-01-06 18:55:00+00:00,25.0,long,is,,3900.0,3900.5,1,1,101987.5,-1.2347173465682122
2023-01-06 19:47:00+00:00,700.0,long,is,,3901.75,3915.75,1,51,102687.5,-0.5568333131582133
2023-01-06 20:13:00+00:00,350.0,long,is,,3917.0,3924.0,1,25,103037.5,-0.2178912964532139
2023-01-06 20:19:00+00:00,-100.0,long,is,,3925.75,3923.75,1,5,102937.5,-0.3147318726546423
2023-01-06 20:21:00+00:00,-137.5,long,is,,3923.5,3920.75,1,1,102800.0,-0.4478876649316063
2023-01-06 20:23:00+00:00,100.0,long,is,,3919.75,3921.75,1,1,102900.0,-0.3510470887301779
2023-01-06 20:25:00+00:00,50.0,long,is,,3921.5,3922.5,1,1,102950.0,-0.30262680062946373
2023-01-06 20:27:00+00:00,-50.0,long,is,,3921.25,3920.25,1,1,102900.0,-0.3510470887301779
2023-01-06 20:29:00+00:00,37.5,long,is,,3919.5,3920.25,1,1,102937.5,-0.3147318726546423
2023-01-06 20:31:00+00:00,162.5,long,is,,3919.75,3923.0,1,1,103100.0,-0.15736593632732115
2023-01-06 20:34:00+00:00,-75.0,long,is,,3924.5,3923.0,1,2,103025.0,-0.22999636847839244
2023-01-06 20:39:00+00:00,-112.5,long,is,,3923.25,3921.0,1,4,102912.5,-0.3389420167049994
2023-01-06 20:50:00+00:00,-137.5,long,is,,3923.75,3921.0,1,10,102775.0,-0.4720978089819634
2023-01-06 21:17:00+00:00,112.5,short,is,,3917.5,3915.25,1,26,102887.5,-0.3631521607553565
2023-01-06 21:21:00+00:00,25.0,short,is,,3914.5,3914.0,1,3,102912.5,-0.3389420167049994
2023-01-06 21:23:00+00:00,-12.5,short,is,,3913.75,3914.0,1,1,102900.0,-0.3510470887301779
2023-01-06 21:25:00+00:00,-12.5,short,is,,3914.25,3914.5,1,1,102887.5,-0.3631521607553565
2023-01-06 21:27:00+00:00,-37.5,short,is,,3913.5,3914.25,1,1,102850.0,-0.3994673768308922
2023-01-06 21:32:00+00:00,-25.0,short,is,,3913.75,3914.25,1,4,102825.0,-0.4236775208812492
2023-01-06 21:35:00+00:00,-25.0,short,is,,3913.5,3914.0,1,2,102800.0,-0.4478876649316063
2023-01-06 21:38:00+00:00,0.0,short,is,,3913.75,3913.75,1,2,102800.0,-0.4478876649316063
2023-01-06 21:42:00+00:00,0.0,short,is,,3914.25,3914.25,1,3,102800.0,-0.4478876649316063
2023-01-06 21:44:00+00:00,-25.0,short,is,,3914.25,3914.75,1,1,102775.0,-0.4720978089819634
2023-01-06 21:46:00+00:00,25.0,short,is,,3914.75,3914.25,1,1,102800.0,-0.4478876649316063
2023-01-06 21:48:00+00:00,0.0,short,is,,3914.0,3914.0,1,1,102800.0,-0.4478876649316063
2023-01-08 23:01:00+00:00,-437.5,short,is,,3913.75,3922.5,1,12,102362.5,-0.8715651858128556
2023-01-08 23:21:00+00:00,-12.5,long,is,,3922.75,3922.5,1,19,102350.0,-0.8836702578380342
2023-01-08 23:23:00+00:00,-50.0,long,is,,3922.75,3921.75,1,1,102300.0,-0.9320905459387484
2023-01-08 23:25:00+00:00,0.0,long,is,,3921.5,3921.5,1,1,102300.0,-0.9320905459387484
2023-01-08 23:27:00+00:00,0.0,long,is,,3920.25,3920.25,1,1,102300.0,-0.9320905459387484
2023-01-08 23:29:00+00:00,-25.0,long,is,,3920.25,3919.75,1,1,102275.0,-0.9563006899891054
2023-01-08 23:31:00+00:00,50.0,long,is,,3920.75,3921.75,1,1,102325.0,-0.9078804018883913
2023-01-08 23:38:00+00:00,-75.0,long,is,,3923.5,3922.0,1,6,102250.0,-0.9805108340394626
2023-01-08 23:40:00+00:00,-12.5,long,is,,3922.0,3921.75,1,1,102237.5,-0.992615906064641
2023-01-08 23:42:00+00:00,-37.5,long,is,,3922.0,3921.25,1,1,102200.0,-1.0289311221401767
2023-01-08 23:44:00+00:00,12.5,long,is,,3921.5,3921.75,1,1,102212.5,-1.0168260501149982
2023-01-08 23:49:00+00:00,-12.5,long,is,,3922.0,3921.75,1,4,102200.0,-1.0289311221401767
2023-01-08 23:51:00+00:00,-12.5,long,is,,3922.25,3922.0,1,1,102187.5,-1.0410361941653554
2023-01-08 23:53:00+00:00,-25.0,long,is,,3922.25,3921.75,1,1,102162.5,-1.0652463382157125
2023-01-08 23:57:00+00:00,-12.5,long,is,,3922.25,3922.0,1,3,102150.0,-1.077351410240891
2023-01-08 23:59:00+00:00,0.0,long,is,,3922.0,3922.0,1,1,102150.0,-1.077351410240891
2023-01-09 00:03:00+00:00,-25.0,long,is,,3922.75,3922.25,1,3,102125.0,-1.101561554291248
2023-01-09 00:05:00+00:00,0.0,long,is,,3922.25,3922.25,1,1,102125.0,-1.101561554291248
2023-01-09 00:07:00+00:00,25.0,long,is,,3921.5,3922.0,1,1,102150.0,-1.077351410240891
2023-01-09 00:09:00+00:00,-25.0,long,is,,3921.25,3920.75,1,1,102125.0,-1.101561554291248
2023-01-09 00:11:00+00:00,-12.5,long,is,,3920.5,3920.25,1,1,102112.5,-1.1136666263164265
2023-01-09 00:13:00+00:00,37.5,long,is,,3920.5,3921.25,1,1,102150.0,-1.077351410240891
2023-01-09 00:15:00+00:00,-37.5,long,is,,3921.25,3920.5,1,1,102112.5,-1.1136666263164265
2023-01-09 00:17:00+00:00,0.0,long,is,,3920.25,3920.25,1,1,102112.5,-1.1136666263164265
2023-01-09 00:26:00+00:00,0.0,short,is,,3920.25,3920.25,1,8,102112.5,-1.1136666263164265
2023-01-09 00:28:00+00:00,12.5,short,is,,3921.0,3920.75,1,1,102125.0,-1.101561554291248
2023-01-09 00:30:00+00:00,-12.5,short,is,,3920.25,3920.5,1,1,102112.5,-1.1136666263164265
2023-01-09 00:32:00+00:00,-50.0,short,is,,3921.0,3922.0,1,1,102062.5,-1.1620869144171408
2023-01-09 01:05:00+00:00,150.0,long,is,,3922.5,3925.5,1,32,102212.5,-1.0168260501149982
2023-01-09 01:08:00+00:00,-62.5,long,is,,3926.5,3925.25,1,2,102150.0,-1.077351410240891
2023-01-09 01:10:00+00:00,-12.5,long,is,,3925.25,3925.0,1,1,102137.5,-1.0894564822660695
2023-01-09 01:12:00+00:00,-37.5,long,is,,3925.0,3924.25,1,1,102100.0,-1.125771698341605
2023-01-09 01:14:00+00:00,37.5,long,is,,3924.0,3924.75,1,1,102137.5,-1.0894564822660695
2023-01-09 01:16:00+00:00,12.5,long,is,,3924.5,3924.75,1,1,102150.0,-1.077351410240891
2023-01-09 01:18:00+00:00,0.0,long,is,,3924.75,3924.75,1,1,102150.0,-1.077351410240891
2023-01-09 01:20:00+00:00,-50.0,long,is,,3924.75,3923.75,1,1,102100.0,-1.125771698341605
2023-01-09 01:22:00+00:00,0.0,long,is,,3924.25,3924.25,1,1,102100.0,-1.125771698341605
2023-01-09 01:24:00+00:00,-12.5,long,is,,3923.75,3923.5,1,1,102087.5,-1.1378767703667838
2023-01-09 01:26:00+00:00,-37.5,long,is,,3923.75,3923.0,1,1,102050.0,-1.1741919864423194
2023-01-09 01:28:00+00:00,0.0,long,is,,3923.25,3923.25,1,1,102050.0,-1.1741919864423194
2023-01-09 01:30:00+00:00,-25.0,long,is,,3923.25,3922.75,1,1,102025.0,-1.1984021304926764
2023-01-09 01:45:00+00:00,12.5,short,is,,3922.75,3922.5,1,14,102037.5,-1.186297058467498
2023-01-09 01:47:00+00:00,37.5,short,is,,3923.0,3922.25,1,1,102075.0,-1.149981842391962
2023-01-09 01:49:00+00:00,0.0,short,is,,3922.5,3922.5,1,1,102075.0,-1.149981842391962
2023-01-09 01:56:00+00:00,-75.0,long,is,,3923.0,3921.5,1,6,102000.0,-1.2226122745430335
2023-01-09 02:07:00+00:00,0.0,short,is,,3922.25,3922.25,1,10,102000.0,-1.2226122745430335
2023-01-09 02:09:00+00:00,25.0,short,is,,3923.0,3922.5,1,1,102025.0,-1.1984021304926764
2023-01-09 02:11:00+00:00,-12.5,short,is,,3922.5,3922.75,1,1,102012.5,-1.210507202517855
2023-01-09 02:13:00+00:00,-12.5,short,is,,3922.5,3922.75,1,1,102000.0,-1.2226122745430335
2023-01-09 02:15:00+00:00,-25.0,short,is,,3923.0,3923.5,1,1,101975.0,-1.2468224185933907
2023-01-09 02:17:00+00:00,12.5,short,is,,3923.75,3923.5,1,1,101987.5,-1.2347173465682122
2023-01-09 02:19:00+00:00,-25.0,short,is,,3923.0,3923.5,1,1,101962.5,-1.2589274906185692
2023-01-09 02:21:00+00:00,-25.0,short,is,,3922.75,3923.25,1,1,101937.5,-1.2831376346689263
2023-01-09 02:23:00+00:00,0.0,short,is,,3923.25,3923.25,1,1,101937.5,-1.2831376346689263
2023-01-09 02:25:00+00:00,-37.5,short,is,,3923.0,3923.75,1,1,101900.0,-1.319452850744462
2023-01-09 02:27:00+00:00,0.0,short,is,,3923.25,3923.25,1,1,101900.0,-1.319452850744462
2023-01-09 02:29:00+00:00,-37.5,short,is,,3922.75,3923.5,1,1,101862.5,-1.3557680668199976
2023-01-09 02:31:00+00:00,0.0,short,is,,3923.25,3923.25,1,1,101862.5,-1.3557680668199976
2023-01-09 02:35:00+00:00,-75.0,short,is,,3922.5,3924.0,1,3,101787.5,-1.4283984989710687
2023-01-09 02:48:00+00:00,-25.0,long,is,,3924.0,3923.5,1,12,101762.5,-1.452608643021426
2023-01-09 03:06:00+00:00,0.0,long,is,,3923.5,3923.5,1,17,101762.5,-1.452608643021426
2023-01-09 03:08:00+00:00,0.0,long,is,,3923.75,3923.75,1,1,101762.5,-1.452608643021426
2023-01-09 03:10:00+00:00,-12.5,long,is,,3923.25,3923.0,1,1,101750.0,-1.4647137150466045
2023-01-09 03:18:00+00:00,-50.0,short,is,,3922.75,3923.75,1,7,101700.0,-1.5131340031473186
2023-01-09 03:20:00+00:00,-12.5,long,is,,3923.75,3923.5,1,1,101687.5,-1.5252390751724973
2023-01-09 03:24:00+00:00,-37.5,long,is,,3923.75,3923.0,1,3,101650.0,-1.561554291248033
2023-01-09 03:35:00+00:00,-12.5,long,is,,3923.75,3923.5,1,10,101637.5,-1.5736593632732114
2023-01-09 03:37:00+00:00,12.5,long,is,,3923.75,3924.0,1,1,101650.0,-1.561554291248033
2023-01-09 03:39:00+00:00,-12.5,long,is,,3924.0,3923.75,1,1,101637.5,-1.5736593632732114
2023-01-09 03:41:00+00:00,0.0,long,is,,3923.75,3923.75,1,1,101637.5,-1.5736593632732114
2023-01-09 03:43:00+00:00,25.0,long,is,,3923.5,3924.0,1,1,101662.5,-1.5494492192228544
2023-01-09 03:56:00+00:00,12.5,long,is,,3923.75,3924.0,1,12,101675.0,-1.5373441471976759
2023-01-09 03:58:00+00:00,0.0,long,is,,3924.0,3924.0,1,1,101675.0,-1.5373441471976759
2023-01-09 04:04:00+00:00,-25.0,short,is,,3924.0,3924.5,1,5,101650.0,-1.561554291248033
2023-01-09 04:06:00+00:00,0.0,long,is,,3923.75,3923.75,1,1,101650.0,-1.561554291248033
2023-01-09 04:10:00+00:00,-25.0,short,is,,3923.75,3924.25,1,3,101625.0,-1.58576443529839
2023-01-09 04:20:00+00:00,0.0,long,is,,3924.0,3924.0,1,9,101625.0,-1.58576443529839
2023-01-09 04:58:00+00:00,262.5,long,is,,3924.0,3929.25,1,37,101887.5,-1.3315579227696404
2023-01-09 05:02:00+00:00,0.0,long,is,,3929.75,3929.75,1,3,101887.5,-1.3315579227696404
2023-01-09 05:04:00+00:00,-25.0,long,is,,3929.75,3929.25,1,1,101862.5,-1.3557680668199976
2023-01-09 05:06:00+00:00,-12.5,long,is,,3929.5,3929.25,1,1,101850.0,-1.3678731388451761
2023-01-09 05:08:00+00:00,0.0,long,is,,3929.25,3929.25,1,1,101850.0,-1.3678731388451761
2023-01-09 05:10:00+00:00,-37.5,long,is,,3929.5,3928.75,1,1,101812.5,-1.4041883549207117
2023-01-09 05:13:00+00:00,0.0,long,is,,3929.0,3929.0,1,2,101812.5,-1.4041883549207117
2023-01-09 05:15:00+00:00,-12.5,long,is,,3928.75,3928.5,1,1,101800.0,-1.4162934269458904
2023-01-09 05:17:00+00:00,0.0,long,is,,3928.5,3928.5,1,1,101800.0,-1.4162934269458904
2023-01-09 05:19:00+00:00,-12.5,long,is,,3928.25,3928.0,1,1,101787.5,-1.4283984989710687
2023-01-09 05:21:00+00:00,25.0,long,is,,3927.5,3928.0,1,1,101812.5,-1.4041883549207117
2023-01-09 05:23:00+00:00,25.0,long,is,,3927.5,3928.0,1,1,101837.5,-1.3799782108703547
2023-01-09 05:25:00+00:00,-12.5,long,is,,3928.75,3928.5,1,1,101825.0,-1.3920832828955332
2023-01-09 05:32:00+00:00,-50.0,long,is,,3929.0,3928.0,1,6,101775.0,-1.4405035709962475
2023-01-09 05:39:00+00:00,12.5,long,is,,3928.0,3928.25,1,6,101787.5,-1.4283984989710687
2023-01-09 05:41:00+00:00,-37.5,long,is,,3928.0,3927.25,1,1,101750.0,-1.4647137150466045
2023-01-09 05:43:00+00:00,-25.0,long,is,,3928.25,3927.75,1,1,101725.0,-1.4889238590969616
2023-01-09 05:45:00+00:00,12.5,long,is,,3928.25,3928.5,1,1,101737.5,-1.476818787071783
2023-01-09 05:47:00+00:00,-25.0,long,is,,3928.5,3928.0,1,1,101712.5,-1.5010289311221403
2023-01-09 05:49:00+00:00,-25.0,long,is,,3928.25,3927.75,1,1,101687.5,-1.5252390751724973
2023-01-09 05:51:00+00:00,12.5,long,is,,3928.0,3928.25,1,1,101700.0,-1.5131340031473186
2023-01-09 05:54:00+00:00,-37.5,short,is,,3928.25,3929.0,1,2,101662.5,-1.5494492192228544
2023-01-09 06:01:00+00:00,-75.0,long,is,,3929.25,3927.75,1,6,101587.5,-1.6220796513739255
2023-01-09 06:04:00+00:00,-25.0,short,is,,3927.75,3928.25,1,2,101562.5,-1.6462897954242828
2023-01-09 06:17:00+00:00,0.0,short,is,,3928.0,3928.0,1,12,101562.5,-1.6462897954242828
2023-01-09 06:19:00+00:00,-50.0,short,is,,3927.5,3928.5,1,1,101512.5,-1.6947100835249969
2023-01-09 06:21:00+00:00,37.5,short,is,,3928.5,3927.75,1,1,101550.0,-1.6583948674494615
2023-01-09 06:23:00+00:00,25.0,short,is,,3928.25,3927.75,1,1,101575.0,-1.634184723399104
2023-01-09 06:25:00+00:00,-37.5,short,is,,3927.75,3928.5,1,1,101537.5,-1.67049993947464
2023-01-09 06:27:00+00:00,0.0,short,is,,3928.0,3928.0,1,1,101537.5,-1.67049993947464
2023-01-09 06:29:00+00:00,0.0,short,is,,3928.5,3928.5,1,1,101537.5,-1.67049993947464
2023-01-09 06:40:00+00:00,12.5,short,is,,3928.0,3927.75,1,10,101550.0,-1.6583948674494615
2023-01-09 06:42:00+00:00,12.5,short,is,,3927.75,3927.5,1,1,101562.5,-1.6462897954242828
2023-01-09 06:48:00+00:00,12.5,short,is,,3927.5,3927.25,1,5,101575.0,-1.634184723399104
2023-01-09 06:57:00+00:00,-12.5,short,is,,3927.25,3927.5,1,8,101562.5,-1.6462897954242828
2023-01-09 06:59:00+00:00,12.5,short,is,,3927.5,3927.25,1,1,101575.0,-1.634184723399104
2023-01-09 07:15:00+00:00,75.0,short,is,,3927.0,3925.5,1,15,101650.0,-1.561554291248033
2023-01-09 07:17:00+00:00,-25.0,short,is,,3925.5,3926.0,1,1,101625.0,-1.58576443529839
2023-01-09 07:19:00+00:00,0.0,short,is,,3926.25,3926.25,1,1,101625.0,-1.58576443529839
2023-01-09 07:21:00+00:00,-50.0,short,is,,3926.25,3927.25,1,1,101575.0,-1.634184723399104
2023-01-09 07:23:00+00:00,37.5,short,is,,3926.25,3925.5,1,1,101612.5,-1.5978695073235687
2023-01-09 07:27:00+00:00,-62.5,short,is,,3925.0,3926.25,1,3,101550.0,-1.6583948674494615
2023-01-09 08:08:00+00:00,300.0,short,is,,3926.25,3920.25,1,40,101850.0,-1.3678731388451761
2023-01-09 08:10:00+00:00,0.0,short,is,,3919.75,3919.75,1,1,101850.0,-1.3678731388451761
2023-01-09 08:12:00+00:00,-100.0,short,is,,3919.0,3921.0,1,1,101750.0,-1.4647137150466045
2023-01-09 08:15:00+00:00,50.0,short,is,,3920.5,3919.5,1,2,101800.0,-1.4162934269458904
2023-01-09 08:18:00+00:00,-37.5,short,is,,3919.25,3920.0,1,2,101762.5,-1.452608643021426
2023-01-09 08:20:00+00:00,0.0,short,is,,3920.5,3920.5,1,1,101762.5,-1.452608643021426
2023-01-09 08:22:00+00:00,-37.5,short,is,,3920.75,3921.5,1,1,101725.0,-1.4889238590969616
2023-01-09 08:24:00+00:00,12.5,short,is,,3922.25,3922.0,1,1,101737.5,-1.476818787071783
2023-01-09 08:26:00+00:00,25.0,short,is,,3921.75,3921.25,1,1,101762.5,-1.452608643021426
2023-01-09 08:29:00+00:00,0.0,short,is,,3922.0,3922.0,1,2,101762.5,-1.452608643021426
2023-01-09 08:31:00+00:00,25.0,short,is,,3922.25,3921.75,1,1,101787.5,-1.4283984989710687
2023-01-09 08:33:00+00:00,12.5,short,is,,3921.5,3921.25,1,1,101800.0,-1.4162934269458904
2023-01-09 08:44:00+00:00,12.5,short,is,,3920.75,3920.5,1,10,101812.5,-1.4041883549207117
2023-01-09 08:46:00+00:00,-50.0,short,is,,3921.0,3922.0,1,1,101762.5,-1.452608643021426
2023-01-09 08:48:00+00:00,50.0,short,is,,3921.25,3920.25,1,1,101812.5,-1.4041883549207117
2023-01-09 08:50:00+00:00,-37.5,short,is,,3920.5,3921.25,1,1,101775.0,-1.4405035709962475
2023-01-09 08:52:00+00:00,0.0,short,is,,3920.75,3920.75,1,1,101775.0,-1.4405035709962475
2023-01-09 08:55:00+00:00,-50.0,short,is,,3919.5,3920.5,1,2,101725.0,-1.4889238590969616
2023-01-09 08:57:00+00:00,0.0,short,is,,3920.75,3920.75,1,1,101725.0,-1.4889238590969616
2023-01-09 08:59:00+00:00,-37.5,short,is,,3920.25,3921.0,1,1,101687.5,-1.5252390751724973
2023-01-09 09:01:00+00:00,-87.5,short,is,,3919.75,3921.5,1,1,101600.0,-1.6099745793487472
2023-01-09 09:53:00+00:00,400.0,long,is,,3921.75,3929.75,1,51,102000.0,-1.2226122745430335
2023-01-09 09:55:00+00:00,37.5,long,is,,3929.0,3929.75,1,1,102037.5,-1.186297058467498
2023-01-09 09:57:00+00:00,-25.0,long,is,,3929.25,3928.75,1,1,102012.5,-1.210507202517855
2023-01-09 09:59:00+00:00,12.5,long,is,,3928.5,3928.75,1,1,102025.0,-1.1984021304926764
2023-01-09 10:01:00+00:00,-37.5,long,is,,3929.5,3928.75,1,1,101987.5,-1.2347173465682122
2023-01-09 10:03:00+00:00,0.0,long,is,,3928.75,3928.75,1,1,101987.5,-1.2347173465682122
2023-01-09 10:05:00+00:00,0.0,long,is,,3928.75,3928.75,1,1,101987.5,-1.2347173465682122
2023-01-09 10:31:00+00:00,162.5,long,is,,3928.75,3932.0,1,25,102150.0,-1.077351410240891
2023-01-09 10:33:00+00:00,-50.0,long,is,,3932.5,3931.5,1,1,102100.0,-1.125771698341605
2023-01-09 10:35:00+00:00,25.0,long,is,,3930.0,3930.5,1,1,102125.0,-1.101561554291248
2023-01-09 10:37:00+00:00,-37.5,long,is,,3931.75,3931.0,1,1,102087.5,-1.1378767703667838
2023-01-09 10:39:00+00:00,-12.5,long,is,,3930.75,3930.5,1,1,102075.0,-1.149981842391962
2023-01-09 10:41:00+00:00,0.0,long,is,,3929.25,3929.25,1,1,102075.0,-1.149981842391962
2023-01-09 10:43:00+00:00,37.5,long,is,,3929.75,3930.5,1,1,102112.5,-1.1136666263164265
2023-01-09 10:45:00+00:00,-12.5,long,is,,3930.25,3930.0,1,1,102100.0,-1.125771698341605
2023-01-09 10:47:00+00:00,-12.5,long,is,,3930.5,3930.25,1,1,102087.5,-1.1378767703667838
2023-01-09 10:49:00+00:00,-25.0,long,is,,3930.5,3930.0,1,1,102062.5,-1.1620869144171408
2023-01-09 10:54:00+00:00,-37.5,short,is,,3929.5,3930.25,1,4,102025.0,-1.1984021304926764
2023-01-09 11:07:00+00:00,0.0,long,is,,3930.75,3930.75,1,12,102025.0,-1.1984021304926764
2023-01-09 11:10:00+00:00,-25.0,long,is,,3931.0,3930.5,1,2,102000.0,-1.2226122745430335
2023-01-09 11:14:00+00:00,-62.5,short,is,,3930.0,3931.25,1,3,101937.5,-1.2831376346689263
2023-01-09 11:36:00+00:00,37.5,short,is,,3930.75,3930.0,1,21,101975.0,-1.2468224185933907
2023-01-09 11:38:00+00:00,-50.0,short,is,,3929.25,3930.25,1,1,101925.0,-1.2952427066941048
2023-01-09 11:41:00+00:00,-12.5,short,is,,3929.0,3929.25,1,2,101912.5,-1.3073477787192833
2023-01-09 11:44:00+00:00,-37.5,short,is,,3928.75,3929.5,1,2,101875.0,-1.343662994794819
2023-01-09 11:49:00+00:00,12.5,short,is,,3929.5,3929.25,1,4,101887.5,-1.3315579227696404
2023-01-09 11:53:00+00:00,-37.5,short,is,,3929.0,3929.75,1,3,101850.0,-1.3678731388451761
2023-01-09 11:57:00+00:00,-62.5,long,is,,3930.5,3929.25,1,3,101787.5,-1.4283984989710687
2023-01-09 12:02:00+00:00,-62.5,short,is,,3928.0,3929.25,1,4,101725.0,-1.4889238590969616
2023-01-09 12:04:00+00:00,-50.0,short,is,,3928.75,3929.75,1,1,101675.0,-1.5373441471976759
2023-01-09 12:22:00+00:00,-12.5,long,is,,3931.0,3930.75,1,17,101662.5,-1.5494492192228544
2023-01-09 12:26:00+00:00,-12.5,long,is,,3930.75,3930.5,1,3,101650.0,-1.561554291248033
2023-01-09 12:28:00+00:00,12.5,long,is,,3930.75,3931.0,1,1,101662.5,-1.5494492192228544
2023-01-09 12:30:00+00:00,12.5,long,is,,3930.5,3930.75,1,1,101675.0,-1.5373441471976759
2023-01-09 12:32:00+00:00,12.5,long,is,,3930.5,3930.75,1,1,101687.5,-1.5252390751724973
2023-01-09 12:49:00+00:00,0.0,long,is,,3933.25,3933.25,1,16,101687.5,-1.5252390751724973
2023-01-09 12:51:00+00:00,-37.5,long,is,,3932.5,3931.75,1,1,101650.0,-1.561554291248033
2023-01-09 12:53:00+00:00,25.0,long,is,,3931.0,3931.5,1,1,101675.0,-1.5373441471976759
2023-01-09 12:55:00+00:00,0.0,long,is,,3931.5,3931.5,1,1,101675.0,-1.5373441471976759
2023-01-09 12:57:00+00:00,-12.5,long,is,,3932.25,3932.0,1,1,101662.5,-1.5494492192228544
2023-01-09 12:59:00+00:00,-12.5,long,is,,3932.25,3932.0,1,1,101650.0,-1.561554291248033
2023-01-09 13:01:00+00:00,-37.5,long,is,,3931.75,3931.0,1,1,101612.5,-1.5978695073235687
2023-01-09 13:03:00+00:00,0.0,long,is,,3930.75,3930.75,1,1,101612.5,-1.5978695073235687
2023-01-09 13:19:00+00:00,12.5,short,is,,3929.5,3929.25,1,15,101625.0,-1.58576443529839
2023-01-09 13:21:00+00:00,-62.5,short,is,,3929.75,3931.0,1,1,101562.5,-1.6462897954242828
2023-01-09 13:23:00+00:00,-112.5,short,is,,3930.5,3932.75,1,1,101450.0,-1.7552354436508897
2023-01-09 13:45:00+00:00,175.0,long,is,,3932.25,3935.75,1,21,101625.0,-1.58576443529839
2023-01-09 13:47:00+00:00,-37.5,long,is,,3936.25,3935.5,1,1,101587.5,-1.6220796513739255
2023-01-09 13:49:00+00:00,-37.5,long,is,,3935.5,3934.75,1,1,101550.0,-1.6583948674494615
2023-01-09 13:51:00+00:00,0.0,long,is,,3934.0,3934.0,1,1,101550.0,-1.6583948674494615
2023-01-09 13:53:00+00:00,0.0,long,is,,3933.75,3933.75,1,1,101550.0,-1.6583948674494615
2023-01-09 13:55:00+00:00,75.0,long,is,,3933.75,3935.25,1,1,101625.0,-1.58576443529839
2023-01-09 13:57:00+00:00,-87.5,long,is,,3935.25,3933.5,1,1,101537.5,-1.67049993947464
2023-01-09 14:03:00+00:00,-150.0,short,is,,3932.0,3935.0,1,5,101387.5,-1.8157608037767825
2023-01-09 14:08:00+00:00,-12.5,long,is,,3934.25,3934.0,1,4,101375.0,-1.8278658758019608
2023-01-09 14:16:00+00:00,-12.5,long,is,,3934.0,3933.75,1,7,101362.5,-1.8399709478271395
2023-01-09 14:34:00+00:00,150.0,long,is,,3934.0,3937.0,1,17,101512.5,-1.6947100835249969
2023-01-09 14:36:00+00:00,-162.5,long,is,,3936.75,3933.5,1,1,101350.0,-1.852076019852318
2023-01-09 14:44:00+00:00,-262.5,short,is,,3931.75,3937.0,1,7,101087.5,-2.1062825323810674
2023-01-09 15:13:00+00:00,562.5,long,is,,3940.25,3951.5,1,28,101650.0,-1.561554291248033
2023-01-09 15:15:00+00:00,-25.0,long,is,,3950.0,3949.5,1,1,101625.0,-1.58576443529839
2023-01-09 15:22:00+00:00,-150.0,long,is,,3953.5,3950.5,1,6,101475.0,-1.7310252996005324
2023-01-09 15:24:00+00:00,-25.0,long,is,,3951.25,3950.75,1,1,101450.0,-1.7552354436508897
2023-01-09 15:26:00+00:00,-50.0,long,is,,3950.75,3949.75,1,1,101400.0,-1.803655731751604
2023-01-09 15:28:00+00:00,50.0,long,is,,3950.0,3951.0,1,1,101450.0,-1.7552354436508897
2023-01-09 15:30:00+00:00,-100.0,long,is,,3951.75,3949.75,1,1,101350.0,-1.852076019852318
2023-01-09 15:59:00+00:00,637.5,long,is,,3951.25,3964.0,1,28,101987.5,-1.2347173465682122
2023-01-09 16:01:00+00:00,62.5,long,is,,3962.25,3963.5,1,1,102050.0,-1.1741919864423194
2023-01-09 16:32:00+00:00,300.0,long,is,,3964.0,3970.0,1,30,102350.0,-0.8836702578380342
2023-01-09 16:34:00+00:00,-25.0,long,is,,3968.75,3968.25,1,1,102325.0,-0.9078804018883913
2023-01-09 16:36:00+00:00,25.0,long,is,,3966.25,3966.75,1,1,102350.0,-0.8836702578380342
2023-01-09 16:38:00+00:00,-37.5,long,is,,3968.75,3968.0,1,1,102312.5,-0.9199854739135698
2023-01-09 16:40:00+00:00,-62.5,long,is,,3966.5,3965.25,1,1,102250.0,-0.9805108340394626
2023-01-09 16:42:00+00:00,-12.5,long,is,,3965.75,3965.5,1,1,102237.5,-0.992615906064641
2023-01-09 16:44:00+00:00,100.0,long,is,,3965.25,3967.25,1,1,102337.5,-0.8957753298632126
2023-01-09 16:48:00+00:00,-25.0,long,is,,3967.25,3966.75,1,3,102312.5,-0.9199854739135698
2023-01-09 17:02:00+00:00,0.0,long,is,,3967.25,3967.25,1,13,102312.5,-0.9199854739135698
2023-01-09 17:04:00+00:00,-12.5,long,is,,3966.75,3966.5,1,1,102300.0,-0.9320905459387484
2023-01-09 17:06:00+00:00,-12.5,long,is,,3966.75,3966.5,1,1,102287.5,-0.9441956179639268
2023-01-09 17:29:00+00:00,112.5,short,is,,3966.0,3963.75,1,22,102400.0,-0.83524996973732
2023-01-09 17:31:00+00:00,37.5,short,is,,3965.0,3964.25,1,1,102437.5,-0.7989347536617843
2023-01-09 17:33:00+00:00,37.5,short,is,,3964.75,3964.0,1,1,102475.0,-0.7626195375862487
2023-01-09 17:49:00+00:00,275.0,short,is,,3964.75,3959.25,1,15,102750.0,-0.4963079530323205
2023-01-09 17:52:00+00:00,-112.5,short,is,,3957.5,3959.75,1,2,102637.5,-0.6052536012589275
2023-01-09 17:54:00+00:00,50.0,short,is,,3959.75,3958.75,1,1,102687.5,-0.5568333131582133
2023-01-09 17:56:00+00:00,25.0,short,is,,3959.0,3958.5,1,1,102712.5,-0.5326231691078562
2023-01-09 17:58:00+00:00,-75.0,short,is,,3957.75,3959.25,1,1,102637.5,-0.6052536012589275
2023-01-09 18:00:00+00:00,37.5,short,is,,3960.0,3959.25,1,1,102675.0,-0.5689383851833919
2023-01-09 18:02:00+00:00,-25.0,short,is,,3959.25,3959.75,1,1,102650.0,-0.593148529233749
2023-01-09 18:04:00+00:00,-100.0,short,is,,3957.25,3959.25,1,1,102550.0,-0.6899891054351773
2023-01-09 18:17:00+00:00,-50.0,short,is,,3955.5,3956.5,1,12,102500.0,-0.7384093935358915
2023-01-09 18:20:00+00:00,0.0,short,is,,3956.0,3956.0,1,2,102500.0,-0.7384093935358915
2023-01-09 18:22:00+00:00,12.5,short,is,,3957.0,3956.75,1,1,102512.5,-0.726304321510713
2023-01-09 18:24:00+00:00,87.5,short,is,,3959.0,3957.25,1,1,102600.0,-0.6415688173344631
2023-01-09 18:26:00+00:00,100.0,short,is,,3958.25,3956.25,1,1,102700.0,-0.5447282411330348
2023-01-09 18:30:00+00:00,-12.5,short,is,,3955.75,3956.0,1,3,102687.5,-0.5568333131582133
2023-01-09 18:58:00+00:00,712.5,short,is,,3955.25,3941.0,1,27,103400.0,0.0
2023-01-09 19:00:00+00:00,0.0,short,is,,3940.5,3940.5,1,1,103400.0,0.0
2023-01-09 19:02:00+00:00,-37.5,short,is,,3944.75,3945.5,1,1,103362.5,-0.03626692456479691
2023-01-09 19:04:00+00:00,112.5,short,is,,3946.5,3944.25,1,1,103475.0,0.0
2023-01-09 19:10:00+00:00,125.0,short,is,,3943.5,3941.0,1,5,103600.0,0.0
2023-01-09 19:12:00+00:00,-12.5,short,is,,3942.0,3942.25,1,1,103587.5,-0.012065637065637066
2023-01-09 19:22:00+00:00,-87.5,short,is,,3940.25,3942.0,1,9,103500.0,-0.09652509652509653
2023-01-09 19:24:00+00:00,-137.5,short,is,,3940.5,3943.25,1,1,103362.5,-0.22924710424710426
2023-01-09 19:26:00+00:00,0.0,short,is,,3943.0,3943.0,1,1,103362.5,-0.22924710424710426
2023-01-09 19:28:00+00:00,12.5,short,is,,3942.0,3941.75,1,1,103375.0,-0.2171814671814672
2023-01-09 19:30:00+00:00,75.0,short,is,,3942.75,3941.25,1,1,103450.0,-0.14478764478764478
2023-01-09 19:32:00+00:00,-87.5,short,is,,3940.75,3942.5,1,1,103362.5,-0.22924710424710426
2023-01-09 20:21:00+00:00,850.0,short,is,,3941.25,3924.25,1,48,104212.5,0.0
2023-01-09 20:23:00+00:00,-37.5,short,is,,3925.0,3925.75,1,1,104175.0,-0.035984166966534725
2023-01-09 20:43:00+00:00,262.5,short,is,,3924.25,3919.0,1,19,104437.5,0.0
2023-01-09 20:45:00+00:00,-100.0,short,is,,3918.5,3920.5,1,1,104337.5,-0.09575104727707959
2023-01-09 20:51:00+00:00,75.0,short,is,,3920.0,3918.5,1,5,104412.5,-0.023937761819269897
2023-01-09 20:53:00+00:00,62.5,short,is,,3919.25,3918.0,1,1,104475.0,0.0
2023-01-09 21:14:00+00:00,212.5,short,is,,3916.75,3912.5,1,20,104687.5,0.0
2023-01-09 21:18:00+00:00,12.5,short,is,,3912.0,3911.75,1,3,104700.0,0.0
2023-01-09 21:21:00+00:00,-25.0,short,is,,3911.0,3911.5,1,2,104675.0,-0.02387774594078319
2023-01-09 21:23:00+00:00,0.0,short,is,,3911.25,3911.25,1,1,104675.0,-0.02387774594078319
2023-01-09 21:25:00+00:00,-12.5,short,is,,3911.5,3911.75,1,1,104662.5,-0.03581661891117478
2023-01-09 21:27:00+00:00,0.0,short,is,,3912.0,3912.0,1,1,104662.5,-0.03581661891117478
2023-01-09 21:29:00+00:00,12.5,short,is,,3912.5,3912.25,1,1,104675.0,-0.02387774594078319
2023-01-09 21:31:00+00:00,12.5,short,is,,3912.25,3912.0,1,1,104687.5,-0.011938872970391595
2023-01-09 21:34:00+00:00,-12.5,short,is,,3911.75,3912.0,1,2,104675.0,-0.02387774594078319
2023-01-09 21:36:00+00:00,12.5,short,is,,3911.75,3911.5,1,1,104687.5,-0.011938872970391595
2023-01-09 21:38:00+00:00,-25.0,short,is,,3911.75,3912.25,1,1,104662.5,-0.03581661891117478
2023-01-09 21:42:00+00:00,-12.5,short,is,,3911.75,3912.0,1,3,104650.0,-0.04775549188156638
2023-01-09 21:44:00+00:00,0.0,short,is,,3911.75,3911.75,1,1,104650.0,-0.04775549188156638
2023-01-09 21:47:00+00:00,-25.0,short,is,,3912.0,3912.5,1,2,104625.0,-0.07163323782234957
2023-01-09 21:49:00+00:00,0.0,short,is,,3912.75,3912.75,1,1,104625.0,-0.07163323782234957
2023-01-09 21:51:00+00:00,0.0,short,is,,3912.75,3912.75,1,1,104625.0,-0.07163323782234957
2023-01-09 21:53:00+00:00,12.5,short,is,,3913.0,3912.75,1,1,104637.5,-0.059694364851957976
2023-01-09 21:55:00+00:00,0.0,short,is,,3913.0,3913.0,1,1,104637.5,-0.059694364851957976
2023-01-09 21:57:00+00:00,-12.5,short,is,,3913.25,3913.5,1,1,104625.0,-0.07163323782234957
2023-01-09 21:59:00+00:00,-12.5,short,is,,3913.25,3913.5,1,1,104612.5,-0.08357211079274117
2023-01-09 23:01:00+00:00,50.0,short,is,,3914.5,3913.5,1,1,104662.5,-0.03581661891117478
2023-01-09 23:03:00+00:00,37.5,short,is,,3913.5,3912.75,1,1,104700.0,0.0
2023-01-09 23:10:00+00:00,0.0,short,is,,3913.0,3913.0,1,6,104700.0,0.0
2023-01-09 23:14:00+00:00,-37.5,short,is,,3912.75,3913.5,1,3,104662.5,-0.03581661891117478
2023-01-09 23:19:00+00:00,12.5,short,is,,3913.0,3912.75,1,4,104675.0,-0.02387774594078319
2023-01-09 23:23:00+00:00,25.0,short,is,,3912.75,3912.25,1,3,104700.0,0.0
2023-01-09 23:25:00+00:00,-12.5,long,is,,3912.5,3912.25,1,1,104687.5,-0.011938872970391595
2023-01-09 23:27:00+00:00,-12.5,short,is,,3912.5,3912.75,1,1,104675.0,-0.02387774594078319
2023-01-09 23:37:00+00:00,-25.0,long,is,,3913.25,3912.75,1,9,104650.0,-0.04775549188156638
2023-01-09 23:40:00+00:00,0.0,long,is,,3912.75,3912.75,1,2,104650.0,-0.04775549188156638
2023-01-09 23:42:00+00:00,-12.5,long,is,,3912.5,3912.25,1,1,104637.5,-0.059694364851957976
2023-01-10 00:02:00+00:00,50.0,short,is,,3912.25,3911.25,1,19,104687.5,-0.011938872970391595
2023-01-10 00:04:00+00:00,-25.0,short,is,,3911.5,3912.0,1,1,104662.5,-0.03581661891117478
2023-01-10 00:06:00+00:00,12.5,short,is,,3911.75,3911.5,1,1,104675.0,-0.02387774594078319
2023-01-10 00:36:00+00:00,275.0,short,is,,3911.0,3905.5,1,29,104950.0,0.0
2023-01-10 00:38:00+00:00,-12.5,short,is,,3905.75,3906.0,1,1,104937.5,-0.011910433539780848
2023-01-10 00:40:00+00:00,0.0,short,is,,3906.25,3906.25,1,1,104937.5,-0.011910433539780848
2023-01-10 00:42:00+00:00,-25.0,short,is,,3906.5,3907.0,1,1,104912.5,-0.03573130061934254
2023-01-10 00:44:00+00:00,0.0,short,is,,3906.25,3906.25,1,1,104912.5,-0.03573130061934254
2023-01-10 00:46:00+00:00,-25.0,short,is,,3906.0,3906.5,1,1,104887.5,-0.05955216769890424
2023-01-10 00:48:00+00:00,-12.5,short,is,,3906.75,3907.0,1,1,104875.0,-0.07146260123868509
2023-01-10 00:50:00+00:00,-25.0,short,is,,3906.75,3907.25,1,1,104850.0,-0.09528346831824679
2023-01-10 00:52:00+00:00,12.5,short,is,,3907.25,3907.0,1,1,104862.5,-0.08337303477846593
2023-01-10 00:54:00+00:00,37.5,short,is,,3907.25,3906.5,1,1,104900.0,-0.04764173415912339
2023-01-10 00:59:00+00:00,-12.5,short,is,,3906.5,3906.75,1,4,104887.5,-0.05955216769890424
2023-01-10 01:01:00+00:00,-50.0,short,is,,3906.5,3907.5,1,1,104837.5,-0.10719390185802763
2023-01-10 01:05:00+00:00,-37.5,short,is,,3906.25,3907.0,1,3,104800.0,-0.14292520247737017
2023-01-10 01:07:00+00:00,-12.5,short,is,,3906.25,3906.5,1,1,104787.5,-0.15483563601715103
2023-01-10 01:09:00+00:00,-25.0,short,is,,3907.5,3908.0,1,1,104762.5,-0.17865650309671272
2023-01-10 01:11:00+00:00,-12.5,short,is,,3907.75,3908.0,1,1,104750.0,-0.19056693663649357
2023-01-10 01:13:00+00:00,12.5,short,is,,3907.5,3907.25,1,1,104762.5,-0.17865650309671272
2023-01-10 01:15:00+00:00,12.5,short,is,,3907.75,3907.5,1,1,104775.0,-0.16674606955693186
2023-01-10 01:17:00+00:00,0.0,short,is,,3907.25,3907.25,1,1,104775.0,-0.16674606955693186
2023-01-10 01:19:00+00:00,-25.0,short,is,,3907.5,3908.0,1,1,104750.0,-0.19056693663649357
2023-01-10 01:21:00+00:00,0.0,short,is,,3907.5,3907.5,1,1,104750.0,-0.19056693663649357
2023-01-10 01:34:00+00:00,0.0,long,is,,3908.0,3908.0,1,12,104750.0,-0.19056693663649357
2023-01-10 01:36:00+00:00,-25.0,long,is,,3908.5,3908.0,1,1,104725.0,-0.21438780371605526
2023-01-10 01:38:00+00:00,-12.5,long,is,,3908.0,3907.75,1,1,104712.5,-0.22629823725583612
2023-01-10 01:47:00+00:00,-50.0,short,is,,3907.0,3908.0,1,8,104662.5,-0.2739399714149595
2023-01-10 01:49:00+00:00,0.0,long,is,,3907.5,3907.5,1,1,104662.5,-0.2739399714149595
2023-01-10 02:10:00+00:00,150.0,long,is,,3908.0,3911.0,1,20,104812.5,-0.13101476893758932
2023-01-10 02:15:00+00:00,-12.5,long,is,,3911.75,3911.5,1,4,104800.0,-0.14292520247737017
2023-01-10 02:19:00+00:00,-25.0,long,is,,3911.5,3911.0,1,3,104775.0,-0.16674606955693186
2023-01-10 02:21:00+00:00,-12.5,long,is,,3910.75,3910.5,1,1,104762.5,-0.17865650309671272
2023-01-10 02:23:00+00:00,12.5,long,is,,3910.0,3910.25,1,1,104775.0,-0.16674606955693186
2023-01-10 02:25:00+00:00,-25.0,long,is,,3910.0,3909.5,1,1,104750.0,-0.19056693663649357
2023-01-10 02:27:00+00:00,-75.0,long,is,,3909.75,3908.25,1,1,104675.0,-0.26202953787517863
2023-01-10 02:48:00+00:00,250.0,short,is,,3907.0,3902.0,1,20,104925.0,-0.023820867079561697
2023-01-10 02:50:00+00:00,0.0,short,is,,3901.75,3901.75,1,1,104925.0,-0.023820867079561697
2023-01-10 02:52:00+00:00,0.0,short,is,,3902.5,3902.5,1,1,104925.0,-0.023820867079561697
2023-01-10 02:54:00+00:00,-25.0,short,is,,3902.5,3903.0,1,1,104900.0,-0.04764173415912339
2023-01-10 02:56:00+00:00,12.5,short,is,,3902.5,3902.25,1,1,104912.5,-0.03573130061934254
2023-01-10 02:58:00+00:00,-25.0,short,is,,3902.0,3902.5,1,1,104887.5,-0.05955216769890424
2023-01-10 03:00:00+00:00,-50.0,short,is,,3902.0,3903.0,1,1,104837.5,-0.10719390185802763
2023-01-10 03:02:00+00:00,12.5,short,is,,3902.25,3902.0,1,1,104850.0,-0.09528346831824679
2023-01-10 03:05:00+00:00,-37.5,short,is,,3901.25,3902.0,1,2,104812.5,-0.13101476893758932
2023-01-10 03:13:00+00:00,-12.5,short,is,,3902.0,3902.25,1,7,104800.0,-0.14292520247737017
2023-01-10 03:15:00+00:00,-25.0,short,is,,3902.75,3903.25,1,1,104775.0,-0.16674606955693186
2023-01-10 03:17:00+00:00,12.5,short,is,,3902.5,3902.25,1,1,104787.5,-0.15483563601715103
2023-01-10 03:19:00+00:00,12.5,short,is,,3902.5,3902.25,1,1,104800.0,-0.14292520247737017
2023-01-10 03:21:00+00:00,-37.5,short,is,,3902.75,3903.5,1,1,104762.5,-0.17865650309671272
2023-01-10 03:23:00+00:00,-75.0,short,is,,3903.75,3905.25,1,1,104687.5,-0.2501191043353978
2023-01-10 03:25:00+00:00,0.0,short,is,,3904.5,3904.5,1,1,104687.5,-0.2501191043353978
2023-01-10 03:27:00+00:00,12.5,short,is,,3904.0,3903.75,1,1,104700.0,-0.23820867079561697
2023-01-10 03:29:00+00:00,0.0,short,is,,3903.75,3903.75,1,1,104700.0,-0.23820867079561697
2023-01-10 04:00:00+00:00,162.5,short,is,,3904.5,3901.25,1,30,104862.5,-0.08337303477846593
2023-01-10 04:02:00+00:00,0.0,short,is,,3902.5,3902.5,1,1,104862.5,-0.08337303477846593
2023-01-10 04:16:00+00:00,-37.5,long,is,,3902.75,3902.0,1,13,104825.0,-0.11910433539780849
2023-01-10 04:24:00+00:00,12.5,long,is,,3902.25,3902.5,1,7,104837.5,-0.10719390185802763
2023-01-10 04:33:00+00:00,-12.5,long,is,,3903.0,3902.75,1,8,104825.0,-0.11910433539780849
2023-01-10 04:35:00+00:00,-37.5,long,is,,3902.75,3902.0,1,1,104787.5,-0.15483563601715103
2023-01-10 04:37:00+00:00,0.0,long,is,,3902.5,3902.5,1,1,104787.5,-0.15483563601715103
2023-01-10 04:39:00+00:00,-12.5,long,is,,3902.5,3902.25,1,1,104775.0,-0.16674606955693186
2023-01-10 04:41:00+00:00,-37.5,long,is,,3902.5,3901.75,1,1,104737.5,-0.20247737017627443
2023-01-10 04:48:00+00:00,-37.5,short,is,,3901.75,3902.5,1,6,104700.0,-0.23820867079561697
2023-01-10 04:50:00+00:00,0.0,short,is,,3902.5,3902.5,1,1,104700.0,-0.23820867079561697
2023-01-10 04:53:00+00:00,-25.0,long,is,,3902.5,3902.0,1,2,104675.0,-0.26202953787517863
2023-01-10 04:56:00+00:00,0.0,short,is,,3902.0,3902.0,1,2,104675.0,-0.26202953787517863
2023-01-10 04:58:00+00:00,-25.0,short,is,,3902.25,3902.75,1,1,104650.0,-0.28585040495474034
2023-01-10 05:02:00+00:00,-37.5,long,is,,3902.5,3901.75,1,3,104612.5,-0.3215817055740829
2023-01-10 05:05:00+00:00,-50.0,short,is,,3901.75,3902.75,1,2,104562.5,-0.3692234397332063
2023-01-10 05:33:00+00:00,112.5,long,is,,3902.75,3905.0,1,27,104675.0,-0.26202953787517863
2023-01-10 05:36:00+00:00,-12.5,long,is,,3905.5,3905.25,1,2,104662.5,-0.2739399714149595
2023-01-10 05:38:00+00:00,0.0,long,is,,3905.25,3905.25,1,1,104662.5,-0.2739399714149595
2023-01-10 05:55:00+00:00,50.0,long,is,,3905.5,3906.5,1,16,104712.5,-0.22629823725583612
2023-01-10 05:57:00+00:00,-12.5,long,is,,3906.75,3906.5,1,1,104700.0,-0.23820867079561697
2023-01-10 05:59:00+00:00,-25.0,long,is,,3907.25,3906.75,1,1,104675.0,-0.26202953787517863
2023-01-10 06:21:00+00:00,50.0,long,is,,3907.5,3908.5,1,21,104725.0,-0.21438780371605526
2023-01-10 06:24:00+00:00,25.0,long,is,,3908.75,3909.25,1,2,104750.0,-0.19056693663649357
2023-01-10 06:30:00+00:00,-12.5,long,is,,3909.5,3909.25,1,5,104737.5,-0.20247737017627443
2023-01-10 06:32:00+00:00,-37.5,long,is,,3909.0,3908.25,1,1,104700.0,-0.23820867079561697
2023-01-10 06:34:00+00:00,0.0,long,is,,3908.0,3908.0,1,1,104700.0,-0.23820867079561697
2023-01-10 06:36:00+00:00,-25.0,long,is,,3907.25,3906.75,1,1,104675.0,-0.26202953787517863
2023-01-10 06:38:00+00:00,-12.5,long,is,,3907.0,3906.75,1,1,104662.5,-0.2739399714149595
2023-01-10 06:40:00+00:00,-12.5,long,is,,3907.0,3906.75,1,1,104650.0,-0.28585040495474034
2023-01-10 06:57:00+00:00,-25.0,short,is,,3906.75,3907.25,1,16,104625.0,-0.30967127203430206
2023-01-10 07:05:00+00:00,-100.0,long,is,,3908.5,3906.5,1,7,104525.0,-0.40495474035254886
2023-01-10 07:08:00+00:00,-87.5,long,is,,3908.0,3906.25,1,2,104437.5,-0.4883277751310148
2023-01-10 07:10:00+00:00,-37.5,short,is,,3907.25,3908.0,1,1,104400.0,-0.5240590757503573
2023-01-10 07:13:00+00:00,-125.0,long,is,,3908.75,3906.25,1,2,104275.0,-0.6431634111481658
2023-01-10 07:25:00+00:00,12.5,short,is,,3906.5,3906.25,1,11,104287.5,-0.631252977608385
2023-01-10 07:29:00+00:00,-12.5,short,is,,3906.25,3906.5,1,3,104275.0,-0.6431634111481658
2023-01-10 07:31:00+00:00,-37.5,short,is,,3905.5,3906.25,1,1,104237.5,-0.6788947117675084
2023-01-10 07:33:00+00:00,0.0,short,is,,3906.25,3906.25,1,1,104237.5,-0.6788947117675084
2023-01-10 07:35:00+00:00,-50.0,short,is,,3906.5,3907.5,1,1,104187.5,-0.7265364459266318
2023-01-10 07:52:00+00:00,12.5,long,is,,3907.25,3907.5,1,16,104200.0,-0.7146260123868509
2023-01-10 07:54:00+00:00,-25.0,long,is,,3908.0,3907.5,1,1,104175.0,-0.7384468794664126
2023-01-10 07:56:00+00:00,-25.0,long,is,,3908.0,3907.5,1,1,104150.0,-0.7622677465459743
2023-01-10 07:58:00+00:00,-12.5,long,is,,3907.5,3907.25,1,1,104137.5,-0.7741781800857551
2023-01-10 08:01:00+00:00,-87.5,short,is,,3907.0,3908.75,1,2,104050.0,-0.857551214864221
2023-01-10 08:10:00+00:00,-12.5,long,is,,3908.25,3908.0,1,8,104037.5,-0.8694616484040019
2023-01-10 08:12:00+00:00,-37.5,long,is,,3907.25,3906.5,1,1,104000.0,-0.9051929490233445
2023-01-10 08:20:00+00:00,-137.5,short,is,,3905.0,3907.75,1,7,103862.5,-1.036207717960934
2023-01-10 08:39:00+00:00,125.0,long,is,,3908.25,3910.75,1,18,103987.5,-0.9171033825631253
2023-01-10 08:42:00+00:00,0.0,long,is,,3911.5,3911.5,1,2,103987.5,-0.9171033825631253
2023-01-10 08:44:00+00:00,-62.5,long,is,,3911.5,3910.25,1,1,103925.0,-0.9766555502620295
2023-01-10 08:46:00+00:00,50.0,long,is,,3909.0,3910.0,1,1,103975.0,-0.9290138161029061
2023-01-10 08:48:00+00:00,-50.0,long,is,,3911.0,3910.0,1,1,103925.0,-0.9766555502620295
2023-01-10 08:50:00+00:00,25.0,long,is,,3909.75,3910.25,1,1,103950.0,-0.9528346831824679
2023-01-10 08:52:00+00:00,-50.0,long,is,,3910.75,3909.75,1,1,103900.0,-1.0004764173415912
2023-01-10 08:54:00+00:00,50.0,long,is,,3909.75,3910.75,1,1,103950.0,-0.9528346831824679
2023-01-10 08:56:00+00:00,-12.5,long,is,,3909.75,3909.5,1,1,103937.5,-0.9647451167222487
2023-01-10 08:58:00+00:00,-12.5,long,is,,3909.5,3909.25,1,1,103925.0,-0.9766555502620295
2023-01-10 09:18:00+00:00,125.0,short,is,,3908.5,3906.0,1,19,104050.0,-0.857551214864221
2023-01-10 09:25:00+00:00,12.5,short,is,,3905.75,3905.5,1,6,104062.5,-0.8456407813244402
2023-01-10 09:27:00+00:00,-37.5,short,is,,3907.0,3907.75,1,1,104025.0,-0.8813720819437827
2023-01-10 09:29:00+00:00,-12.5,short,is,,3908.0,3908.25,1,1,104012.5,-0.8932825154835635
2023-01-10 09:31:00+00:00,37.5,short,is,,3907.75,3907.0,1,1,104050.0,-0.857551214864221
2023-01-10 09:33:00+00:00,37.5,short,is,,3908.0,3907.25,1,1,104087.5,-0.8218199142448784
2023-01-10 09:46:00+00:00,12.5,long,is,,3909.0,3909.25,1,12,104100.0,-0.8099094807050977
2023-01-10 09:53:00+00:00,37.5,long,is,,3909.5,3910.25,1,6,104137.5,-0.7741781800857551
2023-01-10 10:03:00+00:00,-25.0,long,is,,3910.75,3910.25,1,9,104112.5,-0.7979990471653169
2023-01-10 10:05:00+00:00,0.0,long,is,,3910.25,3910.25,1,1,104112.5,-0.7979990471653169
2023-01-10 10:07:00+00:00,-25.0,long,is,,3910.25,3909.75,1,1,104087.5,-0.8218199142448784
2023-01-10 10:09:00+00:00,-12.5,long,is,,3909.25,3909.0,1,1,104075.0,-0.8337303477846593
2023-01-10 10:11:00+00:00,0.0,long,is,,3909.75,3909.75,1,1,104075.0,-0.8337303477846593
2023-01-10 10:13:00+00:00,37.5,long,is,,3909.5,3910.25,1,1,104112.5,-0.7979990471653169
2023-01-10 10:15:00+00:00,-12.5,long,is,,3909.0,3908.75,1,1,104100.0,-0.8099094807050977
2023-01-10 10:17:00+00:00,-12.5,long,is,,3909.25,3909.0,1,1,104087.5,-0.8218199142448784
2023-01-10 10:19:00+00:00,0.0,long,is,,3909.75,3909.75,1,1,104087.5,-0.8218199142448784
2023-01-10 10:45:00+00:00,50.0,long,is,,3910.5,3911.5,1,25,104137.5,-0.7741781800857551
2023-01-10 10:47:00+00:00,25.0,long,is,,3911.75,3912.25,1,1,104162.5,-0.7503573130061935
2023-01-10 10:51:00+00:00,-62.5,long,is,,3913.25,3912.0,1,3,104100.0,-0.8099094807050977
2023-01-10 10:53:00+00:00,-37.5,long,is,,3912.0,3911.25,1,1,104062.5,-0.8456407813244402
2023-01-10 10:55:00+00:00,-37.5,long,is,,3912.0,3911.25,1,1,104025.0,-0.8813720819437827
2023-01-10 10:57:00+00:00,0.0,long,is,,3911.25,3911.25,1,1,104025.0,-0.8813720819437827
2023-01-10 10:59:00+00:00,0.0,long,is,,3912.25,3912.25,1,1,104025.0,-0.8813720819437827
2023-01-10 11:23:00+00:00,175.0,short,is,,3910.75,3907.25,1,23,104200.0,-0.7146260123868509
2023-01-10 11:29:00+00:00,25.0,short,is,,3906.25,3905.75,1,5,104225.0,-0.6908051453072892
2023-01-10 11:31:00+00:00,-12.5,short,is,,3905.5,3905.75,1,1,104212.5,-0.70271557884707
2023-01-10 11:52:00+00:00,112.5,short,is,,3905.0,3902.75,1,20,104325.0,-0.5955216769890425
2023-01-10 11:54:00+00:00,25.0,short,is,,3902.75,3902.25,1,1,104350.0,-0.5717008099094807
2023-01-10 11:59:00+00:00,-12.5,short,is,,3901.75,3902.0,1,4,104337.5,-0.5836112434492615
2023-01-10 12:04:00+00:00,0.0,short,is,,3902.0,3902.0,1,4,104337.5,-0.5836112434492615
2023-01-10 12:16:00+00:00,50.0,short,is,,3902.25,3901.25,1,11,104387.5,-0.5359695092901381
2023-01-10 12:27:00+00:00,62.5,short,is,,3898.75,3897.5,1,10,104450.0,-0.47641734159123394
2023-01-10 12:30:00+00:00,-12.5,short,is,,3896.75,3897.0,1,2,104437.5,-0.4883277751310148
2023-01-10 12:36:00+00:00,62.5,short,is,,3897.5,3896.25,1,5,104500.0,-0.4287756074321105
2023-01-10 12:41:00+00:00,12.5,short,is,,3895.75,3895.5,1,4,104512.5,-0.41686517389232963
2023-01-10 12:43:00+00:00,-12.5,short,is,,3896.5,3896.75,1,1,104500.0,-0.4287756074321105
2023-01-10 12:53:00+00:00,75.0,short,is,,3896.25,3894.75,1,9,104575.0,-0.35731300619342543
2023-01-10 12:55:00+00:00,-25.0,short,is,,3895.0,3895.5,1,1,104550.0,-0.38113387327298714
2023-01-10 12:57:00+00:00,-12.5,short,is,,3896.25,3896.5,1,1,104537.5,-0.39304430681276803
2023-01-10 12:59:00+00:00,25.0,short,is,,3897.25,3896.75,1,1,104562.5,-0.3692234397332063
2023-01-10 13:01:00+00:00,50.0,short,is,,3896.75,3895.75,1,1,104612.5,-0.3215817055740829
2023-01-10 13:04:00+00:00,-37.5,short,is,,3894.25,3895.0,1,2,104575.0,-0.35731300619342543
2023-01-10 13:06:00+00:00,0.0,short,is,,3895.25,3895.25,1,1,104575.0,-0.35731300619342543
2023-01-10 13:08:00+00:00,-62.5,short,is,,3896.0,3897.25,1,1,104512.5,-0.41686517389232963
2023-01-10 13:10:00+00:00,-50.0,short,is,,3897.25,3898.25,1,1,104462.5,-0.46450690805145306
2023-01-10 13:16:00+00:00,-175.0,long,is,,3898.75,3895.25,1,5,104287.5,-0.631252977608385
2023-01-10 13:24:00+00:00,-162.5,short,is,,3894.25,3897.5,1,7,104125.0,-0.7860886136255361
2023-01-10 13:26:00+00:00,-112.5,long,is,,3897.75,3895.5,1,1,104012.5,-0.8932825154835635
2023-01-10 13:36:00+00:00,0.0,short,is,,3895.25,3895.25,1,9,104012.5,-0.8932825154835635
2023-01-10 13:40:00+00:00,50.0,short,is,,3895.5,3894.5,1,3,104062.5,-0.8456407813244402
2023-01-10 13:44:00+00:00,-100.0,short,is,,3893.0,3895.0,1,3,103962.5,-0.9409242496426871
2023-01-10 13:46:00+00:00,0.0,short,is,,3895.5,3895.5,1,1,103962.5,-0.9409242496426871
2023-01-10 13:48:00+00:00,0.0,short,is,,3895.25,3895.25,1,1,103962.5,-0.9409242496426871
2023-01-10 14:22:00+00:00,600.0,long,is,,3896.5,3908.5,1,33,104562.5,-0.3692234397332063
2023-01-10 14:24:00+00:00,87.5,long,is,,3906.75,3908.5,1,1,104650.0,-0.28585040495474034
2023-01-10 14:27:00+00:00,-37.5,long,is,,3908.75,3908.0,1,2,104612.5,-0.3215817055740829
2023-01-10 14:29:00+00:00,0.0,long,is,,3906.75,3906.75,1,1,104612.5,-0.3215817055740829
2023-01-10 14:47:00+00:00,62.5,long,is,,3907.5,3908.75,1,17,104675.0,-0.26202953787517863
2023-01-10 14:49:00+00:00,-12.5,long,is,,3910.75,3910.5,1,1,104662.5,-0.2739399714149595
2023-01-10 14:51:00+00:00,-137.5,long,is,,3913.5,3910.75,1,1,104525.0,-0.40495474035254886
2023-01-10 14:53:00+00:00,-137.5,long,is,,3911.75,3909.0,1,1,104387.5,-0.5359695092901381
2023-01-10 15:03:00+00:00,-325.0,long,is,,3920.75,3914.25,1,9,104062.5,-0.8456407813244402
2023-01-10 15:21:00+00:00,312.5,long,is,,3917.0,3923.25,1,17,104375.0,-0.547879942829919
2023-01-10 15:23:00+00:00,-100.0,long,is,,3923.5,3921.5,1,1,104275.0,-0.6431634111481658
2023-01-10 15:25:00+00:00,87.5,long,is,,3920.5,3922.25,1,1,104362.5,-0.5597903763696999
2023-01-10 15:27:00+00:00,-37.5,long,is,,3925.75,3925.0,1,1,104325.0,-0.5955216769890425
2023-01-10 15:29:00+00:00,-112.5,long,is,,3924.75,3922.5,1,1,104212.5,-0.70271557884707
2023-01-10 15:31:00+00:00,-275.0,long,is,,3917.5,3912.0,1,1,103937.5,-0.9647451167222487
2023-01-10 15:49:00+00:00,37.5,short,is,,3906.25,3905.5,1,17,103975.0,-0.9290138161029061
2023-01-10 15:51:00+00:00,-212.5,short,is,,3903.5,3907.75,1,1,103762.5,-1.1314911862791805
2023-01-10 15:53:00+00:00,-37.5,short,is,,3911.5,3912.25,1,1,103725.0,-1.167222486898523
2023-01-10 15:55:00+00:00,25.0,short,is,,3913.5,3913.0,1,1,103750.0,-1.1434016198189614
2023-01-10 15:57:00+00:00,-312.5,short,is,,3912.5,3918.75,1,1,103437.5,-1.4411624583134826
2023-01-10 16:11:00+00:00,-75.0,long,is,,3918.5,3917.0,1,13,103362.5,-1.5126250595521675
2023-01-10 16:18:00+00:00,-25.0,long,is,,3918.25,3917.75,1,6,103337.5,-1.5364459266317294
2023-01-10 16:20:00+00:00,12.5,long,is,,3917.25,3917.5,1,1,103350.0,-1.5245354930919486
2023-01-10 16:23:00+00:00,-200.0,long,is,,3920.75,3916.75,1,2,103150.0,-1.715102429728442
2023-01-10 16:26:00+00:00,-100.0,long,is,,3920.0,3918.0,1,2,103050.0,-1.810385898046689
2023-01-10 16:47:00+00:00,137.5,short,is,,3916.5,3913.75,1,20,103187.5,-1.6793711291090994
2023-01-10 16:50:00+00:00,-12.5,short,is,,3913.5,3913.75,1,2,103175.0,-1.6912815626488804
2023-01-10 16:52:00+00:00,-25.0,short,is,,3913.5,3914.0,1,1,103150.0,-1.715102429728442
2023-01-10 16:54:00+00:00,12.5,short,is,,3913.0,3912.75,1,1,103162.5,-1.7031919961886612
2023-01-10 16:56:00+00:00,-50.0,short,is,,3914.5,3915.5,1,1,103112.5,-1.7508337303477846
2023-01-10 17:01:00+00:00,-562.5,long,is,,3917.75,3906.5,1,4,102550.0,-2.2868032396379228
2023-01-10 17:09:00+00:00,-337.5,short,is,,3909.0,3915.75,1,7,102212.5,-2.6083849452120056
2023-01-10 17:19:00+00:00,-87.5,long,is,,3916.5,3914.75,1,9,102125.0,-2.6917579799904714
2023-01-10 17:21:00+00:00,-62.5,long,is,,3914.5,3913.25,1,1,102062.5,-2.751310147689376
2023-01-10 17:23:00+00:00,-75.0,short,is,,3914.0,3915.5,1,1,101987.5,-2.822772748928061
2023-01-10 17:27:00+00:00,-50.0,long,is,,3915.25,3914.25,1,3,101937.5,-2.8704144830871843
2023-01-10 17:29:00+00:00,-75.0,long,is,,3916.75,3915.25,1,1,101862.5,-2.9418770843258697
2023-01-10 17:31:00+00:00,-12.5,long,is,,3915.5,3915.25,1,1,101850.0,-2.9537875178656505
2023-01-10 17:53:00+00:00,225.0,long,is,,3917.0,3921.5,1,21,102075.0,-2.739399714149595
2023-01-10 17:55:00+00:00,-25.0,long,is,,3922.5,3922.0,1,1,102050.0,-2.763220581229157
2023-01-10 17:57:00+00:00,-50.0,long,is,,3923.0,3922.0,1,1,102000.0,-2.81086231538828
2023-01-10 17:59:00+00:00,37.5,long,is,,3922.0,3922.75,1,1,102037.5,-2.7751310147689376
2023-01-10 18:01:00+00:00,-12.5,long,is,,3922.5,3922.25,1,1,102025.0,-2.7870414483087185
2023-01-10 18:16:00+00:00,-75.0,long,is,,3924.25,3922.75,1,14,101950.0,-2.8585040495474034
2023-01-10 18:18:00+00:00,-12.5,long,is,,3923.0,3922.75,1,1,101937.5,-2.8704144830871843
2023-01-10 18:20:00+00:00,25.0,long,is,,3921.75,3922.25,1,1,101962.5,-2.8465936160076226
2023-01-10 18:22:00+00:00,-25.0,long,is,,3921.5,3921.0,1,1,101937.5,-2.8704144830871843
2023-01-10 18:24:00+00:00,50.0,long,is,,3923.0,3924.0,1,1,101987.5,-2.822772748928061
2023-01-10 18:28:00+00:00,-50.0,long,is,,3924.75,3923.75,1,3,101937.5,-2.8704144830871843
2023-01-10 18:30:00+00:00,-12.5,long,is,,3924.5,3924.25,1,1,101925.0,-2.882324916626965
2023-01-10 18:45:00+00:00,62.5,long,is,,3925.25,3926.5,1,14,101987.5,-2.822772748928061
2023-01-10 18:47:00+00:00,-12.5,long,is,,3927.5,3927.25,1,1,101975.0,-2.834683182467842
2023-01-10 18:49:00+00:00,-50.0,long,is,,3927.0,3926.0,1,1,101925.0,-2.882324916626965
2023-01-10 18:51:00+00:00,-50.0,long,is,,3928.5,3927.5,1,1,101875.0,-2.929966650786089
2023-01-10 18:53:00+00:00,25.0,long,is,,3927.0,3927.5,1,1,101900.0,-2.906145783706527
2023-01-10 18:55:00+00:00,12.5,long,is,,3926.75,3927.0,1,1,101912.5,-2.8942353501667464
2023-01-10 18:57:00+00:00,100.0,long,is,,3924.75,3926.75,1,1,102012.5,-2.7989518818484993
2023-01-10 19:23:00+00:00,250.0,long,is,,3928.25,3933.25,1,25,102262.5,-2.5607432110528823
2023-01-10 19:25:00+00:00,25.0,long,is,,3932.5,3933.0,1,1,102287.5,-2.5369223439733206
2023-01-10 19:27:00+00:00,25.0,long,is,,3931.5,3932.0,1,1,102312.5,-2.513101476893759
2023-01-10 19:29:00+00:00,37.5,long,is,,3932.5,3933.25,1,1,102350.0,-2.4773701762744165
2023-01-10 19:31:00+00:00,-50.0,long,is,,3934.25,3933.25,1,1,102300.0,-2.52501191043354
2023-01-10 19:38:00+00:00,-62.5,long,is,,3935.0,3933.75,1,6,102237.5,-2.584564078132444
2023-01-10 19:40:00+00:00,-37.5,long,is,,3932.5,3931.75,1,1,102200.0,-2.6202953787517864
2023-01-10 19:42:00+00:00,-12.5,long,is,,3932.0,3931.75,1,1,102187.5,-2.6322058122915672
2023-01-10 19:44:00+00:00,-37.5,long,is,,3931.25,3930.5,1,1,102150.0,-2.6679371129109097
2023-01-10 19:46:00+00:00,-25.0,long,is,,3930.0,3929.5,1,1,102125.0,-2.6917579799904714
2023-01-10 20:15:00+00:00,-12.5,short,is,,3929.5,3929.75,1,28,102112.5,-2.7036684135302522
2023-01-10 20:32:00+00:00,-100.0,long,is,,3932.0,3930.0,1,16,102012.5,-2.7989518818484993
2023-01-10 20:34:00+00:00,-37.5,short,is,,3930.25,3931.0,1,1,101975.0,-2.834683182467842
2023-01-10 20:42:00+00:00,-62.5,long,is,,3932.0,3930.75,1,7,101912.5,-2.8942353501667464
2023-01-10 20:45:00+00:00,-25.0,short,is,,3930.5,3931.0,1,2,101887.5,-2.918056217246308
2023-01-10 21:21:00+00:00,400.0,long,is,,3932.5,3940.5,1,35,102287.5,-2.5369223439733206
2023-01-10 21:23:00+00:00,-12.5,long,is,,3940.75,3940.5,1,1,102275.0,-2.5488327775131014
2023-01-10 21:26:00+00:00,-12.5,long,is,,3940.5,3940.25,1,2,102262.5,-2.5607432110528823
2023-01-10 21:30:00+00:00,-12.5,long,is,,3940.75,3940.5,1,3,102250.0,-2.572653644592663
2023-01-10 21:32:00+00:00,37.5,long,is,,3940.25,3941.0,1,1,102287.5,-2.5369223439733206
2023-01-10 21:50:00+00:00,12.5,long,is,,3941.0,3941.25,1,17,102300.0,-2.52501191043354
2023-01-10 21:52:00+00:00,12.5,long,is,,3941.25,3941.5,1,1,102312.5,-2.513101476893759
2023-01-10 21:54:00+00:00,-12.5,long,is,,3941.75,3941.5,1,1,102300.0,-2.52501191043354
2023-01-10 21:57:00+00:00,0.0,long,is,,3941.75,3941.75,1,2,102300.0,-2.52501191043354
2023-01-10 23:00:00+00:00,-50.0,long,is,,3942.0,3941.0,1,2,102250.0,-2.572653644592663
2023-01-10 23:02:00+00:00,-12.5,long,is,,3940.75,3940.5,1,1,102237.5,-2.584564078132444
2023-01-10 23:04:00+00:00,-12.5,long,is,,3939.25,3939.0,1,1,102225.0,-2.5964745116722248
2023-01-10 23:06:00+00:00,-12.5,long,is,,3939.25,3939.0,1,1,102212.5,-2.6083849452120056
2023-01-10 23:08:00+00:00,0.0,long,is,,3939.5,3939.5,1,1,102212.5,-2.6083849452120056
2023-01-10 23:10:00+00:00,-25.0,long,is,,3939.5,3939.0,1,1,102187.5,-2.6322058122915672
2023-01-10 23:12:00+00:00,0.0,long,is,,3939.5,3939.5,1,1,102187.5,-2.6322058122915672
2023-01-10 23:14:00+00:00,25.0,long,is,,3939.25,3939.75,1,1,102212.5,-2.6083849452120056
2023-01-10 23:20:00+00:00,-25.0,short,is,,3939.25,3939.75,1,5,102187.5,-2.6322058122915672
2023-01-10 23:33:00+00:00,-12.5,long,is,,3939.75,3939.5,1,12,102175.0,-2.644116245831348
2023-01-10 23:35:00+00:00,-25.0,short,is,,3939.75,3940.25,1,1,102150.0,-2.6679371129109097
2023-01-10 23:39:00+00:00,-12.5,short,is,,3940.25,3940.5,1,3,102137.5,-2.6798475464506906
2023-01-10 23:41:00+00:00,-37.5,long,is,,3940.75,3940.0,1,1,102100.0,-2.7155788470700335
2023-01-10 23:44:00+00:00,-50.0,short,is,,3940.5,3941.5,1,2,102050.0,-2.763220581229157
2023-01-11 00:20:00+00:00,200.0,long,is,,3940.75,3944.75,1,35,102250.0,-2.572653644592663
2023-01-11 00:22:00+00:00,0.0,long,is,,3945.0,3945.0,1,1,102250.0,-2.572653644592663
2023-01-11 00:24:00+00:00,0.0,long,is,,3944.5,3944.5,1,1,102250.0,-2.572653644592663
2023-01-11 00:26:00+00:00,-25.0,long,is,,3944.75,3944.25,1,1,102225.0,-2.5964745116722248
2023-01-11 00:28:00+00:00,-12.5,long,is,,3944.25,3944.0,1,1,102212.5,-2.6083849452120056
2023-01-11 00:30:00+00:00,25.0,long,is,,3943.75,3944.25,1,1,102237.5,-2.584564078132444
2023-01-11 00:34:00+00:00,-25.0,long,is,,3944.75,3944.25,1,3,102212.5,-2.6083849452120056
2023-01-11 00:36:00+00:00,0.0,long,is,,3943.75,3943.75,1,1,102212.5,-2.6083849452120056
2023-01-11 00:38:00+00:00,12.5,long,is,,3944.0,3944.25,1,1,102225.0,-2.5964745116722248
2023-01-11 00:42:00+00:00,-12.5,long,is,,3944.5,3944.25,1,3,102212.5,-2.6083849452120056
2023-01-11 00:44:00+00:00,12.5,long,is,,3943.5,3943.75,1,1,102225.0,-2.5964745116722248
2023-01-11 00:50:00+00:00,-25.0,long,is,,3944.25,3943.75,1,5,102200.0,-2.6202953787517864
2023-01-11 01:04:00+00:00,12.5,long,is,,3944.25,3944.5,1,13,102212.5,-2.6083849452120056
2023-01-11 01:06:00+00:00,-50.0,long,is,,3944.25,3943.25,1,1,102162.5,-2.656026679371129
2023-01-11 01:36:00+00:00,50.0,short,is,,3943.0,3942.0,1,29,102212.5,-2.6083849452120056
2023-01-11 01:42:00+00:00,12.5,short,is,,3941.75,3941.5,1,5,102225.0,-2.5964745116722248
2023-01-11 01:45:00+00:00,-12.5,short,is,,3942.0,3942.25,1,2,102212.5,-2.6083849452120056
2023-01-11 01:47:00+00:00,0.0,short,is,,3942.0,3942.0,1,1,102212.5,-2.6083849452120056
2023-01-11 01:49:00+00:00,-37.5,short,is,,3941.5,3942.25,1,1,102175.0,-2.644116245831348
2023-01-11 01:51:00+00:00,-25.0,short,is,,3943.25,3943.75,1,1,102150.0,-2.6679371129109097
2023-01-11 01:58:00+00:00,-87.5,long,is,,3944.0,3942.25,1,6,102062.5,-2.751310147689376
2023-01-11 02:00:00+00:00,-12.5,short,is,,3943.0,3943.25,1,1,102050.0,-2.763220581229157
2023-01-11 02:03:00+00:00,-12.5,short,is,,3943.25,3943.5,1,2,102037.5,-2.7751310147689376
2023-01-11 02:14:00+00:00,-25.0,long,is,,3943.75,3943.25,1,10,102012.5,-2.7989518818484993
2023-01-11 02:17:00+00:00,-50.0,long,is,,3943.25,3942.25,1,2,101962.5,-2.8465936160076226
2023-01-11 02:22:00+00:00,-62.5,short,is,,3942.5,3943.75,1,4,101900.0,-2.906145783706527
2023-01-11 02:24:00+00:00,-12.5,long,is,,3944.0,3943.75,1,1,101887.5,-2.918056217246308
2023-01-11 02:36:00+00:00,0.0,long,is,,3943.75,3943.75,1,11,101887.5,-2.918056217246308
2023-01-11 02:38:00+00:00,0.0,long,is,,3943.5,3943.5,1,1,101887.5,-2.918056217246308
2023-01-11 02:40:00+00:00,0.0,long,is,,3943.0,3943.0,1,1,101887.5,-2.918056217246308
2023-01-11 02:42:00+00:00,12.5,long,is,,3943.25,3943.5,1,1,101900.0,-2.906145783706527
2023-01-11 02:44:00+00:00,-12.5,long,is,,3943.0,3942.75,1,1,101887.5,-2.918056217246308
2023-01-11 03:02:00+00:00,37.5,short,is,,3942.75,3942.0,1,17,101925.0,-2.882324916626965
2023-01-11 03:04:00+00:00,0.0,short,is,,3942.25,3942.25,1,1,101925.0,-2.882324916626965
2023-01-11 03:06:00+00:00,0.0,short,is,,3942.0,3942.0,1,1,101925.0,-2.882324916626965
2023-01-11 03:20:00+00:00,0.0,short,is,,3941.0,3941.0,1,13,101925.0,-2.882324916626965
2023-01-11 03:22:00+00:00,0.0,short,is,,3941.0,3941.0,1,1,101925.0,-2.882324916626965
2023-01-11 03:24:00+00:00,-37.5,short,is,,3940.75,3941.5,1,1,101887.5,-2.918056217246308
2023-01-11 03:26:00+00:00,-12.5,short,is,,3941.0,3941.25,1,1,101875.0,-2.929966650786089
2023-01-11 03:28:00+00:00,0.0,short,is,,3940.75,3940.75,1,1,101875.0,-2.929966650786089
2023-01-11 03:31:00+00:00,-50.0,short,is,,3940.5,3941.5,1,2,101825.0,-2.977608384945212
2023-01-11 03:33:00+00:00,0.0,short,is,,3942.0,3942.0,1,1,101825.0,-2.977608384945212
2023-01-11 03:35:00+00:00,-12.5,short,is,,3942.0,3942.25,1,1,101812.5,-2.989518818484993
2023-01-11 03:37:00+00:00,-12.5,short,is,,3942.0,3942.25,1,1,101800.0,-3.001429252024774
2023-01-11 03:39:00+00:00,12.5,short,is,,3942.25,3942.0,1,1,101812.5,-2.989518818484993
2023-01-11 03:41:00+00:00,-50.0,short,is,,3942.0,3943.0,1,1,101762.5,-3.037160552644116
2023-01-11 03:43:00+00:00,0.0,short,is,,3942.25,3942.25,1,1,101762.5,-3.037160552644116
2023-01-11 03:49:00+00:00,-50.0,long,is,,3942.75,3941.75,1,5,101712.5,-3.0848022868032396
2023-01-11 03:57:00+00:00,-25.0,short,is,,3941.5,3942.0,1,7,101687.5,-3.1086231538828013
2023-01-11 04:03:00+00:00,-25.0,long,is,,3942.75,3942.25,1,5,101662.5,-3.1324440209623634
2023-01-11 04:07:00+00:00,-25.0,short,is,,3942.0,3942.5,1,3,101637.5,-3.156264888041925
2023-01-11 04:22:00+00:00,12.5,long,is,,3942.75,3943.0,1,14,101650.0,-3.1443544545021442
2023-01-11 04:24:00+00:00,12.5,long,is,,3943.0,3943.25,1,1,101662.5,-3.1324440209623634
2023-01-11 04:26:00+00:00,-12.5,long,is,,3942.75,3942.5,1,1,101650.0,-3.1443544545021442
2023-01-11 04:28:00+00:00,-25.0,long,is,,3942.5,3942.0,1,1,101625.0,-3.168175321581706
2023-01-11 04:40:00+00:00,-62.5,short,is,,3941.75,3943.0,1,11,101562.5,-3.22772748928061
2023-01-11 04:48:00+00:00,-25.0,long,is,,3942.5,3942.0,1,7,101537.5,-3.2515483563601713
2023-01-11 04:52:00+00:00,-25.0,short,is,,3941.75,3942.25,1,3,101512.5,-3.275369223439733
2023-01-11 04:55:00+00:00,-12.5,long,is,,3942.5,3942.25,1,2,101500.0,-3.2872796569795137
2023-01-11 04:59:00+00:00,-25.0,short,is,,3942.0,3942.5,1,3,101475.0,-3.3111005240590754
2023-01-11 05:03:00+00:00,-12.5,long,is,,3942.5,3942.25,1,3,101462.5,-3.3230109575988562
2023-01-11 05:11:00+00:00,-37.5,short,is,,3941.5,3942.25,1,7,101425.0,-3.3587422582181987
2023-01-11 05:25:00+00:00,0.0,long,is,,3942.5,3942.5,1,13,101425.0,-3.3587422582181987
2023-01-11 05:30:00+00:00,-37.5,short,is,,3942.25,3943.0,1,4,101387.5,-3.3944735588375416
2023-01-11 05:53:00+00:00,62.5,long,is,,3943.0,3944.25,1,22,101450.0,-3.334921391138637
2023-01-11 05:55:00+00:00,-25.0,long,is,,3944.25,3943.75,1,1,101425.0,-3.3587422582181987
2023-01-11 05:57:00+00:00,-12.5,long,is,,3943.5,3943.25,1,1,101412.5,-3.3706526917579795
2023-01-11 05:59:00+00:00,-12.5,long,is,,3943.0,3942.75,1,1,101400.0,-3.382563125297761
2023-01-11 06:07:00+00:00,-50.0,short,is,,3942.75,3943.75,1,7,101350.0,-3.430204859456884
2023-01-11 06:11:00+00:00,-25.0,long,is,,3944.0,3943.5,1,3,101325.0,-3.454025726536446
2023-01-11 06:15:00+00:00,-12.5,long,is,,3943.5,3943.25,1,3,101312.5,-3.4659361600762266
2023-01-11 06:17:00+00:00,-37.5,long,is,,3943.75,3943.0,1,1,101275.0,-3.501667460695569
2023-01-11 06:32:00+00:00,-25.0,short,is,,3942.75,3943.25,1,14,101250.0,-3.5254883277751308
2023-01-11 06:39:00+00:00,-50.0,long,is,,3943.5,3942.5,1,6,101200.0,-3.573130061934254
2023-01-11 07:25:00+00:00,350.0,short,is,,3943.0,3936.0,1,45,101550.0,-3.239637922820391
2023-01-11 07:27:00+00:00,12.5,short,is,,3936.0,3935.75,1,1,101562.5,-3.22772748928061
2023-01-11 07:29:00+00:00,-12.5,short,is,,3935.75,3936.0,1,1,101550.0,-3.239637922820391
2023-01-11 07:31:00+00:00,-25.0,short,is,,3935.75,3936.25,1,1,101525.0,-3.263458789899952
2023-01-11 07:33:00+00:00,-12.5,short,is,,3936.0,3936.25,1,1,101512.5,-3.275369223439733
2023-01-11 07:35:00+00:00,-62.5,short,is,,3936.25,3937.5,1,1,101450.0,-3.334921391138637
2023-01-11 07:37:00+00:00,25.0,short,is,,3937.75,3937.25,1,1,101475.0,-3.3111005240590754
2023-01-11 07:39:00+00:00,-12.5,short,is,,3937.0,3937.25,1,1,101462.5,-3.3230109575988562
2023-01-11 07:41:00+00:00,0.0,short,is,,3936.75,3936.75,1,1,101462.5,-3.3230109575988562
2023-01-11 07:43:00+00:00,0.0,short,is,,3937.25,3937.25,1,1,101462.5,-3.3230109575988562
2023-01-11 07:45:00+00:00,-12.5,short,is,,3936.75,3937.0,1,1,101450.0,-3.334921391138637
2023-01-11 07:49:00+00:00,-12.5,short,is,,3936.75,3937.0,1,3,101437.5,-3.346831824678418
2023-01-11 08:01:00+00:00,-25.0,short,is,,3936.75,3937.25,1,11,101412.5,-3.3706526917579795
2023-01-11 08:03:00+00:00,-62.5,short,is,,3937.5,3938.75,1,1,101350.0,-3.430204859456884
2023-01-11 08:20:00+00:00,-25.0,long,is,,3940.0,3939.5,1,16,101325.0,-3.454025726536446
2023-01-11 08:22:00+00:00,-75.0,long,is,,3939.75,3938.25,1,1,101250.0,-3.5254883277751308
2023-01-11 08:29:00+00:00,-100.0,short,is,,3937.25,3939.25,1,6,101150.0,-3.620771796093378
2023-01-11 08:31:00+00:00,12.5,long,is,,3938.25,3938.5,1,1,101162.5,-3.608861362553597
2023-01-11 08:40:00+00:00,-62.5,short,is,,3937.0,3938.25,1,8,101100.0,-3.668413530252501
2023-01-11 08:42:00+00:00,-75.0,long,is,,3938.25,3936.75,1,1,101025.0,-3.739876131491186
2023-01-11 08:45:00+00:00,0.0,long,is,,3937.25,3937.25,1,2,101025.0,-3.739876131491186
2023-01-11 08:54:00+00:00,-12.5,long,is,,3937.75,3937.5,1,8,101012.5,-3.751786565030967
2023-01-11 09:35:00+00:00,525.0,long,is,,3938.0,3948.5,1,40,101537.5,-3.2515483563601713
2023-01-11 09:37:00+00:00,-25.0,long,is,,3948.5,3948.0,1,1,101512.5,-3.275369223439733
2023-01-11 09:39:00+00:00,-12.5,long,is,,3948.0,3947.75,1,1,101500.0,-3.2872796569795137
2023-01-11 09:41:00+00:00,50.0,long,is,,3947.5,3948.5,1,1,101550.0,-3.239637922820391
2023-01-11 09:43:00+00:00,0.0,long,is,,3948.5,3948.5,1,1,101550.0,-3.239637922820391
2023-01-11 09:47:00+00:00,-12.5,long,is,,3948.75,3948.5,1,3,101537.5,-3.2515483563601713
2023-01-11 09:49:00+00:00,0.0,long,is,,3948.5,3948.5,1,1,101537.5,-3.2515483563601713
2023-01-11 09:51:00+00:00,-37.5,long,is,,3947.75,3947.0,1,1,101500.0,-3.2872796569795137
2023-01-11 09:57:00+00:00,37.5,long,is,,3947.5,3948.25,1,5,101537.5,-3.2515483563601713
2023-01-11 09:59:00+00:00,-25.0,long,is,,3947.5,3947.0,1,1,101512.5,-3.275369223439733
2023-01-11 10:18:00+00:00,50.0,long,is,,3948.0,3949.0,1,18,101562.5,-3.22772748928061
2023-01-11 10:20:00+00:00,0.0,long,is,,3949.75,3949.75,1,1,101562.5,-3.22772748928061
2023-01-11 10:22:00+00:00,25.0,long,is,,3949.5,3950.0,1,1,101587.5,-3.2039066222010484
2023-01-11 10:24:00+00:00,12.5,long,is,,3950.0,3950.25,1,1,101600.0,-3.1919961886612676
2023-01-11 10:26:00+00:00,25.0,long,is,,3949.25,3949.75,1,1,101625.0,-3.168175321581706
2023-01-11 10:28:00+00:00,0.0,long,is,,3950.25,3950.25,1,1,101625.0,-3.168175321581706
2023-01-11 10:30:00+00:00,0.0,long,is,,3950.0,3950.0,1,1,101625.0,-3.168175321581706
2023-01-11 10:33:00+00:00,-37.5,long,is,,3950.0,3949.25,1,2,101587.5,-3.2039066222010484
2023-01-11 10:35:00+00:00,-25.0,long,is,,3949.25,3948.75,1,1,101562.5,-3.22772748928061
2023-01-11 10:37:00+00:00,12.5,long,is,,3949.25,3949.5,1,1,101575.0,-3.215817055740829
2023-01-11 10:39:00+00:00,-50.0,long,is,,3948.5,3947.5,1,1,101525.0,-3.263458789899952
2023-01-11 10:52:00+00:00,-25.0,short,is,,3947.5,3948.0,1,12,101500.0,-3.2872796569795137
2023-01-11 10:55:00+00:00,-37.5,short,is,,3947.5,3948.25,1,2,101462.5,-3.3230109575988562
2023-01-11 10:57:00+00:00,0.0,short,is,,3948.0,3948.0,1,1,101462.5,-3.3230109575988562
2023-01-11 11:00:00+00:00,-87.5,short,is,,3945.75,3947.5,1,2,101375.0,-3.4063839923773225
2023-01-11 11:02:00+00:00,-12.5,short,is,,3948.0,3948.25,1,1,101362.5,-3.4182944259171033
2023-01-11 11:04:00+00:00,0.0,short,is,,3948.0,3948.0,1,1,101362.5,-3.4182944259171033
2023-01-11 11:11:00+00:00,0.0,short,is,,3947.75,3947.75,1,6,101362.5,-3.4182944259171033
2023-01-11 11:13:00+00:00,-50.0,short,is,,3947.0,3948.0,1,1,101312.5,-3.4659361600762266
2023-01-11 11:15:00+00:00,-12.5,short,is,,3947.25,3947.5,1,1,101300.0,-3.4778465936160075
2023-01-11 11:23:00+00:00,-25.0,short,is,,3947.0,3947.5,1,7,101275.0,-3.501667460695569
2023-01-11 11:25:00+00:00,-37.5,short,is,,3946.75,3947.5,1,1,101237.5,-3.5373987613149116
2023-01-11 11:27:00+00:00,0.0,short,is,,3947.5,3947.5,1,1,101237.5,-3.5373987613149116
2023-01-11 11:31:00+00:00,-37.5,short,is,,3947.25,3948.0,1,3,101200.0,-3.573130061934254
2023-01-11 11:51:00+00:00,62.5,long,is,,3948.75,3950.0,1,19,101262.5,-3.51357789423535
2023-01-11 11:53:00+00:00,25.0,long,is,,3949.25,3949.75,1,1,101287.5,-3.4897570271557883
2023-01-11 11:55:00+00:00,-12.5,long,is,,3950.5,3950.25,1,1,101275.0,-3.501667460695569
2023-01-11 11:57:00+00:00,-50.0,long,is,,3950.0,3949.0,1,1,101225.0,-3.5493091948546924
2023-01-11 12:05:00+00:00,-75.0,short,is,,3948.25,3949.75,1,7,101150.0,-3.620771796093378
2023-01-11 12:09:00+00:00,-12.5,long,is,,3949.5,3949.25,1,3,101137.5,-3.6326822296331587
2023-01-11 12:11:00+00:00,0.0,long,is,,3949.0,3949.0,1,1,101137.5,-3.6326822296331587
2023-01-11 12:29:00+00:00,125.0,short,is,,3948.0,3945.5,1,17,101262.5,-3.51357789423535
2023-01-11 12:31:00+00:00,-12.5,short,is,,3945.5,3945.75,1,1,101250.0,-3.5254883277751308
2023-01-11 12:33:00+00:00,-12.5,short,is,,3946.25,3946.5,1,1,101237.5,-3.5373987613149116
2023-01-11 12:35:00+00:00,-25.0,short,is,,3947.5,3948.0,1,1,101212.5,-3.5612196283944733
2023-01-11 12:46:00+00:00,-62.5,long,is,,3948.5,3947.25,1,10,101150.0,-3.620771796093378
2023-01-11 12:55:00+00:00,-12.5,long,is,,3948.75,3948.5,1,8,101137.5,-3.6326822296331587
2023-01-11 12:59:00+00:00,-100.0,short,is,,3946.75,3948.75,1,3,101037.5,-3.7279656979514053
2023-01-11 13:29:00+00:00,225.0,long,is,,3949.0,3953.5,1,29,101262.5,-3.51357789423535
2023-01-11 13:31:00+00:00,-12.5,long,is,,3953.5,3953.25,1,1,101250.0,-3.5254883277751308
2023-01-11 13:33:00+00:00,12.5,long,is,,3952.25,3952.5,1,1,101262.5,-3.51357789423535
2023-01-11 13:35:00+00:00,-37.5,long,is,,3952.5,3951.75,1,1,101225.0,-3.5493091948546924
2023-01-11 13:37:00+00:00,12.5,long,is,,3950.5,3950.75,1,1,101237.5,-3.5373987613149116
2023-01-11 13:39:00+00:00,-25.0,long,is,,3951.25,3950.75,1,1,101212.5,-3.5612196283944733
2023-01-11 13:41:00+00:00,62.5,long,is,,3951.25,3952.5,1,1,101275.0,-3.501667460695569
2023-01-11 14:02:00+00:00,75.0,long,is,,3952.5,3954.0,1,20,101350.0,-3.430204859456884
2023-01-11 14:04:00+00:00,25.0,long,is,,3953.75,3954.25,1,1,101375.0,-3.4063839923773225
2023-01-11 14:06:00+00:00,37.5,long,is,,3953.5,3954.25,1,1,101412.5,-3.3706526917579795
2023-01-11 14:08:00+00:00,87.5,long,is,,3952.75,3954.5,1,1,101500.0,-3.2872796569795137
2023-01-11 14:11:00+00:00,-87.5,long,is,,3956.75,3955.0,1,2,101412.5,-3.3706526917579795
2023-01-11 14:13:00+00:00,-37.5,long,is,,3954.75,3954.0,1,1,101375.0,-3.4063839923773225
2023-01-11 14:15:00+00:00,-12.5,long,is,,3953.0,3952.75,1,1,101362.5,-3.4182944259171033
2023-01-11 14:17:00+00:00,37.5,long,is,,3953.25,3954.0,1,1,101400.0,-3.382563125297761
2023-01-11 14:33:00+00:00,-37.5,long,is,,3955.0,3954.25,1,15,101362.5,-3.4182944259171033
2023-01-11 14:54:00+00:00,125.0,long,is,,3955.5,3958.0,1,20,101487.5,-3.2991900905192946
2023-01-11 14:56:00+00:00,0.0,long,is,,3957.75,3957.75,1,1,101487.5,-3.2991900905192946
2023-01-11 14:58:00+00:00,-112.5,long,is,,3960.25,3958.0,1,1,101375.0,-3.4063839923773225
2023-01-11 15:00:00+00:00,62.5,long,is,,3957.0,3958.25,1,1,101437.5,-3.346831824678418
2023-01-11 15:02:00+00:00,-75.0,long,is,,3957.75,3956.25,1,1,101362.5,-3.4182944259171033
2023-01-11 15:04:00+00:00,37.5,long,is,,3956.75,3957.5,1,1,101400.0,-3.382563125297761
2023-01-11 15:07:00+00:00,75.0,long,is,,3958.0,3959.5,1,2,101475.0,-3.3111005240590754
2023-01-11 15:17:00+00:00,-162.5,long,is,,3961.25,3958.0,1,9,101312.5,-3.4659361600762266
2023-01-11 15:21:00+00:00,-75.0,long,is,,3960.25,3958.75,1,3,101237.5,-3.5373987613149116
2023-01-11 15:33:00+00:00,125.0,long,is,,3958.5,3961.0,1,11,101362.5,-3.4182944259171033
2023-01-11 15:35:00+00:00,-112.5,long,is,,3960.5,3958.25,1,1,101250.0,-3.5254883277751308
2023-01-11 15:48:00+00:00,-112.5,short,is,,3957.25,3959.5,1,12,101137.5,-3.6326822296331587
2023-01-11 15:51:00+00:00,-150.0,long,is,,3960.0,3957.0,1,2,100987.5,-3.775607432110529
2023-01-11 16:08:00+00:00,150.0,short,is,,3957.75,3954.75,1,16,101137.5,-3.6326822296331587
2023-01-11 16:10:00+00:00,-25.0,short,is,,3953.5,3954.0,1,1,101112.5,-3.6565030967127203
2023-01-11 16:12:00+00:00,-50.0,short,is,,3954.75,3955.75,1,1,101062.5,-3.7041448308718437
2023-01-11 16:14:00+00:00,-50.0,short,is,,3955.5,3956.5,1,1,101012.5,-3.751786565030967
2023-01-11 16:36:00+00:00,87.5,long,is,,3958.75,3960.5,1,21,101100.0,-3.668413530252501
2023-01-11 16:38:00+00:00,25.0,long,is,,3959.0,3959.5,1,1,101125.0,-3.6445926631729395
2023-01-11 16:40:00+00:00,0.0,long,is,,3960.0,3960.0,1,1,101125.0,-3.6445926631729395
2023-01-11 16:44:00+00:00,-12.5,long,is,,3961.0,3960.75,1,3,101112.5,-3.6565030967127203
2023-01-11 16:59:00+00:00,-12.5,long,is,,3962.75,3962.5,1,14,101100.0,-3.668413530252501
2023-01-11 17:32:00+00:00,275.0,long,is,,3962.75,3968.25,1,32,101375.0,-3.4063839923773225
2023-01-11 17:34:00+00:00,-37.5,long,is,,3967.0,3966.25,1,1,101337.5,-3.442115292996665
2023-01-11 17:36:00+00:00,-37.5,long,is,,3966.25,3965.5,1,1,101300.0,-3.4778465936160075
2023-01-11 17:38:00+00:00,37.5,long,is,,3965.5,3966.25,1,1,101337.5,-3.442115292996665
2023-01-11 17:40:00+00:00,12.5,long,is,,3966.0,3966.25,1,1,101350.0,-3.430204859456884
2023-01-11 17:42:00+00:00,25.0,long,is,,3966.5,3967.0,1,1,101375.0,-3.4063839923773225
2023-01-11 17:44:00+00:00,-50.0,long,is,,3966.75,3965.75,1,1,101325.0,-3.454025726536446
2023-01-11 17:46:00+00:00,12.5,long,is,,3966.0,3966.25,1,1,101337.5,-3.442115292996665
2023-01-11 17:57:00+00:00,-25.0,long,is,,3967.25,3966.75,1,10,101312.5,-3.4659361600762266
2023-01-11 18:00:00+00:00,37.5,long,is,,3966.25,3967.0,1,2,101350.0,-3.430204859456884
2023-01-11 18:17:00+00:00,12.5,long,is,,3967.75,3968.0,1,16,101362.5,-3.4182944259171033
2023-01-11 18:19:00+00:00,0.0,long,is,,3969.25,3969.25,1,1,101362.5,-3.4182944259171033
2023-01-11 18:21:00+00:00,-25.0,long,is,,3968.5,3968.0,1,1,101337.5,-3.442115292996665
2023-01-11 18:23:00+00:00,25.0,long,is,,3968.0,3968.5,1,1,101362.5,-3.4182944259171033
2023-01-11 18:25:00+00:00,112.5,long,is,,3968.25,3970.5,1,1,101475.0,-3.3111005240590754
2023-01-11 18:27:00+00:00,-12.5,long,is,,3970.5,3970.25,1,1,101462.5,-3.3230109575988562
2023-01-11 18:46:00+00:00,100.0,long,is,,3971.25,3973.25,1,18,101562.5,-3.22772748928061
2023-01-11 18:48:00+00:00,-12.5,long,is,,3974.25,3974.0,1,1,101550.0,-3.239637922820391
2023-01-11 18:50:00+00:00,-25.0,long,is,,3974.25,3973.75,1,1,101525.0,-3.263458789899952
2023-01-11 18:52:00+00:00,-87.5,long,is,,3972.75,3971.0,1,1,101437.5,-3.346831824678418
2023-01-11 18:54:00+00:00,-50.0,long,is,,3970.5,3969.5,1,1,101387.5,-3.3944735588375416
2023-01-11 19:11:00+00:00,-62.5,short,is,,3969.25,3970.5,1,16,101325.0,-3.454025726536446
2023-01-11 19:15:00+00:00,-62.5,long,is,,3971.0,3969.75,1,3,101262.5,-3.51357789423535
2023-01-11 19:17:00+00:00,-62.5,short,is,,3970.0,3971.25,1,1,101200.0,-3.573130061934254
2023-01-11 19:51:00+00:00,287.5,long,is,,3971.5,3977.25,1,33,101487.5,-3.2991900905192946
2023-01-11 19:53:00+00:00,-25.0,long,is,,3977.5,3977.0,1,1,101462.5,-3.3230109575988562
2023-01-11 19:55:00+00:00,-12.5,long,is,,3977.5,3977.25,1,1,101450.0,-3.334921391138637
2023-01-11 19:57:00+00:00,-25.0,long,is,,3977.0,3976.5,1,1,101425.0,-3.3587422582181987
2023-01-11 19:59:00+00:00,0.0,long,is,,3977.25,3977.25,1,1,101425.0,-3.3587422582181987
2023-01-11 20:27:00+00:00,150.0,long,is,,3978.25,3981.25,1,27,101575.0,-3.215817055740829
2023-01-11 20:29:00+00:00,37.5,long,is,,3980.5,3981.25,1,1,101612.5,-3.1800857551214867
2023-01-11 20:31:00+00:00,-75.0,long,is,,3981.0,3979.5,1,1,101537.5,-3.2515483563601713
2023-01-11 20:33:00+00:00,-37.5,long,is,,3979.75,3979.0,1,1,101500.0,-3.2872796569795137
2023-01-11 20:35:00+00:00,-25.0,long,is,,3978.75,3978.25,1,1,101475.0,-3.3111005240590754
2023-01-11 20:37:00+00:00,12.5,long,is,,3978.5,3978.75,1,1,101487.5,-3.2991900905192946
2023-01-11 20:39:00+00:00,-62.5,long,is,,3978.5,3977.25,1,1,101425.0,-3.3587422582181987
2023-01-11 20:41:00+00:00,-12.5,long,is,,3977.25,3977.0,1,1,101412.5,-3.3706526917579795
2023-01-11 20:43:00+00:00,25.0,long,is,,3978.0,3978.5,1,1,101437.5,-3.346831824678418
2023-01-11 21:16:00+00:00,475.0,long,is,,3979.25,3988.75,1,32,101912.5,-2.8942353501667464
2023-01-11 21:18:00+00:00,0.0,long,is,,3989.0,3989.0,1,1,101912.5,-2.8942353501667464
2023-01-11 21:20:00+00:00,12.5,long,is,,3989.0,3989.25,1,1,101925.0,-2.882324916626965
2023-01-11 21:22:00+00:00,12.5,long,is,,3988.75,3989.0,1,1,101937.5,-2.8704144830871843
2023-01-11 21:24:00+00:00,0.0,long,is,,3989.0,3989.0,1,1,101937.5,-2.8704144830871843
2023-01-11 21:26:00+00:00,0.0,long,is,,3989.0,3989.0,1,1,101937.5,-2.8704144830871843
2023-01-11 23:02:00+00:00,75.0,long,is,,3989.25,3990.75,1,35,102012.5,-2.7989518818484993
2023-01-11 23:04:00+00:00,-25.0,long,is,,3990.25,3989.75,1,1,101987.5,-2.822772748928061
2023-01-11 23:06:00+00:00,-25.0,long,is,,3990.0,3989.5,1,1,101962.5,-2.8465936160076226
2023-01-11 23:08:00+00:00,12.5,long,is,,3989.75,3990.0,1,1,101975.0,-2.834683182467842
2023-01-11 23:10:00+00:00,12.5,long,is,,3990.25,3990.5,1,1,101987.5,-2.822772748928061
2023-01-11 23:12:00+00:00,-25.0,long,is,,3990.0,3989.5,1,1,101962.5,-2.8465936160076226
2023-01-11 23:15:00+00:00,-12.5,long,is,,3990.0,3989.75,1,2,101950.0,-2.8585040495474034
2023-01-11 23:17:00+00:00,25.0,long,is,,3989.0,3989.5,1,1,101975.0,-2.834683182467842
2023-01-11 23:19:00+00:00,0.0,long,is,,3989.5,3989.5,1,1,101975.0,-2.834683182467842
2023-01-11 23:21:00+00:00,-25.0,long,is,,3989.75,3989.25,1,1,101950.0,-2.8585040495474034
2023-01-11 23:23:00+00:00,0.0,long,is,,3989.25,3989.25,1,1,101950.0,-2.8585040495474034
2023-01-11 23:25:00+00:00,-12.5,long,is,,3989.25,3989.0,1,1,101937.5,-2.8704144830871843
2023-01-11 23:27:00+00:00,0.0,long,is,,3989.25,3989.25,1,1,101937.5,-2.8704144830871843
2023-01-11 23:30:00+00:00,-12.5,short,is,,3989.5,3989.75,1,2,101925.0,-2.882324916626965
2023-01-11 23:37:00+00:00,-50.0,short,is,,3988.5,3989.5,1,6,101875.0,-2.929966650786089
2023-01-11 23:39:00+00:00,12.5,short,is,,3989.5,3989.25,1,1,101887.5,-2.918056217246308
2023-01-11 23:41:00+00:00,-12.5,short,is,,3989.0,3989.25,1,1,101875.0,-2.929966650786089
2023-01-11 23:43:00+00:00,0.0,short,is,,3989.5,3989.5,1,1,101875.0,-2.929966650786089
2023-01-12 00:01:00+00:00,25.0,short,is,,3989.25,3988.75,1,17,101900.0,-2.906145783706527
2023-01-12 00:18:00+00:00,25.0,short,is,,3987.75,3987.25,1,16,101925.0,-2.882324916626965
2023-01-12 00:24:00+00:00,0.0,short,is,,3987.0,3987.0,1,5,101925.0,-2.882324916626965
2023-01-12 00:26:00+00:00,12.5,short,is,,3987.25,3987.0,1,1,101937.5,-2.8704144830871843
2023-01-12 00:28:00+00:00,-25.0,short,is,,3987.5,3988.0,1,1,101912.5,-2.8942353501667464
2023-01-12 00:30:00+00:00,-12.5,short,is,,3987.25,3987.5,1,1,101900.0,-2.906145783706527
2023-01-12 00:33:00+00:00,-12.5,short,is,,3987.25,3987.5,1,2,101887.5,-2.918056217246308
2023-01-12 00:35:00+00:00,12.5,short,is,,3987.5,3987.25,1,1,101900.0,-2.906145783706527
2023-01-12 00:46:00+00:00,0.0,short,is,,3987.0,3987.0,1,10,101900.0,-2.906145783706527
2023-01-12 00:48:00+00:00,12.5,short,is,,3987.5,3987.25,1,1,101912.5,-2.8942353501667464
2023-01-12 00:54:00+00:00,-12.5,short,is,,3986.75,3987.0,1,5,101900.0,-2.906145783706527
2023-01-12 00:56:00+00:00,12.5,short,is,,3987.5,3987.25,1,1,101912.5,-2.8942353501667464
2023-01-12 00:58:00+00:00,25.0,short,is,,3987.5,3987.0,1,1,101937.5,-2.8704144830871843
2023-01-12 01:29:00+00:00,87.5,long,is,,3988.0,3989.75,1,30,102025.0,-2.7870414483087185
2023-01-12 01:31:00+00:00,12.5,long,is,,3989.5,3989.75,1,1,102037.5,-2.7751310147689376
2023-01-12 01:33:00+00:00,12.5,long,is,,3989.5,3989.75,1,1,102050.0,-2.763220581229157
2023-01-12 01:35:00+00:00,-12.5,long,is,,3989.5,3989.25,1,1,102037.5,-2.7751310147689376
2023-01-12 01:37:00+00:00,-12.5,long,is,,3989.5,3989.25,1,1,102025.0,-2.7870414483087185
2023-01-12 01:39:00+00:00,12.5,long,is,,3989.25,3989.5,1,1,102037.5,-2.7751310147689376
2023-01-12 01:41:00+00:00,-25.0,long,is,,3989.0,3988.5,1,1,102012.5,-2.7989518818484993
2023-01-12 01:43:00+00:00,0.0,long,is,,3988.25,3988.25,1,1,102012.5,-2.7989518818484993
2023-01-12 01:45:00+00:00,-12.5,long,is,,3988.5,3988.25,1,1,102000.0,-2.81086231538828
2023-01-12 01:47:00+00:00,0.0,long,is,,3988.5,3988.5,1,1,102000.0,-2.81086231538828
2023-01-12 01:49:00+00:00,12.5,long,is,,3988.25,3988.5,1,1,102012.5,-2.7989518818484993
2023-01-12 01:51:00+00:00,0.0,long,is,,3988.75,3988.75,1,1,102012.5,-2.7989518818484993
2023-01-12 02:07:00+00:00,25.0,long,is,,3989.25,3989.75,1,15,102037.5,-2.7751310147689376
2023-01-12 02:13:00+00:00,-37.5,long,is,,3990.0,3989.25,1,5,102000.0,-2.81086231538828
2023-01-12 02:15:00+00:00,-12.5,long,is,,3989.5,3989.25,1,1,101987.5,-2.822772748928061
2023-01-12 02:35:00+00:00,0.0,short,is,,3988.5,3988.5,1,19,101987.5,-2.822772748928061
2023-01-12 02:40:00+00:00,0.0,short,is,,3988.25,3988.25,1,4,101987.5,-2.822772748928061
2023-01-12 02:42:00+00:00,0.0,short,is,,3988.75,3988.75,1,1,101987.5,-2.822772748928061
2023-01-12 02:46:00+00:00,-12.5,short,is,,3988.5,3988.75,1,3,101975.0,-2.834683182467842
2023-01-12 02:48:00+00:00,12.5,short,is,,3988.5,3988.25,1,1,101987.5,-2.822772748928061
2023-01-12 02:52:00+00:00,0.0,short,is,,3988.5,3988.5,1,3,101987.5,-2.822772748928061
2023-01-12 02:56:00+00:00,-37.5,short,is,,3988.0,3988.75,1,3,101950.0,-2.8585040495474034
2023-01-12 02:58:00+00:00,-12.5,short,is,,3988.5,3988.75,1,1,101937.5,-2.8704144830871843
2023-01-12 03:00:00+00:00,-12.5,short,is,,3988.5,3988.75,1,1,101925.0,-2.882324916626965
2023-01-12 03:13:00+00:00,-37.5,long,is,,3989.25,3988.5,1,12,101887.5,-2.918056217246308
2023-01-12 03:25:00+00:00,-25.0,short,is,,3988.5,3989.0,1,11,101862.5,-2.9418770843258697
2023-01-12 03:38:00+00:00,-37.5,long,is,,3989.5,3988.75,1,12,101825.0,-2.977608384945212
2023-01-12 03:40:00+00:00,-12.5,short,is,,3989.0,3989.25,1,1,101812.5,-2.989518818484993
2023-01-12 03:43:00+00:00,-25.0,long,is,,3989.5,3989.0,1,2,101787.5,-3.0133396855645542
2023-01-12 03:45:00+00:00,12.5,long,is,,3989.0,3989.25,1,1,101800.0,-3.001429252024774
2023-01-12 03:47:00+00:00,0.0,long,is,,3989.0,3989.0,1,1,101800.0,-3.001429252024774
2023-01-12 03:49:00+00:00,0.0,long,is,,3989.25,3989.25,1,1,101800.0,-3.001429252024774
2023-01-12 03:51:00+00:00,0.0,long,is,,3989.0,3989.0,1,1,101800.0,-3.001429252024774
2023-01-12 03:54:00+00:00,-12.5,long,is,,3989.5,3989.25,1,2,101787.5,-3.0133396855645542
2023-01-12 03:56:00+00:00,-12.5,long,is,,3989.0,3988.75,1,1,101775.0,-3.025250119104335
2023-01-12 03:58:00+00:00,12.5,long,is,,3988.75,3989.0,1,1,101787.5,-3.0133396855645542
2023-01-12 04:45:00+00:00,112.5,long,is,,3989.0,3991.25,1,46,101900.0,-2.906145783706527
2023-01-12 04:47:00+00:00,0.0,long,is,,3991.0,3991.0,1,1,101900.0,-2.906145783706527
2023-01-12 04:49:00+00:00,-12.5,long,is,,3991.25,3991.0,1,1,101887.5,-2.918056217246308
2023-01-12 04:51:00+00:00,-12.5,long,is,,3991.25,3991.0,1,1,101875.0,-2.929966650786089
2023-01-12 05:24:00+00:00,100.0,long,is,,3991.75,3993.75,1,32,101975.0,-2.834683182467842
2023-01-12 05:28:00+00:00,-25.0,long,is,,3994.0,3993.5,1,3,101950.0,-2.8585040495474034
2023-01-12 05:41:00+00:00,0.0,long,is,,3994.25,3994.25,1,12,101950.0,-2.8585040495474034
2023-01-12 05:44:00+00:00,-12.5,long,is,,3994.5,3994.25,1,2,101937.5,-2.8704144830871843
2023-01-12 05:49:00+00:00,25.0,long,is,,3994.25,3994.75,1,4,101962.5,-2.8465936160076226
2023-01-12 05:56:00+00:00,-25.0,long,is,,3995.25,3994.75,1,6,101937.5,-2.8704144830871843
2023-01-12 05:58:00+00:00,-50.0,long,is,,3994.5,3993.5,1,1,101887.5,-2.918056217246308
2023-01-12 06:00:00+00:00,12.5,long,is,,3993.25,3993.5,1,1,101900.0,-2.906145783706527
2023-01-12 06:02:00+00:00,-12.5,long,is,,3994.0,3993.75,1,1,101887.5,-2.918056217246308
2023-01-12 06:04:00+00:00,-25.0,long,is,,3993.75,3993.25,1,1,101862.5,-2.9418770843258697
2023-01-12 06:06:00+00:00,25.0,long,is,,3993.75,3994.25,1,1,101887.5,-2.918056217246308
2023-01-12 06:08:00+00:00,-50.0,long,is,,3993.75,3992.75,1,1,101837.5,-2.9656979514054314
2023-01-12 06:35:00+00:00,50.0,short,is,,3992.75,3991.75,1,26,101887.5,-2.918056217246308
2023-01-12 06:37:00+00:00,-12.5,short,is,,3991.5,3991.75,1,1,101875.0,-2.929966650786089
2023-01-12 07:17:00+00:00,162.5,short,is,,3991.25,3988.0,1,39,102037.5,-2.7751310147689376
2023-01-12 07:19:00+00:00,-12.5,short,is,,3988.0,3988.25,1,1,102025.0,-2.7870414483087185
2023-01-12 07:21:00+00:00,-37.5,short,is,,3988.5,3989.25,1,1,101987.5,-2.822772748928061
2023-01-12 07:23:00+00:00,0.0,short,is,,3989.0,3989.0,1,1,101987.5,-2.822772748928061
2023-01-12 07:25:00+00:00,12.5,short,is,,3989.0,3988.75,1,1,102000.0,-2.81086231538828
2023-01-12 07:27:00+00:00,0.0,short,is,,3988.5,3988.5,1,1,102000.0,-2.81086231538828
2023-01-12 07:43:00+00:00,37.5,short,is,,3988.5,3987.75,1,15,102037.5,-2.7751310147689376
2023-01-12 07:45:00+00:00,0.0,short,is,,3988.25,3988.25,1,1,102037.5,-2.7751310147689376
2023-01-12 07:47:00+00:00,-12.5,short,is,,3988.0,3988.25,1,1,102025.0,-2.7870414483087185
2023-01-12 07:50:00+00:00,0.0,short,is,,3987.25,3987.25,1,2,102025.0,-2.7870414483087185
2023-01-12 07:55:00+00:00,0.0,short,is,,3987.5,3987.5,1,4,102025.0,-2.7870414483087185
2023-01-12 07:57:00+00:00,0.0,short,is,,3988.0,3988.0,1,1,102025.0,-2.7870414483087185
2023-01-12 07:59:00+00:00,12.5,short,is,,3988.5,3988.25,1,1,102037.5,-2.7751310147689376
2023-01-12 08:01:00+00:00,-12.5,short,is,,3988.0,3988.25,1,1,102025.0,-2.7870414483087185
2023-01-12 08:03:00+00:00,-25.0,short,is,,3987.5,3988.0,1,1,102000.0,-2.81086231538828
2023-01-12 08:06:00+00:00,-37.5,short,is,,3987.75,3988.5,1,2,101962.5,-2.8465936160076226
2023-01-12 08:12:00+00:00,25.0,short,is,,3988.25,3987.75,1,5,101987.5,-2.822772748928061
2023-01-12 08:19:00+00:00,-62.5,short,is,,3986.5,3987.75,1,6,101925.0,-2.882324916626965
2023-01-12 08:32:00+00:00,-37.5,long,is,,3988.25,3987.5,1,12,101887.5,-2.918056217246308
2023-01-12 08:47:00+00:00,-37.5,short,is,,3986.75,3987.5,1,14,101850.0,-2.9537875178656505
2023-01-12 08:49:00+00:00,-25.0,short,is,,3987.5,3988.0,1,1,101825.0,-2.977608384945212
2023-01-12 09:02:00+00:00,-37.5,long,is,,3987.75,3987.0,1,12,101787.5,-3.0133396855645542
2023-01-12 09:08:00+00:00,-25.0,long,is,,3988.25,3987.75,1,5,101762.5,-3.037160552644116
2023-01-12 09:13:00+00:00,-37.5,long,is,,3988.25,3987.5,1,4,101725.0,-3.072891853263459
2023-01-12 09:28:00+00:00,50.0,long,is,,3988.25,3989.25,1,14,101775.0,-3.025250119104335
2023-01-12 09:30:00+00:00,12.5,long,is,,3988.75,3989.0,1,1,101787.5,-3.0133396855645542
2023-01-12 09:32:00+00:00,0.0,long,is,,3989.0,3989.0,1,1,101787.5,-3.0133396855645542
2023-01-12 09:38:00+00:00,-25.0,long,is,,3989.75,3989.25,1,5,101762.5,-3.037160552644116
2023-01-12 09:54:00+00:00,0.0,long,is,,3990.0,3990.0,1,15,101762.5,-3.037160552644116
2023-01-12 09:56:00+00:00,0.0,long,is,,3990.0,3990.0,1,1,101762.5,-3.037160552644116
2023-01-12 10:00:00+00:00,-25.0,long,is,,3991.0,3990.5,1,3,101737.5,-3.060981419723678
2023-01-12 10:02:00+00:00,0.0,long,is,,3989.0,3989.0,1,1,101737.5,-3.060981419723678
2023-01-12 10:04:00+00:00,-12.5,long,is,,3989.0,3988.75,1,1,101725.0,-3.072891853263459
2023-01-12 10:24:00+00:00,62.5,short,is,,3988.75,3987.5,1,19,101787.5,-3.0133396855645542
2023-01-12 10:26:00+00:00,37.5,short,is,,3987.5,3986.75,1,1,101825.0,-2.977608384945212
2023-01-12 10:29:00+00:00,-75.0,short,is,,3985.75,3987.25,1,2,101750.0,-3.049070986183897
2023-01-12 10:31:00+00:00,-12.5,short,is,,3986.5,3986.75,1,1,101737.5,-3.060981419723678
2023-01-12 10:36:00+00:00,-37.5,short,is,,3986.5,3987.25,1,4,101700.0,-3.0967127203430205
2023-01-12 10:38:00+00:00,25.0,short,is,,3988.0,3987.5,1,1,101725.0,-3.072891853263459
2023-01-12 10:40:00+00:00,25.0,short,is,,3987.0,3986.5,1,1,101750.0,-3.049070986183897
2023-01-12 10:42:00+00:00,0.0,short,is,,3987.25,3987.25,1,1,101750.0,-3.049070986183897
2023-01-12 10:44:00+00:00,12.5,short,is,,3988.0,3987.75,1,1,101762.5,-3.037160552644116
2023-01-12 10:46:00+00:00,0.0,short,is,,3988.25,3988.25,1,1,101762.5,-3.037160552644116
2023-01-12 10:48:00+00:00,-37.5,short,is,,3988.5,3989.25,1,1,101725.0,-3.072891853263459
2023-01-12 11:06:00+00:00,25.0,long,is,,3989.0,3989.5,1,17,101750.0,-3.049070986183897
2023-01-12 11:08:00+00:00,12.5,long,is,,3989.25,3989.5,1,1,101762.5,-3.037160552644116
2023-01-12 11:11:00+00:00,-62.5,long,is,,3990.25,3989.0,1,2,101700.0,-3.0967127203430205
2023-01-12 11:13:00+00:00,-25.0,long,is,,3989.0,3988.5,1,1,101675.0,-3.120533587422582
2023-01-12 11:16:00+00:00,-62.5,short,is,,3988.5,3989.75,1,2,101612.5,-3.1800857551214867
2023-01-12 11:40:00+00:00,50.0,long,is,,3989.75,3990.75,1,23,101662.5,-3.1324440209623634
2023-01-12 11:45:00+00:00,-37.5,long,is,,3991.5,3990.75,1,4,101625.0,-3.168175321581706
2023-01-12 11:47:00+00:00,-12.5,long,is,,3991.0,3990.75,1,1,101612.5,-3.1800857551214867
2023-01-12 11:49:00+00:00,12.5,long,is,,3990.75,3991.0,1,1,101625.0,-3.168175321581706
2023-01-12 11:51:00+00:00,0.0,long,is,,3991.25,3991.25,1,1,101625.0,-3.168175321581706
2023-01-12 11:53:00+00:00,0.0,long,is,,3991.25,3991.25,1,1,101625.0,-3.168175321581706
2023-01-12 11:55:00+00:00,-12.5,long,is,,3991.25,3991.0,1,1,101612.5,-3.1800857551214867
2023-01-12 11:57:00+00:00,12.5,long,is,,3990.5,3990.75,1,1,101625.0,-3.168175321581706
2023-01-12 11:59:00+00:00,25.0,long,is,,3990.5,3991.0,1,1,101650.0,-3.1443544545021442
2023-01-12 12:29:00+00:00,187.5,long,is,,3990.5,3994.25,1,29,101837.5,-2.9656979514054314
2023-01-12 12:31:00+00:00,12.5,long,is,,3993.5,3993.75,1,1,101850.0,-2.9537875178656505
2023-01-12 12:36:00+00:00,-12.5,long,is,,3994.5,3994.25,1,4,101837.5,-2.9656979514054314
2023-01-12 13:13:00+00:00,325.0,long,is,,3994.25,4000.75,1,36,102162.5,-2.656026679371129
2023-01-12 13:30:00+00:00,-1312.5,long,is,,4001.25,3975.0,1,16,100850.0,-3.906622201048118
2023-01-12 13:36:00+00:00,-1675.0,short,is,,3967.75,4001.25,1,5,99175.0,-5.502620295378752
2023-01-12 13:38:00+00:00,-400.0,long,is,,4001.75,3993.75,1,1,98775.0,-5.883754168651739
2023-01-12 13:49:00+00:00,287.5,short,is,,3994.75,3989.0,1,10,99062.5,-5.60981419723678
2023-01-12 13:51:00+00:00,-125.0,short,is,,3993.75,3996.25,1,1,98937.5,-5.728918532634588
2023-01-12 13:53:00+00:00,-187.5,short,is,,3994.25,3998.0,1,1,98750.0,-5.907575035731301
2023-01-12 14:10:00+00:00,150.0,long,is,,4004.0,4007.0,1,16,98900.0,-5.76464983325393
2023-01-12 14:12:00+00:00,75.0,long,is,,4002.25,4003.75,1,1,98975.0,-5.693187232015245
2023-01-12 14:14:00+00:00,-162.5,long,is,,4003.5,4000.25,1,1,98812.5,-5.8480228680323965
2023-01-12 14:25:00+00:00,-287.5,short,is,,3995.5,4001.25,1,10,98525.0,-6.121962839447356
2023-01-12 14:32:00+00:00,-225.0,long,is,,4000.5,3996.0,1,6,98300.0,-6.336350643163412
2023-01-12 14:58:00+00:00,975.0,short,is,,3988.25,3968.75,1,25,99275.0,-5.4073368270605044
2023-01-12 15:00:00+00:00,75.0,short,is,,3971.75,3970.25,1,1,99350.0,-5.3358742258218195
2023-01-12 15:02:00+00:00,-125.0,short,is,,3975.25,3977.75,1,1,99225.0,-5.454978561219629
2023-01-12 15:04:00+00:00,100.0,short,is,,3977.5,3975.5,1,1,99325.0,-5.359695092901381
2023-01-12 15:06:00+00:00,37.5,short,is,,3980.25,3979.5,1,1,99362.5,-5.323963792282039
2023-01-12 15:08:00+00:00,312.5,short,is,,3983.25,3977.0,1,1,99675.0,-5.026202953787518
2023-01-12 15:10:00+00:00,-200.0,short,is,,3974.0,3978.0,1,1,99475.0,-5.216769890424011
2023-01-12 15:12:00+00:00,-337.5,short,is,,3983.0,3989.75,1,1,99137.5,-5.538351595998094
2023-01-12 15:28:00+00:00,-312.5,long,is,,4000.0,3993.75,1,15,98825.0,-5.836112434492616
2023-01-12 15:30:00+00:00,25.0,long,is,,3992.0,3992.5,1,1,98850.0,-5.812291567413054
2023-01-12 15:36:00+00:00,-412.5,short,is,,3990.5,3998.75,1,5,98437.5,-6.205335874225821
2023-01-12 15:43:00+00:00,-200.0,long,is,,3999.5,3995.5,1,6,98237.5,-6.3959028108623155
2023-01-12 15:45:00+00:00,-225.0,long,is,,3991.0,3986.5,1,1,98012.5,-6.61029061457837
2023-01-12 15:54:00+00:00,-512.5,short,is,,3983.25,3993.5,1,8,97500.0,-7.098618389709385
2023-01-12 16:00:00+00:00,-187.5,long,is,,3992.0,3988.25,1,5,97312.5,-7.277274892806099
2023-01-12 16:07:00+00:00,-312.5,short,is,,3982.25,3988.5,1,6,97000.0,-7.57503573130062
2023-01-12 16:09:00+00:00,-12.5,long,is,,3985.75,3985.5,1,1,96987.5,-7.586946164840399
2023-01-12 16:11:00+00:00,25.0,long,is,,3987.25,3987.75,1,1,97012.5,-7.563125297760838
2023-01-12 16:13:00+00:00,-87.5,long,is,,3987.25,3985.5,1,1,96925.0,-7.646498332539305
2023-01-12 16:26:00+00:00,50.0,long,is,,3989.25,3990.25,1,12,96975.0,-7.5988565983801815
2023-01-12 16:28:00+00:00,162.5,long,is,,3987.25,3990.5,1,1,97137.5,-7.444020962363029
2023-01-12 16:30:00+00:00,-137.5,long,is,,3993.25,3990.5,1,1,97000.0,-7.57503573130062
2023-01-12 16:32:00+00:00,-112.5,long,is,,3990.0,3987.75,1,1,96887.5,-7.682229633158647
2023-01-12 16:39:00+00:00,-175.0,short,is,,3986.25,3989.75,1,6,96712.5,-7.848975702715578
2023-01-12 16:41:00+00:00,-87.5,short,is,,3988.25,3990.0,1,1,96625.0,-7.932348737494046
2023-01-12 16:43:00+00:00,-75.0,short,is,,3989.25,3990.75,1,1,96550.0,-8.00381133873273
2023-01-12 16:55:00+00:00,-162.5,long,is,,3993.5,3990.25,1,11,96387.5,-8.15864697474988
2023-01-12 17:41:00+00:00,912.5,long,is,,3992.0,4010.25,1,45,97300.0,-7.289185326345879
2023-01-12 17:43:00+00:00,-25.0,long,is,,4010.25,4009.75,1,1,97275.0,-7.313006193425441
2023-01-12 17:45:00+00:00,12.5,long,is,,4009.0,4009.25,1,1,97287.5,-7.30109575988566
2023-01-12 17:50:00+00:00,-62.5,long,is,,4011.75,4010.5,1,4,97225.0,-7.360647927584564
2023-01-12 17:59:00+00:00,-87.5,long,is,,4013.5,4011.75,1,8,97137.5,-7.444020962363029
2023-01-12 18:02:00+00:00,-62.5,long,is,,4011.0,4009.75,1,2,97075.0,-7.503573130061934
2023-01-12 18:11:00+00:00,-75.0,long,is,,4014.0,4012.5,1,8,97000.0,-7.57503573130062
2023-01-12 18:13:00+00:00,0.0,long,is,,4011.25,4011.25,1,1,97000.0,-7.57503573130062
2023-01-12 18:23:00+00:00,-50.0,long,is,,4014.5,4013.5,1,9,96950.0,-7.622677465459743
2023-01-12 18:25:00+00:00,-50.0,long,is,,4014.0,4013.0,1,1,96900.0,-7.670319199618866
2023-01-12 18:27:00+00:00,-162.5,long,is,,4008.0,4004.75,1,1,96737.5,-7.825154835636017
2023-01-12 18:38:00+00:00,-287.5,short,is,,3999.25,4005.0,1,10,96450.0,-8.099094807050978
2023-01-12 18:40:00+00:00,0.0,short,is,,4004.25,4004.25,1,1,96450.0,-8.099094807050978
2023-01-12 18:42:00+00:00,-12.5,short,is,,4005.25,4005.5,1,1,96437.5,-8.111005240590757
2023-01-12 18:44:00+00:00,-37.5,short,is,,4005.75,4006.5,1,1,96400.0,-8.146736541210101
2023-01-12 18:46:00+00:00,-12.5,short,is,,4006.25,4006.5,1,1,96387.5,-8.15864697474988
2023-01-12 19:05:00+00:00,137.5,long,is,,4009.5,4012.25,1,18,96525.0,-8.027632205812292
2023-01-12 19:07:00+00:00,25.0,long,is,,4012.5,4013.0,1,1,96550.0,-8.00381133873273
2023-01-12 19:09:00+00:00,112.5,long,is,,4011.75,4014.0,1,1,96662.5,-7.896617436874702
2023-01-12 19:19:00+00:00,-150.0,short,is,,4010.5,4013.5,1,9,96512.5,-8.039542639352073
2023-01-12 19:22:00+00:00,-62.5,long,is,,4012.75,4011.5,1,2,96450.0,-8.099094807050978
2023-01-12 19:38:00+00:00,-100.0,short,is,,4007.75,4009.75,1,15,96350.0,-8.194378275369225
2023-01-12 19:50:00+00:00,-75.0,long,is,,4011.5,4010.0,1,11,96275.0,-8.265840876607909
2023-01-12 20:04:00+00:00,-12.5,short,is,,4008.5,4008.75,1,13,96262.5,-8.27775131014769
2023-01-12 20:25:00+00:00,275.0,short,is,,4006.75,4001.25,1,20,96537.5,-8.01572177227251
2023-01-12 20:27:00+00:00,-62.5,short,is,,4001.25,4002.5,1,1,96475.0,-8.075273939971416
2023-01-12 20:29:00+00:00,125.0,short,is,,4003.0,4000.5,1,1,96600.0,-7.956169604573607
2023-01-12 20:31:00+00:00,-25.0,short,is,,4000.25,4000.75,1,1,96575.0,-7.979990471653169
2023-01-12 20:33:00+00:00,12.5,short,is,,4002.75,4002.5,1,1,96587.5,-7.968080038113387
2023-01-12 20:35:00+00:00,0.0,short,is,,4002.75,4002.75,1,1,96587.5,-7.968080038113387
2023-01-12 20:41:00+00:00,-25.0,short,is,,4001.0,4001.5,1,5,96562.5,-7.991900905192948
2023-01-12 20:52:00+00:00,125.0,short,is,,4002.25,3999.75,1,10,96687.5,-7.87279656979514
2023-01-12 20:54:00+00:00,-62.5,short,is,,3997.5,3998.75,1,1,96625.0,-7.932348737494046
2023-01-12 20:56:00+00:00,-112.5,short,is,,3998.75,4001.0,1,1,96512.5,-8.039542639352073
2023-01-12 20:58:00+00:00,-100.0,short,is,,4001.5,4003.5,1,1,96412.5,-8.13482610767032
2023-01-12 21:00:00+00:00,37.5,short,is,,4003.5,4002.75,1,1,96450.0,-8.099094807050978
2023-01-12 21:02:00+00:00,0.0,short,is,,4002.75,4002.75,1,1,96450.0,-8.099094807050978
2023-01-12 21:04:00+00:00,0.0,short,is,,4001.75,4001.75,1,1,96450.0,-8.099094807050978
2023-01-12 21:06:00+00:00,-25.0,short,is,,4001.75,4002.25,1,1,96425.0,-8.122915674130539
2023-01-12 21:23:00+00:00,-37.5,long,is,,4004.0,4003.25,1,16,96387.5,-8.15864697474988
2023-01-12 21:26:00+00:00,37.5,long,is,,4003.25,4004.0,1,2,96425.0,-8.122915674130539
2023-01-12 21:28:00+00:00,25.0,long,is,,4003.0,4003.5,1,1,96450.0,-8.099094807050978
2023-01-12 21:30:00+00:00,0.0,long,is,,4003.5,4003.5,1,1,96450.0,-8.099094807050978
2023-01-12 21:32:00+00:00,-12.5,long,is,,4003.5,4003.25,1,1,96437.5,-8.111005240590757
2023-01-12 21:34:00+00:00,12.5,long,is,,4003.0,4003.25,1,1,96450.0,-8.099094807050978
2023-01-12 21:36:00+00:00,12.5,long,is,,4002.75,4003.0,1,1,96462.5,-8.087184373511196
2023-01-12 21:38:00+00:00,-12.5,long,is,,4003.25,4003.0,1,1,96450.0,-8.099094807050978
2023-01-12 21:44:00+00:00,-37.5,long,is,,4003.75,4003.0,1,5,96412.5,-8.13482610767032
2023-01-12 21:46:00+00:00,-12.5,long,is,,4002.75,4002.5,1,1,96400.0,-8.146736541210101
2023-01-12 21:48:00+00:00,0.0,long,is,,4002.75,4002.75,1,1,96400.0,-8.146736541210101
2023-01-12 21:50:00+00:00,0.0,long,is,,4002.75,4002.75,1,1,96400.0,-8.146736541210101
2023-01-12 21:52:00+00:00,0.0,long,is,,4002.75,4002.75,1,1,96400.0,-8.146736541210101
2023-01-12 21:54:00+00:00,-25.0,long,is,,4003.25,4002.75,1,1,96375.0,-8.170557408289662
2023-01-12 21:56:00+00:00,-12.5,long,is,,4002.5,4002.25,1,1,96362.5,-8.182467841829443
2023-01-12 21:58:00+00:00,25.0,long,is,,4002.25,4002.75,1,1,96387.5,-8.15864697474988
2023-01-12 23:00:00+00:00,25.0,long,is,,4002.5,4003.0,1,1,96412.5,-8.13482610767032
2023-01-12 23:02:00+00:00,-25.0,long,is,,4002.0,4001.5,1,1,96387.5,-8.15864697474988
2023-01-12 23:10:00+00:00,-50.0,short,is,,4001.0,4002.0,1,7,96337.5,-8.206288708909003
2023-01-12 23:12:00+00:00,-12.5,long,is,,4002.0,4001.75,1,1,96325.0,-8.218199142448785
2023-01-12 23:14:00+00:00,-37.5,short,is,,4001.75,4002.5,1,1,96287.5,-8.253930443068128
2023-01-12 23:34:00+00:00,25.0,long,is,,4002.75,4003.25,1,19,96312.5,-8.230109575988566
2023-01-12 23:37:00+00:00,-25.0,long,is,,4003.75,4003.25,1,2,96287.5,-8.253930443068128
2023-01-12 23:39:00+00:00,-25.0,long,is,,4003.5,4003.0,1,1,96262.5,-8.27775131014769
2023-01-12 23:41:00+00:00,-12.5,long,is,,4003.25,4003.0,1,1,96250.0,-8.289661743687471
2023-01-12 23:46:00+00:00,-75.0,short,is,,4002.75,4004.25,1,4,96175.0,-8.361124344926155
2023-01-12 23:50:00+00:00,-37.5,long,is,,4004.0,4003.25,1,3,96137.5,-8.396855645545498
2023-01-12 23:53:00+00:00,-12.5,long,is,,4003.5,4003.25,1,2,96125.0,-8.408766079085279
2023-01-13 00:29:00+00:00,175.0,long,is,,4003.25,4006.75,1,35,96300.0,-8.242020009528348
2023-01-13 00:33:00+00:00,0.0,long,is,,4006.5,4006.5,1,3,96300.0,-8.242020009528348
2023-01-13 00:35:00+00:00,-12.5,long,is,,4006.0,4005.75,1,1,96287.5,-8.253930443068128
2023-01-13 00:37:00+00:00,-12.5,long,is,,4005.75,4005.5,1,1,96275.0,-8.265840876607909
2023-01-13 00:39:00+00:00,25.0,long,is,,4006.0,4006.5,1,1,96300.0,-8.242020009528348
2023-01-13 00:41:00+00:00,-100.0,long,is,,4006.0,4004.0,1,1,96200.0,-8.337303477846593
2023-01-13 00:43:00+00:00,25.0,long,is,,4004.75,4005.25,1,1,96225.0,-8.313482610767032
2023-01-13 01:01:00+00:00,12.5,short,is,,4004.75,4004.5,1,17,96237.5,-8.301572177227252
2023-01-13 01:03:00+00:00,12.5,short,is,,4004.75,4004.5,1,1,96250.0,-8.289661743687471
2023-01-13 01:05:00+00:00,-12.5,short,is,,4004.5,4004.75,1,1,96237.5,-8.301572177227252
2023-01-13 01:07:00+00:00,-25.0,short,is,,4004.5,4005.0,1,1,96212.5,-8.325393044306812
2023-01-13 01:16:00+00:00,-75.0,long,is,,4005.25,4003.75,1,8,96137.5,-8.396855645545498
2023-01-13 01:45:00+00:00,150.0,short,is,,4002.0,3999.0,1,28,96287.5,-8.253930443068128
2023-01-13 01:47:00+00:00,-12.5,short,is,,3999.0,3999.25,1,1,96275.0,-8.265840876607909
2023-01-13 01:50:00+00:00,50.0,short,is,,3998.75,3997.75,1,2,96325.0,-8.218199142448785
2023-01-13 01:55:00+00:00,12.5,short,is,,3998.25,3998.0,1,4,96337.5,-8.206288708909003
2023-01-13 01:57:00+00:00,12.5,short,is,,3998.75,3998.5,1,1,96350.0,-8.194378275369225
2023-01-13 02:31:00+00:00,250.0,short,is,,3997.25,3992.25,1,33,96600.0,-7.956169604573607
2023-01-13 02:33:00+00:00,-25.0,short,is,,3993.0,3993.5,1,1,96575.0,-7.979990471653169
2023-01-13 02:35:00+00:00,-12.5,short,is,,3993.75,3994.0,1,1,96562.5,-7.991900905192948
2023-01-13 02:37:00+00:00,0.0,short,is,,3993.25,3993.25,1,1,96562.5,-7.991900905192948
2023-01-13 02:39:00+00:00,0.0,short,is,,3994.0,3994.0,1,1,96562.5,-7.991900905192948
2023-01-13 02:41:00+00:00,-25.0,short,is,,3994.75,3995.25,1,1,96537.5,-8.01572177227251
2023-01-13 02:43:00+00:00,0.0,short,is,,3994.75,3994.75,1,1,96537.5,-8.01572177227251
2023-01-13 02:45:00+00:00,12.5,short,is,,3995.0,3994.75,1,1,96550.0,-8.00381133873273
2023-01-13 02:47:00+00:00,37.5,short,is,,3995.5,3994.75,1,1,96587.5,-7.968080038113387
2023-01-13 02:50:00+00:00,12.5,short,is,,3994.75,3994.5,1,2,96600.0,-7.956169604573607
2023-01-13 02:53:00+00:00,-62.5,short,is,,3993.75,3995.0,1,2,96537.5,-8.01572177227251
2023-01-13 02:55:00+00:00,12.5,short,is,,3995.25,3995.0,1,1,96550.0,-8.00381133873273
2023-01-13 02:58:00+00:00,12.5,short,is,,3994.75,3994.5,1,2,96562.5,-7.991900905192948
2023-01-13 03:13:00+00:00,-12.5,short,is,,3994.25,3994.5,1,14,96550.0,-8.00381133873273
2023-01-13 03:15:00+00:00,0.0,short,is,,3994.25,3994.25,1,1,96550.0,-8.00381133873273
2023-01-13 03:17:00+00:00,-12.5,short,is,,3994.75,3995.0,1,1,96537.5,-8.01572177227251
2023-01-13 03:26:00+00:00,-25.0,long,is,,3995.25,3994.75,1,8,96512.5,-8.039542639352073
2023-01-13 03:29:00+00:00,-50.0,long,is,,3995.25,3994.25,1,2,96462.5,-8.087184373511196
2023-01-13 03:52:00+00:00,75.0,short,is,,3994.0,3992.5,1,22,96537.5,-8.01572177227251
2023-01-13 03:54:00+00:00,-25.0,short,is,,3992.25,3992.75,1,1,96512.5,-8.039542639352073
2023-01-13 03:56:00+00:00,25.0,short,is,,3993.0,3992.5,1,1,96537.5,-8.01572177227251
2023-01-13 03:58:00+00:00,-12.5,short,is,,3993.0,3993.25,1,1,96525.0,-8.027632205812292
2023-01-13 04:20:00+00:00,12.5,long,is,,3993.75,3994.0,1,21,96537.5,-8.01572177227251
2023-01-13 04:22:00+00:00,-25.0,short,is,,3994.0,3994.5,1,1,96512.5,-8.039542639352073
2023-01-13 04:28:00+00:00,-12.5,long,is,,3994.75,3994.5,1,5,96500.0,-8.051453072891853
2023-01-13 04:30:00+00:00,-37.5,long,is,,3995.0,3994.25,1,1,96462.5,-8.087184373511196
2023-01-13 04:33:00+00:00,0.0,long,is,,3994.5,3994.5,1,2,96462.5,-8.087184373511196
2023-01-13 04:36:00+00:00,0.0,long,is,,3994.5,3994.5,1,2,96462.5,-8.087184373511196
2023-01-13 04:51:00+00:00,-12.5,short,is,,3993.75,3994.0,1,14,96450.0,-8.099094807050978
2023-01-13 04:53:00+00:00,-12.5,long,is,,3994.0,3993.75,1,1,96437.5,-8.111005240590757
2023-01-13 04:55:00+00:00,12.5,long,is,,3993.75,3994.0,1,1,96450.0,-8.099094807050978
2023-01-13 04:57:00+00:00,-12.5,long,is,,3994.25,3994.0,1,1,96437.5,-8.111005240590757
2023-01-13 05:00:00+00:00,-50.0,short,is,,3993.5,3994.5,1,2,96387.5,-8.15864697474988
2023-01-13 05:03:00+00:00,-37.5,long,is,,3994.25,3993.5,1,2,96350.0,-8.194378275369225
2023-01-13 05:08:00+00:00,-12.5,long,is,,3994.0,3993.75,1,4,96337.5,-8.206288708909003
2023-01-13 05:10:00+00:00,-37.5,long,is,,3994.0,3993.25,1,1,96300.0,-8.242020009528348
2023-01-13 05:14:00+00:00,-25.0,short,is,,3993.5,3994.0,1,3,96275.0,-8.265840876607909
2023-01-13 05:16:00+00:00,-37.5,short,is,,3993.75,3994.5,1,1,96237.5,-8.301572177227252
2023-01-13 05:18:00+00:00,0.0,long,is,,3994.0,3994.0,1,1,96237.5,-8.301572177227252
2023-01-13 05:22:00+00:00,-25.0,long,is,,3994.25,3993.75,1,3,96212.5,-8.325393044306812
2023-01-13 05:24:00+00:00,-25.0,short,is,,3993.5,3994.0,1,1,96187.5,-8.349213911386375
2023-01-13 05:42:00+00:00,25.0,short,is,,3993.75,3993.25,1,17,96212.5,-8.325393044306812
2023-01-13 05:44:00+00:00,-25.0,short,is,,3993.5,3994.0,1,1,96187.5,-8.349213911386375
2023-01-13 06:12:00+00:00,25.0,long,is,,3994.0,3994.5,1,27,96212.5,-8.325393044306812
2023-01-13 06:14:00+00:00,-25.0,long,is,,3994.0,3993.5,1,1,96187.5,-8.349213911386375
2023-01-13 06:18:00+00:00,-62.5,short,is,,3993.5,3994.75,1,3,96125.0,-8.408766079085279
2023-01-13 06:44:00+00:00,87.5,long,is,,3994.5,3996.25,1,25,96212.5,-8.325393044306812
2023-01-13 06:46:00+00:00,-25.0,long,is,,3996.5,3996.0,1,1,96187.5,-8.349213911386375
2023-01-13 06:48:00+00:00,-12.5,long,is,,3995.75,3995.5,1,1,96175.0,-8.361124344926155
2023-01-13 06:50:00+00:00,-12.5,long,is,,3995.25,3995.0,1,1,96162.5,-8.373034778465936
2023-01-13 06:52:00+00:00,37.5,long,is,,3995.0,3995.75,1,1,96200.0,-8.337303477846593
2023-01-13 06:54:00+00:00,0.0,long,is,,3996.5,3996.5,1,1,96200.0,-8.337303477846593
2023-01-13 07:04:00+00:00,-12.5,long,is,,3996.5,3996.25,1,9,96187.5,-8.349213911386375
2023-01-13 07:06:00+00:00,25.0,long,is,,3995.5,3996.0,1,1,96212.5,-8.325393044306812
2023-01-13 07:15:00+00:00,-25.0,long,is,,3997.0,3996.5,1,8,96187.5,-8.349213911386375
2023-01-13 07:17:00+00:00,12.5,long,is,,3996.5,3996.75,1,1,96200.0,-8.337303477846593
2023-01-13 07:22:00+00:00,25.0,long,is,,3996.25,3996.75,1,4,96225.0,-8.313482610767032
2023-01-13 07:27:00+00:00,-25.0,long,is,,3996.75,3996.25,1,4,96200.0,-8.337303477846593
2023-01-13 07:32:00+00:00,-100.0,short,is,,3995.75,3997.75,1,4,96100.0,-8.43258694616484
2023-01-13 07:40:00+00:00,-87.5,long,is,,3999.0,3997.25,1,7,96012.5,-8.515959980943306
2023-01-13 08:01:00+00:00,37.5,long,is,,3997.0,3997.75,1,20,96050.0,-8.480228680323963
2023-01-13 08:14:00+00:00,-37.5,short,is,,3996.5,3997.25,1,12,96012.5,-8.515959980943306
2023-01-13 08:16:00+00:00,-87.5,short,is,,3996.0,3997.75,1,1,95925.0,-8.599333015721772
2023-01-13 08:35:00+00:00,87.5,long,is,,3997.5,3999.25,1,18,96012.5,-8.515959980943306
2023-01-13 08:37:00+00:00,-25.0,long,is,,3999.75,3999.25,1,1,95987.5,-8.539780848022868
2023-01-13 08:39:00+00:00,25.0,long,is,,3998.25,3998.75,1,1,96012.5,-8.515959980943306
2023-01-13 08:45:00+00:00,-12.5,long,is,,3999.75,3999.5,1,5,96000.0,-8.527870414483086
2023-01-13 08:51:00+00:00,-100.0,long,is,,4001.0,3999.0,1,5,95900.0,-8.623153882801333
2023-01-13 08:53:00+00:00,-12.5,long,is,,3999.25,3999.0,1,1,95887.5,-8.635064316341115
2023-01-13 08:55:00+00:00,0.0,long,is,,4000.0,4000.0,1,1,95887.5,-8.635064316341115
2023-01-13 08:57:00+00:00,-37.5,long,is,,3999.75,3999.0,1,1,95850.0,-8.670795616960456
2023-01-13 09:02:00+00:00,12.5,long,is,,3998.75,3999.0,1,4,95862.5,-8.658885183420677
2023-01-13 09:20:00+00:00,75.0,long,is,,4000.5,4002.0,1,17,95937.5,-8.587422582181992
2023-01-13 09:22:00+00:00,12.5,long,is,,4001.5,4001.75,1,1,95950.0,-8.57551214864221
2023-01-13 09:24:00+00:00,-12.5,long,is,,4000.75,4000.5,1,1,95937.5,-8.587422582181992
2023-01-13 09:26:00+00:00,-100.0,long,is,,4000.75,3998.75,1,1,95837.5,-8.682706050500238
2023-01-13 09:37:00+00:00,-100.0,short,is,,3999.0,4001.0,1,10,95737.5,-8.777989518818485
2023-01-13 09:40:00+00:00,-75.0,long,is,,4000.75,3999.25,1,2,95662.5,-8.84945212005717
2023-01-13 09:42:00+00:00,-50.0,short,is,,3999.0,4000.0,1,1,95612.5,-8.897093854216294
2023-01-13 10:08:00+00:00,62.5,long,is,,4001.5,4002.75,1,25,95675.0,-8.837541686517389
2023-01-13 10:10:00+00:00,-37.5,long,is,,4004.0,4003.25,1,1,95637.5,-8.873272987136732
2023-01-13 10:23:00+00:00,-12.5,long,is,,4003.5,4003.25,1,12,95625.0,-8.885183420676512
2023-01-13 10:25:00+00:00,-25.0,long,is,,4004.25,4003.75,1,1,95600.0,-8.909004287756074
2023-01-13 10:27:00+00:00,-12.5,long,is,,4003.25,4003.0,1,1,95587.5,-8.920914721295855
2023-01-13 10:29:00+00:00,25.0,long,is,,4003.0,4003.5,1,1,95612.5,-8.897093854216294
2023-01-13 10:31:00+00:00,-50.0,long,is,,4003.5,4002.5,1,1,95562.5,-8.944735588375417
2023-01-13 10:33:00+00:00,0.0,long,is,,4002.75,4002.75,1,1,95562.5,-8.944735588375417
2023-01-13 10:37:00+00:00,12.5,long,is,,4003.0,4003.25,1,3,95575.0,-8.932825154835635
2023-01-13 10:39:00+00:00,0.0,long,is,,4003.0,4003.0,1,1,95575.0,-8.932825154835635
2023-01-13 10:43:00+00:00,-37.5,long,is,,4004.0,4003.25,1,3,95537.5,-8.96855645545498
2023-01-13 10:45:00+00:00,-37.5,long,is,,4003.5,4002.75,1,1,95500.0,-9.004287756074321
2023-01-13 10:47:00+00:00,-25.0,long,is,,4003.0,4002.5,1,1,95475.0,-9.028108623153882
2023-01-13 10:56:00+00:00,-50.0,short,is,,4002.0,4003.0,1,8,95425.0,-9.075750357313005
2023-01-13 11:01:00+00:00,-75.0,long,is,,4003.25,4001.75,1,4,95350.0,-9.147212958551691
2023-01-13 11:03:00+00:00,-50.0,long,is,,4002.75,4001.75,1,1,95300.0,-9.194854692710814
2023-01-13 11:16:00+00:00,0.0,short,is,,4001.0,4001.0,1,12,95300.0,-9.194854692710814
2023-01-13 11:18:00+00:00,-25.0,short,is,,4001.0,4001.5,1,1,95275.0,-9.218675559790377
2023-01-13 11:46:00+00:00,362.5,short,is,,4000.0,3992.75,1,27,95637.5,-8.873272987136732
2023-01-13 11:51:00+00:00,87.5,short,is,,3994.0,3992.25,1,4,95725.0,-8.789899952358265
2023-01-13 12:01:00+00:00,-37.5,short,is,,3989.75,3990.5,1,9,95687.5,-8.825631252977608
2023-01-13 12:03:00+00:00,-37.5,short,is,,3989.25,3990.0,1,1,95650.0,-8.861362553596951
2023-01-13 12:05:00+00:00,-25.0,short,is,,3989.75,3990.25,1,1,95625.0,-8.885183420676512
2023-01-13 12:10:00+00:00,50.0,short,is,,3990.5,3989.5,1,4,95675.0,-8.837541686517389
2023-01-13 12:17:00+00:00,-37.5,short,is,,3988.25,3989.0,1,6,95637.5,-8.873272987136732
2023-01-13 13:13:00+00:00,1012.5,short,is,,3988.0,3967.75,1,55,96650.0,-7.908527870414483
2023-01-13 13:17:00+00:00,-50.0,short,is,,3967.5,3968.5,1,3,96600.0,-7.956169604573607
2023-01-13 13:19:00+00:00,12.5,short,is,,3969.0,3968.75,1,1,96612.5,-7.944259171033825
2023-01-13 13:21:00+00:00,-62.5,short,is,,3968.25,3969.5,1,1,96550.0,-8.00381133873273
2023-01-13 13:23:00+00:00,-37.5,short,is,,3969.25,3970.0,1,1,96512.5,-8.039542639352073
2023-01-13 13:25:00+00:00,0.0,short,is,,3969.75,3969.75,1,1,96512.5,-8.039542639352073
2023-01-13 13:40:00+00:00,50.0,short,is,,3969.0,3968.0,1,14,96562.5,-7.991900905192948
2023-01-13 13:42:00+00:00,37.5,short,is,,3967.75,3967.0,1,1,96600.0,-7.956169604573607
2023-01-13 13:44:00+00:00,62.5,short,is,,3967.75,3966.5,1,1,96662.5,-7.896617436874702
2023-01-13 13:46:00+00:00,12.5,short,is,,3967.25,3967.0,1,1,96675.0,-7.884707003334921
2023-01-13 13:50:00+00:00,-50.0,short,is,,3965.25,3966.25,1,3,96625.0,-7.932348737494046
2023-01-13 13:52:00+00:00,12.5,short,is,,3967.25,3967.0,1,1,96637.5,-7.920438303954263
2023-01-13 14:00:00+00:00,62.5,short,is,,3968.0,3966.75,1,7,96700.0,-7.86088613625536
2023-01-13 14:12:00+00:00,12.5,short,is,,3964.75,3964.5,1,11,96712.5,-7.848975702715578
2023-01-13 14:14:00+00:00,25.0,short,is,,3965.25,3964.75,1,1,96737.5,-7.825154835636017
2023-01-13 14:16:00+00:00,50.0,short,is,,3966.25,3965.25,1,1,96787.5,-7.7775131014768935
2023-01-13 14:18:00+00:00,0.0,short,is,,3964.5,3964.5,1,1,96787.5,-7.7775131014768935
2023-01-13 14:20:00+00:00,-12.5,short,is,,3963.75,3964.0,1,1,96775.0,-7.789423535016675
2023-01-13 14:22:00+00:00,50.0,short,is,,3965.75,3964.75,1,1,96825.0,-7.741781800857551
2023-01-13 14:24:00+00:00,50.0,short,is,,3965.25,3964.25,1,1,96875.0,-7.694140066698428
2023-01-13 14:26:00+00:00,0.0,short,is,,3965.25,3965.25,1,1,96875.0,-7.694140066698428
2023-01-13 14:28:00+00:00,-75.0,short,is,,3966.0,3967.5,1,1,96800.0,-7.765602667937113
2023-01-13 14:39:00+00:00,-87.5,long,is,,3969.5,3967.75,1,10,96712.5,-7.848975702715578
2023-01-13 14:42:00+00:00,-75.0,long,is,,3970.0,3968.5,1,2,96637.5,-7.920438303954263
2023-01-13 15:35:00+00:00,1212.5,long,is,,3967.25,3991.5,1,52,97850.0,-6.765126250595522
2023-01-13 15:37:00+00:00,-75.0,long,is,,3993.75,3992.25,1,1,97775.0,-6.836588851834207
2023-01-13 15:39:00+00:00,-12.5,long,is,,3994.0,3993.75,1,1,97762.5,-6.848499285373988
2023-01-13 15:45:00+00:00,-25.0,long,is,,3993.25,3992.75,1,5,97737.5,-6.8723201524535495
2023-01-13 15:52:00+00:00,-62.5,long,is,,3996.25,3995.0,1,6,97675.0,-6.931872320152453
2023-01-13 15:57:00+00:00,12.5,long,is,,3996.0,3996.25,1,4,97687.5,-6.919961886612673
2023-01-13 15:59:00+00:00,-62.5,long,is,,3996.25,3995.0,1,1,97625.0,-6.979514054311577
2023-01-13 16:01:00+00:00,-137.5,long,is,,3996.75,3994.0,1,1,97487.5,-7.110528823249167
2023-01-13 16:03:00+00:00,25.0,long,is,,3993.0,3993.5,1,1,97512.5,-7.086707956169605
2023-01-13 16:05:00+00:00,87.5,long,is,,3994.0,3995.75,1,1,97600.0,-7.003334921391138
2023-01-13 16:07:00+00:00,12.5,long,is,,3993.25,3993.5,1,1,97612.5,-6.991424487851358
2023-01-13 16:09:00+00:00,0.0,long,is,,3995.0,3995.0,1,1,97612.5,-6.991424487851358
2023-01-13 16:11:00+00:00,12.5,long,is,,3992.75,3993.0,1,1,97625.0,-6.979514054311577
2023-01-13 16:13:00+00:00,-125.0,long,is,,3992.75,3990.25,1,1,97500.0,-7.098618389709385
2023-01-13 16:15:00+00:00,0.0,long,is,,3990.0,3990.0,1,1,97500.0,-7.098618389709385
2023-01-13 16:23:00+00:00,-250.0,short,is,,3988.75,3993.75,1,7,97250.0,-7.336827060505002
2023-01-13 16:31:00+00:00,-312.5,long,is,,3996.5,3990.25,1,7,96937.5,-7.6345878989995235
2023-01-13 16:45:00+00:00,-37.5,short,is,,3989.75,3990.5,1,13,96900.0,-7.670319199618866
2023-01-13 16:51:00+00:00,-137.5,short,is,,3987.5,3990.25,1,5,96762.5,-7.801333968556455
2023-01-13 16:54:00+00:00,-37.5,short,is,,3989.25,3990.0,1,2,96725.0,-7.837065269175798
2023-01-13 16:56:00+00:00,37.5,short,is,,3990.0,3989.25,1,1,96762.5,-7.801333968556455
2023-01-13 16:58:00+00:00,-75.0,short,is,,3987.0,3988.5,1,1,96687.5,-7.87279656979514
2023-01-13 17:00:00+00:00,-25.0,short,is,,3990.25,3990.75,1,1,96662.5,-7.896617436874702
2023-01-13 17:02:00+00:00,-37.5,short,is,,3991.75,3992.5,1,1,96625.0,-7.932348737494046
2023-01-13 17:31:00+00:00,162.5,long,is,,3992.75,3996.0,1,28,96787.5,-7.7775131014768935
2023-01-13 17:33:00+00:00,12.5,long,is,,3995.25,3995.5,1,1,96800.0,-7.765602667937113
2023-01-13 17:35:00+00:00,-37.5,long,is,,3997.25,3996.5,1,1,96762.5,-7.801333968556455
2023-01-13 17:37:00+00:00,-112.5,long,is,,3996.5,3994.25,1,1,96650.0,-7.908527870414483
2023-01-13 17:39:00+00:00,-62.5,long,is,,3995.25,3994.0,1,1,96587.5,-7.968080038113387
2023-01-13 17:41:00+00:00,25.0,long,is,,3994.0,3994.5,1,1,96612.5,-7.944259171033825
2023-01-13 17:43:00+00:00,50.0,long,is,,3993.5,3994.5,1,1,96662.5,-7.896617436874702
2023-01-13 18:06:00+00:00,162.5,long,is,,3995.25,3998.5,1,22,96825.0,-7.741781800857551
2023-01-13 18:08:00+00:00,-12.5,long,is,,3998.5,3998.25,1,1,96812.5,-7.753692234397332
2023-01-13 18:10:00+00:00,-37.5,long,is,,3999.0,3998.25,1,1,96775.0,-7.789423535016675
2023-01-13 18:14:00+00:00,-62.5,long,is,,4000.0,3998.75,1,3,96712.5,-7.848975702715578
2023-01-13 18:16:00+00:00,-87.5,long,is,,3999.0,3997.25,1,1,96625.0,-7.932348737494046
2023-01-13 18:18:00+00:00,-87.5,long,is,,3997.25,3995.5,1,1,96537.5,-8.01572177227251
2023-01-13 18:20:00+00:00,-75.0,long,is,,3997.25,3995.75,1,1,96462.5,-8.087184373511196
2023-01-13 18:30:00+00:00,-150.0,short,is,,3994.5,3997.5,1,9,96312.5,-8.230109575988566
2023-01-13 19:04:00+00:00,425.0,long,is,,3998.5,4007.0,1,33,96737.5,-7.825154835636017
2023-01-13 19:07:00+00:00,-12.5,long,is,,4007.25,4007.0,1,2,96725.0,-7.837065269175798
2023-01-13 19:09:00+00:00,0.0,long,is,,4006.75,4006.75,1,1,96725.0,-7.837065269175798
2023-01-13 19:11:00+00:00,50.0,long,is,,4005.5,4006.5,1,1,96775.0,-7.789423535016675
2023-01-13 19:14:00+00:00,-37.5,long,is,,4007.75,4007.0,1,2,96737.5,-7.825154835636017
2023-01-13 19:20:00+00:00,-50.0,long,is,,4007.5,4006.5,1,5,96687.5,-7.87279656979514
2023-01-13 19:22:00+00:00,-12.5,long,is,,4005.5,4005.25,1,1,96675.0,-7.884707003334921
2023-01-13 19:24:00+00:00,0.0,long,is,,4005.75,4005.75,1,1,96675.0,-7.884707003334921
2023-01-13 19:26:00+00:00,-25.0,long,is,,4006.75,4006.25,1,1,96650.0,-7.908527870414483
2023-01-13 19:37:00+00:00,-37.5,long,is,,4007.75,4007.0,1,10,96612.5,-7.944259171033825
2023-01-13 19:43:00+00:00,12.5,long,is,,4007.75,4008.0,1,5,96625.0,-7.932348737494046
2023-01-13 19:46:00+00:00,-25.0,long,is,,4008.75,4008.25,1,2,96600.0,-7.956169604573607
2023-01-13 19:51:00+00:00,-25.0,long,is,,4008.5,4008.0,1,4,96575.0,-7.979990471653169
2023-01-13 19:53:00+00:00,62.5,long,is,,4007.75,4009.0,1,1,96637.5,-7.920438303954263
2023-01-13 19:55:00+00:00,-62.5,long,is,,4008.5,4007.25,1,1,96575.0,-7.979990471653169
2023-01-13 20:47:00+00:00,437.5,long,is,,4008.5,4017.25,1,51,97012.5,-7.563125297760838
2023-01-13 20:49:00+00:00,25.0,long,is,,4016.25,4016.75,1,1,97037.5,-7.539304430681276
2023-01-13 20:51:00+00:00,-87.5,long,is,,4018.5,4016.75,1,1,96950.0,-7.622677465459743
2023-01-13 20:53:00+00:00,-37.5,long,is,,4016.25,4015.5,1,1,96912.5,-7.658408766079085
2023-01-13 20:55:00+00:00,75.0,long,is,,4015.5,4017.0,1,1,96987.5,-7.586946164840399
2023-01-13 20:57:00+00:00,-37.5,long,is,,4019.5,4018.75,1,1,96950.0,-7.622677465459743
2023-01-13 21:00:00+00:00,-125.0,long,is,,4020.25,4017.75,1,2,96825.0,-7.741781800857551
2023-01-13 21:02:00+00:00,-12.5,long,is,,4018.0,4017.75,1,1,96812.5,-7.753692234397332
2023-01-13 21:04:00+00:00,-50.0,long,is,,4016.25,4015.25,1,1,96762.5,-7.801333968556455
2023-01-13 21:06:00+00:00,-12.5,long,is,,4015.25,4015.0,1,1,96750.0,-7.813244402096236
2023-01-13 21:08:00+00:00,0.0,long,is,,4015.0,4015.0,1,1,96750.0,-7.813244402096236
2023-01-13 21:10:00+00:00,37.5,long,is,,4015.25,4016.0,1,1,96787.5,-7.7775131014768935
2023-01-13 21:12:00+00:00,0.0,long,is,,4015.0,4015.0,1,1,96787.5,-7.7775131014768935
2023-01-13 21:14:00+00:00,-12.5,long,is,,4014.75,4014.5,1,1,96775.0,-7.789423535016675
2023-01-13 21:16:00+00:00,0.0,long,is,,4015.75,4015.75,1,1,96775.0,-7.789423535016675
2023-01-13 21:18:00+00:00,0.0,long,is,,4015.25,4015.25,1,1,96775.0,-7.789423535016675
2023-01-13 21:20:00+00:00,-12.5,long,is,,4015.5,4015.25,1,1,96762.5,-7.801333968556455
2023-01-13 21:57:00+00:00,187.5,long,is,,4015.75,4019.5,1,36,96950.0,-7.622677465459743
2023-01-13 21:59:00+00:00,-12.5,long,is,,4019.5,4019.25,1,1,96937.5,-7.6345878989995235
2023-01-15 23:03:00+00:00,-50.0,long,is,,4020.0,4019.0,1,3,96887.5,-7.682229633158647
2023-01-15 23:05:00+00:00,-50.0,long,is,,4018.25,4017.25,1,1,96837.5,-7.72987136731777
2023-01-15 23:33:00+00:00,112.5,short,is,,4017.5,4015.25,1,27,96950.0,-7.622677465459743
2023-01-15 23:35:00+00:00,12.5,short,is,,4015.25,4015.0,1,1,96962.5,-7.610767031919961
2023-01-15 23:37:00+00:00,12.5,short,is,,4015.0,4014.75,1,1,96975.0,-7.5988565983801815
2023-01-15 23:39:00+00:00,25.0,short,is,,4015.0,4014.5,1,1,97000.0,-7.57503573130062
2023-01-15 23:41:00+00:00,-12.5,short,is,,4014.5,4014.75,1,1,96987.5,-7.586946164840399
2023-01-15 23:43:00+00:00,-25.0,short,is,,4014.5,4015.0,1,1,96962.5,-7.610767031919961
2023-01-16 00:00:00+00:00,25.0,short,is,,4014.0,4013.5,1,16,96987.5,-7.586946164840399
2023-01-16 00:02:00+00:00,-50.0,short,is,,4012.75,4013.75,1,1,96937.5,-7.6345878989995235
2023-01-16 00:04:00+00:00,12.5,short,is,,4014.5,4014.25,1,1,96950.0,-7.622677465459743
2023-01-16 00:06:00+00:00,-37.5,short,is,,4014.0,4014.75,1,1,96912.5,-7.658408766079085
2023-01-16 00:08:00+00:00,12.5,short,is,,4015.0,4014.75,1,1,96925.0,-7.646498332539305
2023-01-16 00:10:00+00:00,-50.0,short,is,,4015.0,4016.0,1,1,96875.0,-7.694140066698428
2023-01-16 00:12:00+00:00,12.5,short,is,,4015.75,4015.5,1,1,96887.5,-7.682229633158647
2023-01-16 00:22:00+00:00,-62.5,long,is,,4016.75,4015.5,1,9,96825.0,-7.741781800857551
2023-01-16 00:43:00+00:00,150.0,long,is,,4016.0,4019.0,1,20,96975.0,-7.5988565983801815
2023-01-16 00:45:00+00:00,0.0,long,is,,4018.75,4018.75,1,1,96975.0,-7.5988565983801815
2023-01-16 00:51:00+00:00,25.0,long,is,,4019.0,4019.5,1,5,97000.0,-7.57503573130062
2023-01-16 00:55:00+00:00,0.0,long,is,,4019.5,4019.5,1,3,97000.0,-7.57503573130062
2023-01-16 01:01:00+00:00,-25.0,long,is,,4019.5,4019.0,1,5,96975.0,-7.5988565983801815
2023-01-16 01:03:00+00:00,12.5,long,is,,4019.0,4019.25,1,1,96987.5,-7.586946164840399
2023-01-16 01:05:00+00:00,0.0,long,is,,4018.5,4018.5,1,1,96987.5,-7.586946164840399
2023-01-16 01:07:00+00:00,37.5,long,is,,4018.75,4019.5,1,1,97025.0,-7.551214864221058
2023-01-16 01:29:00+00:00,50.0,long,is,,4019.25,4020.25,1,21,97075.0,-7.503573130061934
2023-01-16 01:33:00+00:00,25.0,long,is,,4020.25,4020.75,1,3,97100.0,-7.479752262982372
2023-01-16 01:35:00+00:00,-12.5,long,is,,4021.0,4020.75,1,1,97087.5,-7.491662696522153
2023-01-16 01:37:00+00:00,0.0,long,is,,4020.75,4020.75,1,1,97087.5,-7.491662696522153
2023-01-16 01:39:00+00:00,-25.0,long,is,,4019.75,4019.25,1,1,97062.5,-7.515483563601714
2023-01-16 01:41:00+00:00,0.0,long,is,,4020.5,4020.5,1,1,97062.5,-7.515483563601714
2023-01-16 01:43:00+00:00,12.5,long,is,,4020.0,4020.25,1,1,97075.0,-7.503573130061934
2023-01-16 02:18:00+00:00,300.0,long,is,,4020.5,4026.5,1,34,97375.0,-7.217722725107194
2023-01-16 02:20:00+00:00,-25.0,long,is,,4026.25,4025.75,1,1,97350.0,-7.241543592186756
2023-01-16 02:23:00+00:00,37.5,long,is,,4025.75,4026.5,1,2,97387.5,-7.205812291567414
2023-01-16 02:25:00+00:00,-25.0,long,is,,4026.5,4026.0,1,1,97362.5,-7.229633158646975
2023-01-16 02:27:00+00:00,-12.5,long,is,,4026.0,4025.75,1,1,97350.0,-7.241543592186756
2023-01-16 02:30:00+00:00,-37.5,long,is,,4026.25,4025.5,1,2,97312.5,-7.277274892806099
2023-01-16 02:32:00+00:00,-37.5,long,is,,4025.75,4025.0,1,1,97275.0,-7.313006193425441
2023-01-16 02:34:00+00:00,-12.5,long,is,,4025.0,4024.75,1,1,97262.5,-7.324916626965222
2023-01-16 02:36:00+00:00,-12.5,long,is,,4025.0,4024.75,1,1,97250.0,-7.336827060505002
2023-01-16 02:38:00+00:00,-37.5,long,is,,4025.25,4024.5,1,1,97212.5,-7.372558361124345
2023-01-16 02:40:00+00:00,0.0,long,is,,4025.0,4025.0,1,1,97212.5,-7.372558361124345
2023-01-16 02:42:00+00:00,25.0,long,is,,4024.25,4024.75,1,1,97237.5,-7.348737494044784
2023-01-16 02:44:00+00:00,-12.5,long,is,,4024.75,4024.5,1,1,97225.0,-7.360647927584564
2023-01-16 02:46:00+00:00,12.5,long,is,,4024.0,4024.25,1,1,97237.5,-7.348737494044784
2023-01-16 02:48:00+00:00,-12.5,long,is,,4024.75,4024.5,1,1,97225.0,-7.360647927584564
2023-01-16 02:50:00+00:00,0.0,long,is,,4024.75,4024.75,1,1,97225.0,-7.360647927584564
2023-01-16 02:52:00+00:00,-12.5,long,is,,4024.5,4024.25,1,1,97212.5,-7.372558361124345
2023-01-16 02:54:00+00:00,25.0,long,is,,4024.25,4024.75,1,1,97237.5,-7.348737494044784
2023-01-16 02:56:00+00:00,0.0,long,is,,4024.0,4024.0,1,1,97237.5,-7.348737494044784
2023-01-16 03:07:00+00:00,-12.5,long,is,,4024.25,4024.0,1,10,97225.0,-7.360647927584564
2023-01-16 03:09:00+00:00,12.5,long,is,,4024.25,4024.5,1,1,97237.5,-7.348737494044784
2023-01-16 03:11:00+00:00,-25.0,long,is,,4024.75,4024.25,1,1,97212.5,-7.372558361124345
2023-01-16 03:20:00+00:00,-25.0,short,is,,4024.0,4024.5,1,8,97187.5,-7.396379228203907
2023-01-16 03:22:00+00:00,-25.0,short,is,,4024.25,4024.75,1,1,97162.5,-7.420200095283468
2023-01-16 03:34:00+00:00,-25.0,long,is,,4025.0,4024.5,1,11,97137.5,-7.444020962363029
2023-01-16 03:37:00+00:00,-25.0,short,is,,4024.25,4024.75,1,2,97112.5,-7.467841829442591
2023-01-16 03:49:00+00:00,25.0,short,is,,4024.75,4024.25,1,11,97137.5,-7.444020962363029
2023-01-16 03:51:00+00:00,-12.5,short,is,,4024.0,4024.25,1,1,97125.0,-7.455931395902811
2023-01-16 03:53:00+00:00,0.0,short,is,,4024.0,4024.0,1,1,97125.0,-7.455931395902811
2023-01-16 03:55:00+00:00,-37.5,short,is,,4023.75,4024.5,1,1,97087.5,-7.491662696522153
2023-01-16 04:11:00+00:00,-37.5,long,is,,4024.75,4024.0,1,15,97050.0,-7.5273939971414965
2023-01-16 04:26:00+00:00,12.5,short,is,,4024.25,4024.0,1,14,97062.5,-7.515483563601714
2023-01-16 04:29:00+00:00,-25.0,long,is,,4024.25,4023.75,1,2,97037.5,-7.539304430681276
2023-01-16 04:32:00+00:00,0.0,short,is,,4024.25,4024.25,1,2,97037.5,-7.539304430681276
2023-01-16 04:34:00+00:00,0.0,short,is,,4024.25,4024.25,1,1,97037.5,-7.539304430681276
2023-01-16 04:37:00+00:00,0.0,long,is,,4024.25,4024.25,1,2,97037.5,-7.539304430681276
2023-01-16 04:51:00+00:00,-12.5,short,is,,4024.0,4024.25,1,13,97025.0,-7.551214864221058
2023-01-16 04:56:00+00:00,-75.0,long,is,,4025.0,4023.5,1,4,96950.0,-7.622677465459743
2023-01-16 05:14:00+00:00,25.0,short,is,,4023.25,4022.75,1,17,96975.0,-7.5988565983801815
2023-01-16 05:16:00+00:00,0.0,short,is,,4022.5,4022.5,1,1,96975.0,-7.5988565983801815
2023-01-16 05:18:00+00:00,-12.5,short,is,,4022.25,4022.5,1,1,96962.5,-7.610767031919961
2023-01-16 05:20:00+00:00,0.0,short,is,,4022.5,4022.5,1,1,96962.5,-7.610767031919961
2023-01-16 05:24:00+00:00,-25.0,short,is,,4022.25,4022.75,1,3,96937.5,-7.6345878989995235
2023-01-16 05:26:00+00:00,0.0,short,is,,4022.5,4022.5,1,1,96937.5,-7.6345878989995235
2023-01-16 05:28:00+00:00,-12.5,short,is,,4022.5,4022.75,1,1,96925.0,-7.646498332539305
2023-01-16 05:30:00+00:00,12.5,short,is,,4023.0,4022.75,1,1,96937.5,-7.6345878989995235
2023-01-16 05:36:00+00:00,0.0,short,is,,4022.5,4022.5,1,5,96937.5,-7.6345878989995235
2023-01-16 05:38:00+00:00,-12.5,short,is,,4022.75,4023.0,1,1,96925.0,-7.646498332539305
2023-01-16 05:40:00+00:00,12.5,short,is,,4023.0,4022.75,1,1,96937.5,-7.6345878989995235
2023-01-16 05:42:00+00:00,25.0,short,is,,4023.0,4022.5,1,1,96962.5,-7.610767031919961
2023-01-16 06:15:00+00:00,150.0,short,is,,4022.25,4019.25,1,32,97112.5,-7.467841829442591
2023-01-16 06:49:00+00:00,125.0,short,is,,4018.5,4016.0,1,33,97237.5,-7.348737494044784
2023-01-16 06:51:00+00:00,12.5,short,is,,4016.25,4016.0,1,1,97250.0,-7.336827060505002
2023-01-16 06:54:00+00:00,0.0,short,is,,4015.75,4015.75,1,2,97250.0,-7.336827060505002
2023-01-16 06:56:00+00:00,0.0,short,is,,4015.75,4015.75,1,1,97250.0,-7.336827060505002
2023-01-16 06:58:00+00:00,-25.0,short,is,,4015.75,4016.25,1,1,97225.0,-7.360647927584564
2023-01-16 07:00:00+00:00,-12.5,short,is,,4016.25,4016.5,1,1,97212.5,-7.372558361124345
2023-01-16 07:17:00+00:00,25.0,short,is,,4015.5,4015.0,1,16,97237.5,-7.348737494044784
2023-01-16 07:23:00+00:00,25.0,short,is,,4014.75,4014.25,1,5,97262.5,-7.324916626965222
2023-01-16 07:25:00+00:00,0.0,short,is,,4014.5,4014.5,1,1,97262.5,-7.324916626965222
2023-01-16 07:27:00+00:00,-12.5,short,is,,4014.5,4014.75,1,1,97250.0,-7.336827060505002
2023-01-16 07:29:00+00:00,-12.5,short,is,,4014.75,4015.0,1,1,97237.5,-7.348737494044784
2023-01-16 07:31:00+00:00,-25.0,short,is,,4015.25,4015.75,1,1,97212.5,-7.372558361124345
2023-01-16 07:34:00+00:00,62.5,short,is,,4015.75,4014.5,1,2,97275.0,-7.313006193425441
2023-01-16 07:39:00+00:00,0.0,short,is,,4014.75,4014.75,1,4,97275.0,-7.313006193425441
2023-01-16 07:41:00+00:00,12.5,short,is,,4015.0,4014.75,1,1,97287.5,-7.30109575988566
2023-01-16 07:43:00+00:00,-12.5,short,is,,4014.5,4014.75,1,1,97275.0,-7.313006193425441
2023-01-16 07:48:00+00:00,-50.0,short,is,,4014.25,4015.25,1,4,97225.0,-7.360647927584564
2023-01-16 07:50:00+00:00,0.0,short,is,,4015.25,4015.25,1,1,97225.0,-7.360647927584564
2023-01-16 07:52:00+00:00,12.5,short,is,,4015.0,4014.75,1,1,97237.5,-7.348737494044784
2023-01-16 07:54:00+00:00,0.0,short,is,,4014.75,4014.75,1,1,97237.5,-7.348737494044784
2023-01-16 07:59:00+00:00,-37.5,short,is,,4014.5,4015.25,1,4,97200.0,-7.384468794664126
2023-01-16 08:04:00+00:00,-50.0,long,is,,4015.5,4014.5,1,4,97150.0,-7.432110528823249
2023-01-16 09:03:00+00:00,662.5,short,is,,4015.25,4002.0,1,58,97812.5,-6.800857551214865
2023-01-16 09:11:00+00:00,25.0,short,is,,4001.5,4001.0,1,7,97837.5,-6.777036684135303
2023-01-16 09:14:00+00:00,-100.0,short,is,,4000.0,4002.0,1,2,97737.5,-6.8723201524535495
2023-01-16 09:16:00+00:00,12.5,short,is,,4002.25,4002.0,1,1,97750.0,-6.860409718913768
2023-01-16 09:18:00+00:00,-25.0,short,is,,4001.0,4001.5,1,1,97725.0,-6.88423058599333
2023-01-16 09:20:00+00:00,0.0,short,is,,4001.5,4001.5,1,1,97725.0,-6.88423058599333
2023-01-16 09:22:00+00:00,-12.5,short,is,,4001.5,4001.75,1,1,97712.5,-6.896141019533111
2023-01-16 09:24:00+00:00,-12.5,short,is,,4002.0,4002.25,1,1,97700.0,-6.908051453072892
2023-01-16 09:26:00+00:00,0.0,short,is,,4002.5,4002.5,1,1,97700.0,-6.908051453072892
2023-01-16 09:28:00+00:00,-37.5,short,is,,4002.0,4002.75,1,1,97662.5,-6.9437827536922345
2023-01-16 09:30:00+00:00,37.5,short,is,,4003.25,4002.5,1,1,97700.0,-6.908051453072892
2023-01-16 09:34:00+00:00,25.0,short,is,,4003.0,4002.5,1,3,97725.0,-6.88423058599333
2023-01-16 09:36:00+00:00,-12.5,short,is,,4002.25,4002.5,1,1,97712.5,-6.896141019533111
2023-01-16 09:39:00+00:00,-12.5,short,is,,4002.5,4002.75,1,2,97700.0,-6.908051453072892
2023-01-16 09:56:00+00:00,87.5,short,is,,4001.25,3999.5,1,16,97787.5,-6.824678418294426
2023-01-16 10:01:00+00:00,25.0,short,is,,3999.5,3999.0,1,4,97812.5,-6.800857551214865
2023-01-16 10:04:00+00:00,-37.5,short,is,,3998.5,3999.25,1,2,97775.0,-6.836588851834207
2023-01-16 10:06:00+00:00,-12.5,short,is,,3999.25,3999.5,1,1,97762.5,-6.848499285373988
2023-01-16 10:08:00+00:00,0.0,short,is,,4000.5,4000.5,1,1,97762.5,-6.848499285373988
2023-01-16 10:10:00+00:00,-37.5,short,is,,4001.25,4002.0,1,1,97725.0,-6.88423058599333
2023-01-16 10:12:00+00:00,-25.0,short,is,,4001.25,4001.75,1,1,97700.0,-6.908051453072892
2023-01-16 10:37:00+00:00,62.5,long,is,,4002.25,4003.5,1,24,97762.5,-6.848499285373988
2023-01-16 10:40:00+00:00,-37.5,long,is,,4004.0,4003.25,1,2,97725.0,-6.88423058599333
2023-01-16 11:25:00+00:00,262.5,long,is,,4003.5,4008.75,1,44,97987.5,-6.634111481657932
2023-01-16 11:27:00+00:00,12.5,long,is,,4007.75,4008.0,1,1,98000.0,-6.622201048118151
2023-01-16 11:29:00+00:00,0.0,long,is,,4007.75,4007.75,1,1,98000.0,-6.622201048118151
2023-01-16 11:31:00+00:00,0.0,long,is,,4008.0,4008.0,1,1,98000.0,-6.622201048118151
2023-01-16 11:33:00+00:00,0.0,long,is,,4008.0,4008.0,1,1,98000.0,-6.622201048118151
2023-01-16 11:55:00+00:00,112.5,long,is,,4008.25,4010.5,1,21,98112.5,-6.515007146260124
2023-01-16 11:57:00+00:00,-25.0,long,is,,4010.5,4010.0,1,1,98087.5,-6.538828013339685
2023-01-16 11:59:00+00:00,-12.5,long,is,,4009.75,4009.5,1,1,98075.0,-6.550738446879466
2023-01-16 12:01:00+00:00,-75.0,long,is,,4009.25,4007.75,1,1,98000.0,-6.622201048118151
2023-01-16 12:03:00+00:00,25.0,long,is,,4008.75,4009.25,1,1,98025.0,-6.598380181038589
2023-01-16 12:05:00+00:00,12.5,long,is,,4009.75,4010.0,1,1,98037.5,-6.586469747498809
2023-01-16 12:07:00+00:00,-25.0,long,is,,4009.75,4009.25,1,1,98012.5,-6.61029061457837
2023-01-16 12:09:00+00:00,-25.0,long,is,,4009.0,4008.5,1,1,97987.5,-6.634111481657932
2023-01-16 12:18:00+00:00,-87.5,short,is,,4007.75,4009.5,1,8,97900.0,-6.717484516436397
2023-01-16 12:20:00+00:00,-25.0,long,is,,4008.75,4008.25,1,1,97875.0,-6.741305383515959
2023-01-16 12:41:00+00:00,112.5,short,is,,4008.5,4006.25,1,20,97987.5,-6.634111481657932
2023-01-16 12:43:00+00:00,-12.5,short,is,,4006.25,4006.5,1,1,97975.0,-6.6460219151977125
2023-01-16 12:45:00+00:00,-12.5,short,is,,4007.0,4007.25,1,1,97962.5,-6.657932348737495
2023-01-16 12:47:00+00:00,0.0,short,is,,4007.75,4007.75,1,1,97962.5,-6.657932348737495
2023-01-16 12:49:00+00:00,-62.5,short,is,,4007.25,4008.5,1,1,97900.0,-6.717484516436397
2023-01-16 12:51:00+00:00,0.0,short,is,,4007.75,4007.75,1,1,97900.0,-6.717484516436397
2023-01-16 12:53:00+00:00,-25.0,short,is,,4008.25,4008.75,1,1,97875.0,-6.741305383515959
2023-01-16 13:29:00+00:00,87.5,long,is,,4009.25,4011.0,1,35,97962.5,-6.657932348737495
2023-01-16 13:31:00+00:00,-12.5,long,is,,4010.75,4010.5,1,1,97950.0,-6.669842782277274
2023-01-16 14:02:00+00:00,212.5,long,is,,4011.0,4015.25,1,30,98162.5,-6.4673654121010005
2023-01-16 14:14:00+00:00,-25.0,long,is,,4015.25,4014.75,1,11,98137.5,-6.491186279180562
2023-01-16 14:16:00+00:00,-12.5,long,is,,4014.25,4014.0,1,1,98125.0,-6.5030967127203425
2023-01-16 14:18:00+00:00,0.0,long,is,,4014.5,4014.5,1,1,98125.0,-6.5030967127203425
2023-01-16 14:20:00+00:00,-12.5,long,is,,4014.5,4014.25,1,1,98112.5,-6.515007146260124
2023-01-16 14:23:00+00:00,25.0,long,is,,4014.75,4015.25,1,2,98137.5,-6.491186279180562
2023-01-16 14:30:00+00:00,-12.5,long,is,,4015.0,4014.75,1,6,98125.0,-6.5030967127203425
2023-01-16 14:45:00+00:00,62.5,long,is,,4015.5,4016.75,1,14,98187.5,-6.443544545021439
2023-01-16 14:47:00+00:00,0.0,long,is,,4016.75,4016.75,1,1,98187.5,-6.443544545021439
2023-01-16 14:49:00+00:00,12.5,long,is,,4017.0,4017.25,1,1,98200.0,-6.431634111481658
2023-01-16 14:51:00+00:00,-12.5,long,is,,4017.25,4017.0,1,1,98187.5,-6.443544545021439
2023-01-16 14:53:00+00:00,25.0,long,is,,4016.75,4017.25,1,1,98212.5,-6.419723677941877
2023-01-16 14:55:00+00:00,-25.0,long,is,,4017.5,4017.0,1,1,98187.5,-6.443544545021439
2023-01-16 14:57:00+00:00,-37.5,long,is,,4017.5,4016.75,1,1,98150.0,-6.479275845640782
2023-01-16 14:59:00+00:00,0.0,long,is,,4017.25,4017.25,1,1,98150.0,-6.479275845640782
2023-01-16 15:05:00+00:00,-12.5,long,is,,4017.5,4017.25,1,5,98137.5,-6.491186279180562
2023-01-16 15:07:00+00:00,-12.5,long,is,,4017.5,4017.25,1,1,98125.0,-6.5030967127203425
2023-01-16 15:09:00+00:00,12.5,long,is,,4017.0,4017.25,1,1,98137.5,-6.491186279180562
2023-01-16 15:11:00+00:00,-25.0,long,is,,4017.25,4016.75,1,1,98112.5,-6.515007146260124
2023-01-16 15:13:00+00:00,0.0,long,is,,4016.5,4016.5,1,1,98112.5,-6.515007146260124
2023-01-16 15:15:00+00:00,-12.5,long,is,,4016.25,4016.0,1,1,98100.0,-6.526917579799904
2023-01-16 15:17:00+00:00,12.5,long,is,,4016.0,4016.25,1,1,98112.5,-6.515007146260124
2023-01-16 15:19:00+00:00,-25.0,long,is,,4016.75,4016.25,1,1,98087.5,-6.538828013339685
2023-01-16 15:21:00+00:00,-25.0,long,is,,4016.5,4016.0,1,1,98062.5,-6.562648880419247
2023-01-16 15:49:00+00:00,137.5,long,is,,4016.25,4019.0,1,27,98200.0,-6.431634111481658
2023-01-16 15:51:00+00:00,0.0,long,is,,4018.75,4018.75,1,1,98200.0,-6.431634111481658
2023-01-16 15:53:00+00:00,0.0,long,is,,4018.5,4018.5,1,1,98200.0,-6.431634111481658
2023-01-16 15:55:00+00:00,12.5,long,is,,4018.5,4018.75,1,1,98212.5,-6.419723677941877
2023-01-16 15:57:00+00:00,0.0,long,is,,4018.75,4018.75,1,1,98212.5,-6.419723677941877
2023-01-16 15:59:00+00:00,0.0,long,is,,4018.5,4018.5,1,1,98212.5,-6.419723677941877
2023-01-16 16:01:00+00:00,-25.0,long,is,,4018.0,4017.5,1,1,98187.5,-6.443544545021439
2023-01-16 16:09:00+00:00,-25.0,short,is,,4017.5,4018.0,1,7,98162.5,-6.4673654121010005
2023-01-16 16:17:00+00:00,-25.0,long,is,,4018.25,4017.75,1,7,98137.5,-6.491186279180562
2023-01-16 17:03:00+00:00,275.0,short,is,,4017.5,4012.0,1,45,98412.5,-6.229156741305383
2023-01-16 17:05:00+00:00,-12.5,short,is,,4012.25,4012.5,1,1,98400.0,-6.241067174845164
2023-01-16 17:07:00+00:00,0.0,short,is,,4012.75,4012.75,1,1,98400.0,-6.241067174845164
2023-01-16 17:19:00+00:00,0.0,short,is,,4012.0,4012.0,1,11,98400.0,-6.241067174845164
2023-01-16 17:21:00+00:00,12.5,short,is,,4012.0,4011.75,1,1,98412.5,-6.229156741305383
2023-01-16 17:32:00+00:00,-12.5,short,is,,4011.5,4011.75,1,10,98400.0,-6.241067174845164
2023-01-16 17:34:00+00:00,-37.5,short,is,,4012.0,4012.75,1,1,98362.5,-6.276798475464506
2023-01-16 17:36:00+00:00,12.5,short,is,,4012.5,4012.25,1,1,98375.0,-6.264888041924727
2023-01-16 17:38:00+00:00,-25.0,short,is,,4012.0,4012.5,1,1,98350.0,-6.2887089090042885
2023-01-16 17:45:00+00:00,-212.5,long,is,,4014.25,4010.0,1,6,98137.5,-6.491186279180562
2023-01-16 23:01:00+00:00,-87.5,short,is,,4009.5,4011.25,1,15,98050.0,-6.5745593139590275
2023-01-16 23:03:00+00:00,-62.5,short,is,,4011.75,4013.0,1,1,97987.5,-6.634111481657932
2023-01-16 23:22:00+00:00,62.5,long,is,,4012.75,4014.0,1,18,98050.0,-6.5745593139590275
2023-01-16 23:24:00+00:00,0.0,long,is,,4013.75,4013.75,1,1,98050.0,-6.5745593139590275
2023-01-16 23:26:00+00:00,0.0,long,is,,4013.75,4013.75,1,1,98050.0,-6.5745593139590275
2023-01-16 23:28:00+00:00,0.0,long,is,,4013.75,4013.75,1,1,98050.0,-6.5745593139590275
2023-01-16 23:43:00+00:00,25.0,long,is,,4014.5,4015.0,1,14,98075.0,-6.550738446879466
2023-01-16 23:46:00+00:00,-37.5,long,is,,4015.25,4014.5,1,2,98037.5,-6.586469747498809
2023-01-16 23:48:00+00:00,12.5,long,is,,4013.75,4014.0,1,1,98050.0,-6.5745593139590275
2023-01-16 23:50:00+00:00,0.0,long,is,,4013.25,4013.25,1,1,98050.0,-6.5745593139590275
2023-01-16 23:52:00+00:00,-25.0,long,is,,4013.25,4012.75,1,1,98025.0,-6.598380181038589
2023-01-16 23:54:00+00:00,-25.0,long,is,,4013.0,4012.5,1,1,98000.0,-6.622201048118151
2023-01-16 23:56:00+00:00,12.5,long,is,,4013.0,4013.25,1,1,98012.5,-6.61029061457837
2023-01-16 23:58:00+00:00,-12.5,long,is,,4013.5,4013.25,1,1,98000.0,-6.622201048118151
2023-01-17 00:00:00+00:00,-25.0,long,is,,4013.5,4013.0,1,1,97975.0,-6.6460219151977125
2023-01-17 00:09:00+00:00,-12.5,short,is,,4012.5,4012.75,1,8,97962.5,-6.657932348737495
2023-01-17 00:11:00+00:00,-87.5,short,is,,4012.75,4014.5,1,1,97875.0,-6.741305383515959
2023-01-17 00:28:00+00:00,-112.5,long,is,,4016.5,4014.25,1,16,97762.5,-6.848499285373988
2023-01-17 00:30:00+00:00,-25.0,long,is,,4014.5,4014.0,1,1,97737.5,-6.8723201524535495
2023-01-17 00:32:00+00:00,-12.5,long,is,,4014.25,4014.0,1,1,97725.0,-6.88423058599333
2023-01-17 00:34:00+00:00,0.0,long,is,,4014.25,4014.25,1,1,97725.0,-6.88423058599333
2023-01-17 00:39:00+00:00,-50.0,short,is,,4013.75,4014.75,1,4,97675.0,-6.931872320152453
2023-01-17 00:42:00+00:00,-37.5,long,is,,4015.0,4014.25,1,2,97637.5,-6.967603620771796
2023-01-17 00:44:00+00:00,0.0,long,is,,4014.25,4014.25,1,1,97637.5,-6.967603620771796
2023-01-17 00:47:00+00:00,-50.0,long,is,,4014.75,4013.75,1,2,97587.5,-7.0152453549309195
2023-01-17 00:54:00+00:00,-37.5,short,is,,4013.5,4014.25,1,6,97550.0,-7.0509766555502615
2023-01-17 00:59:00+00:00,-37.5,long,is,,4014.75,4014.0,1,4,97512.5,-7.086707956169605
2023-01-17 01:04:00+00:00,-25.0,short,is,,4013.75,4014.25,1,4,97487.5,-7.110528823249167
2023-01-17 01:12:00+00:00,-100.0,long,is,,4015.25,4013.25,1,7,97387.5,-7.205812291567414
2023-01-17 01:29:00+00:00,-12.5,short,is,,4012.5,4012.75,1,16,97375.0,-7.217722725107194
2023-01-17 01:34:00+00:00,0.0,short,is,,4012.0,4012.0,1,4,97375.0,-7.217722725107194
2023-01-17 01:40:00+00:00,-25.0,short,is,,4011.0,4011.5,1,5,97350.0,-7.241543592186756
2023-01-17 01:42:00+00:00,12.5,short,is,,4012.0,4011.75,1,1,97362.5,-7.229633158646975
2023-01-17 01:45:00+00:00,-25.0,short,is,,4011.0,4011.5,1,2,97337.5,-7.253454025726537
2023-01-17 02:01:00+00:00,37.5,short,is,,4011.5,4010.75,1,15,97375.0,-7.217722725107194
2023-01-17 02:03:00+00:00,-37.5,short,is,,4010.25,4011.0,1,1,97337.5,-7.253454025726537
2023-01-17 02:05:00+00:00,-37.5,short,is,,4010.5,4011.25,1,1,97300.0,-7.289185326345879
2023-01-17 02:07:00+00:00,25.0,short,is,,4010.5,4010.0,1,1,97325.0,-7.265364459266317
2023-01-17 02:09:00+00:00,-50.0,short,is,,4010.0,4011.0,1,1,97275.0,-7.313006193425441
2023-01-17 02:11:00+00:00,-25.0,short,is,,4011.0,4011.5,1,1,97250.0,-7.336827060505002
2023-01-17 02:13:00+00:00,12.5,short,is,,4011.25,4011.0,1,1,97262.5,-7.324916626965222
2023-01-17 02:15:00+00:00,0.0,short,is,,4010.75,4010.75,1,1,97262.5,-7.324916626965222
2023-01-17 02:50:00+00:00,237.5,short,is,,4010.0,4005.25,1,34,97500.0,-7.098618389709385
2023-01-17 02:53:00+00:00,-25.0,short,is,,4004.5,4005.0,1,2,97475.0,-7.1224392567889465
2023-01-17 02:56:00+00:00,0.0,short,is,,4004.75,4004.75,1,2,97475.0,-7.1224392567889465
2023-01-17 02:59:00+00:00,-62.5,short,is,,4004.5,4005.75,1,2,97412.5,-7.181991424487852
2023-01-17 03:01:00+00:00,-50.0,short,is,,4006.0,4007.0,1,1,97362.5,-7.229633158646975
2023-01-17 03:03:00+00:00,25.0,short,is,,4007.25,4006.75,1,1,97387.5,-7.205812291567414
2023-01-17 03:05:00+00:00,12.5,short,is,,4007.25,4007.0,1,1,97400.0,-7.193901858027632
2023-01-17 03:07:00+00:00,12.5,short,is,,4007.0,4006.75,1,1,97412.5,-7.181991424487852
2023-01-17 03:09:00+00:00,12.5,short,is,,4006.5,4006.25,1,1,97425.0,-7.170080990948071
2023-01-17 03:11:00+00:00,0.0,short,is,,4006.25,4006.25,1,1,97425.0,-7.170080990948071
2023-01-17 03:21:00+00:00,-25.0,short,is,,4005.25,4005.75,1,9,97400.0,-7.193901858027632
2023-01-17 03:23:00+00:00,-12.5,short,is,,4006.25,4006.5,1,1,97387.5,-7.205812291567414
2023-01-17 03:25:00+00:00,-12.5,short,is,,4006.25,4006.5,1,1,97375.0,-7.217722725107194
2023-01-17 03:27:00+00:00,-12.5,short,is,,4006.75,4007.0,1,1,97362.5,-7.229633158646975
2023-01-17 03:29:00+00:00,-12.5,short,is,,4006.5,4006.75,1,1,97350.0,-7.241543592186756
2023-01-17 03:31:00+00:00,0.0,short,is,,4007.0,4007.0,1,1,97350.0,-7.241543592186756
2023-01-17 03:36:00+00:00,-87.5,long,is,,4007.5,4005.75,1,4,97262.5,-7.324916626965222
2023-01-17 03:45:00+00:00,-62.5,short,is,,4006.0,4007.25,1,8,97200.0,-7.384468794664126
2023-01-17 03:52:00+00:00,-50.0,long,is,,4007.75,4006.75,1,6,97150.0,-7.432110528823249
2023-01-17 04:06:00+00:00,-62.5,short,is,,4005.75,4007.0,1,13,97087.5,-7.491662696522153
2023-01-17 04:08:00+00:00,-75.0,long,is,,4006.5,4005.0,1,1,97012.5,-7.563125297760838
2023-01-17 04:19:00+00:00,-62.5,short,is,,4005.0,4006.25,1,10,96950.0,-7.622677465459743
2023-01-17 04:35:00+00:00,-37.5,long,is,,4006.75,4006.0,1,15,96912.5,-7.658408766079085
2023-01-17 04:37:00+00:00,-12.5,long,is,,4006.25,4006.0,1,1,96900.0,-7.670319199618866
2023-01-17 04:39:00+00:00,12.5,long,is,,4006.25,4006.5,1,1,96912.5,-7.658408766079085
2023-01-17 04:43:00+00:00,-25.0,short,is,,4006.25,4006.75,1,3,96887.5,-7.682229633158647
2023-01-17 04:46:00+00:00,-25.0,long,is,,4007.0,4006.5,1,2,96862.5,-7.7060505002382085
2023-01-17 04:48:00+00:00,-25.0,long,is,,4006.25,4005.75,1,1,96837.5,-7.72987136731777
2023-01-17 04:56:00+00:00,-25.0,short,is,,4005.75,4006.25,1,7,96812.5,-7.753692234397332
2023-01-17 05:09:00+00:00,0.0,short,is,,4006.0,4006.0,1,12,96812.5,-7.753692234397332
2023-01-17 05:12:00+00:00,-12.5,short,is,,4005.75,4006.0,1,2,96800.0,-7.765602667937113
2023-01-17 05:14:00+00:00,-12.5,short,is,,4006.25,4006.5,1,1,96787.5,-7.7775131014768935
2023-01-17 05:41:00+00:00,112.5,short,is,,4006.0,4003.75,1,26,96900.0,-7.670319199618866
2023-01-17 05:43:00+00:00,12.5,short,is,,4003.75,4003.5,1,1,96912.5,-7.658408766079085
2023-01-17 05:45:00+00:00,25.0,short,is,,4003.75,4003.25,1,1,96937.5,-7.6345878989995235
2023-01-17 05:47:00+00:00,25.0,short,is,,4004.0,4003.5,1,1,96962.5,-7.610767031919961
2023-01-17 05:51:00+00:00,-12.5,short,is,,4003.25,4003.5,1,3,96950.0,-7.622677465459743
2023-01-17 05:53:00+00:00,-25.0,short,is,,4003.25,4003.75,1,1,96925.0,-7.646498332539305
2023-01-17 05:55:00+00:00,-25.0,short,is,,4003.75,4004.25,1,1,96900.0,-7.670319199618866
2023-01-17 05:57:00+00:00,-37.5,short,is,,4003.75,4004.5,1,1,96862.5,-7.7060505002382085
2023-01-17 05:59:00+00:00,-12.5,short,is,,4004.25,4004.5,1,1,96850.0,-7.71796093377799
2023-01-17 06:01:00+00:00,-37.5,short,is,,4004.5,4005.25,1,1,96812.5,-7.753692234397332
2023-01-17 06:20:00+00:00,12.5,long,is,,4005.5,4005.75,1,18,96825.0,-7.741781800857551
2023-01-17 06:22:00+00:00,-25.0,long,is,,4005.5,4005.0,1,1,96800.0,-7.765602667937113
2023-01-17 06:24:00+00:00,0.0,long,is,,4005.25,4005.25,1,1,96800.0,-7.765602667937113
2023-01-17 06:26:00+00:00,-37.5,long,is,,4006.0,4005.25,1,1,96762.5,-7.801333968556455
2023-01-17 06:28:00+00:00,-25.0,long,is,,4005.75,4005.25,1,1,96737.5,-7.825154835636017
2023-01-17 06:31:00+00:00,-37.5,long,is,,4006.0,4005.25,1,2,96700.0,-7.86088613625536
2023-01-17 06:33:00+00:00,12.5,long,is,,4004.75,4005.0,1,1,96712.5,-7.848975702715578
2023-01-17 06:35:00+00:00,-37.5,long,is,,4005.25,4004.5,1,1,96675.0,-7.884707003334921
2023-01-17 07:05:00+00:00,100.0,short,is,,4004.75,4002.75,1,29,96775.0,-7.789423535016675
2023-01-17 07:07:00+00:00,-25.0,short,is,,4002.75,4003.25,1,1,96750.0,-7.813244402096236
2023-01-17 07:09:00+00:00,-62.5,short,is,,4002.5,4003.75,1,1,96687.5,-7.87279656979514
2023-01-17 07:25:00+00:00,0.0,long,is,,4004.0,4004.0,1,15,96687.5,-7.87279656979514
2023-01-17 07:31:00+00:00,-75.0,short,is,,4003.25,4004.75,1,5,96612.5,-7.944259171033825
2023-01-17 07:44:00+00:00,25.0,short,is,,4003.75,4003.25,1,12,96637.5,-7.920438303954263
2023-01-17 07:48:00+00:00,0.0,short,is,,4003.0,4003.0,1,3,96637.5,-7.920438303954263
2023-01-17 07:50:00+00:00,0.0,short,is,,4003.0,4003.0,1,1,96637.5,-7.920438303954263
2023-01-17 07:52:00+00:00,-25.0,short,is,,4003.25,4003.75,1,1,96612.5,-7.944259171033825
2023-01-17 08:24:00+00:00,162.5,long,is,,4004.25,4007.5,1,31,96775.0,-7.789423535016675
2023-01-17 08:26:00+00:00,25.0,long,is,,4007.0,4007.5,1,1,96800.0,-7.765602667937113
2023-01-17 08:28:00+00:00,25.0,long,is,,4007.5,4008.0,1,1,96825.0,-7.741781800857551
2023-01-17 08:30:00+00:00,-62.5,long,is,,4008.0,4006.75,1,1,96762.5,-7.801333968556455
2023-01-17 08:32:00+00:00,-37.5,long,is,,4007.5,4006.75,1,1,96725.0,-7.837065269175798
2023-01-17 08:34:00+00:00,-50.0,long,is,,4006.25,4005.25,1,1,96675.0,-7.884707003334921
2023-01-17 08:36:00+00:00,37.5,long,is,,4005.0,4005.75,1,1,96712.5,-7.848975702715578
2023-01-17 08:38:00+00:00,-62.5,long,is,,4006.75,4005.5,1,1,96650.0,-7.908527870414483
2023-01-17 08:40:00+00:00,50.0,long,is,,4005.0,4006.0,1,1,96700.0,-7.86088613625536
2023-01-17 08:43:00+00:00,37.5,long,is,,4005.75,4006.5,1,2,96737.5,-7.825154835636017
2023-01-17 08:45:00+00:00,-25.0,long,is,,4005.75,4005.25,1,1,96712.5,-7.848975702715578
2023-01-17 09:01:00+00:00,37.5,long,is,,4006.0,4006.75,1,15,96750.0,-7.813244402096236
2023-01-17 09:12:00+00:00,75.0,long,is,,4006.75,4008.25,1,10,96825.0,-7.741781800857551
2023-01-17 09:14:00+00:00,-50.0,long,is,,4008.0,4007.0,1,1,96775.0,-7.789423535016675
2023-01-17 09:16:00+00:00,25.0,long,is,,4006.5,4007.0,1,1,96800.0,-7.765602667937113
2023-01-17 09:18:00+00:00,-37.5,long,is,,4006.75,4006.0,1,1,96762.5,-7.801333968556455
2023-01-17 09:32:00+00:00,25.0,short,is,,4005.75,4005.25,1,13,96787.5,-7.7775131014768935
2023-01-17 09:34:00+00:00,-37.5,short,is,,4005.75,4006.5,1,1,96750.0,-7.813244402096236
2023-01-17 09:49:00+00:00,-37.5,long,is,,4007.75,4007.0,1,14,96712.5,-7.848975702715578
2023-01-17 09:51:00+00:00,-12.5,long,is,,4008.0,4007.75,1,1,96700.0,-7.86088613625536
2023-01-17 09:54:00+00:00,-12.5,long,is,,4008.0,4007.75,1,2,96687.5,-7.87279656979514
2023-01-17 09:56:00+00:00,-25.0,long,is,,4007.25,4006.75,1,1,96662.5,-7.896617436874702
2023-01-17 10:18:00+00:00,37.5,short,is,,4006.25,4005.5,1,21,96700.0,-7.86088613625536
2023-01-17 10:29:00+00:00,-62.5,long,is,,4006.75,4005.5,1,10,96637.5,-7.920438303954263
2023-01-17 10:43:00+00:00,50.0,long,is,,4006.75,4007.75,1,13,96687.5,-7.87279656979514
2023-01-17 10:45:00+00:00,0.0,long,is,,4007.0,4007.0,1,1,96687.5,-7.87279656979514
2023-01-17 10:52:00+00:00,75.0,long,is,,4006.75,4008.25,1,6,96762.5,-7.801333968556455
2023-01-17 11:00:00+00:00,37.5,long,is,,4007.75,4008.5,1,7,96800.0,-7.765602667937113
2023-01-17 11:02:00+00:00,-12.5,long,is,,4008.0,4007.75,1,1,96787.5,-7.7775131014768935
2023-01-17 11:04:00+00:00,25.0,long,is,,4007.25,4007.75,1,1,96812.5,-7.753692234397332
2023-01-17 11:06:00+00:00,12.5,long,is,,4007.25,4007.5,1,1,96825.0,-7.741781800857551
2023-01-17 11:08:00+00:00,25.0,long,is,,4007.75,4008.25,1,1,96850.0,-7.71796093377799
2023-01-17 11:10:00+00:00,12.5,long,is,,4007.75,4008.0,1,1,96862.5,-7.7060505002382085
2023-01-17 11:12:00+00:00,0.0,long,is,,4007.5,4007.5,1,1,96862.5,-7.7060505002382085
2023-01-17 11:18:00+00:00,-37.5,short,is,,4006.75,4007.5,1,5,96825.0,-7.741781800857551
2023-01-17 11:20:00+00:00,-25.0,long,is,,4007.5,4007.0,1,1,96800.0,-7.765602667937113
2023-01-17 11:24:00+00:00,-37.5,long,is,,4007.5,4006.75,1,3,96762.5,-7.801333968556455
2023-01-17 11:26:00+00:00,-25.0,long,is,,4007.5,4007.0,1,1,96737.5,-7.825154835636017
2023-01-17 11:29:00+00:00,-50.0,long,is,,4007.5,4006.5,1,2,96687.5,-7.87279656979514
2023-01-17 11:32:00+00:00,-37.5,short,is,,4006.5,4007.25,1,2,96650.0,-7.908527870414483
2023-01-17 11:38:00+00:00,-25.0,long,is,,4007.25,4006.75,1,5,96625.0,-7.932348737494046
2023-01-17 11:43:00+00:00,0.0,short,is,,4007.25,4007.25,1,4,96625.0,-7.932348737494046
2023-01-17 11:50:00+00:00,-75.0,long,is,,4008.5,4007.0,1,6,96550.0,-8.00381133873273
2023-01-17 11:52:00+00:00,-25.0,long,is,,4007.5,4007.0,1,1,96525.0,-8.027632205812292
2023-01-17 12:04:00+00:00,37.5,long,is,,4008.0,4008.75,1,11,96562.5,-7.991900905192948
2023-01-17 12:08:00+00:00,-75.0,short,is,,4007.75,4009.25,1,3,96487.5,-8.063363506431633
2023-01-17 12:21:00+00:00,-12.5,long,is,,4010.25,4010.0,1,12,96475.0,-8.075273939971416
2023-01-17 12:33:00+00:00,-25.0,long,is,,4011.5,4011.0,1,11,96450.0,-8.099094807050978
2023-01-17 12:37:00+00:00,0.0,long,is,,4011.5,4011.5,1,3,96450.0,-8.099094807050978
2023-01-17 12:39:00+00:00,-112.5,long,is,,4012.75,4010.5,1,1,96337.5,-8.206288708909003
2023-01-17 12:41:00+00:00,-37.5,long,is,,4010.25,4009.5,1,1,96300.0,-8.242020009528348
2023-01-17 12:43:00+00:00,-62.5,long,is,,4009.75,4008.5,1,1,96237.5,-8.301572177227252
2023-01-17 12:45:00+00:00,-12.5,long,is,,4009.0,4008.75,1,1,96225.0,-8.313482610767032
2023-01-17 13:01:00+00:00,62.5,short,is,,4008.5,4007.25,1,15,96287.5,-8.253930443068128
2023-01-17 13:14:00+00:00,-62.5,short,is,,4004.25,4005.5,1,12,96225.0,-8.313482610767032
2023-01-17 13:16:00+00:00,12.5,short,is,,4006.0,4005.75,1,1,96237.5,-8.301572177227252
2023-01-17 13:18:00+00:00,-25.0,short,is,,4006.0,4006.5,1,1,96212.5,-8.325393044306812
2023-01-17 13:20:00+00:00,-50.0,short,is,,4006.75,4007.75,1,1,96162.5,-8.373034778465936
2023-01-17 13:39:00+00:00,-62.5,long,is,,4010.5,4009.25,1,18,96100.0,-8.43258694616484
2023-01-17 13:41:00+00:00,0.0,long,is,,4010.25,4010.25,1,1,96100.0,-8.43258694616484
2023-01-17 13:43:00+00:00,-75.0,long,is,,4010.25,4008.75,1,1,96025.0,-8.504049547403525
2023-01-17 13:45:00+00:00,12.5,long,is,,4009.25,4009.5,1,1,96037.5,-8.492139113863745
2023-01-17 13:49:00+00:00,-12.5,long,is,,4010.25,4010.0,1,3,96025.0,-8.504049547403525
2023-01-17 13:51:00+00:00,-87.5,long,is,,4010.0,4008.25,1,1,95937.5,-8.587422582181992
2023-01-17 14:02:00+00:00,-100.0,short,is,,4007.0,4009.0,1,10,95837.5,-8.682706050500238
2023-01-17 14:19:00+00:00,100.0,long,is,,4009.75,4011.75,1,16,95937.5,-8.587422582181992
2023-01-17 14:35:00+00:00,175.0,long,is,,4012.5,4016.0,1,15,96112.5,-8.42067651262506
2023-01-17 14:38:00+00:00,-37.5,long,is,,4016.0,4015.25,1,2,96075.0,-8.456407813244402
2023-01-17 14:40:00+00:00,62.5,long,is,,4012.0,4013.25,1,1,96137.5,-8.396855645545498
2023-01-17 14:46:00+00:00,-387.5,short,is,,4010.5,4018.25,1,5,95750.0,-8.766079085278704
2023-01-17 15:28:00+00:00,650.0,long,is,,4018.5,4031.5,1,41,96400.0,-8.146736541210101
2023-01-17 15:30:00+00:00,50.0,long,is,,4029.25,4030.25,1,1,96450.0,-8.099094807050978
2023-01-17 15:32:00+00:00,-162.5,long,is,,4030.0,4026.75,1,1,96287.5,-8.253930443068128
2023-01-17 15:34:00+00:00,50.0,long,is,,4025.25,4026.25,1,1,96337.5,-8.206288708909003
2023-01-17 15:36:00+00:00,-12.5,long,is,,4026.5,4026.25,1,1,96325.0,-8.218199142448785
2023-01-17 15:38:00+00:00,62.5,long,is,,4024.0,4025.25,1,1,96387.5,-8.15864697474988
2023-01-17 15:40:00+00:00,-75.0,long,is,,4023.75,4022.25,1,1,96312.5,-8.230109575988566
2023-01-17 16:04:00+00:00,-12.5,short,is,,4015.0,4015.25,1,23,96300.0,-8.242020009528348
2023-01-17 16:27:00+00:00,375.0,short,is,,4014.5,4007.0,1,22,96675.0,-7.884707003334921
2023-01-17 16:29:00+00:00,-50.0,short,is,,4008.0,4009.0,1,1,96625.0,-7.932348737494046
2023-01-17 16:31:00+00:00,-100.0,short,is,,4009.5,4011.5,1,1,96525.0,-8.027632205812292
2023-01-17 16:33:00+00:00,50.0,short,is,,4013.25,4012.25,1,1,96575.0,-7.979990471653169
2023-01-17 16:35:00+00:00,100.0,short,is,,4013.25,4011.25,1,1,96675.0,-7.884707003334921
2023-01-17 16:37:00+00:00,50.0,short,is,,4011.75,4010.75,1,1,96725.0,-7.837065269175798
2023-01-17 16:39:00+00:00,-75.0,short,is,,4009.75,4011.25,1,1,96650.0,-7.908527870414483
2023-01-17 16:41:00+00:00,-25.0,short,is,,4012.75,4013.25,1,1,96625.0,-7.932348737494046
2023-01-17 16:43:00+00:00,-87.5,short,is,,4012.5,4014.25,1,1,96537.5,-8.01572177227251
2023-01-17 16:45:00+00:00,100.0,short,is,,4014.25,4012.25,1,1,96637.5,-7.920438303954263
2023-01-17 16:47:00+00:00,-75.0,short,is,,4013.0,4014.5,1,1,96562.5,-7.991900905192948
2023-01-17 16:49:00+00:00,25.0,short,is,,4014.75,4014.25,1,1,96587.5,-7.968080038113387
2023-01-17 16:51:00+00:00,-25.0,short,is,,4014.25,4014.75,1,1,96562.5,-7.991900905192948
2023-01-17 16:53:00+00:00,37.5,short,is,,4015.25,4014.5,1,1,96600.0,-7.956169604573607
2023-01-17 16:57:00+00:00,-37.5,short,is,,4013.75,4014.5,1,3,96562.5,-7.991900905192948
2023-01-17 16:59:00+00:00,37.5,short,is,,4015.5,4014.75,1,1,96600.0,-7.956169604573607
2023-01-17 17:01:00+00:00,0.0,short,is,,4014.75,4014.75,1,1,96600.0,-7.956169604573607
2023-01-17 17:09:00+00:00,-125.0,long,is,,4016.75,4014.25,1,7,96475.0,-8.075273939971416
2023-01-17 17:32:00+00:00,62.5,short,is,,4013.0,4011.75,1,22,96537.5,-8.01572177227251
2023-01-17 17:46:00+00:00,-87.5,long,is,,4012.0,4010.25,1,13,96450.0,-8.099094807050978
2023-01-17 17:48:00+00:00,-75.0,short,is,,4011.5,4013.0,1,1,96375.0,-8.170557408289662
2023-01-17 17:50:00+00:00,-50.0,long,is,,4012.75,4011.75,1,1,96325.0,-8.218199142448785
2023-01-17 17:59:00+00:00,12.5,long,is,,4012.75,4013.0,1,8,96337.5,-8.206288708909003
2023-01-17 18:10:00+00:00,37.5,long,is,,4013.75,4014.5,1,10,96375.0,-8.170557408289662
2023-01-17 18:16:00+00:00,-112.5,short,is,,4012.5,4014.75,1,5,96262.5,-8.27775131014769
2023-01-17 18:21:00+00:00,-25.0,long,is,,4014.75,4014.25,1,4,96237.5,-8.301572177227252
2023-01-17 18:23:00+00:00,-75.0,long,is,,4015.0,4013.5,1,1,96162.5,-8.373034778465936
2023-01-17 18:25:00+00:00,-50.0,long,is,,4013.75,4012.75,1,1,96112.5,-8.42067651262506
2023-01-17 18:27:00+00:00,-87.5,long,is,,4014.25,4012.5,1,1,96025.0,-8.504049547403525
2023-01-17 18:31:00+00:00,-12.5,long,is,,4013.75,4013.5,1,3,96012.5,-8.515959980943306
2023-01-17 18:55:00+00:00,150.0,long,is,,4015.0,4018.0,1,23,96162.5,-8.373034778465936
2023-01-17 18:57:00+00:00,50.0,long,is,,4017.25,4018.25,1,1,96212.5,-8.325393044306812
2023-01-17 19:02:00+00:00,-12.5,long,is,,4018.75,4018.5,1,4,96200.0,-8.337303477846593
2023-01-17 19:11:00+00:00,12.5,long,is,,4018.25,4018.5,1,8,96212.5,-8.325393044306812
2023-01-17 19:14:00+00:00,-112.5,long,is,,4019.0,4016.75,1,2,96100.0,-8.43258694616484
2023-01-17 19:31:00+00:00,75.0,short,is,,4015.0,4013.5,1,16,96175.0,-8.361124344926155
2023-01-17 19:33:00+00:00,12.5,short,is,,4014.0,4013.75,1,1,96187.5,-8.349213911386375
2023-01-17 19:35:00+00:00,0.0,short,is,,4015.0,4015.0,1,1,96187.5,-8.349213911386375
2023-01-17 19:52:00+00:00,-12.5,long,is,,4017.0,4016.75,1,16,96175.0,-8.361124344926155
2023-01-17 19:54:00+00:00,-25.0,long,is,,4016.0,4015.5,1,1,96150.0,-8.384945212005716
2023-01-17 19:56:00+00:00,-37.5,long,is,,4016.25,4015.5,1,1,96112.5,-8.42067651262506
2023-01-17 20:02:00+00:00,-212.5,short,is,,4013.75,4018.0,1,5,95900.0,-8.623153882801333
2023-01-17 20:09:00+00:00,-50.0,long,is,,4016.75,4015.75,1,6,95850.0,-8.670795616960456
2023-01-17 20:35:00+00:00,100.0,short,is,,4015.5,4013.5,1,25,95950.0,-8.57551214864221
2023-01-17 20:37:00+00:00,0.0,short,is,,4012.5,4012.5,1,1,95950.0,-8.57551214864221
2023-01-17 20:39:00+00:00,0.0,short,is,,4013.0,4013.0,1,1,95950.0,-8.57551214864221
2023-01-17 20:42:00+00:00,-50.0,short,is,,4012.5,4013.5,1,2,95900.0,-8.623153882801333
2023-01-17 20:58:00+00:00,187.5,short,is,,4013.25,4009.5,1,15,96087.5,-8.444497379704622
2023-01-17 21:00:00+00:00,-50.0,short,is,,4009.25,4010.25,1,1,96037.5,-8.492139113863745
2023-01-17 21:02:00+00:00,-12.5,short,is,,4011.5,4011.75,1,1,96025.0,-8.504049547403525
2023-01-17 21:04:00+00:00,75.0,short,is,,4012.25,4010.75,1,1,96100.0,-8.43258694616484
2023-01-17 21:06:00+00:00,50.0,short,is,,4011.0,4010.0,1,1,96150.0,-8.384945212005716
2023-01-17 21:08:00+00:00,0.0,short,is,,4010.25,4010.25,1,1,96150.0,-8.384945212005716
2023-01-17 21:10:00+00:00,50.0,short,is,,4010.5,4009.5,1,1,96200.0,-8.337303477846593
2023-01-17 21:33:00+00:00,-12.5,short,is,,4009.25,4009.5,1,22,96187.5,-8.349213911386375
2023-01-17 21:35:00+00:00,12.5,short,is,,4009.75,4009.5,1,1,96200.0,-8.337303477846593
2023-01-17 21:37:00+00:00,12.5,short,is,,4009.25,4009.0,1,1,96212.5,-8.325393044306812
2023-01-17 21:39:00+00:00,12.5,short,is,,4009.75,4009.5,1,1,96225.0,-8.313482610767032
2023-01-17 21:42:00+00:00,0.0,short,is,,4009.25,4009.25,1,2,96225.0,-8.313482610767032
2023-01-17 21:44:00+00:00,0.0,short,is,,4009.75,4009.75,1,1,96225.0,-8.313482610767032
2023-01-17 21:47:00+00:00,25.0,short,is,,4010.0,4009.5,1,2,96250.0,-8.289661743687471
2023-01-17 21:50:00+00:00,-12.5,short,is,,4009.25,4009.5,1,2,96237.5,-8.301572177227252
2023-01-17 23:18:00+00:00,200.0,short,is,,4009.0,4005.0,1,27,96437.5,-8.111005240590757
2023-01-17 23:20:00+00:00,0.0,short,is,,4005.25,4005.25,1,1,96437.5,-8.111005240590757
2023-01-17 23:25:00+00:00,12.5,short,is,,4004.5,4004.25,1,4,96450.0,-8.099094807050978
2023-01-17 23:50:00+00:00,250.0,short,is,,4004.5,3999.5,1,24,96700.0,-7.86088613625536
2023-01-17 23:53:00+00:00,-25.0,short,is,,3999.5,4000.0,1,2,96675.0,-7.884707003334921
2023-01-17 23:58:00+00:00,0.0,short,is,,4000.25,4000.25,1,4,96675.0,-7.884707003334921
2023-01-18 00:00:00+00:00,0.0,short,is,,4000.5,4000.5,1,1,96675.0,-7.884707003334921
2023-01-18 00:02:00+00:00,25.0,short,is,,4001.25,4000.75,1,1,96700.0,-7.86088613625536
2023-01-18 00:04:00+00:00,0.0,short,is,,4000.25,4000.25,1,1,96700.0,-7.86088613625536
2023-01-18 00:20:00+00:00,37.5,short,is,,3999.5,3998.75,1,15,96737.5,-7.825154835636017
2023-01-18 00:22:00+00:00,12.5,short,is,,3999.25,3999.0,1,1,96750.0,-7.813244402096236
2023-01-18 00:24:00+00:00,-12.5,short,is,,3999.0,3999.25,1,1,96737.5,-7.825154835636017
2023-01-18 00:26:00+00:00,-25.0,short,is,,3999.25,3999.75,1,1,96712.5,-7.848975702715578
2023-01-18 00:28:00+00:00,-12.5,short,is,,3999.5,3999.75,1,1,96700.0,-7.86088613625536
2023-01-18 00:30:00+00:00,12.5,short,is,,3999.0,3998.75,1,1,96712.5,-7.848975702715578
2023-01-18 00:32:00+00:00,-62.5,short,is,,3998.25,3999.5,1,1,96650.0,-7.908527870414483
2023-01-18 00:34:00+00:00,-12.5,short,is,,3999.25,3999.5,1,1,96637.5,-7.920438303954263
2023-01-18 00:36:00+00:00,-12.5,short,is,,3999.5,3999.75,1,1,96625.0,-7.932348737494046
2023-01-18 00:38:00+00:00,-50.0,short,is,,3999.25,4000.25,1,1,96575.0,-7.979990471653169
2023-01-18 00:40:00+00:00,25.0,short,is,,4000.25,3999.75,1,1,96600.0,-7.956169604573607
2023-01-18 00:42:00+00:00,0.0,short,is,,3999.5,3999.5,1,1,96600.0,-7.956169604573607
2023-01-18 00:44:00+00:00,-12.5,short,is,,3999.25,3999.5,1,1,96587.5,-7.968080038113387
2023-01-18 00:51:00+00:00,-50.0,short,is,,3999.25,4000.25,1,6,96537.5,-8.01572177227251
2023-01-18 01:00:00+00:00,-37.5,long,is,,4000.25,3999.5,1,8,96500.0,-8.051453072891853
2023-01-18 01:23:00+00:00,100.0,long,is,,4000.25,4002.25,1,22,96600.0,-7.956169604573607
2023-01-18 01:25:00+00:00,-50.0,long,is,,4002.5,4001.5,1,1,96550.0,-8.00381133873273
2023-01-18 01:27:00+00:00,-12.5,long,is,,4001.5,4001.25,1,1,96537.5,-8.01572177227251
2023-01-18 01:29:00+00:00,0.0,long,is,,4000.5,4000.5,1,1,96537.5,-8.01572177227251
2023-01-18 01:31:00+00:00,0.0,long,is,,4001.0,4001.0,1,1,96537.5,-8.01572177227251
2023-01-18 01:33:00+00:00,-37.5,long,is,,4001.5,4000.75,1,1,96500.0,-8.051453072891853
2023-01-18 01:35:00+00:00,0.0,long,is,,4000.75,4000.75,1,1,96500.0,-8.051453072891853
2023-01-18 01:37:00+00:00,0.0,long,is,,4000.75,4000.75,1,1,96500.0,-8.051453072891853
2023-01-18 01:39:00+00:00,-50.0,long,is,,4001.0,4000.0,1,1,96450.0,-8.099094807050978
2023-01-18 01:45:00+00:00,-50.0,short,is,,3999.5,4000.5,1,5,96400.0,-8.146736541210101
2023-01-18 01:56:00+00:00,-62.5,short,is,,3999.75,4001.0,1,10,96337.5,-8.206288708909003
2023-01-18 02:23:00+00:00,112.5,long,is,,4001.0,4003.25,1,26,96450.0,-8.099094807050978
2023-01-18 02:26:00+00:00,-12.5,long,is,,4003.5,4003.25,1,2,96437.5,-8.111005240590757
2023-01-18 02:28:00+00:00,-12.5,long,is,,4003.25,4003.0,1,1,96425.0,-8.122915674130539
2023-01-18 02:30:00+00:00,-37.5,long,is,,4003.0,4002.25,1,1,96387.5,-8.15864697474988
2023-01-18 02:32:00+00:00,-12.5,long,is,,4002.0,4001.75,1,1,96375.0,-8.170557408289662
2023-01-18 02:41:00+00:00,-600.0,short,is,,4001.75,4013.75,1,8,95775.0,-8.742258218199142
2023-01-18 02:59:00+00:00,175.0,long,is,,4011.5,4015.0,1,17,95950.0,-8.57551214864221
2023-01-18 03:01:00+00:00,-50.0,long,is,,4016.25,4015.25,1,1,95900.0,-8.623153882801333
2023-01-18 03:04:00+00:00,0.0,long,is,,4015.75,4015.75,1,2,95900.0,-8.623153882801333
2023-01-18 03:06:00+00:00,-37.5,long,is,,4015.5,4014.75,1,1,95862.5,-8.658885183420677
2023-01-18 03:23:00+00:00,150.0,long,is,,4014.75,4017.75,1,16,96012.5,-8.515959980943306
2023-01-18 03:25:00+00:00,-25.0,long,is,,4017.5,4017.0,1,1,95987.5,-8.539780848022868
2023-01-18 03:27:00+00:00,12.5,long,is,,4017.0,4017.25,1,1,96000.0,-8.527870414483086
2023-01-18 03:29:00+00:00,0.0,long,is,,4017.0,4017.0,1,1,96000.0,-8.527870414483086
2023-01-18 03:31:00+00:00,-62.5,long,is,,4016.75,4015.5,1,1,95937.5,-8.587422582181992
2023-01-18 03:33:00+00:00,-12.5,long,is,,4013.75,4013.5,1,1,95925.0,-8.599333015721772
2023-01-18 03:35:00+00:00,-12.5,long,is,,4012.75,4012.5,1,1,95912.5,-8.611243449261554
2023-01-18 03:37:00+00:00,-12.5,long,is,,4013.5,4013.25,1,1,95900.0,-8.623153882801333
2023-01-18 03:59:00+00:00,-50.0,short,is,,4009.25,4010.25,1,21,95850.0,-8.670795616960456
2023-01-18 04:01:00+00:00,-75.0,short,is,,4010.0,4011.5,1,1,95775.0,-8.742258218199142
2023-01-18 04:03:00+00:00,-25.0,short,is,,4011.75,4012.25,1,1,95750.0,-8.766079085278704
2023-01-18 04:05:00+00:00,0.0,short,is,,4011.25,4011.25,1,1,95750.0,-8.766079085278704
2023-01-18 04:07:00+00:00,50.0,short,is,,4010.75,4009.75,1,1,95800.0,-8.718437351119581
2023-01-18 04:12:00+00:00,-125.0,short,is,,4008.5,4011.0,1,4,95675.0,-8.837541686517389
2023-01-18 04:14:00+00:00,25.0,short,is,,4011.0,4010.5,1,1,95700.0,-8.813720819437828
2023-01-18 04:16:00+00:00,25.0,short,is,,4011.75,4011.25,1,1,95725.0,-8.789899952358265
2023-01-18 04:18:00+00:00,-25.0,short,is,,4011.0,4011.5,1,1,95700.0,-8.813720819437828
2023-01-18 04:20:00+00:00,-12.5,short,is,,4011.75,4012.0,1,1,95687.5,-8.825631252977608
2023-01-18 04:22:00+00:00,37.5,short,is,,4012.0,4011.25,1,1,95725.0,-8.789899952358265
2023-01-18 04:24:00+00:00,-25.0,short,is,,4011.5,4012.0,1,1,95700.0,-8.813720819437828
2023-01-18 04:26:00+00:00,-25.0,short,is,,4011.0,4011.5,1,1,95675.0,-8.837541686517389
2023-01-18 04:28:00+00:00,-62.5,short,is,,4011.5,4012.75,1,1,95612.5,-8.897093854216294
2023-01-18 04:30:00+00:00,0.0,short,is,,4012.5,4012.5,1,1,95612.5,-8.897093854216294
2023-01-18 04:32:00+00:00,0.0,short,is,,4012.25,4012.25,1,1,95612.5,-8.897093854216294
2023-01-18 04:34:00+00:00,-12.5,short,is,,4012.25,4012.5,1,1,95600.0,-8.909004287756074
2023-01-18 04:36:00+00:00,25.0,short,is,,4013.25,4012.75,1,1,95625.0,-8.885183420676512
2023-01-18 05:07:00+00:00,25.0,long,is,,4013.25,4013.75,1,30,95650.0,-8.861362553596951
2023-01-18 05:09:00+00:00,0.0,long,is,,4013.75,4013.75,1,1,95650.0,-8.861362553596951
2023-01-18 05:11:00+00:00,12.5,long,is,,4012.75,4013.0,1,1,95662.5,-8.84945212005717
2023-01-18 05:13:00+00:00,-37.5,long,is,,4013.0,4012.25,1,1,95625.0,-8.885183420676512
2023-01-18 05:15:00+00:00,0.0,long,is,,4012.25,4012.25,1,1,95625.0,-8.885183420676512
2023-01-18 05:17:00+00:00,12.5,long,is,,4012.5,4012.75,1,1,95637.5,-8.873272987136732
2023-01-18 05:19:00+00:00,25.0,long,is,,4013.0,4013.5,1,1,95662.5,-8.84945212005717
2023-01-18 05:22:00+00:00,-12.5,long,is,,4013.25,4013.0,1,2,95650.0,-8.861362553596951
2023-01-18 05:27:00+00:00,-37.5,long,is,,4013.25,4012.5,1,4,95612.5,-8.897093854216294
2023-01-18 05:29:00+00:00,12.5,long,is,,4012.5,4012.75,1,1,95625.0,-8.885183420676512
2023-01-18 05:31:00+00:00,0.0,long,is,,4012.75,4012.75,1,1,95625.0,-8.885183420676512
2023-01-18 05:42:00+00:00,-37.5,short,is,,4012.25,4013.0,1,10,95587.5,-8.920914721295855
2023-01-18 05:44:00+00:00,-25.0,long,is,,4013.0,4012.5,1,1,95562.5,-8.944735588375417
2023-01-18 05:46:00+00:00,-12.5,short,is,,4012.25,4012.5,1,1,95550.0,-8.956646021915198
2023-01-18 05:48:00+00:00,-12.5,short,is,,4012.75,4013.0,1,1,95537.5,-8.96855645545498
2023-01-18 05:57:00+00:00,-12.5,long,is,,4013.5,4013.25,1,8,95525.0,-8.980466888994759
2023-01-18 06:02:00+00:00,0.0,long,is,,4013.25,4013.25,1,4,95525.0,-8.980466888994759
2023-01-18 06:05:00+00:00,-37.5,long,is,,4013.75,4013.0,1,2,95487.5,-9.016198189614103
2023-01-18 06:20:00+00:00,25.0,long,is,,4013.5,4014.0,1,14,95512.5,-8.99237732253454
2023-01-18 06:22:00+00:00,-12.5,long,is,,4014.25,4014.0,1,1,95500.0,-9.004287756074321
2023-01-18 06:46:00+00:00,75.0,long,is,,4014.25,4015.75,1,23,95575.0,-8.932825154835635
2023-01-18 06:48:00+00:00,0.0,long,is,,4016.0,4016.0,1,1,95575.0,-8.932825154835635
2023-01-18 06:50:00+00:00,-12.5,long,is,,4015.5,4015.25,1,1,95562.5,-8.944735588375417
2023-01-18 06:52:00+00:00,-25.0,long,is,,4015.25,4014.75,1,1,95537.5,-8.96855645545498
2023-01-18 06:54:00+00:00,-25.0,long,is,,4015.25,4014.75,1,1,95512.5,-8.99237732253454
2023-01-18 06:56:00+00:00,25.0,long,is,,4015.25,4015.75,1,1,95537.5,-8.96855645545498
2023-01-18 07:19:00+00:00,75.0,long,is,,4016.25,4017.75,1,22,95612.5,-8.897093854216294
2023-01-18 07:21:00+00:00,-12.5,long,is,,4017.75,4017.5,1,1,95600.0,-8.909004287756074
2023-01-18 07:30:00+00:00,0.0,long,is,,4017.75,4017.75,1,8,95600.0,-8.909004287756074
2023-01-18 07:32:00+00:00,25.0,long,is,,4017.0,4017.5,1,1,95625.0,-8.885183420676512
2023-01-18 07:34:00+00:00,0.0,long,is,,4017.5,4017.5,1,1,95625.0,-8.885183420676512
2023-01-18 07:40:00+00:00,-25.0,long,is,,4018.0,4017.5,1,5,95600.0,-8.909004287756074
2023-01-18 07:42:00+00:00,12.5,long,is,,4017.5,4017.75,1,1,95612.5,-8.897093854216294
2023-01-18 07:44:00+00:00,-75.0,long,is,,4016.5,4015.0,1,1,95537.5,-8.96855645545498
2023-01-18 07:55:00+00:00,-162.5,short,is,,4013.5,4016.75,1,10,95375.0,-9.12339209147213
2023-01-18 07:57:00+00:00,-25.0,short,is,,4016.5,4017.0,1,1,95350.0,-9.147212958551691
2023-01-18 08:07:00+00:00,-62.5,long,is,,4016.75,4015.5,1,9,95287.5,-9.206765126250597
2023-01-18 08:09:00+00:00,-75.0,short,is,,4015.75,4017.25,1,1,95212.5,-9.27822772748928
2023-01-18 08:20:00+00:00,-75.0,long,is,,4018.5,4017.0,1,10,95137.5,-9.349690328727965
2023-01-18 08:44:00+00:00,262.5,short,is,,4016.0,4010.75,1,23,95400.0,-9.099571224392568
2023-01-18 08:46:00+00:00,25.0,short,is,,4010.75,4010.25,1,1,95425.0,-9.075750357313005
2023-01-18 08:48:00+00:00,-37.5,short,is,,4009.75,4010.5,1,1,95387.5,-9.11148165793235
2023-01-18 08:50:00+00:00,25.0,short,is,,4010.75,4010.25,1,1,95412.5,-9.087660790852787
2023-01-18 08:52:00+00:00,-87.5,short,is,,4010.75,4012.5,1,1,95325.0,-9.171033825631254
2023-01-18 08:54:00+00:00,-12.5,short,is,,4013.25,4013.5,1,1,95312.5,-9.182944259171034
2023-01-18 08:56:00+00:00,-62.5,short,is,,4013.0,4014.25,1,1,95250.0,-9.242496426869938
2023-01-18 08:58:00+00:00,12.5,short,is,,4014.5,4014.25,1,1,95262.5,-9.230585993330157
2023-01-18 09:00:00+00:00,0.0,short,is,,4014.75,4014.75,1,1,95262.5,-9.230585993330157
2023-01-18 09:05:00+00:00,-137.5,long,is,,4015.5,4012.75,1,4,95125.0,-9.361600762267747
2023-01-18 09:19:00+00:00,25.0,short,is,,4013.0,4012.5,1,13,95150.0,-9.337779895188184
2023-01-18 09:22:00+00:00,-25.0,short,is,,4012.5,4013.0,1,2,95125.0,-9.361600762267747
2023-01-18 09:24:00+00:00,-12.5,short,is,,4012.75,4013.0,1,1,95112.5,-9.373511195807527
2023-01-18 09:26:00+00:00,-25.0,short,is,,4013.25,4013.75,1,1,95087.5,-9.397332062887088
2023-01-18 09:28:00+00:00,25.0,short,is,,4013.25,4012.75,1,1,95112.5,-9.373511195807527
2023-01-18 09:50:00+00:00,-12.5,short,is,,4011.75,4012.0,1,21,95100.0,-9.385421629347308
2023-01-18 09:52:00+00:00,-12.5,short,is,,4012.0,4012.25,1,1,95087.5,-9.397332062887088
2023-01-18 09:54:00+00:00,0.0,short,is,,4012.0,4012.0,1,1,95087.5,-9.397332062887088
2023-01-18 10:01:00+00:00,-50.0,long,is,,4012.25,4011.25,1,6,95037.5,-9.444973797046211
2023-01-18 10:03:00+00:00,-12.5,short,is,,4011.5,4011.75,1,1,95025.0,-9.456884230585993
2023-01-18 10:08:00+00:00,-12.5,long,is,,4012.5,4012.25,1,4,95012.5,-9.468794664125774
2023-01-18 10:12:00+00:00,-25.0,long,is,,4012.25,4011.75,1,3,94987.5,-9.492615531205335
2023-01-18 10:16:00+00:00,-62.5,short,is,,4011.25,4012.5,1,3,94925.0,-9.55216769890424
2023-01-18 10:21:00+00:00,-50.0,long,is,,4013.25,4012.25,1,4,94875.0,-9.599809433063363
2023-01-18 10:23:00+00:00,0.0,long,is,,4012.0,4012.0,1,1,94875.0,-9.599809433063363
2023-01-18 10:27:00+00:00,-50.0,long,is,,4013.0,4012.0,1,3,94825.0,-9.647451167222487
2023-01-18 10:39:00+00:00,-25.0,short,is,,4011.0,4011.5,1,11,94800.0,-9.67127203430205
2023-01-18 10:41:00+00:00,-12.5,short,is,,4010.75,4011.0,1,1,94787.5,-9.68318246784183
2023-01-18 10:43:00+00:00,0.0,short,is,,4011.25,4011.25,1,1,94787.5,-9.68318246784183
2023-01-18 10:45:00+00:00,-12.5,short,is,,4011.25,4011.5,1,1,94775.0,-9.69509290138161
2023-01-18 10:47:00+00:00,-100.0,short,is,,4011.25,4013.25,1,1,94675.0,-9.790376369699857
2023-01-18 11:11:00+00:00,37.5,long,is,,4013.5,4014.25,1,23,94712.5,-9.754645069080514
2023-01-18 11:13:00+00:00,12.5,long,is,,4014.25,4014.5,1,1,94725.0,-9.742734635540733
2023-01-18 11:20:00+00:00,-25.0,long,is,,4015.25,4014.75,1,6,94700.0,-9.766555502620296
2023-01-18 11:22:00+00:00,-12.5,long,is,,4015.0,4014.75,1,1,94687.5,-9.778465936160076
2023-01-18 11:24:00+00:00,0.0,long,is,,4014.75,4014.75,1,1,94687.5,-9.778465936160076
2023-01-18 11:28:00+00:00,-37.5,long,is,,4015.75,4015.0,1,3,94650.0,-9.81419723677942
2023-01-18 11:30:00+00:00,-12.5,long,is,,4014.5,4014.25,1,1,94637.5,-9.8261076703192
2023-01-18 11:32:00+00:00,-12.5,long,is,,4013.25,4013.0,1,1,94625.0,-9.838018103858982
2023-01-18 11:38:00+00:00,-137.5,short,is,,4012.75,4015.5,1,5,94487.5,-9.96903287279657
2023-01-18 11:48:00+00:00,-50.0,long,is,,4015.25,4014.25,1,9,94437.5,-10.016674606955693
2023-01-18 12:09:00+00:00,75.0,long,is,,4014.5,4016.0,1,20,94512.5,-9.945212005717007
2023-01-18 12:11:00+00:00,12.5,long,is,,4016.25,4016.5,1,1,94525.0,-9.933301572177228
2023-01-18 12:14:00+00:00,0.0,long,is,,4016.75,4016.75,1,2,94525.0,-9.933301572177228
2023-01-18 13:01:00+00:00,225.0,long,is,,4017.0,4021.5,1,46,94750.0,-9.718913768461173
2023-01-18 13:03:00+00:00,0.0,long,is,,4021.75,4021.75,1,1,94750.0,-9.718913768461173
2023-01-18 13:05:00+00:00,-50.0,long,is,,4021.75,4020.75,1,1,94700.0,-9.766555502620296
2023-01-18 13:07:00+00:00,-37.5,long,is,,4020.5,4019.75,1,1,94662.5,-9.802286803239637
2023-01-18 13:09:00+00:00,-37.5,long,is,,4019.75,4019.0,1,1,94625.0,-9.838018103858982
2023-01-18 13:11:00+00:00,50.0,long,is,,4019.25,4020.25,1,1,94675.0,-9.790376369699857
2023-01-18 13:13:00+00:00,25.0,long,is,,4020.0,4020.5,1,1,94700.0,-9.766555502620296
2023-01-18 13:15:00+00:00,0.0,long,is,,4020.75,4020.75,1,1,94700.0,-9.766555502620296
2023-01-18 13:17:00+00:00,-25.0,long,is,,4021.25,4020.75,1,1,94675.0,-9.790376369699857
2023-01-18 13:19:00+00:00,0.0,long,is,,4020.25,4020.25,1,1,94675.0,-9.790376369699857
2023-01-18 13:21:00+00:00,-37.5,long,is,,4019.75,4019.0,1,1,94637.5,-9.8261076703192
2023-01-18 13:23:00+00:00,0.0,long,is,,4019.5,4019.5,1,1,94637.5,-9.8261076703192
2023-01-18 13:25:00+00:00,-100.0,long,is,,4019.25,4017.25,1,1,94537.5,-9.921391138637446
2023-01-18 13:28:00+00:00,-150.0,short,is,,4017.75,4020.75,1,2,94387.5,-10.064316341114816
2023-01-18 13:34:00+00:00,-287.5,long,is,,4020.0,4014.25,1,5,94100.0,-10.338256312529776
2023-01-18 13:46:00+00:00,-225.0,short,is,,4015.25,4019.75,1,11,93875.0,-10.552644116245832
2023-01-18 14:02:00+00:00,-50.0,long,is,,4022.0,4021.0,1,15,93825.0,-10.600285850404955
2023-01-18 14:18:00+00:00,125.0,long,is,,4021.5,4024.0,1,15,93950.0,-10.481181515007146
2023-01-18 14:20:00+00:00,12.5,long,is,,4023.75,4024.0,1,1,93962.5,-10.469271081467365
2023-01-18 14:24:00+00:00,-100.0,long,is,,4025.25,4023.25,1,3,93862.5,-10.564554549785612
2023-01-18 14:28:00+00:00,-87.5,long,is,,4026.0,4024.25,1,3,93775.0,-10.647927584564078
2023-01-18 14:30:00+00:00,-75.0,long,is,,4023.5,4022.0,1,1,93700.0,-10.719390185802762
2023-01-18 14:32:00+00:00,-87.5,long,is,,4025.5,4023.75,1,1,93612.5,-10.80276322058123
2023-01-18 14:42:00+00:00,-337.5,short,is,,4019.0,4025.75,1,9,93275.0,-11.124344926155311
2023-01-18 14:45:00+00:00,-312.5,long,is,,4027.25,4021.0,1,2,92962.5,-11.422105764649833
2023-01-18 14:47:00+00:00,-62.5,long,is,,4021.75,4020.5,1,1,92900.0,-11.481657932348737
2023-01-18 14:50:00+00:00,-162.5,short,is,,4020.25,4023.5,1,2,92737.5,-11.636493568365887
2023-01-18 15:12:00+00:00,-37.5,long,is,,4027.0,4026.25,1,21,92700.0,-11.672224868985232
2023-01-18 15:14:00+00:00,-50.0,long,is,,4029.25,4028.25,1,1,92650.0,-11.719866603144355
2023-01-18 15:18:00+00:00,50.0,long,is,,4027.5,4028.5,1,3,92700.0,-11.672224868985232
2023-01-18 15:30:00+00:00,-225.0,short,is,,4021.75,4026.25,1,11,92475.0,-11.886612672701286
2023-01-18 16:50:00+00:00,2150.0,short,is,,4022.5,3979.5,1,79,94625.0,-9.838018103858982
2023-01-18 16:57:00+00:00,37.5,short,is,,3977.5,3976.75,1,6,94662.5,-9.802286803239637
2023-01-18 16:59:00+00:00,-50.0,short,is,,3978.5,3979.5,1,1,94612.5,-9.84992853739876
2023-01-18 17:01:00+00:00,50.0,short,is,,3980.0,3979.0,1,1,94662.5,-9.802286803239637
2023-01-18 17:03:00+00:00,-25.0,short,is,,3979.25,3979.75,1,1,94637.5,-9.8261076703192
2023-01-18 17:12:00+00:00,37.5,short,is,,3978.25,3977.5,1,8,94675.0,-9.790376369699857
2023-01-18 17:14:00+00:00,25.0,short,is,,3978.0,3977.5,1,1,94700.0,-9.766555502620296
2023-01-18 17:17:00+00:00,50.0,short,is,,3979.25,3978.25,1,2,94750.0,-9.718913768461173
2023-01-18 17:38:00+00:00,200.0,short,is,,3975.5,3971.5,1,20,94950.0,-9.52834683182468
2023-01-18 17:41:00+00:00,50.0,short,is,,3971.5,3970.5,1,2,95000.0,-9.480705097665556
2023-01-18 17:43:00+00:00,-125.0,short,is,,3968.5,3971.0,1,1,94875.0,-9.599809433063363
2023-01-18 17:50:00+00:00,-12.5,short,is,,3969.25,3969.5,1,6,94862.5,-9.611719866603144
2023-01-18 18:22:00+00:00,462.5,short,is,,3969.25,3960.0,1,31,95325.0,-9.171033825631254
2023-01-18 18:24:00+00:00,-87.5,short,is,,3958.5,3960.25,1,1,95237.5,-9.25440686040972
2023-01-18 18:26:00+00:00,-62.5,short,is,,3959.75,3961.0,1,1,95175.0,-9.313959028108624
2023-01-18 18:28:00+00:00,25.0,short,is,,3962.25,3961.75,1,1,95200.0,-9.290138161029061
2023-01-18 18:30:00+00:00,-25.0,short,is,,3963.75,3964.25,1,1,95175.0,-9.313959028108624
2023-01-18 18:32:00+00:00,-75.0,short,is,,3964.0,3965.5,1,1,95100.0,-9.385421629347308
2023-01-18 18:34:00+00:00,12.5,short,is,,3965.0,3964.75,1,1,95112.5,-9.373511195807527
2023-01-18 18:36:00+00:00,-37.5,short,is,,3962.25,3963.0,1,1,95075.0,-9.40924249642687
2023-01-18 18:38:00+00:00,-62.5,short,is,,3964.75,3966.0,1,1,95012.5,-9.468794664125774
2023-01-18 18:40:00+00:00,37.5,short,is,,3965.75,3965.0,1,1,95050.0,-9.433063363506431
2023-01-18 18:42:00+00:00,-37.5,short,is,,3966.0,3966.75,1,1,95012.5,-9.468794664125774
2023-01-18 18:44:00+00:00,-50.0,short,is,,3966.0,3967.0,1,1,94962.5,-9.516436398284897
2023-01-18 18:57:00+00:00,-87.5,long,is,,3968.75,3967.0,1,12,94875.0,-9.599809433063363
2023-01-18 18:59:00+00:00,-50.0,long,is,,3968.0,3967.0,1,1,94825.0,-9.647451167222487
2023-01-18 19:01:00+00:00,-75.0,long,is,,3967.25,3965.75,1,1,94750.0,-9.718913768461173
2023-01-18 19:03:00+00:00,-62.5,long,is,,3966.0,3964.75,1,1,94687.5,-9.778465936160076
2023-01-18 19:05:00+00:00,-37.5,long,is,,3967.0,3966.25,1,1,94650.0,-9.81419723677942
2023-01-18 19:11:00+00:00,-150.0,short,is,,3964.0,3967.0,1,5,94500.0,-9.95712243925679
2023-01-18 19:13:00+00:00,-37.5,long,is,,3966.25,3965.5,1,1,94462.5,-9.992853739876132
2023-01-18 19:16:00+00:00,-25.0,long,is,,3966.0,3965.5,1,2,94437.5,-10.016674606955693
2023-01-18 19:21:00+00:00,0.0,short,is,,3965.0,3965.0,1,4,94437.5,-10.016674606955693
2023-01-18 19:23:00+00:00,-87.5,short,is,,3964.5,3966.25,1,1,94350.0,-10.10004764173416
2023-01-18 19:39:00+00:00,37.5,long,is,,3965.5,3966.25,1,15,94387.5,-10.064316341114816
2023-01-18 19:41:00+00:00,-25.0,long,is,,3965.5,3965.0,1,1,94362.5,-10.088137208194379
2023-01-18 19:43:00+00:00,-12.5,long,is,,3964.75,3964.5,1,1,94350.0,-10.10004764173416
2023-01-18 19:45:00+00:00,12.5,long,is,,3965.75,3966.0,1,1,94362.5,-10.088137208194379
2023-01-18 19:47:00+00:00,-12.5,long,is,,3965.25,3965.0,1,1,94350.0,-10.10004764173416
2023-01-18 19:49:00+00:00,-12.5,long,is,,3965.0,3964.75,1,1,94337.5,-10.11195807527394
2023-01-18 20:09:00+00:00,75.0,short,is,,3964.0,3962.5,1,19,94412.5,-10.040495474035255
2023-01-18 20:11:00+00:00,-100.0,short,is,,3961.25,3963.25,1,1,94312.5,-10.135778942353502
2023-01-18 20:17:00+00:00,-275.0,long,is,,3965.5,3960.0,1,5,94037.5,-10.397808480228681
2023-01-18 20:21:00+00:00,-112.5,short,is,,3959.25,3961.5,1,3,93925.0,-10.505002382086708
2023-01-18 20:23:00+00:00,-50.0,short,is,,3960.25,3961.25,1,1,93875.0,-10.552644116245832
2023-01-18 21:11:00+00:00,775.0,short,is,,3962.0,3946.5,1,47,94650.0,-9.81419723677942
2023-01-18 21:13:00+00:00,0.0,short,is,,3946.5,3946.5,1,1,94650.0,-9.81419723677942
2023-01-18 21:27:00+00:00,-12.5,short,is,,3945.5,3945.75,1,13,94637.5,-9.8261076703192
2023-01-18 21:31:00+00:00,0.0,short,is,,3945.5,3945.5,1,3,94637.5,-9.8261076703192
2023-01-18 21:33:00+00:00,0.0,short,is,,3945.5,3945.5,1,1,94637.5,-9.8261076703192
2023-01-18 21:35:00+00:00,-25.0,short,is,,3945.5,3946.0,1,1,94612.5,-9.84992853739876
2023-01-18 21:37:00+00:00,0.0,short,is,,3946.0,3946.0,1,1,94612.5,-9.84992853739876
2023-01-18 21:39:00+00:00,0.0,short,is,,3945.75,3945.75,1,1,94612.5,-9.84992853739876
2023-01-18 21:44:00+00:00,0.0,short,is,,3945.75,3945.75,1,4,94612.5,-9.84992853739876
2023-01-18 21:47:00+00:00,-12.5,short,is,,3945.75,3946.0,1,2,94600.0,-9.861838970938543
2023-01-18 21:52:00+00:00,-12.5,short,is,,3945.5,3945.75,1,4,94587.5,-9.873749404478323
2023-01-18 21:54:00+00:00,-25.0,short,is,,3946.0,3946.5,1,1,94562.5,-9.897570271557884
2023-01-18 21:56:00+00:00,-12.5,short,is,,3946.5,3946.75,1,1,94550.0,-9.909480705097666
2023-01-18 21:58:00+00:00,-12.5,short,is,,3946.5,3946.75,1,1,94537.5,-9.921391138637446
2023-01-18 23:02:00+00:00,25.0,short,is,,3946.5,3946.0,1,3,94562.5,-9.897570271557884
2023-01-18 23:06:00+00:00,-37.5,short,is,,3946.0,3946.75,1,3,94525.0,-9.933301572177228
2023-01-18 23:08:00+00:00,-12.5,short,is,,3946.25,3946.5,1,1,94512.5,-9.945212005717007
2023-01-18 23:15:00+00:00,-50.0,long,is,,3947.75,3946.75,1,6,94462.5,-9.992853739876132
2023-01-18 23:19:00+00:00,-37.5,long,is,,3947.0,3946.25,1,3,94425.0,-10.028585040495475
2023-01-18 23:21:00+00:00,-25.0,long,is,,3946.75,3946.25,1,1,94400.0,-10.052405907575036
2023-01-18 23:25:00+00:00,-25.0,short,is,,3946.5,3947.0,1,3,94375.0,-10.076226774654598
2023-01-18 23:31:00+00:00,-37.5,long,is,,3947.25,3946.5,1,5,94337.5,-10.11195807527394
2023-01-18 23:34:00+00:00,-37.5,short,is,,3946.0,3946.75,1,2,94300.0,-10.147689375893282
2023-01-18 23:40:00+00:00,-12.5,long,is,,3947.25,3947.0,1,5,94287.5,-10.159599809433063
2023-01-18 23:42:00+00:00,-25.0,long,is,,3947.0,3946.5,1,1,94262.5,-10.183420676512625
2023-01-18 23:56:00+00:00,75.0,long,is,,3946.25,3947.75,1,13,94337.5,-10.11195807527394
2023-01-18 23:58:00+00:00,37.5,long,is,,3947.0,3947.75,1,1,94375.0,-10.076226774654598
2023-01-19 00:00:00+00:00,-12.5,long,is,,3947.0,3946.75,1,1,94362.5,-10.088137208194379
2023-01-19 00:17:00+00:00,50.0,short,is,,3945.75,3944.75,1,16,94412.5,-10.040495474035255
2023-01-19 00:34:00+00:00,125.0,short,is,,3945.5,3943.0,1,16,94537.5,-9.921391138637446
2023-01-19 00:36:00+00:00,-12.5,short,is,,3942.75,3943.0,1,1,94525.0,-9.933301572177228
2023-01-19 00:38:00+00:00,-75.0,short,is,,3942.0,3943.5,1,1,94450.0,-10.004764173415913
2023-01-19 00:40:00+00:00,25.0,short,is,,3942.5,3942.0,1,1,94475.0,-9.980943306336352
2023-01-19 01:01:00+00:00,75.0,short,is,,3942.0,3940.5,1,20,94550.0,-9.909480705097666
2023-01-19 01:05:00+00:00,-37.5,short,is,,3939.75,3940.5,1,3,94512.5,-9.945212005717007
2023-01-19 01:07:00+00:00,-37.5,short,is,,3939.75,3940.5,1,1,94475.0,-9.980943306336352
2023-01-19 01:09:00+00:00,-75.0,short,is,,3940.5,3942.0,1,1,94400.0,-10.052405907575036
2023-01-19 01:11:00+00:00,-25.0,short,is,,3940.75,3941.25,1,1,94375.0,-10.076226774654598
2023-01-19 01:13:00+00:00,-25.0,short,is,,3940.25,3940.75,1,1,94350.0,-10.10004764173416
2023-01-19 01:17:00+00:00,0.0,short,is,,3940.5,3940.5,1,3,94350.0,-10.10004764173416
2023-01-19 01:25:00+00:00,-25.0,short,is,,3940.25,3940.75,1,7,94325.0,-10.123868508813722
2023-01-19 01:27:00+00:00,-12.5,short,is,,3941.0,3941.25,1,1,94312.5,-10.135778942353502
2023-01-19 01:29:00+00:00,-12.5,short,is,,3941.5,3941.75,1,1,94300.0,-10.147689375893282
2023-01-19 01:31:00+00:00,12.5,short,is,,3941.75,3941.5,1,1,94312.5,-10.135778942353502
2023-01-19 01:33:00+00:00,-25.0,short,is,,3941.0,3941.5,1,1,94287.5,-10.159599809433063
2023-01-19 01:35:00+00:00,0.0,short,is,,3942.0,3942.0,1,1,94287.5,-10.159599809433063
2023-01-19 01:44:00+00:00,-37.5,long,is,,3942.0,3941.25,1,8,94250.0,-10.195331110052406
2023-01-19 02:18:00+00:00,100.0,short,is,,3940.5,3938.5,1,32,94350.0,-10.10004764173416
2023-01-19 02:29:00+00:00,25.0,short,is,,3938.25,3937.75,1,10,94375.0,-10.076226774654598
2023-01-19 02:31:00+00:00,-12.5,short,is,,3938.0,3938.25,1,1,94362.5,-10.088137208194379
2023-01-19 02:33:00+00:00,-25.0,short,is,,3938.75,3939.25,1,1,94337.5,-10.11195807527394
2023-01-19 02:35:00+00:00,-25.0,short,is,,3939.5,3940.0,1,1,94312.5,-10.135778942353502
2023-01-19 02:37:00+00:00,-12.5,short,is,,3939.75,3940.0,1,1,94300.0,-10.147689375893282
2023-01-19 03:26:00+00:00,150.0,long,is,,3940.5,3943.5,1,48,94450.0,-10.004764173415913
2023-01-19 03:28:00+00:00,-12.5,long,is,,3943.75,3943.5,1,1,94437.5,-10.016674606955693
2023-01-19 03:30:00+00:00,0.0,long,is,,3943.25,3943.25,1,1,94437.5,-10.016674606955693
2023-01-19 03:32:00+00:00,0.0,long,is,,3943.25,3943.25,1,1,94437.5,-10.016674606955693
2023-01-19 03:34:00+00:00,-25.0,long,is,,3943.25,3942.75,1,1,94412.5,-10.040495474035255
2023-01-19 03:36:00+00:00,-37.5,long,is,,3942.5,3941.75,1,1,94375.0,-10.076226774654598
2023-01-19 03:38:00+00:00,-25.0,long,is,,3942.5,3942.0,1,1,94350.0,-10.10004764173416
2023-01-19 03:40:00+00:00,25.0,long,is,,3941.5,3942.0,1,1,94375.0,-10.076226774654598
2023-01-19 03:42:00+00:00,37.5,long,is,,3941.75,3942.5,1,1,94412.5,-10.040495474035255
2023-01-19 03:44:00+00:00,-100.0,long,is,,3942.75,3940.75,1,1,94312.5,-10.135778942353502
2023-01-19 04:01:00+00:00,-12.5,short,is,,3941.0,3941.25,1,16,94300.0,-10.147689375893282
2023-01-19 04:18:00+00:00,-25.0,long,is,,3942.75,3942.25,1,16,94275.0,-10.171510242972845
2023-01-19 04:20:00+00:00,-37.5,long,is,,3942.25,3941.5,1,1,94237.5,-10.207241543592186
2023-01-19 04:37:00+00:00,-12.5,short,is,,3941.5,3941.75,1,16,94225.0,-10.219151977131967
2023-01-19 04:39:00+00:00,12.5,short,is,,3942.5,3942.25,1,1,94237.5,-10.207241543592186
2023-01-19 04:41:00+00:00,12.5,short,is,,3942.25,3942.0,1,1,94250.0,-10.195331110052406
2023-01-19 04:44:00+00:00,-12.5,short,is,,3941.5,3941.75,1,2,94237.5,-10.207241543592186
2023-01-19 04:47:00+00:00,0.0,short,is,,3941.5,3941.5,1,2,94237.5,-10.207241543592186
2023-01-19 04:50:00+00:00,-25.0,short,is,,3940.75,3941.25,1,2,94212.5,-10.231062410671749
2023-01-19 04:54:00+00:00,-25.0,short,is,,3941.0,3941.5,1,3,94187.5,-10.25488327775131
2023-01-19 04:56:00+00:00,25.0,short,is,,3942.0,3941.5,1,1,94212.5,-10.231062410671749
2023-01-19 05:04:00+00:00,-25.0,short,is,,3941.25,3941.75,1,7,94187.5,-10.25488327775131
2023-01-19 05:10:00+00:00,-12.5,long,is,,3942.0,3941.75,1,5,94175.0,-10.26679371129109
2023-01-19 05:12:00+00:00,-12.5,long,is,,3941.5,3941.25,1,1,94162.5,-10.278704144830872
2023-01-19 05:15:00+00:00,-25.0,short,is,,3941.0,3941.5,1,2,94137.5,-10.302525011910433
2023-01-19 05:19:00+00:00,-12.5,long,is,,3941.75,3941.5,1,3,94125.0,-10.314435445450213
2023-01-19 05:27:00+00:00,-12.5,long,is,,3941.75,3941.5,1,7,94112.5,-10.326345878989995
2023-01-19 06:03:00+00:00,75.0,short,is,,3940.5,3939.0,1,35,94187.5,-10.25488327775131
2023-01-19 06:10:00+00:00,25.0,short,is,,3939.0,3938.5,1,6,94212.5,-10.231062410671749
2023-01-19 06:16:00+00:00,-50.0,short,is,,3938.75,3939.75,1,5,94162.5,-10.278704144830872
2023-01-19 06:18:00+00:00,0.0,short,is,,3940.0,3940.0,1,1,94162.5,-10.278704144830872
2023-01-19 06:20:00+00:00,-25.0,short,is,,3939.75,3940.25,1,1,94137.5,-10.302525011910433
2023-01-19 06:22:00+00:00,25.0,short,is,,3940.25,3939.75,1,1,94162.5,-10.278704144830872
2023-01-19 06:24:00+00:00,-25.0,short,is,,3939.5,3940.0,1,1,94137.5,-10.302525011910433
2023-01-19 06:26:00+00:00,0.0,short,is,,3939.75,3939.75,1,1,94137.5,-10.302525011910433
2023-01-19 06:30:00+00:00,0.0,short,is,,3939.75,3939.75,1,3,94137.5,-10.302525011910433
2023-01-19 06:38:00+00:00,-37.5,long,is,,3940.25,3939.5,1,7,94100.0,-10.338256312529776
2023-01-19 06:41:00+00:00,-37.5,short,is,,3939.5,3940.25,1,2,94062.5,-10.373987613149119
2023-01-19 06:48:00+00:00,0.0,long,is,,3940.0,3940.0,1,6,94062.5,-10.373987613149119
2023-01-19 06:50:00+00:00,-25.0,long,is,,3940.0,3939.5,1,1,94037.5,-10.397808480228681
2023-01-19 07:06:00+00:00,25.0,short,is,,3938.5,3938.0,1,15,94062.5,-10.373987613149119
2023-01-19 07:08:00+00:00,12.5,short,is,,3937.75,3937.5,1,1,94075.0,-10.362077179609336
2023-01-19 07:10:00+00:00,25.0,short,is,,3937.75,3937.25,1,1,94100.0,-10.338256312529776
2023-01-19 07:12:00+00:00,-37.5,short,is,,3936.5,3937.25,1,1,94062.5,-10.373987613149119
2023-01-19 07:14:00+00:00,0.0,short,is,,3937.0,3937.0,1,1,94062.5,-10.373987613149119
2023-01-19 07:30:00+00:00,62.5,short,is,,3937.0,3935.75,1,15,94125.0,-10.314435445450213
2023-01-19 07:32:00+00:00,0.0,short,is,,3936.0,3936.0,1,1,94125.0,-10.314435445450213
2023-01-19 07:34:00+00:00,50.0,short,is,,3937.75,3936.75,1,1,94175.0,-10.26679371129109
2023-01-19 07:36:00+00:00,-12.5,short,is,,3937.25,3937.5,1,1,94162.5,-10.278704144830872
2023-01-19 07:38:00+00:00,0.0,short,is,,3937.25,3937.25,1,1,94162.5,-10.278704144830872
2023-01-19 07:40:00+00:00,12.5,short,is,,3937.0,3936.75,1,1,94175.0,-10.26679371129109
2023-01-19 07:42:00+00:00,-12.5,short,is,,3937.0,3937.25,1,1,94162.5,-10.278704144830872
2023-01-19 07:44:00+00:00,0.0,short,is,,3937.25,3937.25,1,1,94162.5,-10.278704144830872
2023-01-19 07:51:00+00:00,0.0,short,is,,3937.25,3937.25,1,6,94162.5,-10.278704144830872
2023-01-19 07:53:00+00:00,-12.5,short,is,,3937.25,3937.5,1,1,94150.0,-10.290614578370652
2023-01-19 07:55:00+00:00,-12.5,short,is,,3937.25,3937.5,1,1,94137.5,-10.302525011910433
2023-01-19 08:00:00+00:00,-25.0,long,is,,3937.75,3937.25,1,4,94112.5,-10.326345878989995
2023-01-19 08:23:00+00:00,112.5,long,is,,3939.5,3941.75,1,22,94225.0,-10.219151977131967
2023-01-19 08:29:00+00:00,0.0,long,is,,3942.5,3942.5,1,5,94225.0,-10.219151977131967
2023-01-19 08:31:00+00:00,-50.0,long,is,,3941.25,3940.25,1,1,94175.0,-10.26679371129109
2023-01-19 08:33:00+00:00,-62.5,long,is,,3941.25,3940.0,1,1,94112.5,-10.326345878989995
2023-01-19 08:35:00+00:00,-37.5,long,is,,3940.75,3940.0,1,1,94075.0,-10.362077179609336
2023-01-19 08:37:00+00:00,-37.5,long,is,,3940.75,3940.0,1,1,94037.5,-10.397808480228681
2023-01-19 08:39:00+00:00,-25.0,long,is,,3939.25,3938.75,1,1,94012.5,-10.421629347308242
2023-01-19 09:07:00+00:00,250.0,short,is,,3938.5,3933.5,1,27,94262.5,-10.183420676512625
2023-01-19 09:10:00+00:00,50.0,short,is,,3934.0,3933.0,1,2,94312.5,-10.135778942353502
2023-01-19 09:12:00+00:00,-62.5,short,is,,3933.75,3935.0,1,1,94250.0,-10.195331110052406
2023-01-19 09:14:00+00:00,12.5,short,is,,3935.5,3935.25,1,1,94262.5,-10.183420676512625
2023-01-19 09:16:00+00:00,50.0,short,is,,3935.25,3934.25,1,1,94312.5,-10.135778942353502
2023-01-19 09:18:00+00:00,12.5,short,is,,3934.5,3934.25,1,1,94325.0,-10.123868508813722
2023-01-19 09:51:00+00:00,200.0,short,is,,3933.75,3929.75,1,32,94525.0,-9.933301572177228
2023-01-19 09:58:00+00:00,0.0,short,is,,3929.0,3929.0,1,6,94525.0,-9.933301572177228
2023-01-19 10:01:00+00:00,-25.0,short,is,,3929.0,3929.5,1,2,94500.0,-9.95712243925679
2023-01-19 10:03:00+00:00,-25.0,short,is,,3929.25,3929.75,1,1,94475.0,-9.980943306336352
2023-01-19 10:05:00+00:00,-12.5,short,is,,3929.25,3929.5,1,1,94462.5,-9.992853739876132
2023-01-19 10:07:00+00:00,12.5,short,is,,3929.25,3929.0,1,1,94475.0,-9.980943306336352
2023-01-19 10:10:00+00:00,-125.0,short,is,,3927.75,3930.25,1,2,94350.0,-10.10004764173416
2023-01-19 10:12:00+00:00,-62.5,short,is,,3930.75,3932.0,1,1,94287.5,-10.159599809433063
2023-01-19 10:14:00+00:00,25.0,short,is,,3931.75,3931.25,1,1,94312.5,-10.135778942353502
2023-01-19 10:16:00+00:00,12.5,short,is,,3930.25,3930.0,1,1,94325.0,-10.123868508813722
2023-01-19 10:50:00+00:00,275.0,short,is,,3930.0,3924.5,1,33,94600.0,-9.861838970938543
2023-01-19 10:52:00+00:00,37.5,short,is,,3925.5,3924.75,1,1,94637.5,-9.8261076703192
2023-01-19 10:54:00+00:00,12.5,short,is,,3924.5,3924.25,1,1,94650.0,-9.81419723677942
2023-01-19 10:56:00+00:00,-25.0,short,is,,3924.25,3924.75,1,1,94625.0,-9.838018103858982
2023-01-19 10:58:00+00:00,-25.0,short,is,,3924.75,3925.25,1,1,94600.0,-9.861838970938543
2023-01-19 11:00:00+00:00,-62.5,short,is,,3924.5,3925.75,1,1,94537.5,-9.921391138637446
2023-01-19 11:10:00+00:00,37.5,short,is,,3925.0,3924.25,1,9,94575.0,-9.885659838018105
2023-01-19 11:40:00+00:00,350.0,short,is,,3924.75,3917.75,1,29,94925.0,-9.55216769890424
2023-01-19 11:48:00+00:00,0.0,short,is,,3917.0,3917.0,1,7,94925.0,-9.55216769890424
2023-01-19 11:50:00+00:00,0.0,short,is,,3917.25,3917.25,1,1,94925.0,-9.55216769890424
2023-01-19 11:52:00+00:00,-25.0,short,is,,3917.25,3917.75,1,1,94900.0,-9.575988565983803
2023-01-19 11:55:00+00:00,-50.0,short,is,,3916.5,3917.5,1,2,94850.0,-9.623630300142926
2023-01-19 11:57:00+00:00,-37.5,short,is,,3918.0,3918.75,1,1,94812.5,-9.659361600762267
2023-01-19 11:59:00+00:00,37.5,short,is,,3919.5,3918.75,1,1,94850.0,-9.623630300142926
2023-01-19 12:01:00+00:00,50.0,short,is,,3918.5,3917.5,1,1,94900.0,-9.575988565983803
2023-01-19 12:10:00+00:00,12.5,short,is,,3917.0,3916.75,1,8,94912.5,-9.56407813244402
2023-01-19 12:12:00+00:00,0.0,short,is,,3916.75,3916.75,1,1,94912.5,-9.56407813244402
2023-01-19 12:14:00+00:00,-37.5,short,is,,3916.25,3917.0,1,1,94875.0,-9.599809433063363
2023-01-19 12:16:00+00:00,0.0,short,is,,3918.0,3918.0,1,1,94875.0,-9.599809433063363
2023-01-19 12:18:00+00:00,-37.5,short,is,,3916.25,3917.0,1,1,94837.5,-9.635540733682706
2023-01-19 12:22:00+00:00,-87.5,short,is,,3915.25,3917.0,1,3,94750.0,-9.718913768461173
2023-01-19 12:29:00+00:00,-50.0,short,is,,3915.25,3916.25,1,6,94700.0,-9.766555502620296
2023-01-19 12:37:00+00:00,37.5,short,is,,3916.25,3915.5,1,7,94737.5,-9.730824202000953
2023-01-19 12:39:00+00:00,25.0,short,is,,3916.25,3915.75,1,1,94762.5,-9.70700333492139
2023-01-19 12:59:00+00:00,112.5,short,is,,3914.5,3912.25,1,19,94875.0,-9.599809433063363
2023-01-19 13:01:00+00:00,-12.5,short,is,,3911.75,3912.0,1,1,94862.5,-9.611719866603144
2023-01-19 13:05:00+00:00,-12.5,short,is,,3911.25,3911.5,1,3,94850.0,-9.623630300142926
2023-01-19 13:08:00+00:00,25.0,short,is,,3912.0,3911.5,1,2,94875.0,-9.599809433063363
2023-01-19 13:10:00+00:00,-37.5,short,is,,3911.75,3912.5,1,1,94837.5,-9.635540733682706
2023-01-19 13:12:00+00:00,37.5,short,is,,3912.5,3911.75,1,1,94875.0,-9.599809433063363
2023-01-19 13:14:00+00:00,-25.0,short,is,,3912.0,3912.5,1,1,94850.0,-9.623630300142926
2023-01-19 13:16:00+00:00,-50.0,short,is,,3911.5,3912.5,1,1,94800.0,-9.67127203430205
2023-01-19 13:20:00+00:00,-37.5,short,is,,3911.5,3912.25,1,3,94762.5,-9.70700333492139
2023-01-19 13:23:00+00:00,12.5,short,is,,3912.5,3912.25,1,2,94775.0,-9.69509290138161
2023-01-19 13:26:00+00:00,0.0,short,is,,3912.5,3912.5,1,2,94775.0,-9.69509290138161
2023-01-19 13:28:00+00:00,12.5,short,is,,3913.0,3912.75,1,1,94787.5,-9.68318246784183
2023-01-19 13:30:00+00:00,-87.5,short,is,,3913.5,3915.25,1,1,94700.0,-9.766555502620296
2023-01-19 13:34:00+00:00,-75.0,short,is,,3910.0,3911.5,1,3,94625.0,-9.838018103858982
2023-01-19 13:36:00+00:00,-62.5,short,is,,3912.75,3914.0,1,1,94562.5,-9.897570271557884
2023-01-19 13:39:00+00:00,25.0,short,is,,3913.0,3912.5,1,2,94587.5,-9.873749404478323
2023-01-19 13:44:00+00:00,-87.5,long,is,,3913.75,3912.0,1,4,94500.0,-9.95712243925679
2023-01-19 13:46:00+00:00,-37.5,short,is,,3911.75,3912.5,1,1,94462.5,-9.992853739876132
2023-01-19 13:48:00+00:00,-125.0,long,is,,3913.25,3910.75,1,1,94337.5,-10.11195807527394
2023-01-19 13:50:00+00:00,-50.0,short,is,,3912.5,3913.5,1,1,94287.5,-10.159599809433063
2023-01-19 13:52:00+00:00,-100.0,short,is,,3912.75,3914.75,1,1,94187.5,-10.25488327775131
2023-01-19 14:09:00+00:00,25.0,long,is,,3915.25,3915.75,1,16,94212.5,-10.231062410671749
2023-01-19 14:11:00+00:00,37.5,long,is,,3914.5,3915.25,1,1,94250.0,-10.195331110052406
2023-01-19 14:13:00+00:00,0.0,long,is,,3916.0,3916.0,1,1,94250.0,-10.195331110052406
2023-01-19 14:15:00+00:00,62.5,long,is,,3915.5,3916.75,1,1,94312.5,-10.135778942353502
2023-01-19 14:17:00+00:00,50.0,long,is,,3915.75,3916.75,1,1,94362.5,-10.088137208194379
2023-01-19 14:20:00+00:00,-75.0,long,is,,3918.5,3917.0,1,2,94287.5,-10.159599809433063
2023-01-19 14:22:00+00:00,12.5,long,is,,3916.5,3916.75,1,1,94300.0,-10.147689375893282
2023-01-19 14:44:00+00:00,362.5,long,is,,3916.5,3923.75,1,21,94662.5,-9.802286803239637
2023-01-19 14:46:00+00:00,0.0,long,is,,3921.0,3921.0,1,1,94662.5,-9.802286803239637
2023-01-19 14:48:00+00:00,25.0,long,is,,3920.0,3920.5,1,1,94687.5,-9.778465936160076
2023-01-19 14:50:00+00:00,-12.5,long,is,,3917.5,3917.25,1,1,94675.0,-9.790376369699857
2023-01-19 14:52:00+00:00,12.5,long,is,,3921.0,3921.25,1,1,94687.5,-9.778465936160076
2023-01-19 14:54:00+00:00,-125.0,long,is,,3919.5,3917.0,1,1,94562.5,-9.897570271557884
2023-01-19 14:58:00+00:00,-387.5,short,is,,3917.0,3924.75,1,3,94175.0,-10.26679371129109
2023-01-19 15:01:00+00:00,-200.0,long,is,,3923.5,3919.5,1,2,93975.0,-10.457360647927585
2023-01-19 15:04:00+00:00,-37.5,long,is,,3920.75,3920.0,1,2,93937.5,-10.493091948546928
2023-01-19 15:12:00+00:00,-25.0,long,is,,3921.25,3920.75,1,7,93912.5,-10.516912815626489
2023-01-19 15:18:00+00:00,-475.0,short,is,,3915.75,3925.25,1,5,93437.5,-10.969509290138161
2023-01-19 15:21:00+00:00,-150.0,long,is,,3925.0,3922.0,1,2,93287.5,-11.112434492615531
2023-01-19 15:23:00+00:00,0.0,long,is,,3921.0,3921.0,1,1,93287.5,-11.112434492615531
2023-01-19 15:25:00+00:00,-125.0,long,is,,3921.5,3919.0,1,1,93162.5,-11.231538828013338
2023-01-19 15:43:00+00:00,125.0,short,is,,3919.75,3917.25,1,17,93287.5,-11.112434492615531
2023-01-19 16:01:00+00:00,175.0,short,is,,3913.75,3910.25,1,17,93462.5,-10.9456884230586
2023-01-19 16:03:00+00:00,25.0,short,is,,3910.75,3910.25,1,1,93487.5,-10.921867555979038
2023-01-19 16:08:00+00:00,-87.5,short,is,,3909.5,3911.25,1,4,93400.0,-11.005240590757504
2023-01-19 16:10:00+00:00,12.5,short,is,,3914.25,3914.0,1,1,93412.5,-10.993330157217724
2023-01-19 16:19:00+00:00,-350.0,long,is,,3918.75,3911.75,1,8,93062.5,-11.326822296331587
2023-01-19 16:40:00+00:00,162.5,short,is,,3911.5,3908.25,1,20,93225.0,-11.171986660314435
2023-01-19 16:57:00+00:00,62.5,short,is,,3906.5,3905.25,1,16,93287.5,-11.112434492615531
2023-01-19 16:59:00+00:00,-12.5,short,is,,3905.75,3906.0,1,1,93275.0,-11.124344926155311
2023-01-19 17:01:00+00:00,-137.5,short,is,,3907.25,3910.0,1,1,93137.5,-11.255359695092901
2023-01-19 17:24:00+00:00,112.5,long,is,,3911.75,3914.0,1,22,93250.0,-11.148165793234874
2023-01-19 17:26:00+00:00,37.5,long,is,,3913.0,3913.75,1,1,93287.5,-11.112434492615531
2023-01-19 17:28:00+00:00,12.5,long,is,,3912.0,3912.25,1,1,93300.0,-11.10052405907575
2023-01-19 17:30:00+00:00,0.0,long,is,,3912.5,3912.5,1,1,93300.0,-11.10052405907575
2023-01-19 17:32:00+00:00,50.0,long,is,,3911.25,3912.25,1,1,93350.0,-11.052882324916627
2023-01-19 17:34:00+00:00,-62.5,long,is,,3913.0,3911.75,1,1,93287.5,-11.112434492615531
2023-01-19 17:36:00+00:00,-25.0,long,is,,3912.25,3911.75,1,1,93262.5,-11.136255359695092
2023-01-19 17:38:00+00:00,-62.5,long,is,,3914.0,3912.75,1,1,93200.0,-11.195807527393997
2023-01-19 17:40:00+00:00,-50.0,long,is,,3913.75,3912.75,1,1,93150.0,-11.24344926155312
2023-01-19 17:44:00+00:00,-37.5,long,is,,3913.0,3912.25,1,3,93112.5,-11.279180562172462
2023-01-19 17:47:00+00:00,62.5,long,is,,3911.5,3912.75,1,2,93175.0,-11.21962839447356
2023-01-19 17:49:00+00:00,25.0,long,is,,3911.0,3911.5,1,1,93200.0,-11.195807527393997
2023-01-19 17:51:00+00:00,25.0,long,is,,3911.25,3911.75,1,1,93225.0,-11.171986660314435
2023-01-19 17:59:00+00:00,-125.0,short,is,,3910.0,3912.5,1,7,93100.0,-11.291090995712244
2023-01-19 18:17:00+00:00,100.0,long,is,,3915.0,3917.0,1,17,93200.0,-11.195807527393997
2023-01-19 18:27:00+00:00,50.0,long,is,,3917.5,3918.5,1,9,93250.0,-11.148165793234874
2023-01-19 18:29:00+00:00,87.5,long,is,,3918.0,3919.75,1,1,93337.5,-11.064792758456408
2023-01-19 18:50:00+00:00,350.0,long,is,,3920.25,3927.25,1,20,93687.5,-10.731300619342544
2023-01-19 18:52:00+00:00,-37.5,long,is,,3926.0,3925.25,1,1,93650.0,-10.767031919961886
2023-01-19 18:54:00+00:00,37.5,long,is,,3926.25,3927.0,1,1,93687.5,-10.731300619342544
2023-01-19 18:56:00+00:00,25.0,long,is,,3925.25,3925.75,1,1,93712.5,-10.707479752262984
2023-01-19 18:58:00+00:00,37.5,long,is,,3925.0,3925.75,1,1,93750.0,-10.671748451643639
2023-01-19 19:00:00+00:00,37.5,long,is,,3926.5,3927.25,1,1,93787.5,-10.636017151024298
2023-01-19 19:02:00+00:00,37.5,long,is,,3924.0,3924.75,1,1,93825.0,-10.600285850404955
2023-01-19 19:04:00+00:00,-50.0,long,is,,3926.75,3925.75,1,1,93775.0,-10.647927584564078
2023-01-19 19:06:00+00:00,-137.5,long,is,,3926.5,3923.75,1,1,93637.5,-10.778942353501668
2023-01-19 19:08:00+00:00,25.0,long,is,,3922.25,3922.75,1,1,93662.5,-10.755121486422107
2023-01-19 19:10:00+00:00,50.0,long,is,,3924.5,3925.5,1,1,93712.5,-10.707479752262984
2023-01-19 19:42:00+00:00,462.5,long,is,,3926.0,3935.25,1,31,94175.0,-10.26679371129109
2023-01-19 19:48:00+00:00,-50.0,long,is,,3937.75,3936.75,1,5,94125.0,-10.314435445450213
2023-01-19 19:50:00+00:00,25.0,long,is,,3934.75,3935.25,1,1,94150.0,-10.290614578370652
2023-01-19 19:52:00+00:00,-37.5,long,is,,3934.25,3933.5,1,1,94112.5,-10.326345878989995
2023-01-19 19:54:00+00:00,-50.0,long,is,,3934.75,3933.75,1,1,94062.5,-10.373987613149119
2023-01-19 19:56:00+00:00,62.5,long,is,,3932.75,3934.0,1,1,94125.0,-10.314435445450213
2023-01-19 19:58:00+00:00,0.0,long,is,,3936.0,3936.0,1,1,94125.0,-10.314435445450213
2023-01-19 20:00:00+00:00,-37.5,long,is,,3935.0,3934.25,1,1,94087.5,-10.350166746069558
2023-01-19 20:07:00+00:00,-200.0,long,is,,3937.25,3933.25,1,6,93887.5,-10.540733682706051
2023-01-19 20:09:00+00:00,-12.5,long,is,,3932.5,3932.25,1,1,93875.0,-10.552644116245832
2023-01-19 20:27:00+00:00,-100.0,short,is,,3931.5,3933.5,1,17,93775.0,-10.647927584564078
2023-01-19 20:31:00+00:00,-212.5,long,is,,3932.75,3928.5,1,3,93562.5,-10.850404954740354
2023-01-19 20:37:00+00:00,-162.5,short,is,,3928.75,3932.0,1,5,93400.0,-11.005240590757504
2023-01-19 20:39:00+00:00,0.0,short,is,,3931.75,3931.75,1,1,93400.0,-11.005240590757504
2023-01-19 21:02:00+00:00,300.0,short,is,,3930.75,3924.75,1,22,93700.0,-10.719390185802762
2023-01-19 21:05:00+00:00,100.0,short,is,,3924.5,3922.5,1,2,93800.0,-10.624106717484516
2023-01-19 21:22:00+00:00,87.5,short,is,,3921.25,3919.5,1,16,93887.5,-10.540733682706051
2023-01-19 21:24:00+00:00,0.0,short,is,,3919.75,3919.75,1,1,93887.5,-10.540733682706051
2023-01-19 21:26:00+00:00,0.0,short,is,,3919.75,3919.75,1,1,93887.5,-10.540733682706051
2023-01-19 21:28:00+00:00,12.5,short,is,,3920.0,3919.75,1,1,93900.0,-10.528823249166269
2023-01-19 21:30:00+00:00,12.5,short,is,,3920.0,3919.75,1,1,93912.5,-10.516912815626489
2023-01-19 21:32:00+00:00,0.0,short,is,,3919.75,3919.75,1,1,93912.5,-10.516912815626489
2023-01-19 21:34:00+00:00,-25.0,short,is,,3919.5,3920.0,1,1,93887.5,-10.540733682706051
2023-01-19 21:36:00+00:00,-12.5,short,is,,3920.5,3920.75,1,1,93875.0,-10.552644116245832
2023-01-19 21:38:00+00:00,-50.0,short,is,,3921.5,3922.5,1,1,93825.0,-10.600285850404955
2023-01-19 21:40:00+00:00,37.5,short,is,,3922.25,3921.5,1,1,93862.5,-10.564554549785612
2023-01-19 21:42:00+00:00,0.0,short,is,,3921.5,3921.5,1,1,93862.5,-10.564554549785612
2023-01-19 21:44:00+00:00,-12.5,short,is,,3921.0,3921.25,1,1,93850.0,-10.576464983325392
2023-01-19 21:46:00+00:00,0.0,short,is,,3921.0,3921.0,1,1,93850.0,-10.576464983325392
2023-01-19 21:55:00+00:00,-37.5,short,is,,3920.5,3921.25,1,8,93812.5,-10.612196283944735
2023-01-19 21:57:00+00:00,12.5,short,is,,3921.5,3921.25,1,1,93825.0,-10.600285850404955
2023-01-19 23:01:00+00:00,-150.0,short,is,,3920.5,3923.5,1,3,93675.0,-10.743211052882325
2023-01-19 23:13:00+00:00,-50.0,long,is,,3923.5,3922.5,1,11,93625.0,-10.790852787041448
2023-01-19 23:20:00+00:00,37.5,long,is,,3922.75,3923.5,1,6,93662.5,-10.755121486422107
2023-01-19 23:22:00+00:00,25.0,long,is,,3922.75,3923.25,1,1,93687.5,-10.731300619342544
2023-01-19 23:27:00+00:00,-37.5,long,is,,3923.75,3923.0,1,4,93650.0,-10.767031919961886
2023-01-19 23:29:00+00:00,-25.0,long,is,,3923.25,3922.75,1,1,93625.0,-10.790852787041448
2023-01-19 23:31:00+00:00,-25.0,long,is,,3922.0,3921.5,1,1,93600.0,-10.814673654121009
2023-01-19 23:57:00+00:00,37.5,short,is,,3920.5,3919.75,1,25,93637.5,-10.778942353501668
2023-01-20 00:04:00+00:00,-12.5,short,is,,3919.75,3920.0,1,6,93625.0,-10.790852787041448
2023-01-20 00:06:00+00:00,12.5,short,is,,3920.75,3920.5,1,1,93637.5,-10.778942353501668
2023-01-20 00:08:00+00:00,0.0,short,is,,3920.75,3920.75,1,1,93637.5,-10.778942353501668
2023-01-20 00:10:00+00:00,12.5,short,is,,3920.75,3920.5,1,1,93650.0,-10.767031919961886
2023-01-20 00:33:00+00:00,62.5,long,is,,3921.25,3922.5,1,22,93712.5,-10.707479752262984
2023-01-20 00:35:00+00:00,-12.5,long,is,,3922.0,3921.75,1,1,93700.0,-10.719390185802762
2023-01-20 00:46:00+00:00,0.0,long,is,,3922.5,3922.5,1,10,93700.0,-10.719390185802762
2023-01-20 00:49:00+00:00,0.0,long,is,,3923.0,3923.0,1,2,93700.0,-10.719390185802762
2023-01-20 00:51:00+00:00,0.0,long,is,,3922.75,3922.75,1,1,93700.0,-10.719390185802762
2023-01-20 00:53:00+00:00,0.0,long,is,,3922.75,3922.75,1,1,93700.0,-10.719390185802762
2023-01-20 00:55:00+00:00,-25.0,long,is,,3922.25,3921.75,1,1,93675.0,-10.743211052882325
2023-01-20 00:57:00+00:00,12.5,long,is,,3922.5,3922.75,1,1,93687.5,-10.731300619342544
2023-01-20 01:06:00+00:00,-37.5,long,is,,3923.0,3922.25,1,8,93650.0,-10.767031919961886
2023-01-20 01:20:00+00:00,-75.0,short,is,,3921.5,3923.0,1,13,93575.0,-10.838494521200571
2023-01-20 01:36:00+00:00,75.0,long,is,,3922.75,3924.25,1,15,93650.0,-10.767031919961886
2023-01-20 01:38:00+00:00,12.5,long,is,,3923.75,3924.0,1,1,93662.5,-10.755121486422107
2023-01-20 01:40:00+00:00,25.0,long,is,,3923.25,3923.75,1,1,93687.5,-10.731300619342544
2023-01-20 01:43:00+00:00,-25.0,long,is,,3925.0,3924.5,1,2,93662.5,-10.755121486422107
2023-01-20 01:46:00+00:00,-12.5,long,is,,3924.5,3924.25,1,2,93650.0,-10.767031919961886
2023-01-20 01:48:00+00:00,37.5,long,is,,3923.25,3924.0,1,1,93687.5,-10.731300619342544
2023-01-20 01:50:00+00:00,0.0,long,is,,3923.5,3923.5,1,1,93687.5,-10.731300619342544
2023-01-20 01:52:00+00:00,25.0,long,is,,3923.0,3923.5,1,1,93712.5,-10.707479752262984
2023-01-20 02:04:00+00:00,-25.0,long,is,,3924.75,3924.25,1,11,93687.5,-10.731300619342544
2023-01-20 02:06:00+00:00,12.5,long,is,,3924.25,3924.5,1,1,93700.0,-10.719390185802762
2023-01-20 02:08:00+00:00,0.0,long,is,,3924.25,3924.25,1,1,93700.0,-10.719390185802762
2023-01-20 02:10:00+00:00,12.5,long,is,,3924.0,3924.25,1,1,93712.5,-10.707479752262984
2023-01-20 02:13:00+00:00,-25.0,long,is,,3924.5,3924.0,1,2,93687.5,-10.731300619342544
2023-01-20 02:15:00+00:00,-37.5,long,is,,3924.25,3923.5,1,1,93650.0,-10.767031919961886
2023-01-20 02:17:00+00:00,0.0,long,is,,3924.0,3924.0,1,1,93650.0,-10.767031919961886
2023-01-20 02:21:00+00:00,12.5,long,is,,3924.0,3924.25,1,3,93662.5,-10.755121486422107
2023-01-20 02:25:00+00:00,-37.5,long,is,,3924.25,3923.5,1,3,93625.0,-10.790852787041448
2023-01-20 02:28:00+00:00,-25.0,short,is,,3923.75,3924.25,1,2,93600.0,-10.814673654121009
2023-01-20 02:31:00+00:00,-12.5,long,is,,3924.25,3924.0,1,2,93587.5,-10.826584087660791
2023-01-20 02:52:00+00:00,62.5,short,is,,3923.5,3922.25,1,20,93650.0,-10.767031919961886
2023-01-20 03:02:00+00:00,0.0,short,is,,3921.75,3921.75,1,9,93650.0,-10.767031919961886
2023-01-20 03:04:00+00:00,-25.0,short,is,,3921.75,3922.25,1,1,93625.0,-10.790852787041448
2023-01-20 03:06:00+00:00,0.0,short,is,,3922.5,3922.5,1,1,93625.0,-10.790852787041448
2023-01-20 03:08:00+00:00,12.5,short,is,,3922.5,3922.25,1,1,93637.5,-10.778942353501668
2023-01-20 03:10:00+00:00,-12.5,short,is,,3922.25,3922.5,1,1,93625.0,-10.790852787041448
2023-01-20 03:12:00+00:00,-12.5,short,is,,3922.25,3922.5,1,1,93612.5,-10.80276322058123
2023-01-20 03:14:00+00:00,-12.5,short,is,,3922.5,3922.75,1,1,93600.0,-10.814673654121009
2023-01-20 03:16:00+00:00,12.5,short,is,,3922.25,3922.0,1,1,93612.5,-10.80276322058123
2023-01-20 03:31:00+00:00,12.5,short,is,,3922.0,3921.75,1,14,93625.0,-10.790852787041448
2023-01-20 03:33:00+00:00,-12.5,short,is,,3922.5,3922.75,1,1,93612.5,-10.80276322058123
2023-01-20 03:35:00+00:00,12.5,short,is,,3923.0,3922.75,1,1,93625.0,-10.790852787041448
2023-01-20 03:37:00+00:00,-12.5,short,is,,3921.75,3922.0,1,1,93612.5,-10.80276322058123
2023-01-20 03:39:00+00:00,-25.0,short,is,,3922.5,3923.0,1,1,93587.5,-10.826584087660791
2023-01-20 03:41:00+00:00,0.0,short,is,,3923.0,3923.0,1,1,93587.5,-10.826584087660791
2023-01-20 03:55:00+00:00,0.0,long,is,,3923.25,3923.25,1,13,93587.5,-10.826584087660791
2023-01-20 03:57:00+00:00,0.0,long,is,,3923.25,3923.25,1,1,93587.5,-10.826584087660791
2023-01-20 03:59:00+00:00,-12.5,long,is,,3923.25,3923.0,1,1,93575.0,-10.838494521200571
2023-01-20 04:07:00+00:00,12.5,long,is,,3923.0,3923.25,1,7,93587.5,-10.826584087660791
2023-01-20 04:09:00+00:00,-37.5,long,is,,3923.0,3922.25,1,1,93550.0,-10.862315388280134
2023-01-20 04:11:00+00:00,0.0,long,is,,3922.5,3922.5,1,1,93550.0,-10.862315388280134
2023-01-20 04:13:00+00:00,-12.5,long,is,,3922.75,3922.5,1,1,93537.5,-10.874225821819914
2023-01-20 04:18:00+00:00,-50.0,short,is,,3922.25,3923.25,1,4,93487.5,-10.921867555979038
2023-01-20 04:28:00+00:00,0.0,long,is,,3923.25,3923.25,1,9,93487.5,-10.921867555979038
2023-01-20 04:30:00+00:00,-25.0,long,is,,3923.25,3922.75,1,1,93462.5,-10.9456884230586
2023-01-20 04:45:00+00:00,12.5,long,is,,3923.5,3923.75,1,14,93475.0,-10.933777989518818
2023-01-20 04:53:00+00:00,0.0,long,is,,3923.75,3923.75,1,7,93475.0,-10.933777989518818
2023-01-20 04:57:00+00:00,0.0,long,is,,3924.25,3924.25,1,3,93475.0,-10.933777989518818
2023-01-20 05:02:00+00:00,-25.0,long,is,,3924.25,3923.75,1,4,93450.0,-10.95759885659838
2023-01-20 05:04:00+00:00,12.5,long,is,,3923.75,3924.0,1,1,93462.5,-10.9456884230586
2023-01-20 05:06:00+00:00,-37.5,long,is,,3924.75,3924.0,1,1,93425.0,-10.981419723677941
2023-01-20 05:10:00+00:00,0.0,long,is,,3924.0,3924.0,1,3,93425.0,-10.981419723677941
2023-01-20 05:12:00+00:00,0.0,long,is,,3924.25,3924.25,1,1,93425.0,-10.981419723677941
2023-01-20 05:14:00+00:00,-12.5,long,is,,3924.0,3923.75,1,1,93412.5,-10.993330157217724
2023-01-20 05:16:00+00:00,-12.5,long,is,,3924.0,3923.75,1,1,93400.0,-11.005240590757504
2023-01-20 05:18:00+00:00,0.0,long,is,,3923.5,3923.5,1,1,93400.0,-11.005240590757504
2023-01-20 05:24:00+00:00,0.0,long,is,,3924.0,3924.0,1,5,93400.0,-11.005240590757504
2023-01-20 05:29:00+00:00,-25.0,short,is,,3923.75,3924.25,1,4,93375.0,-11.029061457837065
2023-01-20 05:33:00+00:00,-37.5,long,is,,3924.25,3923.5,1,3,93337.5,-11.064792758456408
2023-01-20 05:35:00+00:00,-25.0,short,is,,3923.75,3924.25,1,1,93312.5,-11.08861362553597
2023-01-20 06:10:00+00:00,62.5,long,is,,3924.5,3925.75,1,34,93375.0,-11.029061457837065
2023-01-20 06:12:00+00:00,-37.5,long,is,,3926.0,3925.25,1,1,93337.5,-11.064792758456408
2023-01-20 06:14:00+00:00,-37.5,long,is,,3924.75,3924.0,1,1,93300.0,-11.10052405907575
2023-01-20 06:27:00+00:00,-62.5,short,is,,3924.25,3925.5,1,12,93237.5,-11.160076226774654
2023-01-20 06:32:00+00:00,-50.0,long,is,,3925.75,3924.75,1,4,93187.5,-11.207717960933778
2023-01-20 06:35:00+00:00,-12.5,long,is,,3924.75,3924.5,1,2,93175.0,-11.21962839447356
2023-01-20 06:51:00+00:00,12.5,short,is,,3924.25,3924.0,1,15,93187.5,-11.207717960933778
2023-01-20 06:53:00+00:00,-37.5,short,is,,3924.5,3925.25,1,1,93150.0,-11.24344926155312
2023-01-20 07:01:00+00:00,-100.0,long,is,,3925.25,3923.25,1,7,93050.0,-11.338732729871367
2023-01-20 07:05:00+00:00,-12.5,short,is,,3924.0,3924.25,1,3,93037.5,-11.350643163411148
2023-01-20 07:07:00+00:00,-12.5,long,is,,3924.5,3924.25,1,1,93025.0,-11.36255359695093
2023-01-20 07:41:00+00:00,262.5,long,is,,3924.75,3930.0,1,33,93287.5,-11.112434492615531
2023-01-20 07:43:00+00:00,12.5,long,is,,3930.0,3930.25,1,1,93300.0,-11.10052405907575
2023-01-20 08:00:00+00:00,0.0,long,is,,3930.75,3930.75,1,16,93300.0,-11.10052405907575
2023-01-20 08:02:00+00:00,-25.0,long,is,,3929.25,3928.75,1,1,93275.0,-11.124344926155311
2023-01-20 08:04:00+00:00,75.0,long,is,,3928.5,3930.0,1,1,93350.0,-11.052882324916627
2023-01-20 08:06:00+00:00,-25.0,long,is,,3929.75,3929.25,1,1,93325.0,-11.076703191996188
2023-01-20 08:08:00+00:00,-25.0,long,is,,3929.0,3928.5,1,1,93300.0,-11.10052405907575
2023-01-20 08:10:00+00:00,12.5,long,is,,3928.75,3929.0,1,1,93312.5,-11.08861362553597
2023-01-20 08:12:00+00:00,-12.5,long,is,,3928.0,3927.75,1,1,93300.0,-11.10052405907575
2023-01-20 08:14:00+00:00,12.5,long,is,,3927.75,3928.0,1,1,93312.5,-11.08861362553597
2023-01-20 08:16:00+00:00,-37.5,long,is,,3928.5,3927.75,1,1,93275.0,-11.124344926155311
2023-01-20 08:18:00+00:00,-12.5,long,is,,3928.25,3928.0,1,1,93262.5,-11.136255359695092
2023-01-20 08:38:00+00:00,225.0,short,is,,3927.5,3923.0,1,19,93487.5,-10.921867555979038
2023-01-20 08:40:00+00:00,-25.0,short,is,,3923.5,3924.0,1,1,93462.5,-10.9456884230586
2023-01-20 08:42:00+00:00,-37.5,short,is,,3923.5,3924.25,1,1,93425.0,-10.981419723677941
2023-01-20 08:44:00+00:00,-87.5,short,is,,3924.5,3926.25,1,1,93337.5,-11.064792758456408
2023-01-20 08:46:00+00:00,50.0,short,is,,3926.5,3925.5,1,1,93387.5,-11.017151024297284
2023-01-20 08:48:00+00:00,12.5,short,is,,3925.75,3925.5,1,1,93400.0,-11.005240590757504
2023-01-20 08:50:00+00:00,12.5,short,is,,3925.0,3924.75,1,1,93412.5,-10.993330157217724
2023-01-20 08:58:00+00:00,-75.0,short,is,,3922.5,3924.0,1,7,93337.5,-11.064792758456408
2023-01-20 09:18:00+00:00,162.5,short,is,,3923.25,3920.0,1,19,93500.0,-10.909957122439257
2023-01-20 09:20:00+00:00,-87.5,short,is,,3919.5,3921.25,1,1,93412.5,-10.993330157217724
2023-01-20 09:22:00+00:00,-75.0,short,is,,3922.5,3924.0,1,1,93337.5,-11.064792758456408
2023-01-20 09:24:00+00:00,0.0,short,is,,3922.75,3922.75,1,1,93337.5,-11.064792758456408
2023-01-20 09:26:00+00:00,-50.0,short,is,,3921.75,3922.75,1,1,93287.5,-11.112434492615531
2023-01-20 09:28:00+00:00,0.0,short,is,,3923.25,3923.25,1,1,93287.5,-11.112434492615531
2023-01-20 09:30:00+00:00,25.0,short,is,,3922.25,3921.75,1,1,93312.5,-11.08861362553597
2023-01-20 09:32:00+00:00,0.0,short,is,,3921.25,3921.25,1,1,93312.5,-11.08861362553597
2023-01-20 09:34:00+00:00,-62.5,short,is,,3921.25,3922.5,1,1,93250.0,-11.148165793234874
2023-01-20 09:36:00+00:00,0.0,short,is,,3922.25,3922.25,1,1,93250.0,-11.148165793234874
2023-01-20 10:13:00+00:00,262.5,short,is,,3921.0,3915.75,1,36,93512.5,-10.898046688899477
2023-01-20 10:15:00+00:00,-62.5,short,is,,3917.25,3918.5,1,1,93450.0,-10.95759885659838
2023-01-20 10:17:00+00:00,0.0,short,is,,3919.5,3919.5,1,1,93450.0,-10.95759885659838
2023-01-20 10:19:00+00:00,-87.5,short,is,,3918.75,3920.5,1,1,93362.5,-11.040971891376847
2023-01-20 10:28:00+00:00,-150.0,long,is,,3920.0,3917.0,1,8,93212.5,-11.183897093854215
2023-01-20 10:31:00+00:00,-150.0,short,is,,3917.5,3920.5,1,2,93062.5,-11.326822296331587
2023-01-20 10:39:00+00:00,-25.0,long,is,,3919.5,3919.0,1,7,93037.5,-11.350643163411148
2023-01-20 10:41:00+00:00,-25.0,long,is,,3919.75,3919.25,1,1,93012.5,-11.37446403049071
2023-01-20 10:49:00+00:00,-75.0,short,is,,3918.5,3920.0,1,7,92937.5,-11.445926631729394
2023-01-20 11:01:00+00:00,-62.5,long,is,,3921.25,3920.0,1,11,92875.0,-11.5054787994283
2023-01-20 11:06:00+00:00,-50.0,short,is,,3919.25,3920.25,1,4,92825.0,-11.553120533587423
2023-01-20 11:08:00+00:00,-37.5,long,is,,3919.75,3919.0,1,1,92787.5,-11.588851834206764
2023-01-20 11:16:00+00:00,-50.0,short,is,,3918.75,3919.75,1,7,92737.5,-11.636493568365887
2023-01-20 11:20:00+00:00,-62.5,long,is,,3920.0,3918.75,1,3,92675.0,-11.696045736064793
2023-01-20 11:22:00+00:00,0.0,long,is,,3919.0,3919.0,1,1,92675.0,-11.696045736064793
2023-01-20 11:30:00+00:00,-37.5,short,is,,3918.5,3919.25,1,7,92637.5,-11.731777036684136
2023-01-20 11:41:00+00:00,-50.0,long,is,,3919.25,3918.25,1,10,92587.5,-11.77941877084326
2023-01-20 11:43:00+00:00,-37.5,short,is,,3918.25,3919.0,1,1,92550.0,-11.815150071462602
2023-01-20 11:49:00+00:00,-25.0,long,is,,3919.75,3919.25,1,5,92525.0,-11.838970938542163
2023-01-20 11:52:00+00:00,-12.5,short,is,,3919.25,3919.5,1,2,92512.5,-11.850881372081943
2023-01-20 11:57:00+00:00,-37.5,short,is,,3918.75,3919.5,1,4,92475.0,-11.886612672701286
2023-01-20 12:00:00+00:00,-25.0,long,is,,3919.5,3919.0,1,2,92450.0,-11.910433539780849
2023-01-20 12:07:00+00:00,-37.5,short,is,,3918.5,3919.25,1,6,92412.5,-11.94616484040019
2023-01-20 12:09:00+00:00,-12.5,short,is,,3918.5,3918.75,1,1,92400.0,-11.958075273939972
2023-01-20 12:11:00+00:00,-37.5,short,is,,3918.75,3919.5,1,1,92362.5,-11.993806574559313
2023-01-20 12:22:00+00:00,-62.5,long,is,,3920.0,3918.75,1,10,92300.0,-12.053358742258217
2023-01-20 12:27:00+00:00,-75.0,short,is,,3918.75,3920.25,1,4,92225.0,-12.124821343496903
2023-01-20 13:00:00+00:00,337.5,long,is,,3920.5,3927.25,1,32,92562.5,-11.80323963792282
2023-01-20 13:02:00+00:00,-25.0,long,is,,3927.5,3927.0,1,1,92537.5,-11.827060505002382
2023-01-20 13:10:00+00:00,25.0,long,is,,3927.75,3928.25,1,7,92562.5,-11.80323963792282
2023-01-20 13:13:00+00:00,-37.5,long,is,,3929.0,3928.25,1,2,92525.0,-11.838970938542163
2023-01-20 13:15:00+00:00,37.5,long,is,,3927.75,3928.5,1,1,92562.5,-11.80323963792282
2023-01-20 13:17:00+00:00,12.5,long,is,,3927.75,3928.0,1,1,92575.0,-11.79132920438304
2023-01-20 13:19:00+00:00,-37.5,long,is,,3927.0,3926.25,1,1,92537.5,-11.827060505002382
2023-01-20 13:21:00+00:00,25.0,long,is,,3927.0,3927.5,1,1,92562.5,-11.80323963792282
2023-01-20 13:23:00+00:00,-25.0,long,is,,3926.5,3926.0,1,1,92537.5,-11.827060505002382
2023-01-20 13:25:00+00:00,-25.0,long,is,,3926.25,3925.75,1,1,92512.5,-11.850881372081943
2023-01-20 13:27:00+00:00,0.0,long,is,,3925.75,3925.75,1,1,92512.5,-11.850881372081943
2023-01-20 13:29:00+00:00,-12.5,long,is,,3925.25,3925.0,1,1,92500.0,-11.862791805621725
2023-01-20 13:31:00+00:00,-25.0,long,is,,3924.25,3923.75,1,1,92475.0,-11.886612672701286
2023-01-20 13:43:00+00:00,-112.5,short,is,,3923.0,3925.25,1,11,92362.5,-11.993806574559313
2023-01-20 13:49:00+00:00,-75.0,long,is,,3924.75,3923.25,1,5,92287.5,-12.065269175797999
2023-01-20 14:05:00+00:00,50.0,short,is,,3922.5,3921.5,1,15,92337.5,-12.017627441638876
2023-01-20 14:07:00+00:00,-50.0,short,is,,3922.25,3923.25,1,1,92287.5,-12.065269175797999
2023-01-20 14:09:00+00:00,-25.0,short,is,,3923.0,3923.5,1,1,92262.5,-12.089090042877562
2023-01-20 14:11:00+00:00,-37.5,short,is,,3923.5,3924.25,1,1,92225.0,-12.124821343496903
2023-01-20 14:13:00+00:00,-25.0,short,is,,3924.75,3925.25,1,1,92200.0,-12.148642210576464
2023-01-20 14:15:00+00:00,-75.0,short,is,,3924.0,3925.5,1,1,92125.0,-12.22010481181515
2023-01-20 14:31:00+00:00,-50.0,long,is,,3926.25,3925.25,1,15,92075.0,-12.267746545974273
2023-01-20 14:44:00+00:00,-37.5,short,is,,3923.75,3924.5,1,12,92037.5,-12.303477846593616
2023-01-20 15:01:00+00:00,-87.5,long,is,,3925.0,3923.25,1,16,91950.0,-12.386850881372082
2023-01-20 15:18:00+00:00,237.5,long,is,,3924.25,3929.0,1,16,92187.5,-12.160552644116246
2023-01-20 15:20:00+00:00,12.5,long,is,,3930.0,3930.25,1,1,92200.0,-12.148642210576464
2023-01-20 15:26:00+00:00,87.5,long,is,,3931.0,3932.75,1,5,92287.5,-12.065269175797999
2023-01-20 15:41:00+00:00,175.0,long,is,,3932.5,3936.0,1,14,92462.5,-11.898523106241067
2023-01-20 15:44:00+00:00,0.0,long,is,,3934.5,3934.5,1,2,92462.5,-11.898523106241067
2023-01-20 15:46:00+00:00,87.5,long,is,,3933.5,3935.25,1,1,92550.0,-11.815150071462602
2023-01-20 15:48:00+00:00,12.5,long,is,,3934.0,3934.25,1,1,92562.5,-11.80323963792282
2023-01-20 15:50:00+00:00,12.5,long,is,,3935.0,3935.25,1,1,92575.0,-11.79132920438304
2023-01-20 15:52:00+00:00,-25.0,long,is,,3934.5,3934.0,1,1,92550.0,-11.815150071462602
2023-01-20 15:54:00+00:00,50.0,long,is,,3934.25,3935.25,1,1,92600.0,-11.767508337303479
2023-01-20 16:00:00+00:00,-62.5,long,is,,3936.75,3935.5,1,5,92537.5,-11.827060505002382
2023-01-20 16:38:00+00:00,600.0,long,is,,3937.5,3949.5,1,37,93137.5,-11.255359695092901
2023-01-20 16:40:00+00:00,-100.0,long,is,,3949.0,3947.0,1,1,93037.5,-11.350643163411148
2023-01-20 16:42:00+00:00,-37.5,long,is,,3947.75,3947.0,1,1,93000.0,-11.38637446403049
2023-01-20 16:44:00+00:00,0.0,long,is,,3947.75,3947.75,1,1,93000.0,-11.38637446403049
2023-01-20 16:46:00+00:00,0.0,long,is,,3947.5,3947.5,1,1,93000.0,-11.38637446403049
2023-01-20 16:49:00+00:00,50.0,long,is,,3948.75,3949.75,1,2,93050.0,-11.338732729871367
2023-01-20 16:51:00+00:00,-75.0,long,is,,3950.0,3948.5,1,1,92975.0,-11.410195331110053
2023-01-20 16:53:00+00:00,-75.0,long,is,,3949.0,3947.5,1,1,92900.0,-11.481657932348737
2023-01-20 16:55:00+00:00,-87.5,long,is,,3948.75,3947.0,1,1,92812.5,-11.565030967127203
2023-01-20 16:57:00+00:00,0.0,long,is,,3947.75,3947.75,1,1,92812.5,-11.565030967127203
2023-01-20 16:59:00+00:00,-100.0,long,is,,3948.0,3946.0,1,1,92712.5,-11.66031443544545
2023-01-20 17:01:00+00:00,50.0,long,is,,3947.0,3948.0,1,1,92762.5,-11.612672701286327
2023-01-20 17:16:00+00:00,-12.5,long,is,,3948.25,3948.0,1,14,92750.0,-11.624583134826109
2023-01-20 17:29:00+00:00,37.5,long,is,,3949.5,3950.25,1,12,92787.5,-11.588851834206764
2023-01-20 17:31:00+00:00,-12.5,long,is,,3950.0,3949.75,1,1,92775.0,-11.600762267746546
2023-01-20 17:33:00+00:00,-87.5,long,is,,3949.0,3947.25,1,1,92687.5,-11.68413530252501
2023-01-20 17:35:00+00:00,-25.0,long,is,,3948.75,3948.25,1,1,92662.5,-11.707956169604573
2023-01-20 17:37:00+00:00,25.0,long,is,,3948.25,3948.75,1,1,92687.5,-11.68413530252501
2023-01-20 17:39:00+00:00,50.0,long,is,,3948.5,3949.5,1,1,92737.5,-11.636493568365887
2023-01-20 17:46:00+00:00,-62.5,long,is,,3950.25,3949.0,1,6,92675.0,-11.696045736064793
2023-01-20 17:56:00+00:00,-25.0,long,is,,3950.0,3949.5,1,9,92650.0,-11.719866603144355
2023-01-20 17:58:00+00:00,25.0,long,is,,3949.25,3949.75,1,1,92675.0,-11.696045736064793
2023-01-20 18:01:00+00:00,-112.5,short,is,,3948.25,3950.5,1,2,92562.5,-11.80323963792282
2023-01-20 18:05:00+00:00,-37.5,long,is,,3951.25,3950.5,1,3,92525.0,-11.838970938542163
2023-01-20 18:07:00+00:00,-25.0,long,is,,3949.75,3949.25,1,1,92500.0,-11.862791805621725
2023-01-20 18:15:00+00:00,-75.0,short,is,,3948.5,3950.0,1,7,92425.0,-11.93425440686041
2023-01-20 18:20:00+00:00,-425.0,long,is,,3950.0,3941.5,1,4,92000.0,-12.339209147212959
2023-01-20 18:31:00+00:00,-250.0,short,is,,3943.25,3948.25,1,10,91750.0,-12.577417818008577
2023-01-20 19:47:00+00:00,1037.5,long,is,,3949.0,3969.75,1,75,92787.5,-11.588851834206764
2023-01-20 19:49:00+00:00,-62.5,long,is,,3970.25,3969.0,1,1,92725.0,-11.64840400190567
2023-01-20 19:51:00+00:00,-37.5,long,is,,3969.75,3969.0,1,1,92687.5,-11.68413530252501
2023-01-20 19:53:00+00:00,-25.0,long,is,,3968.25,3967.75,1,1,92662.5,-11.707956169604573
2023-01-20 19:55:00+00:00,-37.5,long,is,,3969.75,3969.0,1,1,92625.0,-11.743687470223916
2023-01-20 19:57:00+00:00,-37.5,long,is,,3968.75,3968.0,1,1,92587.5,-11.77941877084326
2023-01-20 20:23:00+00:00,562.5,long,is,,3969.25,3980.5,1,25,93150.0,-11.24344926155312
2023-01-20 20:25:00+00:00,87.5,long,is,,3978.0,3979.75,1,1,93237.5,-11.160076226774654
2023-01-20 20:27:00+00:00,37.5,long,is,,3980.25,3981.0,1,1,93275.0,-11.124344926155311
2023-01-20 20:30:00+00:00,75.0,long,is,,3979.75,3981.25,1,2,93350.0,-11.052882324916627
2023-01-20 20:32:00+00:00,0.0,long,is,,3982.5,3982.5,1,1,93350.0,-11.052882324916627
2023-01-20 20:35:00+00:00,-175.0,long,is,,3983.75,3980.25,1,2,93175.0,-11.21962839447356
2023-01-20 20:37:00+00:00,-25.0,long,is,,3978.5,3978.0,1,1,93150.0,-11.24344926155312
2023-01-20 20:39:00+00:00,62.5,long,is,,3979.5,3980.75,1,1,93212.5,-11.183897093854215
2023-01-20 20:44:00+00:00,-87.5,long,is,,3981.5,3979.75,1,4,93125.0,-11.267270128632683
2023-01-20 20:46:00+00:00,-62.5,long,is,,3980.0,3978.75,1,1,93062.5,-11.326822296331587
2023-01-20 20:48:00+00:00,62.5,long,is,,3979.25,3980.5,1,1,93125.0,-11.267270128632683
2023-01-20 21:08:00+00:00,187.5,long,is,,3982.25,3986.0,1,19,93312.5,-11.08861362553597
2023-01-20 21:10:00+00:00,0.0,long,is,,3985.75,3985.75,1,1,93312.5,-11.08861362553597
2023-01-20 21:12:00+00:00,-12.5,long,is,,3985.0,3984.75,1,1,93300.0,-11.10052405907575
2023-01-20 21:15:00+00:00,75.0,long,is,,3984.5,3986.0,1,2,93375.0,-11.029061457837065
2023-01-20 21:17:00+00:00,-12.5,long,is,,3985.75,3985.5,1,1,93362.5,-11.040971891376847
2023-01-20 21:19:00+00:00,12.5,long,is,,3985.0,3985.25,1,1,93375.0,-11.029061457837065
2023-01-20 21:29:00+00:00,-12.5,long,is,,3985.75,3985.5,1,9,93362.5,-11.040971891376847
2023-01-20 21:43:00+00:00,0.0,long,is,,3986.25,3986.25,1,13,93362.5,-11.040971891376847
2023-01-20 21:45:00+00:00,-50.0,long,is,,3987.25,3986.25,1,1,93312.5,-11.08861362553597
2023-01-20 21:47:00+00:00,25.0,long,is,,3986.25,3986.75,1,1,93337.5,-11.064792758456408
2023-01-20 21:49:00+00:00,12.5,long,is,,3986.25,3986.5,1,1,93350.0,-11.052882324916627
2023-01-22 23:01:00+00:00,0.0,long,is,,3986.5,3986.5,1,11,93350.0,-11.052882324916627
2023-01-22 23:15:00+00:00,-112.5,short,is,,3984.0,3986.25,1,13,93237.5,-11.160076226774654
2023-01-22 23:17:00+00:00,-50.0,long,is,,3986.5,3985.5,1,1,93187.5,-11.207717960933778
2023-01-22 23:19:00+00:00,-25.0,short,is,,3985.25,3985.75,1,1,93162.5,-11.231538828013338
2023-01-22 23:22:00+00:00,-50.0,long,is,,3986.25,3985.25,1,2,93112.5,-11.279180562172462
2023-01-22 23:46:00+00:00,12.5,short,is,,3984.25,3984.0,1,23,93125.0,-11.267270128632683
2023-01-23 00:00:00+00:00,25.0,short,is,,3983.75,3983.25,1,13,93150.0,-11.24344926155312
2023-01-23 00:11:00+00:00,25.0,short,is,,3983.0,3982.5,1,10,93175.0,-11.21962839447356
2023-01-23 00:19:00+00:00,12.5,short,is,,3982.25,3982.0,1,7,93187.5,-11.207717960933778
2023-01-23 00:21:00+00:00,-25.0,short,is,,3982.25,3982.75,1,1,93162.5,-11.231538828013338
2023-01-23 00:23:00+00:00,0.0,short,is,,3983.0,3983.0,1,1,93162.5,-11.231538828013338
2023-01-23 00:25:00+00:00,-12.5,short,is,,3983.25,3983.5,1,1,93150.0,-11.24344926155312
2023-01-23 00:27:00+00:00,-12.5,short,is,,3983.0,3983.25,1,1,93137.5,-11.255359695092901
2023-01-23 00:29:00+00:00,0.0,short,is,,3983.25,3983.25,1,1,93137.5,-11.255359695092901
2023-01-23 00:31:00+00:00,-12.5,short,is,,3983.5,3983.75,1,1,93125.0,-11.267270128632683
2023-01-23 00:42:00+00:00,-25.0,long,is,,3984.25,3983.75,1,10,93100.0,-11.291090995712244
2023-01-23 00:57:00+00:00,-62.5,short,is,,3982.0,3983.25,1,14,93037.5,-11.350643163411148
2023-01-23 01:12:00+00:00,-37.5,long,is,,3983.5,3982.75,1,14,93000.0,-11.38637446403049
2023-01-23 01:16:00+00:00,-37.5,short,is,,3982.75,3983.5,1,3,92962.5,-11.422105764649833
2023-01-23 01:38:00+00:00,50.0,long,is,,3983.75,3984.75,1,21,93012.5,-11.37446403049071
2023-01-23 01:40:00+00:00,-12.5,long,is,,3984.75,3984.5,1,1,93000.0,-11.38637446403049
2023-01-23 01:42:00+00:00,25.0,long,is,,3984.5,3985.0,1,1,93025.0,-11.36255359695093
2023-01-23 01:44:00+00:00,0.0,long,is,,3985.0,3985.0,1,1,93025.0,-11.36255359695093
2023-01-23 01:46:00+00:00,-12.5,long,is,,3985.0,3984.75,1,1,93012.5,-11.37446403049071
2023-01-23 01:48:00+00:00,25.0,long,is,,3984.5,3985.0,1,1,93037.5,-11.350643163411148
2023-01-23 01:50:00+00:00,0.0,long,is,,3984.75,3984.75,1,1,93037.5,-11.350643163411148
2023-01-23 01:52:00+00:00,-12.5,long,is,,3984.75,3984.5,1,1,93025.0,-11.36255359695093
2023-01-23 01:54:00+00:00,0.0,long,is,,3984.5,3984.5,1,1,93025.0,-11.36255359695093
2023-01-23 01:56:00+00:00,12.5,long,is,,3984.5,3984.75,1,1,93037.5,-11.350643163411148
2023-01-23 02:20:00+00:00,25.0,long,is,,3985.25,3985.75,1,23,93062.5,-11.326822296331587
2023-01-23 02:22:00+00:00,0.0,long,is,,3985.75,3985.75,1,1,93062.5,-11.326822296331587
2023-01-23 02:24:00+00:00,12.5,long,is,,3985.75,3986.0,1,1,93075.0,-11.314911862791806
2023-01-23 02:26:00+00:00,-12.5,long,is,,3986.25,3986.0,1,1,93062.5,-11.326822296331587
2023-01-23 02:29:00+00:00,-12.5,long,is,,3986.0,3985.75,1,2,93050.0,-11.338732729871367
2023-01-23 02:31:00+00:00,12.5,long,is,,3985.5,3985.75,1,1,93062.5,-11.326822296331587
2023-01-23 02:33:00+00:00,0.0,long,is,,3985.75,3985.75,1,1,93062.5,-11.326822296331587
2023-01-23 02:35:00+00:00,-12.5,long,is,,3985.5,3985.25,1,1,93050.0,-11.338732729871367
2023-01-23 02:55:00+00:00,12.5,short,is,,3984.25,3984.0,1,19,93062.5,-11.326822296331587
2023-01-23 02:57:00+00:00,0.0,short,is,,3984.0,3984.0,1,1,93062.5,-11.326822296331587
2023-01-23 02:59:00+00:00,-25.0,short,is,,3984.25,3984.75,1,1,93037.5,-11.350643163411148
2023-01-23 03:01:00+00:00,-12.5,short,is,,3984.0,3984.25,1,1,93025.0,-11.36255359695093
2023-01-23 03:03:00+00:00,-12.5,short,is,,3984.5,3984.75,1,1,93012.5,-11.37446403049071
2023-01-23 03:05:00+00:00,12.5,short,is,,3984.75,3984.5,1,1,93025.0,-11.36255359695093
2023-01-23 03:07:00+00:00,-25.0,short,is,,3984.25,3984.75,1,1,93000.0,-11.38637446403049
2023-01-23 03:10:00+00:00,-12.5,short,is,,3984.5,3984.75,1,2,92987.5,-11.39828489757027
2023-01-23 03:12:00+00:00,12.5,short,is,,3985.0,3984.75,1,1,93000.0,-11.38637446403049
2023-01-23 03:14:00+00:00,-12.5,short,is,,3984.75,3985.0,1,1,92987.5,-11.39828489757027
2023-01-23 03:30:00+00:00,-25.0,long,is,,3985.5,3985.0,1,15,92962.5,-11.422105764649833
2023-01-23 03:49:00+00:00,-12.5,short,is,,3984.5,3984.75,1,18,92950.0,-11.434016198189614
2023-01-23 03:58:00+00:00,-25.0,long,is,,3985.25,3984.75,1,8,92925.0,-11.457837065269176
2023-01-23 04:01:00+00:00,-12.5,short,is,,3984.75,3985.0,1,2,92912.5,-11.469747498808957
2023-01-23 04:06:00+00:00,-50.0,long,is,,3985.75,3984.75,1,4,92862.5,-11.51738923296808
2023-01-23 04:18:00+00:00,-50.0,short,is,,3983.5,3984.5,1,11,92812.5,-11.565030967127203
2023-01-23 04:29:00+00:00,-37.5,long,is,,3984.75,3984.0,1,10,92775.0,-11.600762267746546
2023-01-23 04:40:00+00:00,-62.5,short,is,,3983.5,3984.75,1,10,92712.5,-11.66031443544545
2023-01-23 04:43:00+00:00,-12.5,short,is,,3984.0,3984.25,1,2,92700.0,-11.672224868985232
2023-01-23 04:45:00+00:00,0.0,short,is,,3984.25,3984.25,1,1,92700.0,-11.672224868985232
2023-01-23 04:47:00+00:00,-25.0,short,is,,3983.75,3984.25,1,1,92675.0,-11.696045736064793
2023-01-23 04:49:00+00:00,12.5,short,is,,3984.25,3984.0,1,1,92687.5,-11.68413530252501
2023-01-23 04:51:00+00:00,-12.5,short,is,,3984.25,3984.5,1,1,92675.0,-11.696045736064793
2023-01-23 04:53:00+00:00,-12.5,short,is,,3984.0,3984.25,1,1,92662.5,-11.707956169604573
2023-01-23 04:55:00+00:00,-12.5,short,is,,3984.5,3984.75,1,1,92650.0,-11.719866603144355
2023-01-23 05:03:00+00:00,-12.5,long,is,,3984.75,3984.5,1,6,92637.5,-11.731777036684136
2023-01-23 05:06:00+00:00,-25.0,long,is,,3984.75,3984.25,1,2,92612.5,-11.755597903763697
2023-01-23 05:08:00+00:00,-25.0,short,is,,3984.5,3985.0,1,1,92587.5,-11.77941877084326
2023-01-23 05:19:00+00:00,-25.0,short,is,,3984.5,3985.0,1,10,92562.5,-11.80323963792282
2023-01-23 05:48:00+00:00,100.0,long,is,,3985.25,3987.25,1,28,92662.5,-11.707956169604573
2023-01-23 05:50:00+00:00,0.0,long,is,,3987.0,3987.0,1,1,92662.5,-11.707956169604573
2023-01-23 05:54:00+00:00,0.0,long,is,,3987.0,3987.0,1,3,92662.5,-11.707956169604573
2023-01-23 05:58:00+00:00,-37.5,long,is,,3987.0,3986.25,1,3,92625.0,-11.743687470223916
2023-01-23 06:00:00+00:00,0.0,long,is,,3985.5,3985.5,1,1,92625.0,-11.743687470223916
2023-01-23 06:02:00+00:00,-25.0,long,is,,3985.75,3985.25,1,1,92600.0,-11.767508337303479
2023-01-23 06:18:00+00:00,-12.5,short,is,,3985.0,3985.25,1,15,92587.5,-11.77941877084326
2023-01-23 06:22:00+00:00,-12.5,long,is,,3985.25,3985.0,1,3,92575.0,-11.79132920438304
2023-01-23 06:28:00+00:00,-25.0,short,is,,3984.25,3984.75,1,5,92550.0,-11.815150071462602
2023-01-23 06:30:00+00:00,-12.5,short,is,,3984.75,3985.0,1,1,92537.5,-11.827060505002382
2023-01-23 06:33:00+00:00,-37.5,short,is,,3985.0,3985.75,1,2,92500.0,-11.862791805621725
2023-01-23 06:45:00+00:00,-12.5,long,is,,3985.75,3985.5,1,11,92487.5,-11.874702239161506
2023-01-23 06:47:00+00:00,-25.0,short,is,,3985.25,3985.75,1,1,92462.5,-11.898523106241067
2023-01-23 06:57:00+00:00,-25.0,long,is,,3987.25,3986.75,1,9,92437.5,-11.92234397332063
2023-01-23 07:01:00+00:00,0.0,long,is,,3987.0,3987.0,1,3,92437.5,-11.92234397332063
2023-01-23 07:10:00+00:00,50.0,long,is,,3987.25,3988.25,1,8,92487.5,-11.874702239161506
2023-01-23 07:12:00+00:00,0.0,long,is,,3988.5,3988.5,1,1,92487.5,-11.874702239161506
2023-01-23 07:14:00+00:00,12.5,long,is,,3988.0,3988.25,1,1,92500.0,-11.862791805621725
2023-01-23 07:16:00+00:00,12.5,long,is,,3988.5,3988.75,1,1,92512.5,-11.850881372081943
2023-01-23 07:18:00+00:00,-12.5,long,is,,3988.5,3988.25,1,1,92500.0,-11.862791805621725
2023-01-23 07:20:00+00:00,0.0,long,is,,3987.25,3987.25,1,1,92500.0,-11.862791805621725
2023-01-23 07:22:00+00:00,-37.5,long,is,,3988.0,3987.25,1,1,92462.5,-11.898523106241067
2023-01-23 07:24:00+00:00,-62.5,long,is,,3987.0,3985.75,1,1,92400.0,-11.958075273939972
2023-01-23 07:35:00+00:00,-12.5,short,is,,3986.0,3986.25,1,10,92387.5,-11.969985707479752
2023-01-23 07:37:00+00:00,-50.0,short,is,,3985.75,3986.75,1,1,92337.5,-12.017627441638876
2023-01-23 07:41:00+00:00,-37.5,long,is,,3986.75,3986.0,1,2,92300.0,-12.053358742258217
2023-01-23 07:45:00+00:00,12.5,short,is,,3986.0,3985.75,1,3,92312.5,-12.041448308718437
2023-01-23 07:47:00+00:00,0.0,short,is,,3986.0,3986.0,1,1,92312.5,-12.041448308718437
2023-01-23 07:49:00+00:00,-37.5,short,is,,3986.0,3986.75,1,1,92275.0,-12.07717960933778
2023-01-23 07:51:00+00:00,-37.5,short,is,,3986.5,3987.25,1,1,92237.5,-12.112910909957122
2023-01-23 08:20:00+00:00,250.0,long,is,,3986.5,3991.5,1,28,92487.5,-11.874702239161506
2023-01-23 08:22:00+00:00,-50.0,long,is,,3991.5,3990.5,1,1,92437.5,-11.92234397332063
2023-01-23 08:24:00+00:00,-75.0,long,is,,3988.5,3987.0,1,1,92362.5,-11.993806574559313
2023-01-23 08:41:00+00:00,50.0,short,is,,3988.0,3987.0,1,16,92412.5,-11.94616484040019
2023-01-23 08:44:00+00:00,12.5,short,is,,3987.0,3986.75,1,2,92425.0,-11.93425440686041
2023-01-23 08:46:00+00:00,25.0,short,is,,3987.5,3987.0,1,1,92450.0,-11.910433539780849
2023-01-23 08:51:00+00:00,-50.0,short,is,,3986.0,3987.0,1,4,92400.0,-11.958075273939972
2023-01-23 08:53:00+00:00,25.0,short,is,,3987.5,3987.0,1,1,92425.0,-11.93425440686041
2023-01-23 08:55:00+00:00,-62.5,short,is,,3987.5,3988.75,1,1,92362.5,-11.993806574559313
2023-01-23 08:58:00+00:00,-100.0,long,is,,3988.5,3986.5,1,2,92262.5,-12.089090042877562
2023-01-23 09:15:00+00:00,75.0,short,is,,3986.0,3984.5,1,16,92337.5,-12.017627441638876
2023-01-23 09:17:00+00:00,0.0,short,is,,3984.75,3984.75,1,1,92337.5,-12.017627441638876
2023-01-23 09:19:00+00:00,-12.5,short,is,,3985.5,3985.75,1,1,92325.0,-12.029537875178658
2023-01-23 09:21:00+00:00,12.5,short,is,,3986.0,3985.75,1,1,92337.5,-12.017627441638876
2023-01-23 09:23:00+00:00,25.0,short,is,,3985.75,3985.25,1,1,92362.5,-11.993806574559313
2023-01-23 09:25:00+00:00,-25.0,short,is,,3984.75,3985.25,1,1,92337.5,-12.017627441638876
2023-01-23 09:27:00+00:00,37.5,short,is,,3986.0,3985.25,1,1,92375.0,-11.981896141019535
2023-01-23 09:29:00+00:00,0.0,short,is,,3984.75,3984.75,1,1,92375.0,-11.981896141019535
2023-01-23 09:31:00+00:00,-25.0,short,is,,3985.25,3985.75,1,1,92350.0,-12.005717008099095
2023-01-23 09:33:00+00:00,-37.5,short,is,,3987.0,3987.75,1,1,92312.5,-12.041448308718437
2023-01-23 09:42:00+00:00,-87.5,long,is,,3988.0,3986.25,1,8,92225.0,-12.124821343496903
2023-01-23 09:44:00+00:00,0.0,short,is,,3986.5,3986.5,1,1,92225.0,-12.124821343496903
2023-01-23 09:48:00+00:00,-12.5,short,is,,3986.5,3986.75,1,3,92212.5,-12.136731777036685
2023-01-23 09:56:00+00:00,-25.0,long,is,,3987.25,3986.75,1,7,92187.5,-12.160552644116246
2023-01-23 10:05:00+00:00,-37.5,long,is,,3987.75,3987.0,1,8,92150.0,-12.196283944735589
2023-01-23 10:29:00+00:00,50.0,short,is,,3984.5,3983.5,1,23,92200.0,-12.148642210576464
2023-01-23 10:33:00+00:00,12.5,short,is,,3982.75,3982.5,1,3,92212.5,-12.136731777036685
2023-01-23 10:35:00+00:00,0.0,short,is,,3983.25,3983.25,1,1,92212.5,-12.136731777036685
2023-01-23 10:37:00+00:00,-50.0,short,is,,3983.5,3984.5,1,1,92162.5,-12.184373511195808
2023-01-23 10:39:00+00:00,0.0,short,is,,3985.0,3985.0,1,1,92162.5,-12.184373511195808
2023-01-23 10:41:00+00:00,0.0,short,is,,3985.0,3985.0,1,1,92162.5,-12.184373511195808
2023-01-23 11:00:00+00:00,-12.5,long,is,,3985.25,3985.0,1,18,92150.0,-12.196283944735589
2023-01-23 11:17:00+00:00,-25.0,short,is,,3984.5,3985.0,1,16,92125.0,-12.22010481181515
2023-01-23 11:25:00+00:00,-75.0,long,is,,3985.0,3983.5,1,7,92050.0,-12.291567413053835
2023-01-23 11:31:00+00:00,-25.0,short,is,,3983.5,3984.0,1,5,92025.0,-12.315388280133396
2023-01-23 11:39:00+00:00,-37.5,short,is,,3983.25,3984.0,1,7,91987.5,-12.351119580752739
2023-01-23 11:42:00+00:00,-100.0,long,is,,3984.5,3982.5,1,2,91887.5,-12.446403049070987
2023-01-23 11:59:00+00:00,25.0,short,is,,3982.75,3982.25,1,16,91912.5,-12.422582181991425
2023-01-23 12:01:00+00:00,-62.5,short,is,,3982.75,3984.0,1,1,91850.0,-12.482134349690329
2023-01-23 12:19:00+00:00,25.0,long,is,,3984.5,3985.0,1,17,91875.0,-12.458313482610766
2023-01-23 12:21:00+00:00,0.0,long,is,,3985.25,3985.25,1,1,91875.0,-12.458313482610766
2023-01-23 12:23:00+00:00,0.0,long,is,,3984.5,3984.5,1,1,91875.0,-12.458313482610766
2023-01-23 12:26:00+00:00,-37.5,long,is,,3985.5,3984.75,1,2,91837.5,-12.49404478323011
2023-01-23 12:28:00+00:00,-25.0,long,is,,3984.75,3984.25,1,1,91812.5,-12.51786565030967
2023-01-23 12:52:00+00:00,225.0,long,is,,3984.75,3989.25,1,23,92037.5,-12.303477846593616
2023-01-23 12:54:00+00:00,37.5,long,is,,3987.75,3988.5,1,1,92075.0,-12.267746545974273
2023-01-23 12:56:00+00:00,12.5,long,is,,3987.25,3987.5,1,1,92087.5,-12.255836112434492
2023-01-23 12:58:00+00:00,37.5,long,is,,3986.75,3987.5,1,1,92125.0,-12.22010481181515
2023-01-23 13:00:00+00:00,12.5,long,is,,3987.5,3987.75,1,1,92137.5,-12.208194378275369
2023-01-23 13:30:00+00:00,350.0,long,is,,3988.75,3995.75,1,29,92487.5,-11.874702239161506
2023-01-23 13:32:00+00:00,75.0,long,is,,3995.25,3996.75,1,1,92562.5,-11.80323963792282
2023-01-23 13:34:00+00:00,25.0,long,is,,3994.5,3995.0,1,1,92587.5,-11.77941877084326
2023-01-23 13:36:00+00:00,100.0,long,is,,3993.75,3995.75,1,1,92687.5,-11.68413530252501
2023-01-23 13:38:00+00:00,50.0,long,is,,3995.25,3996.25,1,1,92737.5,-11.636493568365887
2023-01-23 13:40:00+00:00,-25.0,long,is,,3995.0,3994.5,1,1,92712.5,-11.66031443544545
2023-01-23 13:42:00+00:00,50.0,long,is,,3994.0,3995.0,1,1,92762.5,-11.612672701286327
2023-01-23 13:44:00+00:00,50.0,long,is,,3994.25,3995.25,1,1,92812.5,-11.565030967127203
2023-01-23 13:46:00+00:00,-100.0,long,is,,3995.5,3993.5,1,1,92712.5,-11.66031443544545
2023-01-23 13:48:00+00:00,-37.5,long,is,,3994.25,3993.5,1,1,92675.0,-11.696045736064793
2023-01-23 13:50:00+00:00,25.0,long,is,,3992.5,3993.0,1,1,92700.0,-11.672224868985232
2023-01-23 13:52:00+00:00,0.0,long,is,,3992.5,3992.5,1,1,92700.0,-11.672224868985232
2023-01-23 13:54:00+00:00,-50.0,long,is,,3993.5,3992.5,1,1,92650.0,-11.719866603144355
2023-01-23 13:56:00+00:00,-25.0,long,is,,3992.5,3992.0,1,1,92625.0,-11.743687470223916
2023-01-23 14:01:00+00:00,12.5,long,is,,3993.5,3993.75,1,4,92637.5,-11.731777036684136
2023-01-23 14:08:00+00:00,-225.0,long,is,,3995.75,3991.25,1,6,92412.5,-11.94616484040019
2023-01-23 14:23:00+00:00,-62.5,short,is,,3991.5,3992.75,1,14,92350.0,-12.005717008099095
2023-01-23 14:25:00+00:00,-75.0,short,is,,3993.0,3994.5,1,1,92275.0,-12.07717960933778
2023-01-23 14:31:00+00:00,-225.0,long,is,,3995.75,3991.25,1,5,92050.0,-12.291567413053835
2023-01-23 14:36:00+00:00,-300.0,short,is,,3988.0,3994.0,1,4,91750.0,-12.577417818008577
2023-01-23 14:41:00+00:00,-287.5,short,is,,3989.0,3994.75,1,4,91462.5,-12.851357789423535
2023-01-23 14:43:00+00:00,-150.0,short,is,,3993.25,3996.25,1,1,91312.5,-12.994282991900905
2023-01-23 15:06:00+00:00,512.5,long,is,,3997.25,4007.5,1,22,91825.0,-12.50595521676989
2023-01-23 15:08:00+00:00,62.5,long,is,,4007.0,4008.25,1,1,91887.5,-12.446403049070987
2023-01-23 15:10:00+00:00,-50.0,long,is,,4009.0,4008.0,1,1,91837.5,-12.49404478323011
2023-01-23 15:43:00+00:00,625.0,long,is,,4008.25,4020.75,1,32,92462.5,-11.898523106241067
2023-01-23 16:26:00+00:00,1037.5,long,is,,4023.0,4043.75,1,42,93500.0,-10.909957122439257
2023-01-23 16:28:00+00:00,-25.0,long,is,,4042.25,4041.75,1,1,93475.0,-10.933777989518818
2023-01-23 16:30:00+00:00,-75.0,long,is,,4040.25,4038.75,1,1,93400.0,-11.005240590757504
2023-01-23 16:32:00+00:00,37.5,long,is,,4039.25,4040.0,1,1,93437.5,-10.969509290138161
2023-01-23 16:34:00+00:00,-25.0,long,is,,4042.0,4041.5,1,1,93412.5,-10.993330157217724
2023-01-23 16:36:00+00:00,0.0,long,is,,4039.75,4039.75,1,1,93412.5,-10.993330157217724
2023-01-23 16:38:00+00:00,187.5,long,is,,4037.25,4041.0,1,1,93600.0,-10.814673654121009
2023-01-23 16:40:00+00:00,-25.0,long,is,,4042.0,4041.5,1,1,93575.0,-10.838494521200571
2023-01-23 16:42:00+00:00,-62.5,long,is,,4042.0,4040.75,1,1,93512.5,-10.898046688899477
2023-01-23 16:46:00+00:00,-62.5,long,is,,4041.5,4040.25,1,3,93450.0,-10.95759885659838
2023-01-23 17:01:00+00:00,25.0,long,is,,4042.25,4042.75,1,14,93475.0,-10.933777989518818
2023-01-23 17:03:00+00:00,-50.0,long,is,,4043.75,4042.75,1,1,93425.0,-10.981419723677941
2023-01-23 17:07:00+00:00,-87.5,long,is,,4043.0,4041.25,1,3,93337.5,-11.064792758456408
2023-01-23 17:09:00+00:00,-175.0,long,is,,4039.75,4036.25,1,1,93162.5,-11.231538828013338
2023-01-23 17:20:00+00:00,-237.5,short,is,,4034.0,4038.75,1,10,92925.0,-11.457837065269176
2023-01-23 17:23:00+00:00,12.5,short,is,,4038.5,4038.25,1,2,92937.5,-11.445926631729394
2023-01-23 17:25:00+00:00,-100.0,short,is,,4038.0,4040.0,1,1,92837.5,-11.54121010004764
2023-01-23 17:27:00+00:00,-87.5,short,is,,4038.0,4039.75,1,1,92750.0,-11.624583134826109
2023-01-23 17:29:00+00:00,-62.5,short,is,,4039.25,4040.5,1,1,92687.5,-11.68413530252501
2023-01-23 17:46:00+00:00,-25.0,long,is,,4040.5,4040.0,1,16,92662.5,-11.707956169604573
2023-01-23 17:52:00+00:00,-87.5,short,is,,4040.0,4041.75,1,5,92575.0,-11.79132920438304
2023-01-23 18:53:00+00:00,375.0,long,is,,4044.25,4051.75,1,60,92950.0,-11.434016198189614
2023-01-23 18:55:00+00:00,25.0,long,is,,4052.0,4052.5,1,1,92975.0,-11.410195331110053
2023-01-23 18:57:00+00:00,37.5,long,is,,4052.5,4053.25,1,1,93012.5,-11.37446403049071
2023-01-23 18:59:00+00:00,-150.0,long,is,,4052.25,4049.25,1,1,92862.5,-11.51738923296808
2023-01-23 19:01:00+00:00,-212.5,long,is,,4050.25,4046.0,1,1,92650.0,-11.719866603144355
2023-01-23 19:20:00+00:00,50.0,short,is,,4045.25,4044.25,1,18,92700.0,-11.672224868985232
2023-01-23 19:22:00+00:00,-75.0,short,is,,4043.0,4044.5,1,1,92625.0,-11.743687470223916
2023-01-23 20:00:00+00:00,925.0,short,is,,4043.75,4025.25,1,37,93550.0,-10.862315388280134
2023-01-23 20:02:00+00:00,25.0,short,is,,4024.5,4024.0,1,1,93575.0,-10.838494521200571
2023-01-23 20:04:00+00:00,-37.5,short,is,,4023.5,4024.25,1,1,93537.5,-10.874225821819914
2023-01-23 20:07:00+00:00,-25.0,short,is,,4022.5,4023.0,1,2,93512.5,-10.898046688899477
2023-01-23 20:09:00+00:00,-62.5,short,is,,4023.0,4024.25,1,1,93450.0,-10.95759885659838
2023-01-23 20:11:00+00:00,-12.5,short,is,,4025.0,4025.25,1,1,93437.5,-10.969509290138161
2023-01-23 20:13:00+00:00,-212.5,short,is,,4023.75,4028.0,1,1,93225.0,-11.171986660314435
2023-01-23 20:15:00+00:00,37.5,short,is,,4030.75,4030.0,1,1,93262.5,-11.136255359695092
2023-01-23 20:17:00+00:00,-87.5,short,oos,,4028.75,4030.5,1,1,93175.0,-11.21962839447356
2023-01-23 20:19:00+00:00,50.0,short,oos,,4031.25,4030.25,1,1,93225.0,-11.171986660314435
2023-01-23 20:21:00+00:00,-75.0,short,oos,,4029.5,4031.0,1,1,93150.0,-11.24344926155312
2023-01-23 20:23:00+00:00,87.5,short,oos,,4031.0,4029.25,1,1,93237.5,-11.160076226774654
2023-01-23 20:25:00+00:00,-75.0,short,oos,,4028.5,4030.0,1,1,93162.5,-11.231538828013338
2023-01-23 20:39:00+00:00,-112.5,short,oos,,4027.75,4030.0,1,13,93050.0,-11.338732729871367
2023-01-23 20:43:00+00:00,87.5,short,oos,,4029.25,4027.5,1,3,93137.5,-11.255359695092901
2023-01-23 20:45:00+00:00,-112.5,short,oos,,4028.5,4030.75,1,1,93025.0,-11.36255359695093
2023-01-23 20:47:00+00:00,-87.5,short,oos,,4029.75,4031.5,1,1,92937.5,-11.445926631729394
2023-01-23 21:01:00+00:00,-62.5,long,oos,,4033.0,4031.75,1,13,92875.0,-11.5054787994283
2023-01-23 21:03:00+00:00,0.0,long,oos,,4033.5,4033.5,1,1,92875.0,-11.5054787994283
2023-01-23 21:05:00+00:00,-87.5,long,oos,,4033.75,4032.0,1,1,92787.5,-11.588851834206764
2023-01-23 21:07:00+00:00,-12.5,long,oos,,4033.25,4033.0,1,1,92775.0,-11.600762267746546
2023-01-23 21:09:00+00:00,-12.5,long,oos,,4032.5,4032.25,1,1,92762.5,-11.612672701286327
2023-01-23 21:11:00+00:00,0.0,long,oos,,4033.25,4033.25,1,1,92762.5,-11.612672701286327
2023-01-23 21:13:00+00:00,0.0,long,oos,,4032.75,4032.75,1,1,92762.5,-11.612672701286327
2023-01-23 21:15:00+00:00,0.0,long,oos,,4034.0,4034.0,1,1,92762.5,-11.612672701286327
2023-01-23 21:28:00+00:00,-50.0,long,oos,,4034.5,4033.5,1,12,92712.5,-11.66031443544545
2023-01-23 21:30:00+00:00,12.5,long,oos,,4033.25,4033.5,1,1,92725.0,-11.64840400190567
2023-01-23 23:04:00+00:00,100.0,long,oos,,4033.75,4035.75,1,33,92825.0,-11.553120533587423
2023-01-23 23:07:00+00:00,25.0,long,oos,,4035.75,4036.25,1,2,92850.0,-11.52929966650786
2023-01-23 23:11:00+00:00,-62.5,long,oos,,4036.5,4035.25,1,3,92787.5,-11.588851834206764
2023-01-23 23:13:00+00:00,0.0,long,oos,,4035.25,4035.25,1,1,92787.5,-11.588851834206764
2023-01-23 23:15:00+00:00,12.5,long,oos,,4035.25,4035.5,1,1,92800.0,-11.576941400666986
2023-01-23 23:17:00+00:00,12.5,long,oos,,4035.25,4035.5,1,1,92812.5,-11.565030967127203
2023-01-23 23:19:00+00:00,0.0,long,oos,,4035.25,4035.25,1,1,92812.5,-11.565030967127203
2023-01-23 23:21:00+00:00,-25.0,long,oos,,4035.5,4035.0,1,1,92787.5,-11.588851834206764
2023-01-23 23:46:00+00:00,75.0,short,oos,,4034.25,4032.75,1,24,92862.5,-11.51738923296808
2023-01-23 23:48:00+00:00,-25.0,short,oos,,4033.0,4033.5,1,1,92837.5,-11.54121010004764
2023-01-23 23:50:00+00:00,0.0,short,oos,,4033.5,4033.5,1,1,92837.5,-11.54121010004764
2023-01-23 23:52:00+00:00,-12.5,short,oos,,4033.75,4034.0,1,1,92825.0,-11.553120533587423
2023-01-23 23:54:00+00:00,12.5,short,oos,,4033.75,4033.5,1,1,92837.5,-11.54121010004764
2023-01-23 23:56:00+00:00,0.0,short,oos,,4033.75,4033.75,1,1,92837.5,-11.54121010004764
2023-01-23 23:58:00+00:00,25.0,short,oos,,4033.75,4033.25,1,1,92862.5,-11.51738923296808
2023-01-24 00:03:00+00:00,-37.5,short,oos,,4033.25,4034.0,1,4,92825.0,-11.553120533587423
2023-01-24 00:05:00+00:00,12.5,short,oos,,4033.75,4033.5,1,1,92837.5,-11.54121010004764
2023-01-24 00:13:00+00:00,-62.5,short,oos,,4032.5,4033.75,1,7,92775.0,-11.600762267746546
2023-01-24 00:20:00+00:00,-12.5,short,oos,,4033.25,4033.5,1,6,92762.5,-11.612672701286327
2023-01-24 00:22:00+00:00,-25.0,short,oos,,4033.0,4033.5,1,1,92737.5,-11.636493568365887
2023-01-24 00:24:00+00:00,37.5,short,oos,,4034.0,4033.25,1,1,92775.0,-11.600762267746546
2023-01-24 00:26:00+00:00,-12.5,short,oos,,4033.0,4033.25,1,1,92762.5,-11.612672701286327
2023-01-24 00:28:00+00:00,0.0,short,oos,,4033.75,4033.75,1,1,92762.5,-11.612672701286327
2023-01-24 00:30:00+00:00,25.0,short,oos,,4033.75,4033.25,1,1,92787.5,-11.588851834206764
2023-01-24 00:32:00+00:00,0.0,short,oos,,4033.75,4033.75,1,1,92787.5,-11.588851834206764
2023-01-24 00:34:00+00:00,-25.0,short,oos,,4033.5,4034.0,1,1,92762.5,-11.612672701286327
2023-01-24 00:42:00+00:00,0.0,long,oos,,4033.75,4033.75,1,7,92762.5,-11.612672701286327
2023-01-24 00:46:00+00:00,-12.5,long,oos,,4034.0,4033.75,1,3,92750.0,-11.624583134826109
2023-01-24 00:48:00+00:00,-12.5,long,oos,,4033.75,4033.5,1,1,92737.5,-11.636493568365887
2023-01-24 00:51:00+00:00,-25.0,short,oos,,4033.5,4034.0,1,2,92712.5,-11.66031443544545
2023-01-24 00:56:00+00:00,-25.0,long,oos,,4034.25,4033.75,1,4,92687.5,-11.68413530252501
2023-01-24 00:59:00+00:00,12.5,long,oos,,4033.75,4034.0,1,2,92700.0,-11.672224868985232
2023-01-24 01:01:00+00:00,-12.5,long,oos,,4033.75,4033.5,1,1,92687.5,-11.68413530252501
2023-01-24 01:04:00+00:00,-25.0,long,oos,,4033.75,4033.25,1,1,92662.5,-11.707956169604573
2023-01-24 01:15:00+00:00,-37.5,short,oos,,4032.5,4033.25,1,10,92625.0,-11.743687470223916
2023-01-24 01:57:00+00:00,125.0,long,oos,,4033.75,4036.25,1,41,92750.0,-11.624583134826109
2023-01-24 01:59:00+00:00,12.5,long,oos,,4036.0,4036.25,1,1,92762.5,-11.612672701286327
2023-01-24 02:01:00+00:00,12.5,long,oos,,4036.0,4036.25,1,1,92775.0,-11.600762267746546
2023-01-24 02:03:00+00:00,0.0,long,oos,,4036.0,4036.0,1,1,92775.0,-11.600762267746546
2023-01-24 02:05:00+00:00,-12.5,long,oos,,4036.5,4036.25,1,1,92762.5,-11.612672701286327
2023-01-24 02:07:00+00:00,-25.0,long,oos,,4036.5,4036.0,1,1,92737.5,-11.636493568365887
2023-01-24 02:12:00+00:00,0.0,long,oos,,4036.25,4036.25,1,4,92737.5,-11.636493568365887
2023-01-24 02:14:00+00:00,25.0,long,oos,,4036.0,4036.5,1,1,92762.5,-11.612672701286327
2023-01-24 02:29:00+00:00,12.5,long,oos,,4036.5,4036.75,1,14,92775.0,-11.600762267746546
2023-01-24 02:32:00+00:00,0.0,long,oos,,4037.0,4037.0,1,2,92775.0,-11.600762267746546
2023-01-24 02:34:00+00:00,-12.5,long,oos,,4036.75,4036.5,1,1,92762.5,-11.612672701286327
2023-01-24 02:36:00+00:00,-37.5,long,oos,,4036.75,4036.0,1,1,92725.0,-11.64840400190567
2023-01-24 02:38:00+00:00,0.0,long,oos,,4036.25,4036.25,1,1,92725.0,-11.64840400190567
2023-01-24 02:40:00+00:00,0.0,long,oos,,4036.25,4036.25,1,1,92725.0,-11.64840400190567
2023-01-24 02:42:00+00:00,-25.0,long,oos,,4036.5,4036.0,1,1,92700.0,-11.672224868985232
2023-01-24 02:44:00+00:00,0.0,long,oos,,4036.0,4036.0,1,1,92700.0,-11.672224868985232
2023-01-24 02:46:00+00:00,0.0,long,oos,,4035.75,4035.75,1,1,92700.0,-11.672224868985232
2023-01-24 02:57:00+00:00,-50.0,short,oos,,4035.0,4036.0,1,10,92650.0,-11.719866603144355
2023-01-24 03:00:00+00:00,-25.0,short,oos,,4035.25,4035.75,1,2,92625.0,-11.743687470223916
2023-01-24 03:02:00+00:00,-12.5,short,oos,,4035.5,4035.75,1,1,92612.5,-11.755597903763697
2023-01-24 03:04:00+00:00,-25.0,short,oos,,4035.5,4036.0,1,1,92587.5,-11.77941877084326
2023-01-24 03:06:00+00:00,-12.5,short,oos,,4035.75,4036.0,1,1,92575.0,-11.79132920438304
2023-01-24 03:08:00+00:00,-12.5,short,oos,,4036.0,4036.25,1,1,92562.5,-11.80323963792282
2023-01-24 03:10:00+00:00,-12.5,short,oos,,4036.0,4036.25,1,1,92550.0,-11.815150071462602
2023-01-24 03:12:00+00:00,12.5,short,oos,,4036.0,4035.75,1,1,92562.5,-11.80323963792282
2023-01-24 03:26:00+00:00,12.5,short,oos,,4035.75,4035.5,1,13,92575.0,-11.79132920438304
2023-01-24 03:30:00+00:00,-12.5,short,oos,,4035.25,4035.5,1,3,92562.5,-11.80323963792282
2023-01-24 03:35:00+00:00,-12.5,short,oos,,4035.25,4035.5,1,4,92550.0,-11.815150071462602
2023-01-24 03:37:00+00:00,-12.5,short,oos,,4036.0,4036.25,1,1,92537.5,-11.827060505002382
2023-01-24 03:43:00+00:00,-50.0,long,oos,,4036.25,4035.25,1,5,92487.5,-11.874702239161506
2023-01-24 03:51:00+00:00,-12.5,short,oos,,4035.25,4035.5,1,7,92475.0,-11.886612672701286
2023-01-24 04:03:00+00:00,25.0,short,oos,,4035.5,4035.0,1,10,92500.0,-11.862791805621725
2023-01-24 04:17:00+00:00,-12.5,short,oos,,4034.75,4035.0,1,13,92487.5,-11.874702239161506
2023-01-24 04:20:00+00:00,-12.5,short,oos,,4034.75,4035.0,1,2,92475.0,-11.886612672701286
2023-01-24 04:22:00+00:00,-12.5,short,oos,,4035.0,4035.25,1,1,92462.5,-11.898523106241067
2023-01-24 04:24:00+00:00,12.5,short,oos,,4035.25,4035.0,1,1,92475.0,-11.886612672701286
2023-01-24 04:26:00+00:00,12.5,short,oos,,4035.25,4035.0,1,1,92487.5,-11.874702239161506
2023-01-24 04:28:00+00:00,0.0,short,oos,,4035.0,4035.0,1,1,92487.5,-11.874702239161506
2023-01-24 04:30:00+00:00,-25.0,short,oos,,4034.75,4035.25,1,1,92462.5,-11.898523106241067
2023-01-24 04:35:00+00:00,-37.5,long,oos,,4035.5,4034.75,1,4,92425.0,-11.93425440686041
2023-01-24 04:39:00+00:00,0.0,short,oos,,4035.0,4035.0,1,3,92425.0,-11.93425440686041
2023-01-24 04:41:00+00:00,12.5,short,oos,,4035.5,4035.25,1,1,92437.5,-11.92234397332063
2023-01-24 04:44:00+00:00,0.0,short,oos,,4035.25,4035.25,1,1,92437.5,-11.92234397332063
2023-01-24 04:46:00+00:00,-37.5,short,oos,,4035.0,4035.75,1,1,92400.0,-11.958075273939972
2023-01-24 05:10:00+00:00,37.5,long,oos,,4036.0,4036.75,1,23,92437.5,-11.92234397332063
2023-01-24 05:12:00+00:00,-12.5,long,oos,,4037.0,4036.75,1,1,92425.0,-11.93425440686041
2023-01-24 05:27:00+00:00,0.0,long,oos,,4037.0,4037.0,1,14,92425.0,-11.93425440686041
2023-01-24 05:29:00+00:00,-12.5,long,oos,,4037.5,4037.25,1,1,92412.5,-11.94616484040019
2023-01-24 05:49:00+00:00,25.0,long,oos,,4037.5,4038.0,1,19,92437.5,-11.92234397332063
2023-01-24 05:51:00+00:00,-12.5,long,oos,,4038.25,4038.0,1,1,92425.0,-11.93425440686041
2023-01-24 05:53:00+00:00,-37.5,long,oos,,4038.0,4037.25,1,1,92387.5,-11.969985707479752
2023-01-24 05:55:00+00:00,0.0,long,oos,,4037.0,4037.0,1,1,92387.5,-11.969985707479752
2023-01-24 05:57:00+00:00,-12.5,long,oos,,4036.75,4036.5,1,1,92375.0,-11.981896141019535
2023-01-24 06:21:00+00:00,50.0,short,oos,,4036.75,4035.75,1,23,92425.0,-11.93425440686041
2023-01-24 06:23:00+00:00,0.0,short,oos,,4036.0,4036.0,1,1,92425.0,-11.93425440686041
2023-01-24 06:25:00+00:00,12.5,short,oos,,4036.25,4036.0,1,1,92437.5,-11.92234397332063
2023-01-24 06:27:00+00:00,-25.0,short,oos,,4036.0,4036.5,1,1,92412.5,-11.94616484040019
2023-01-24 06:29:00+00:00,0.0,short,oos,,4036.5,4036.5,1,1,92412.5,-11.94616484040019
2023-01-24 06:55:00+00:00,-37.5,long,oos,,4037.5,4036.75,1,25,92375.0,-11.981896141019535
2023-01-24 07:00:00+00:00,-12.5,short,oos,,4036.75,4037.0,1,4,92362.5,-11.993806574559313
2023-01-24 07:17:00+00:00,50.0,short,oos,,4037.0,4036.0,1,16,92412.5,-11.94616484040019
2023-01-24 07:19:00+00:00,-25.0,short,oos,,4036.0,4036.5,1,1,92387.5,-11.969985707479752
2023-01-24 07:21:00+00:00,-50.0,short,oos,,4036.0,4037.0,1,1,92337.5,-12.017627441638876
2023-01-24 07:33:00+00:00,-75.0,long,oos,,4037.25,4035.75,1,11,92262.5,-12.089090042877562
2023-01-24 08:01:00+00:00,62.5,short,oos,,4036.25,4035.0,1,27,92325.0,-12.029537875178658
2023-01-24 08:06:00+00:00,-100.0,long,oos,,4036.25,4034.25,1,4,92225.0,-12.124821343496903
2023-01-24 08:11:00+00:00,-62.5,short,oos,,4032.5,4033.75,1,4,92162.5,-12.184373511195808
2023-01-24 08:16:00+00:00,0.0,short,oos,,4034.25,4034.25,1,4,92162.5,-12.184373511195808
2023-01-24 08:23:00+00:00,62.5,short,oos,,4034.75,4033.5,1,6,92225.0,-12.124821343496903
2023-01-24 08:25:00+00:00,-37.5,short,oos,,4033.5,4034.25,1,1,92187.5,-12.160552644116246
2023-01-24 08:27:00+00:00,0.0,short,oos,,4034.0,4034.0,1,1,92187.5,-12.160552644116246
2023-01-24 08:40:00+00:00,-12.5,short,oos,,4033.0,4033.25,1,12,92175.0,-12.172463077656026
2023-01-24 08:42:00+00:00,62.5,short,oos,,4034.25,4033.0,1,1,92237.5,-12.112910909957122
2023-01-24 08:44:00+00:00,-25.0,short,oos,,4033.75,4034.25,1,1,92212.5,-12.136731777036685
2023-01-24 08:46:00+00:00,-12.5,short,oos,,4033.25,4033.5,1,1,92200.0,-12.148642210576464
2023-01-24 08:50:00+00:00,12.5,short,oos,,4033.0,4032.75,1,3,92212.5,-12.136731777036685
2023-01-24 08:52:00+00:00,-12.5,short,oos,,4033.5,4033.75,1,1,92200.0,-12.148642210576464
2023-01-24 08:56:00+00:00,25.0,short,oos,,4034.0,4033.5,1,3,92225.0,-12.124821343496903
2023-01-24 08:59:00+00:00,0.0,short,oos,,4033.5,4033.5,1,2,92225.0,-12.124821343496903
2023-01-24 09:06:00+00:00,-12.5,short,oos,,4032.75,4033.0,1,6,92212.5,-12.136731777036685
2023-01-24 09:08:00+00:00,-25.0,short,oos,,4033.5,4034.0,1,1,92187.5,-12.160552644116246
2023-01-24 09:11:00+00:00,-25.0,short,oos,,4033.0,4033.5,1,2,92162.5,-12.184373511195808
2023-01-24 09:23:00+00:00,-75.0,long,oos,,4034.5,4033.0,1,11,92087.5,-12.255836112434492
2023-01-24 09:51:00+00:00,75.0,short,oos,,4032.5,4031.0,1,27,92162.5,-12.184373511195808
2023-01-24 09:59:00+00:00,37.5,short,oos,,4030.75,4030.0,1,7,92200.0,-12.148642210576464
2023-01-24 10:01:00+00:00,-37.5,short,oos,,4029.75,4030.5,1,1,92162.5,-12.184373511195808
2023-01-24 10:03:00+00:00,-12.5,short,oos,,4030.5,4030.75,1,1,92150.0,-12.196283944735589
2023-01-24 10:05:00+00:00,-12.5,short,oos,,4030.25,4030.5,1,1,92137.5,-12.208194378275369
2023-01-24 10:08:00+00:00,12.5,short,oos,,4030.5,4030.25,1,2,92150.0,-12.196283944735589
2023-01-24 10:31:00+00:00,100.0,short,oos,,4029.5,4027.5,1,22,92250.0,-12.10100047641734
2023-01-24 10:36:00+00:00,0.0,short,oos,,4027.25,4027.25,1,4,92250.0,-12.10100047641734
2023-01-24 10:38:00+00:00,-12.5,short,oos,,4027.5,4027.75,1,1,92237.5,-12.112910909957122
2023-01-24 10:40:00+00:00,-50.0,short,oos,,4027.25,4028.25,1,1,92187.5,-12.160552644116246
2023-01-24 10:42:00+00:00,-75.0,short,oos,,4027.75,4029.25,1,1,92112.5,-12.232015245354932
2023-01-24 10:44:00+00:00,50.0,short,oos,,4028.5,4027.5,1,1,92162.5,-12.184373511195808
2023-01-24 10:48:00+00:00,-62.5,short,oos,,4026.75,4028.0,1,3,92100.0,-12.243925678894712
2023-01-24 10:50:00+00:00,-112.5,short,oos,,4026.75,4029.0,1,1,91987.5,-12.351119580752739
2023-01-24 10:52:00+00:00,-25.0,short,oos,,4029.0,4029.5,1,1,91962.5,-12.374940447832302
2023-01-24 10:54:00+00:00,-37.5,short,oos,,4028.75,4029.5,1,1,91925.0,-12.410671748451643
2023-01-24 10:56:00+00:00,0.0,short,oos,,4029.25,4029.25,1,1,91925.0,-12.410671748451643
2023-01-24 11:01:00+00:00,-25.0,long,oos,,4029.25,4028.75,1,4,91900.0,-12.434492615531205
2023-01-24 11:25:00+00:00,162.5,short,oos,,4028.0,4024.75,1,23,92062.5,-12.279656979514055
2023-01-24 11:27:00+00:00,12.5,short,oos,,4025.5,4025.25,1,1,92075.0,-12.267746545974273
2023-01-24 11:33:00+00:00,25.0,short,oos,,4025.25,4024.75,1,5,92100.0,-12.243925678894712
2023-01-24 11:35:00+00:00,12.5,short,oos,,4025.25,4025.0,1,1,92112.5,-12.232015245354932
2023-01-24 11:37:00+00:00,-12.5,short,oos,,4025.25,4025.5,1,1,92100.0,-12.243925678894712
2023-01-24 11:39:00+00:00,25.0,short,oos,,4027.0,4026.5,1,1,92125.0,-12.22010481181515
2023-01-24 11:41:00+00:00,12.5,short,oos,,4026.75,4026.5,1,1,92137.5,-12.208194378275369
2023-01-24 11:59:00+00:00,-12.5,long,oos,,4027.5,4027.25,1,17,92125.0,-12.22010481181515
2023-01-24 12:17:00+00:00,50.0,short,oos,,4026.5,4025.5,1,17,92175.0,-12.172463077656026
2023-01-24 12:20:00+00:00,50.0,short,oos,,4026.0,4025.0,1,2,92225.0,-12.124821343496903
2023-01-24 12:22:00+00:00,0.0,short,oos,,4026.0,4026.0,1,1,92225.0,-12.124821343496903
2023-01-24 12:24:00+00:00,12.5,short,oos,,4025.75,4025.5,1,1,92237.5,-12.112910909957122
2023-01-24 12:26:00+00:00,-12.5,short,oos,,4025.25,4025.5,1,1,92225.0,-12.124821343496903
2023-01-24 12:28:00+00:00,-25.0,short,oos,,4025.25,4025.75,1,1,92200.0,-12.148642210576464
2023-01-24 12:30:00+00:00,0.0,short,oos,,4026.25,4026.25,1,1,92200.0,-12.148642210576464
2023-01-24 12:32:00+00:00,-37.5,short,oos,,4024.75,4025.5,1,1,92162.5,-12.184373511195808
2023-01-24 12:34:00+00:00,12.5,short,oos,,4026.0,4025.75,1,1,92175.0,-12.172463077656026
2023-01-24 12:42:00+00:00,-87.5,short,oos,,4024.5,4026.25,1,7,92087.5,-12.255836112434492
2023-01-24 12:56:00+00:00,-25.0,long,oos,,4026.25,4025.75,1,13,92062.5,-12.279656979514055
2023-01-24 12:58:00+00:00,-12.5,long,oos,,4026.0,4025.75,1,1,92050.0,-12.291567413053835
2023-01-24 13:04:00+00:00,-12.5,short,oos,,4026.0,4026.25,1,5,92037.5,-12.303477846593616
2023-01-24 13:08:00+00:00,-12.5,short,oos,,4026.0,4026.25,1,3,92025.0,-12.315388280133396
2023-01-24 13:11:00+00:00,-37.5,long,oos,,4026.5,4025.75,1,2,91987.5,-12.351119580752739
2023-01-24 13:13:00+00:00,-37.5,long,oos,,4026.25,4025.5,1,1,91950.0,-12.386850881372082
2023-01-24 13:17:00+00:00,-12.5,short,oos,,4025.75,4026.0,1,3,91937.5,-12.398761314911862
2023-01-24 13:29:00+00:00,-50.0,short,oos,,4024.75,4025.75,1,11,91887.5,-12.446403049070987
2023-01-24 13:32:00+00:00,-62.5,long,oos,,4026.0,4024.75,1,2,91825.0,-12.50595521676989
2023-01-24 14:00:00+00:00,400.0,short,oos,,4024.25,4016.25,1,27,92225.0,-12.124821343496903
2023-01-24 14:06:00+00:00,12.5,short,oos,,4017.0,4016.75,1,5,92237.5,-12.112910909957122
2023-01-24 14:08:00+00:00,-50.0,short,oos,,4016.0,4017.0,1,1,92187.5,-12.160552644116246
2023-01-24 14:10:00+00:00,25.0,short,oos,,4016.25,4015.75,1,1,92212.5,-12.136731777036685
2023-01-24 14:14:00+00:00,-87.5,short,oos,,4015.0,4016.75,1,3,92125.0,-12.22010481181515
2023-01-24 14:16:00+00:00,-12.5,short,oos,,4016.75,4017.0,1,1,92112.5,-12.232015245354932
2023-01-24 14:18:00+00:00,25.0,short,oos,,4016.75,4016.25,1,1,92137.5,-12.208194378275369
2023-01-24 14:20:00+00:00,-12.5,short,oos,,4016.25,4016.5,1,1,92125.0,-12.22010481181515
2023-01-24 14:22:00+00:00,-37.5,short,oos,,4016.25,4017.0,1,1,92087.5,-12.255836112434492
2023-01-24 14:24:00+00:00,25.0,short,oos,,4018.5,4018.0,1,1,92112.5,-12.232015245354932
2023-01-24 14:26:00+00:00,37.5,short,oos,,4017.5,4016.75,1,1,92150.0,-12.196283944735589
2023-01-24 14:28:00+00:00,-12.5,short,oos,,4018.25,4018.5,1,1,92137.5,-12.208194378275369
2023-01-24 14:30:00+00:00,0.0,short,oos,,4018.0,4018.0,1,1,92137.5,-12.208194378275369
2023-01-24 14:33:00+00:00,-375.0,short,oos,,4012.5,4020.0,1,2,91762.5,-12.565507384468793
2023-01-24 14:43:00+00:00,137.5,short,oos,,4018.5,4015.75,1,9,91900.0,-12.434492615531205
2023-01-24 14:45:00+00:00,-25.0,short,oos,,4017.25,4017.75,1,1,91875.0,-12.458313482610766
2023-01-24 14:47:00+00:00,-275.0,short,oos,,4017.5,4023.0,1,1,91600.0,-12.720343020485947
2023-01-24 14:58:00+00:00,-175.0,long,oos,,4022.0,4018.5,1,10,91425.0,-12.887089090042878
2023-01-24 15:12:00+00:00,25.0,short,oos,,4018.25,4017.75,1,13,91450.0,-12.863268222963317
2023-01-24 15:25:00+00:00,-37.5,long,oos,,4017.0,4016.25,1,12,91412.5,-12.898999523582658
2023-01-24 15:36:00+00:00,87.5,long,oos,,4018.5,4020.25,1,10,91500.0,-12.815626488804194
2023-01-24 15:42:00+00:00,-200.0,short,oos,,4015.75,4019.75,1,5,91300.0,-13.006193425440685
2023-01-24 16:12:00+00:00,512.5,long,oos,,4021.75,4032.0,1,29,91812.5,-12.51786565030967
2023-01-24 16:14:00+00:00,-112.5,long,oos,,4030.75,4028.5,1,1,91700.0,-12.6250595521677
2023-01-24 16:16:00+00:00,0.0,long,oos,,4030.25,4030.25,1,1,91700.0,-12.6250595521677
2023-01-24 16:18:00+00:00,87.5,long,oos,,4027.5,4029.25,1,1,91787.5,-12.541686517389234
2023-01-24 16:20:00+00:00,87.5,long,oos,,4026.75,4028.5,1,1,91875.0,-12.458313482610766
2023-01-24 16:22:00+00:00,87.5,long,oos,,4027.0,4028.75,1,1,91962.5,-12.374940447832302
2023-01-24 16:34:00+00:00,37.5,long,oos,,4029.75,4030.5,1,11,92000.0,-12.339209147212959
2023-01-24 16:36:00+00:00,50.0,long,oos,,4029.5,4030.5,1,1,92050.0,-12.291567413053835
2023-01-24 16:38:00+00:00,12.5,long,oos,,4030.25,4030.5,1,1,92062.5,-12.279656979514055
2023-01-24 16:41:00+00:00,25.0,long,oos,,4029.25,4029.75,1,2,92087.5,-12.255836112434492
2023-01-24 16:43:00+00:00,50.0,long,oos,,4029.75,4030.75,1,1,92137.5,-12.208194378275369
2023-01-24 16:45:00+00:00,-25.0,long,oos,,4030.25,4029.75,1,1,92112.5,-12.232015245354932
2023-01-24 16:48:00+00:00,-50.0,long,oos,,4031.25,4030.25,1,2,92062.5,-12.279656979514055
2023-01-24 16:54:00+00:00,-37.5,long,oos,,4031.0,4030.25,1,5,92025.0,-12.315388280133396
2023-01-24 16:57:00+00:00,25.0,long,oos,,4030.25,4030.75,1,2,92050.0,-12.291567413053835
2023-01-24 16:59:00+00:00,-50.0,long,oos,,4030.0,4029.0,1,1,92000.0,-12.339209147212959
2023-01-24 17:01:00+00:00,-150.0,long,oos,,4029.5,4026.5,1,1,91850.0,-12.482134349690329
2023-01-24 17:08:00+00:00,-400.0,short,oos,,4023.75,4031.75,1,6,91450.0,-12.863268222963317
2023-01-24 17:26:00+00:00,62.5,long,oos,,4030.0,4031.25,1,17,91512.5,-12.803716055264411
2023-01-24 17:28:00+00:00,-125.0,short,oos,,4030.0,4032.5,1,1,91387.5,-12.92282039066222
2023-01-24 17:31:00+00:00,-137.5,long,oos,,4032.75,4030.0,1,2,91250.0,-13.053835159599808
2023-01-24 17:33:00+00:00,12.5,long,oos,,4031.75,4032.0,1,1,91262.5,-13.041924726060028
2023-01-24 17:38:00+00:00,-25.0,short,oos,,4031.25,4031.75,1,4,91237.5,-13.06574559313959
2023-01-24 17:40:00+00:00,-75.0,long,oos,,4031.5,4030.0,1,1,91162.5,-13.137208194378275
2023-01-24 17:53:00+00:00,25.0,short,oos,,4029.75,4029.25,1,12,91187.5,-13.113387327298714
2023-01-24 17:56:00+00:00,-50.0,short,oos,,4029.0,4030.0,1,2,91137.5,-13.161029061457837
2023-01-24 17:59:00+00:00,0.0,short,oos,,4029.75,4029.75,1,2,91137.5,-13.161029061457837
2023-01-24 18:01:00+00:00,25.0,short,oos,,4029.75,4029.25,1,1,91162.5,-13.137208194378275
2023-01-24 18:05:00+00:00,-350.0,long,oos,,4031.75,4024.75,1,3,90812.5,-13.47070033349214
2023-01-24 18:10:00+00:00,-200.0,short,oos,,4025.25,4029.25,1,4,90612.5,-13.661267270128633
2023-01-24 18:27:00+00:00,37.5,long,oos,,4030.75,4031.5,1,16,90650.0,-13.62553596950929
2023-01-24 18:59:00+00:00,225.0,long,oos,,4032.25,4036.75,1,31,90875.0,-13.411148165793236
2023-01-24 19:01:00+00:00,-37.5,long,oos,,4037.25,4036.5,1,1,90837.5,-13.446879466412579
2023-01-24 19:18:00+00:00,-162.5,short,oos,,4029.75,4033.0,1,16,90675.0,-13.60171510242973
2023-01-24 19:21:00+00:00,25.0,short,oos,,4032.0,4031.5,1,2,90700.0,-13.577894235350167
2023-01-24 19:24:00+00:00,0.0,short,oos,,4032.0,4032.0,1,2,90700.0,-13.577894235350167
2023-01-24 19:26:00+00:00,-37.5,short,oos,,4031.5,4032.25,1,1,90662.5,-13.61362553596951
2023-01-24 19:50:00+00:00,62.5,long,oos,,4033.5,4034.75,1,23,90725.0,-13.554073368270606
2023-01-24 19:52:00+00:00,-50.0,long,oos,,4035.25,4034.25,1,1,90675.0,-13.60171510242973
2023-01-24 20:06:00+00:00,75.0,long,oos,,4035.0,4036.5,1,13,90750.0,-13.530252501191043
2023-01-24 20:08:00+00:00,25.0,long,oos,,4036.0,4036.5,1,1,90775.0,-13.506431634111483
2023-01-24 20:10:00+00:00,-87.5,long,oos,,4036.75,4035.0,1,1,90687.5,-13.589804668889949
2023-01-24 20:25:00+00:00,0.0,short,oos,,4034.75,4034.75,1,14,90687.5,-13.589804668889949
2023-01-24 20:28:00+00:00,-100.0,short,oos,,4033.5,4035.5,1,2,90587.5,-13.685088137208195
2023-01-24 20:31:00+00:00,-100.0,long,oos,,4035.25,4033.25,1,2,90487.5,-13.780371605526442
2023-01-24 20:51:00+00:00,162.5,short,oos,,4031.5,4028.25,1,19,90650.0,-13.62553596950929
2023-01-24 20:53:00+00:00,-12.5,short,oos,,4030.5,4030.75,1,1,90637.5,-13.637446403049072
2023-01-24 20:55:00+00:00,-75.0,short,oos,,4030.5,4032.0,1,1,90562.5,-13.708909004287756
2023-01-24 21:14:00+00:00,225.0,long,oos,,4034.0,4038.5,1,18,90787.5,-13.494521200571702
2023-01-24 21:17:00+00:00,37.5,long,oos,,4039.5,4040.25,1,2,90825.0,-13.45878989995236
2023-01-24 21:20:00+00:00,50.0,long,oos,,4041.25,4042.25,1,2,90875.0,-13.411148165793236
2023-01-24 21:22:00+00:00,-37.5,long,oos,,4042.0,4041.25,1,1,90837.5,-13.446879466412579
2023-01-24 21:24:00+00:00,-50.0,long,oos,,4041.25,4040.25,1,1,90787.5,-13.494521200571702
2023-01-24 21:26:00+00:00,-12.5,long,oos,,4039.75,4039.5,1,1,90775.0,-13.506431634111483
2023-01-24 21:28:00+00:00,37.5,long,oos,,4040.0,4040.75,1,1,90812.5,-13.47070033349214
2023-01-24 21:30:00+00:00,-12.5,long,oos,,4040.25,4040.0,1,1,90800.0,-13.482610767031918
2023-01-24 21:34:00+00:00,-12.5,long,oos,,4040.75,4040.5,1,3,90787.5,-13.494521200571702
2023-01-24 21:41:00+00:00,-37.5,long,oos,,4041.5,4040.75,1,6,90750.0,-13.530252501191043
2023-01-24 21:47:00+00:00,0.0,long,oos,,4041.5,4041.5,1,5,90750.0,-13.530252501191043
2023-01-24 21:49:00+00:00,-50.0,long,oos,,4040.25,4039.25,1,1,90700.0,-13.577894235350167
2023-01-24 21:51:00+00:00,0.0,long,oos,,4039.25,4039.25,1,1,90700.0,-13.577894235350167
2023-01-24 21:53:00+00:00,37.5,long,oos,,4039.0,4039.75,1,1,90737.5,-13.542162934730825
2023-01-24 21:55:00+00:00,12.5,long,oos,,4039.5,4039.75,1,1,90750.0,-13.530252501191043
2023-01-24 21:57:00+00:00,12.5,long,oos,,4038.5,4038.75,1,1,90762.5,-13.518342067651263
2023-01-24 21:59:00+00:00,25.0,long,oos,,4038.5,4039.0,1,1,90787.5,-13.494521200571702
2023-01-24 23:01:00+00:00,-12.5,long,oos,,4039.0,4038.75,1,1,90775.0,-13.506431634111483
2023-01-24 23:03:00+00:00,37.5,long,oos,,4038.5,4039.25,1,1,90812.5,-13.47070033349214
2023-01-24 23:05:00+00:00,-25.0,long,oos,,4037.0,4036.5,1,1,90787.5,-13.494521200571702
2023-01-24 23:43:00+00:00,662.5,short,oos,,4033.25,4020.0,1,37,91450.0,-12.863268222963317
2023-01-24 23:58:00+00:00,50.0,short,oos,,4019.0,4018.0,1,14,91500.0,-12.815626488804194
2023-01-25 00:00:00+00:00,0.0,short,oos,,4017.75,4017.75,1,1,91500.0,-12.815626488804194
2023-01-25 00:02:00+00:00,37.5,short,oos,,4018.5,4017.75,1,1,91537.5,-12.77989518818485
2023-01-25 00:04:00+00:00,-12.5,short,oos,,4018.75,4019.0,1,1,91525.0,-12.791805621724631
2023-01-25 00:06:00+00:00,37.5,short,oos,,4020.0,4019.25,1,1,91562.5,-12.756074321105288
2023-01-25 00:08:00+00:00,0.0,short,oos,,4020.0,4020.0,1,1,91562.5,-12.756074321105288
2023-01-25 00:10:00+00:00,12.5,short,oos,,4019.75,4019.5,1,1,91575.0,-12.744163887565508
2023-01-25 00:12:00+00:00,-12.5,short,oos,,4019.75,4020.0,1,1,91562.5,-12.756074321105288
2023-01-25 00:14:00+00:00,-12.5,short,oos,,4019.5,4019.75,1,1,91550.0,-12.76798475464507
2023-01-25 00:16:00+00:00,12.5,short,oos,,4019.75,4019.5,1,1,91562.5,-12.756074321105288
2023-01-25 00:18:00+00:00,12.5,short,oos,,4019.75,4019.5,1,1,91575.0,-12.744163887565508
2023-01-25 00:20:00+00:00,0.0,short,oos,,4019.5,4019.5,1,1,91575.0,-12.744163887565508
2023-01-25 00:57:00+00:00,175.0,short,oos,,4018.75,4015.25,1,36,91750.0,-12.577417818008577
2023-01-25 00:59:00+00:00,-12.5,short,oos,,4015.0,4015.25,1,1,91737.5,-12.589328251548357
2023-01-25 01:01:00+00:00,-12.5,short,oos,,4014.75,4015.0,1,1,91725.0,-12.601238685088138
2023-01-25 01:03:00+00:00,-12.5,short,oos,,4014.75,4015.0,1,1,91712.5,-12.613149118627916
2023-01-25 01:05:00+00:00,0.0,short,oos,,4015.0,4015.0,1,1,91712.5,-12.613149118627916
2023-01-25 01:07:00+00:00,25.0,short,oos,,4014.5,4014.0,1,1,91737.5,-12.589328251548357
2023-01-25 01:09:00+00:00,-25.0,short,oos,,4014.25,4014.75,1,1,91712.5,-12.613149118627916
2023-01-25 01:11:00+00:00,25.0,short,oos,,4014.75,4014.25,1,1,91737.5,-12.589328251548357
2023-01-25 01:19:00+00:00,12.5,short,oos,,4014.5,4014.25,1,7,91750.0,-12.577417818008577
2023-01-25 01:21:00+00:00,-12.5,short,oos,,4014.25,4014.5,1,1,91737.5,-12.589328251548357
2023-01-25 01:23:00+00:00,-12.5,short,oos,,4014.75,4015.0,1,1,91725.0,-12.601238685088138
2023-01-25 01:25:00+00:00,-12.5,short,oos,,4014.75,4015.0,1,1,91712.5,-12.613149118627916
2023-01-25 01:27:00+00:00,-25.0,short,oos,,4014.25,4014.75,1,1,91687.5,-12.63696998570748
2023-01-25 01:41:00+00:00,-12.5,short,oos,,4013.0,4013.25,1,13,91675.0,-12.648880419247261
2023-01-25 01:43:00+00:00,12.5,short,oos,,4013.75,4013.5,1,1,91687.5,-12.63696998570748
2023-01-25 01:45:00+00:00,0.0,short,oos,,4013.5,4013.5,1,1,91687.5,-12.63696998570748
2023-01-25 01:51:00+00:00,25.0,short,oos,,4013.0,4012.5,1,5,91712.5,-12.613149118627916
2023-01-25 01:54:00+00:00,12.5,short,oos,,4012.5,4012.25,1,2,91725.0,-12.601238685088138
2023-01-25 02:02:00+00:00,-25.0,short,oos,,4012.25,4012.75,1,7,91700.0,-12.6250595521677
2023-01-25 02:04:00+00:00,-25.0,short,oos,,4012.75,4013.25,1,1,91675.0,-12.648880419247261
2023-01-25 02:06:00+00:00,37.5,short,oos,,4013.5,4012.75,1,1,91712.5,-12.613149118627916
2023-01-25 02:08:00+00:00,-87.5,short,oos,,4012.5,4014.25,1,1,91625.0,-12.696522153406384
2023-01-25 02:22:00+00:00,-25.0,long,oos,,4014.75,4014.25,1,13,91600.0,-12.720343020485947
2023-01-25 02:26:00+00:00,0.0,long,oos,,4014.25,4014.25,1,3,91600.0,-12.720343020485947
2023-01-25 02:53:00+00:00,125.0,long,oos,,4014.25,4016.75,1,26,91725.0,-12.601238685088138
2023-01-25 02:55:00+00:00,0.0,long,oos,,4016.25,4016.25,1,1,91725.0,-12.601238685088138
2023-01-25 02:57:00+00:00,-37.5,long,oos,,4016.25,4015.5,1,1,91687.5,-12.63696998570748
2023-01-25 02:59:00+00:00,0.0,long,oos,,4015.0,4015.0,1,1,91687.5,-12.63696998570748
2023-01-25 03:01:00+00:00,0.0,long,oos,,4015.25,4015.25,1,1,91687.5,-12.63696998570748
2023-01-25 03:03:00+00:00,12.5,long,oos,,4015.0,4015.25,1,1,91700.0,-12.6250595521677
2023-01-25 03:05:00+00:00,0.0,long,oos,,4015.25,4015.25,1,1,91700.0,-12.6250595521677
2023-01-25 03:07:00+00:00,12.5,long,oos,,4015.25,4015.5,1,1,91712.5,-12.613149118627916
2023-01-25 03:09:00+00:00,-25.0,long,oos,,4015.5,4015.0,1,1,91687.5,-12.63696998570748
2023-01-25 03:19:00+00:00,-75.0,short,oos,,4014.0,4015.5,1,9,91612.5,-12.708432586946165
2023-01-25 03:46:00+00:00,75.0,long,oos,,4016.5,4018.0,1,26,91687.5,-12.63696998570748
2023-01-25 03:48:00+00:00,0.0,long,oos,,4017.0,4017.0,1,1,91687.5,-12.63696998570748
2023-01-25 03:50:00+00:00,-12.5,long,oos,,4017.25,4017.0,1,1,91675.0,-12.648880419247261
2023-01-25 03:52:00+00:00,-12.5,long,oos,,4017.25,4017.0,1,1,91662.5,-12.660790852787041
2023-01-25 03:54:00+00:00,12.5,long,oos,,4017.0,4017.25,1,1,91675.0,-12.648880419247261
2023-01-25 03:56:00+00:00,0.0,long,oos,,4017.5,4017.5,1,1,91675.0,-12.648880419247261
2023-01-25 04:13:00+00:00,0.0,long,oos,,4017.75,4017.75,1,16,91675.0,-12.648880419247261
2023-01-25 04:15:00+00:00,-25.0,long,oos,,4018.0,4017.5,1,1,91650.0,-12.672701286326824
2023-01-25 04:17:00+00:00,12.5,long,oos,,4017.25,4017.5,1,1,91662.5,-12.660790852787041
2023-01-25 04:19:00+00:00,0.0,long,oos,,4017.25,4017.25,1,1,91662.5,-12.660790852787041
2023-01-25 04:26:00+00:00,-37.5,short,oos,,4016.75,4017.5,1,6,91625.0,-12.696522153406384
2023-01-25 04:28:00+00:00,-12.5,long,oos,,4017.5,4017.25,1,1,91612.5,-12.708432586946165
2023-01-25 04:31:00+00:00,-37.5,long,oos,,4017.25,4016.5,1,2,91575.0,-12.744163887565508
2023-01-25 04:33:00+00:00,-25.0,long,oos,,4017.0,4016.5,1,1,91550.0,-12.76798475464507
2023-01-25 05:15:00+00:00,87.5,short,oos,,4016.75,4015.0,1,41,91637.5,-12.684611719866604
2023-01-25 05:17:00+00:00,0.0,short,oos,,4015.25,4015.25,1,1,91637.5,-12.684611719866604
2023-01-25 05:19:00+00:00,-12.5,short,oos,,4014.75,4015.0,1,1,91625.0,-12.696522153406384
2023-01-25 05:21:00+00:00,-37.5,short,oos,,4015.0,4015.75,1,1,91587.5,-12.732253454025727
2023-01-25 05:23:00+00:00,-25.0,short,oos,,4015.5,4016.0,1,1,91562.5,-12.756074321105288
2023-01-25 05:25:00+00:00,0.0,short,oos,,4015.5,4015.5,1,1,91562.5,-12.756074321105288
2023-01-25 05:27:00+00:00,-12.5,short,oos,,4015.5,4015.75,1,1,91550.0,-12.76798475464507
2023-01-25 05:30:00+00:00,0.0,short,oos,,4015.25,4015.25,1,1,91550.0,-12.76798475464507
2023-01-25 05:50:00+00:00,62.5,short,oos,,4015.75,4014.5,1,19,91612.5,-12.708432586946165
2023-01-25 05:52:00+00:00,25.0,short,oos,,4015.0,4014.5,1,1,91637.5,-12.684611719866604
2023-01-25 05:54:00+00:00,-25.0,short,oos,,4014.5,4015.0,1,1,91612.5,-12.708432586946165
2023-01-25 05:56:00+00:00,-12.5,short,oos,,4014.75,4015.0,1,1,91600.0,-12.720343020485947
2023-01-25 05:58:00+00:00,25.0,short,oos,,4015.0,4014.5,1,1,91625.0,-12.696522153406384
2023-01-25 06:00:00+00:00,-12.5,short,oos,,4014.75,4015.0,1,1,91612.5,-12.708432586946165
2023-01-25 06:08:00+00:00,-37.5,long,oos,,4015.75,4015.0,1,7,91575.0,-12.744163887565508
2023-01-25 06:11:00+00:00,-12.5,short,oos,,4015.0,4015.25,1,2,91562.5,-12.756074321105288
2023-01-25 06:14:00+00:00,-12.5,short,oos,,4015.0,4015.25,1,2,91550.0,-12.76798475464507
2023-01-25 06:16:00+00:00,0.0,short,oos,,4015.25,4015.25,1,1,91550.0,-12.76798475464507
2023-01-25 06:18:00+00:00,-12.5,long,oos,,4015.25,4015.0,1,1,91537.5,-12.77989518818485
2023-01-25 06:20:00+00:00,-12.5,long,oos,,4015.5,4015.25,1,1,91525.0,-12.791805621724631
2023-01-25 06:23:00+00:00,-62.5,short,oos,,4015.0,4016.25,1,2,91462.5,-12.851357789423535
2023-01-25 06:50:00+00:00,75.0,long,oos,,4016.75,4018.25,1,26,91537.5,-12.77989518818485
2023-01-25 06:52:00+00:00,0.0,long,oos,,4018.5,4018.5,1,1,91537.5,-12.77989518818485
2023-01-25 06:54:00+00:00,-25.0,long,oos,,4018.5,4018.0,1,1,91512.5,-12.803716055264411
2023-01-25 06:56:00+00:00,25.0,long,oos,,4018.0,4018.5,1,1,91537.5,-12.77989518818485
2023-01-25 07:00:00+00:00,-50.0,long,oos,,4019.0,4018.0,1,3,91487.5,-12.827536922343974
2023-01-25 07:02:00+00:00,-12.5,long,oos,,4018.25,4018.0,1,1,91475.0,-12.839447355883754
2023-01-25 07:04:00+00:00,0.0,long,oos,,4017.25,4017.25,1,1,91475.0,-12.839447355883754
2023-01-25 07:06:00+00:00,25.0,long,oos,,4017.25,4017.75,1,1,91500.0,-12.815626488804194
2023-01-25 07:08:00+00:00,-25.0,long,oos,,4017.5,4017.0,1,1,91475.0,-12.839447355883754
2023-01-25 07:10:00+00:00,-12.5,long,oos,,4017.75,4017.5,1,1,91462.5,-12.851357789423535
2023-01-25 07:14:00+00:00,25.0,long,oos,,4017.5,4018.0,1,3,91487.5,-12.827536922343974
2023-01-25 07:33:00+00:00,112.5,long,oos,,4017.75,4020.0,1,18,91600.0,-12.720343020485947
2023-01-25 07:35:00+00:00,0.0,long,oos,,4020.25,4020.25,1,1,91600.0,-12.720343020485947
2023-01-25 07:38:00+00:00,-25.0,long,oos,,4020.5,4020.0,1,2,91575.0,-12.744163887565508
2023-01-25 07:40:00+00:00,12.5,long,oos,,4020.25,4020.5,1,1,91587.5,-12.732253454025727
2023-01-25 07:43:00+00:00,-50.0,long,oos,,4021.0,4020.0,1,2,91537.5,-12.77989518818485
2023-01-25 07:45:00+00:00,-12.5,long,oos,,4019.75,4019.5,1,1,91525.0,-12.791805621724631
2023-01-25 07:47:00+00:00,0.0,long,oos,,4020.25,4020.25,1,1,91525.0,-12.791805621724631
2023-01-25 07:49:00+00:00,0.0,long,oos,,4019.5,4019.5,1,1,91525.0,-12.791805621724631
2023-01-25 07:51:00+00:00,37.5,long,oos,,4019.25,4020.0,1,1,91562.5,-12.756074321105288
2023-01-25 08:09:00+00:00,50.0,long,oos,,4020.0,4021.0,1,17,91612.5,-12.708432586946165
2023-01-25 08:11:00+00:00,12.5,long,oos,,4020.25,4020.5,1,1,91625.0,-12.696522153406384
2023-01-25 08:13:00+00:00,-62.5,long,oos,,4020.0,4018.75,1,1,91562.5,-12.756074321105288
2023-01-25 08:31:00+00:00,12.5,short,oos,,4017.5,4017.25,1,17,91575.0,-12.744163887565508
2023-01-25 08:33:00+00:00,-12.5,short,oos,,4017.75,4018.0,1,1,91562.5,-12.756074321105288
2023-01-25 08:35:00+00:00,-12.5,short,oos,,4018.5,4018.75,1,1,91550.0,-12.76798475464507
2023-01-25 08:37:00+00:00,0.0,short,oos,,4019.25,4019.25,1,1,91550.0,-12.76798475464507
2023-01-25 08:45:00+00:00,-62.5,long,oos,,4019.75,4018.5,1,7,91487.5,-12.827536922343974
2023-01-25 08:49:00+00:00,-62.5,short,oos,,4017.75,4019.0,1,3,91425.0,-12.887089090042878
2023-01-25 08:53:00+00:00,12.5,short,oos,,4019.5,4019.25,1,3,91437.5,-12.875178656503097
2023-01-25 09:28:00+00:00,262.5,short,oos,,4018.5,4013.25,1,34,91700.0,-12.6250595521677
2023-01-25 09:30:00+00:00,-12.5,short,oos,,4013.25,4013.5,1,1,91687.5,-12.63696998570748
2023-01-25 09:32:00+00:00,12.5,short,oos,,4014.25,4014.0,1,1,91700.0,-12.6250595521677
2023-01-25 09:40:00+00:00,100.0,short,oos,,4015.0,4013.0,1,7,91800.0,-12.529776083849454
2023-01-25 09:42:00+00:00,0.0,short,oos,,4013.5,4013.5,1,1,91800.0,-12.529776083849454
2023-01-25 09:44:00+00:00,-25.0,short,oos,,4013.0,4013.5,1,1,91775.0,-12.553596950929013
2023-01-25 10:28:00+00:00,650.0,short,oos,,4012.5,3999.5,1,43,92425.0,-11.93425440686041
2023-01-25 10:30:00+00:00,-62.5,short,oos,,3999.5,4000.75,1,1,92362.5,-11.993806574559313
2023-01-25 10:32:00+00:00,62.5,short,oos,,4001.0,3999.75,1,1,92425.0,-11.93425440686041
2023-01-25 10:34:00+00:00,-25.0,short,oos,,4000.25,4000.75,1,1,92400.0,-11.958075273939972
2023-01-25 10:36:00+00:00,-50.0,short,oos,,4000.75,4001.75,1,1,92350.0,-12.005717008099095
2023-01-25 10:38:00+00:00,12.5,short,oos,,4004.0,4003.75,1,1,92362.5,-11.993806574559313
2023-01-25 10:40:00+00:00,0.0,short,oos,,4003.0,4003.0,1,1,92362.5,-11.993806574559313
2023-01-25 10:42:00+00:00,0.0,short,oos,,4001.75,4001.75,1,1,92362.5,-11.993806574559313
2023-01-25 10:44:00+00:00,37.5,short,oos,,4001.75,4001.0,1,1,92400.0,-11.958075273939972
2023-01-25 10:46:00+00:00,-62.5,short,oos,,4001.5,4002.75,1,1,92337.5,-12.017627441638876
2023-01-25 10:48:00+00:00,-25.0,short,oos,,4002.5,4003.0,1,1,92312.5,-12.041448308718437
2023-01-25 10:50:00+00:00,-37.5,short,oos,,4002.0,4002.75,1,1,92275.0,-12.07717960933778
2023-01-25 10:52:00+00:00,-12.5,short,oos,,4004.5,4004.75,1,1,92262.5,-12.089090042877562
2023-01-25 10:54:00+00:00,12.5,short,oos,,4005.0,4004.75,1,1,92275.0,-12.07717960933778
2023-01-25 10:56:00+00:00,-25.0,short,oos,,4004.0,4004.5,1,1,92250.0,-12.10100047641734
2023-01-25 10:58:00+00:00,-12.5,short,oos,,4004.25,4004.5,1,1,92237.5,-12.112910909957122
2023-01-25 11:00:00+00:00,0.0,short,oos,,4003.5,4003.5,1,1,92237.5,-12.112910909957122
2023-01-25 11:02:00+00:00,50.0,short,oos,,4004.5,4003.5,1,1,92287.5,-12.065269175797999
2023-01-25 11:10:00+00:00,-62.5,short,oos,,4002.5,4003.75,1,7,92225.0,-12.124821343496903
2023-01-25 11:12:00+00:00,-37.5,short,oos,,4004.25,4005.0,1,1,92187.5,-12.160552644116246
2023-01-25 11:24:00+00:00,-25.0,long,oos,,4005.0,4004.5,1,11,92162.5,-12.184373511195808
2023-01-25 11:26:00+00:00,-12.5,long,oos,,4005.0,4004.75,1,1,92150.0,-12.196283944735589
2023-01-25 11:31:00+00:00,-62.5,long,oos,,4005.75,4004.5,1,4,92087.5,-12.255836112434492
2023-01-25 11:33:00+00:00,-12.5,long,oos,,4004.25,4004.0,1,1,92075.0,-12.267746545974273
2023-01-25 11:35:00+00:00,0.0,long,oos,,4003.75,4003.75,1,1,92075.0,-12.267746545974273
2023-01-25 11:37:00+00:00,-25.0,long,oos,,4003.75,4003.25,1,1,92050.0,-12.291567413053835
2023-01-25 11:39:00+00:00,-12.5,long,oos,,4003.75,4003.5,1,1,92037.5,-12.303477846593616
2023-01-25 11:41:00+00:00,-25.0,long,oos,,4003.5,4003.0,1,1,92012.5,-12.327298713673178
2023-01-25 12:01:00+00:00,75.0,short,oos,,4002.5,4001.0,1,19,92087.5,-12.255836112434492
2023-01-25 12:03:00+00:00,25.0,short,oos,,4001.5,4001.0,1,1,92112.5,-12.232015245354932
2023-01-25 12:08:00+00:00,-25.0,short,oos,,4000.25,4000.75,1,4,92087.5,-12.255836112434492
2023-01-25 12:10:00+00:00,-25.0,short,oos,,4001.25,4001.75,1,1,92062.5,-12.279656979514055
2023-01-25 12:17:00+00:00,-175.0,long,oos,,4003.25,3999.75,1,6,91887.5,-12.446403049070987
2023-01-25 12:29:00+00:00,-50.0,short,oos,,4000.0,4001.0,1,11,91837.5,-12.49404478323011
2023-01-25 12:36:00+00:00,0.0,short,oos,,4000.0,4000.0,1,6,91837.5,-12.49404478323011
2023-01-25 12:38:00+00:00,-62.5,short,oos,,4000.25,4001.5,1,1,91775.0,-12.553596950929013
2023-01-25 12:41:00+00:00,-12.5,short,oos,,4000.75,4001.0,1,2,91762.5,-12.565507384468793
2023-01-25 12:48:00+00:00,50.0,short,oos,,4001.25,4000.25,1,6,91812.5,-12.51786565030967
2023-01-25 12:54:00+00:00,-50.0,short,oos,,4000.75,4001.75,1,5,91762.5,-12.565507384468793
2023-01-25 12:56:00+00:00,0.0,short,oos,,4001.5,4001.5,1,1,91762.5,-12.565507384468793
2023-01-25 13:01:00+00:00,-112.5,long,oos,,4002.5,4000.25,1,4,91650.0,-12.672701286326824
2023-01-25 13:12:00+00:00,0.0,short,oos,,3999.75,3999.75,1,10,91650.0,-12.672701286326824
2023-01-25 13:14:00+00:00,-62.5,short,oos,,3999.25,4000.5,1,1,91587.5,-12.732253454025727
2023-01-25 13:17:00+00:00,-100.0,short,oos,,3998.5,4000.5,1,2,91487.5,-12.827536922343974
2023-01-25 13:19:00+00:00,-37.5,short,oos,,3999.25,4000.0,1,1,91450.0,-12.863268222963317
2023-01-25 13:21:00+00:00,-25.0,short,oos,,3998.75,3999.25,1,1,91425.0,-12.887089090042878
2023-01-25 14:08:00+00:00,587.5,short,oos,,4000.0,3988.25,1,46,92012.5,-12.327298713673178
2023-01-25 14:10:00+00:00,12.5,short,oos,,3990.75,3990.5,1,1,92025.0,-12.315388280133396
2023-01-25 14:12:00+00:00,37.5,short,oos,,3990.25,3989.5,1,1,92062.5,-12.279656979514055
2023-01-25 14:15:00+00:00,25.0,short,oos,,3988.75,3988.25,1,2,92087.5,-12.255836112434492
2023-01-25 14:17:00+00:00,-25.0,short,oos,,3988.75,3989.25,1,1,92062.5,-12.279656979514055
2023-01-25 14:19:00+00:00,25.0,short,oos,,3989.5,3989.0,1,1,92087.5,-12.255836112434492
2023-01-25 14:24:00+00:00,-37.5,short,oos,,3989.0,3989.75,1,4,92050.0,-12.291567413053835
2023-01-25 14:39:00+00:00,100.0,short,oos,,3990.25,3988.25,1,14,92150.0,-12.196283944735589
2023-01-25 14:41:00+00:00,-225.0,short,oos,,3987.75,3992.25,1,1,91925.0,-12.410671748451643
2023-01-25 14:46:00+00:00,-275.0,long,oos,,3992.0,3986.5,1,4,91650.0,-12.672701286326824
2023-01-25 14:48:00+00:00,-100.0,short,oos,,3987.0,3989.0,1,1,91550.0,-12.76798475464507
2023-01-25 15:06:00+00:00,362.5,short,oos,,3986.5,3979.25,1,17,91912.5,-12.422582181991425
2023-01-25 15:08:00+00:00,50.0,short,oos,,3985.25,3984.25,1,1,91962.5,-12.374940447832302
2023-01-25 15:10:00+00:00,25.0,short,oos,,3983.0,3982.5,1,1,91987.5,-12.351119580752739
2023-01-25 15:12:00+00:00,-37.5,short,oos,,3981.25,3982.0,1,1,91950.0,-12.386850881372082
2023-01-25 15:14:00+00:00,-37.5,short,oos,,3979.75,3980.5,1,1,91912.5,-12.422582181991425
2023-01-25 15:18:00+00:00,-275.0,short,oos,,3975.25,3980.75,1,3,91637.5,-12.684611719866604
2023-01-25 15:31:00+00:00,137.5,short,oos,,3979.25,3976.5,1,12,91775.0,-12.553596950929013
2023-01-25 15:46:00+00:00,287.5,short,oos,,3979.0,3973.25,1,14,92062.5,-12.279656979514055
2023-01-25 15:48:00+00:00,62.5,short,oos,,3973.25,3972.0,1,1,92125.0,-12.22010481181515
2023-01-25 15:54:00+00:00,137.5,short,oos,,3972.75,3970.0,1,5,92262.5,-12.089090042877562
2023-01-25 15:56:00+00:00,-112.5,short,oos,,3971.0,3973.25,1,1,92150.0,-12.196283944735589
2023-01-25 15:58:00+00:00,-37.5,short,oos,,3975.0,3975.75,1,1,92112.5,-12.232015245354932
2023-01-25 16:00:00+00:00,0.0,short,oos,,3977.5,3977.5,1,1,92112.5,-12.232015245354932
2023-01-25 16:02:00+00:00,-12.5,short,oos,,3977.0,3977.25,1,1,92100.0,-12.243925678894712
2023-01-25 16:04:00+00:00,37.5,short,oos,,3978.5,3977.75,1,1,92137.5,-12.208194378275369
2023-01-25 16:46:00+00:00,487.5,long,oos,,3979.25,3989.0,1,41,92625.0,-11.743687470223916
2023-01-25 16:48:00+00:00,-50.0,long,oos,,3991.0,3990.0,1,1,92575.0,-11.79132920438304
2023-01-25 17:06:00+00:00,312.5,long,oos,,3991.0,3997.25,1,17,92887.5,-11.493568365888517
2023-01-25 17:08:00+00:00,-25.0,long,oos,,3997.75,3997.25,1,1,92862.5,-11.51738923296808
2023-01-25 17:10:00+00:00,-37.5,long,oos,,3999.75,3999.0,1,1,92825.0,-11.553120533587423
2023-01-25 17:12:00+00:00,-100.0,long,oos,,3999.75,3997.75,1,1,92725.0,-11.64840400190567
2023-01-25 17:14:00+00:00,37.5,long,oos,,3997.5,3998.25,1,1,92762.5,-11.612672701286327
2023-01-25 17:17:00+00:00,12.5,long,oos,,3998.75,3999.0,1,2,92775.0,-11.600762267746546
2023-01-25 17:21:00+00:00,-75.0,long,oos,,3999.25,3997.75,1,3,92700.0,-11.672224868985232
2023-01-25 17:23:00+00:00,0.0,long,oos,,3996.75,3996.75,1,1,92700.0,-11.672224868985232
2023-01-25 17:25:00+00:00,25.0,long,oos,,3996.0,3996.5,1,1,92725.0,-11.64840400190567
2023-01-25 17:27:00+00:00,-25.0,long,oos,,3996.0,3995.5,1,1,92700.0,-11.672224868985232
2023-01-25 17:29:00+00:00,-50.0,long,oos,,3994.75,3993.75,1,1,92650.0,-11.719866603144355
2023-01-25 17:31:00+00:00,37.5,long,oos,,3995.25,3996.0,1,1,92687.5,-11.68413530252501
2023-01-25 17:34:00+00:00,-12.5,long,oos,,3996.5,3996.25,1,2,92675.0,-11.696045736064793
2023-01-25 17:56:00+00:00,225.0,long,oos,,3995.5,4000.0,1,21,92900.0,-11.481657932348737
2023-01-25 17:58:00+00:00,62.5,long,oos,,3999.0,4000.25,1,1,92962.5,-11.422105764649833
2023-01-25 18:00:00+00:00,-25.0,long,oos,,4001.0,4000.5,1,1,92937.5,-11.445926631729394
2023-01-25 18:35:00+00:00,675.0,long,oos,,4000.0,4013.5,1,34,93612.5,-10.80276322058123
2023-01-25 18:40:00+00:00,-12.5,long,oos,,4014.75,4014.5,1,4,93600.0,-10.814673654121009
2023-01-25 18:45:00+00:00,-75.0,long,oos,,4016.5,4015.0,1,4,93525.0,-10.886136255359695
2023-01-25 18:55:00+00:00,0.0,long,oos,,4017.25,4017.25,1,9,93525.0,-10.886136255359695
2023-01-25 18:57:00+00:00,-25.0,long,oos,,4018.0,4017.5,1,1,93500.0,-10.909957122439257
2023-01-25 18:59:00+00:00,37.5,long,oos,,4016.75,4017.5,1,1,93537.5,-10.874225821819914
2023-01-25 19:02:00+00:00,-137.5,long,oos,,4018.75,4016.0,1,2,93400.0,-11.005240590757504
2023-01-25 19:04:00+00:00,87.5,long,oos,,4015.75,4017.5,1,1,93487.5,-10.921867555979038
2023-01-25 19:06:00+00:00,12.5,long,oos,,4017.5,4017.75,1,1,93500.0,-10.909957122439257
2023-01-25 19:26:00+00:00,275.0,long,oos,,4017.75,4023.25,1,19,93775.0,-10.647927584564078
2023-01-25 19:28:00+00:00,-50.0,long,oos,,4022.0,4021.0,1,1,93725.0,-10.695569318723201
2023-01-25 19:30:00+00:00,25.0,long,oos,,4021.5,4022.0,1,1,93750.0,-10.671748451643639
2023-01-25 19:32:00+00:00,25.0,long,oos,,4020.75,4021.25,1,1,93775.0,-10.647927584564078
2023-01-25 19:34:00+00:00,-137.5,long,oos,,4022.0,4019.25,1,1,93637.5,-10.778942353501668
2023-01-25 19:36:00+00:00,50.0,long,oos,,4017.25,4018.25,1,1,93687.5,-10.731300619342544
2023-01-25 19:38:00+00:00,-50.0,long,oos,,4019.75,4018.75,1,1,93637.5,-10.778942353501668
2023-01-25 19:40:00+00:00,0.0,long,oos,,4019.5,4019.5,1,1,93637.5,-10.778942353501668
2023-01-25 19:46:00+00:00,-25.0,long,oos,,4021.0,4020.5,1,5,93612.5,-10.80276322058123
2023-01-25 20:13:00+00:00,412.5,long,oos,,4021.75,4030.0,1,26,94025.0,-10.40971891376846
2023-01-25 20:15:00+00:00,12.5,long,oos,,4029.5,4029.75,1,1,94037.5,-10.397808480228681
2023-01-25 20:17:00+00:00,-87.5,long,oos,,4028.75,4027.0,1,1,93950.0,-10.481181515007146
2023-01-25 20:19:00+00:00,-12.5,long,oos,,4029.0,4028.75,1,1,93937.5,-10.493091948546928
2023-01-25 20:21:00+00:00,-12.5,long,oos,,4028.25,4028.0,1,1,93925.0,-10.505002382086708
2023-01-25 20:23:00+00:00,50.0,long,oos,,4026.5,4027.5,1,1,93975.0,-10.457360647927585
2023-01-25 20:25:00+00:00,-25.0,long,oos,,4025.5,4025.0,1,1,93950.0,-10.481181515007146
2023-01-25 20:27:00+00:00,75.0,long,oos,,4025.5,4027.0,1,1,94025.0,-10.40971891376846
2023-01-25 20:29:00+00:00,0.0,long,oos,,4027.75,4027.75,1,1,94025.0,-10.40971891376846
2023-01-25 20:36:00+00:00,-112.5,long,oos,,4028.5,4026.25,1,6,93912.5,-10.516912815626489
2023-01-25 20:43:00+00:00,125.0,long,oos,,4025.25,4027.75,1,6,94037.5,-10.397808480228681
2023-01-25 20:45:00+00:00,-62.5,long,oos,,4027.5,4026.25,1,1,93975.0,-10.457360647927585
2023-01-25 20:56:00+00:00,-150.0,short,oos,,4025.0,4028.0,1,10,93825.0,-10.600285850404955
2023-01-25 21:12:00+00:00,-75.0,long,oos,,4029.25,4027.75,1,15,93750.0,-10.671748451643639
2023-01-25 21:14:00+00:00,-50.0,long,oos,,4029.0,4028.0,1,1,93700.0,-10.719390185802762
2023-01-25 21:16:00+00:00,-12.5,long,oos,,4029.0,4028.75,1,1,93687.5,-10.731300619342544
2023-01-25 21:18:00+00:00,-25.0,long,oos,,4028.5,4028.0,1,1,93662.5,-10.755121486422107
2023-01-25 21:20:00+00:00,0.0,long,oos,,4028.0,4028.0,1,1,93662.5,-10.755121486422107
2023-01-25 21:25:00+00:00,-150.0,short,oos,,4027.0,4030.0,1,4,93512.5,-10.898046688899477
2023-01-25 21:38:00+00:00,0.0,long,oos,,4029.0,4029.0,1,12,93512.5,-10.898046688899477
2023-01-25 21:43:00+00:00,-12.5,long,oos,,4029.5,4029.25,1,4,93500.0,-10.909957122439257
2023-01-25 21:45:00+00:00,-25.0,long,oos,,4029.75,4029.25,1,1,93475.0,-10.933777989518818
2023-01-25 21:47:00+00:00,12.5,long,oos,,4029.0,4029.25,1,1,93487.5,-10.921867555979038
2023-01-25 21:49:00+00:00,0.0,long,oos,,4029.0,4029.0,1,1,93487.5,-10.921867555979038
2023-01-25 23:00:00+00:00,75.0,long,oos,,4029.5,4031.0,1,10,93562.5,-10.850404954740354
2023-01-25 23:05:00+00:00,-12.5,long,oos,,4029.25,4029.0,1,4,93550.0,-10.862315388280134
2023-01-25 23:11:00+00:00,-100.0,short,oos,,4028.75,4030.75,1,5,93450.0,-10.95759885659838
2023-01-25 23:40:00+00:00,325.0,long,oos,,4030.0,4036.5,1,28,93775.0,-10.647927584564078
2023-01-25 23:42:00+00:00,-25.0,long,oos,,4036.75,4036.25,1,1,93750.0,-10.671748451643639
2023-01-25 23:44:00+00:00,0.0,long,oos,,4036.5,4036.5,1,1,93750.0,-10.671748451643639
2023-01-25 23:59:00+00:00,25.0,long,oos,,4036.75,4037.25,1,14,93775.0,-10.647927584564078
2023-01-26 00:06:00+00:00,12.5,long,oos,,4037.75,4038.0,1,6,93787.5,-10.636017151024298
2023-01-26 00:08:00+00:00,-12.5,long,oos,,4038.0,4037.75,1,1,93775.0,-10.647927584564078
2023-01-26 00:10:00+00:00,-25.0,long,oos,,4037.75,4037.25,1,1,93750.0,-10.671748451643639
2023-01-26 00:12:00+00:00,0.0,long,oos,,4037.5,4037.5,1,1,93750.0,-10.671748451643639
2023-01-26 00:30:00+00:00,25.0,long,oos,,4038.0,4038.5,1,17,93775.0,-10.647927584564078
2023-01-26 00:32:00+00:00,0.0,long,oos,,4038.5,4038.5,1,1,93775.0,-10.647927584564078
2023-01-26 00:34:00+00:00,12.5,long,oos,,4037.75,4038.0,1,1,93787.5,-10.636017151024298
2023-01-26 00:36:00+00:00,25.0,long,oos,,4037.25,4037.75,1,1,93812.5,-10.612196283944735
2023-01-26 00:38:00+00:00,0.0,long,oos,,4037.75,4037.75,1,1,93812.5,-10.612196283944735
2023-01-26 00:40:00+00:00,-12.5,long,oos,,4037.75,4037.5,1,1,93800.0,-10.624106717484516
2023-01-26 00:42:00+00:00,-12.5,long,oos,,4037.0,4036.75,1,1,93787.5,-10.636017151024298
2023-01-26 00:44:00+00:00,12.5,long,oos,,4036.5,4036.75,1,1,93800.0,-10.624106717484516
2023-01-26 01:23:00+00:00,150.0,short,oos,,4036.5,4033.5,1,38,93950.0,-10.481181515007146
2023-01-26 01:25:00+00:00,12.5,short,oos,,4034.0,4033.75,1,1,93962.5,-10.469271081467365
2023-01-26 01:27:00+00:00,12.5,short,oos,,4033.5,4033.25,1,1,93975.0,-10.457360647927585
2023-01-26 01:29:00+00:00,-12.5,short,oos,,4033.0,4033.25,1,1,93962.5,-10.469271081467365
2023-01-26 01:31:00+00:00,-25.0,short,oos,,4033.25,4033.75,1,1,93937.5,-10.493091948546928
2023-01-26 01:33:00+00:00,-12.5,short,oos,,4033.75,4034.0,1,1,93925.0,-10.505002382086708
2023-01-26 01:35:00+00:00,25.0,short,oos,,4034.25,4033.75,1,1,93950.0,-10.481181515007146
2023-01-26 01:37:00+00:00,-25.0,short,oos,,4034.25,4034.75,1,1,93925.0,-10.505002382086708
2023-01-26 01:39:00+00:00,12.5,short,oos,,4035.5,4035.25,1,1,93937.5,-10.493091948546928
2023-01-26 01:41:00+00:00,-25.0,short,oos,,4034.5,4035.0,1,1,93912.5,-10.516912815626489
2023-01-26 01:43:00+00:00,-25.0,short,oos,,4034.75,4035.25,1,1,93887.5,-10.540733682706051
2023-01-26 01:45:00+00:00,12.5,short,oos,,4035.5,4035.25,1,1,93900.0,-10.528823249166269
2023-01-26 01:47:00+00:00,-12.5,short,oos,,4034.75,4035.0,1,1,93887.5,-10.540733682706051
2023-01-26 01:49:00+00:00,-12.5,short,oos,,4034.75,4035.0,1,1,93875.0,-10.552644116245832
2023-01-26 01:51:00+00:00,-12.5,short,oos,,4034.5,4034.75,1,1,93862.5,-10.564554549785612
2023-01-26 01:53:00+00:00,12.5,short,oos,,4034.75,4034.5,1,1,93875.0,-10.552644116245832
2023-01-26 01:59:00+00:00,0.0,short,oos,,4034.75,4034.75,1,5,93875.0,-10.552644116245832
2023-01-26 02:01:00+00:00,-12.5,short,oos,,4034.5,4034.75,1,1,93862.5,-10.564554549785612
2023-01-26 02:19:00+00:00,25.0,long,oos,,4035.5,4036.0,1,17,93887.5,-10.540733682706051
2023-01-26 02:21:00+00:00,37.5,long,oos,,4035.25,4036.0,1,1,93925.0,-10.505002382086708
2023-01-26 02:23:00+00:00,-12.5,long,oos,,4035.75,4035.5,1,1,93912.5,-10.516912815626489
2023-01-26 02:25:00+00:00,0.0,long,oos,,4035.5,4035.5,1,1,93912.5,-10.516912815626489
2023-01-26 02:27:00+00:00,-25.0,long,oos,,4035.5,4035.0,1,1,93887.5,-10.540733682706051
2023-01-26 02:29:00+00:00,12.5,long,oos,,4035.0,4035.25,1,1,93900.0,-10.528823249166269
2023-01-26 02:31:00+00:00,25.0,long,oos,,4034.75,4035.25,1,1,93925.0,-10.505002382086708
2023-01-26 02:33:00+00:00,12.5,long,oos,,4035.25,4035.5,1,1,93937.5,-10.493091948546928
2023-01-26 02:35:00+00:00,-12.5,long,oos,,4034.75,4034.5,1,1,93925.0,-10.505002382086708
2023-01-26 02:47:00+00:00,-37.5,short,oos,,4034.25,4035.0,1,11,93887.5,-10.540733682706051
2023-01-26 03:08:00+00:00,12.5,long,oos,,4035.5,4035.75,1,20,93900.0,-10.528823249166269
2023-01-26 03:10:00+00:00,-12.5,long,oos,,4035.5,4035.25,1,1,93887.5,-10.540733682706051
2023-01-26 03:25:00+00:00,0.0,short,oos,,4035.5,4035.5,1,14,93887.5,-10.540733682706051
2023-01-26 03:43:00+00:00,12.5,long,oos,,4035.25,4035.5,1,17,93900.0,-10.528823249166269
2023-01-26 03:45:00+00:00,12.5,long,oos,,4035.5,4035.75,1,1,93912.5,-10.516912815626489
2023-01-26 03:47:00+00:00,0.0,long,oos,,4035.75,4035.75,1,1,93912.5,-10.516912815626489
2023-01-26 03:49:00+00:00,-12.5,long,oos,,4035.75,4035.5,1,1,93900.0,-10.528823249166269
2023-01-26 03:52:00+00:00,-37.5,short,oos,,4035.5,4036.25,1,2,93862.5,-10.564554549785612
2023-01-26 03:55:00+00:00,-25.0,long,oos,,4036.25,4035.75,1,2,93837.5,-10.588375416865174
2023-01-26 04:07:00+00:00,25.0,long,oos,,4035.75,4036.25,1,11,93862.5,-10.564554549785612
2023-01-26 04:09:00+00:00,0.0,long,oos,,4036.0,4036.0,1,1,93862.5,-10.564554549785612
2023-01-26 04:11:00+00:00,0.0,long,oos,,4036.25,4036.25,1,1,93862.5,-10.564554549785612
2023-01-26 04:14:00+00:00,-12.5,long,oos,,4036.25,4036.0,1,2,93850.0,-10.576464983325392
2023-01-26 04:17:00+00:00,0.0,long,oos,,4036.25,4036.25,1,2,93850.0,-10.576464983325392
2023-01-26 04:19:00+00:00,-12.5,long,oos,,4036.75,4036.5,1,1,93837.5,-10.588375416865174
2023-01-26 04:21:00+00:00,12.5,long,oos,,4036.25,4036.5,1,1,93850.0,-10.576464983325392
2023-01-26 04:24:00+00:00,-12.5,long,oos,,4036.75,4036.5,1,2,93837.5,-10.588375416865174
2023-01-26 04:26:00+00:00,-37.5,long,oos,,4036.75,4036.0,1,1,93800.0,-10.624106717484516
2023-01-26 04:31:00+00:00,-50.0,short,oos,,4035.5,4036.5,1,4,93750.0,-10.671748451643639
2023-01-26 04:33:00+00:00,-25.0,long,oos,,4036.5,4036.0,1,1,93725.0,-10.695569318723201
2023-01-26 04:35:00+00:00,-12.5,long,oos,,4036.25,4036.0,1,1,93712.5,-10.707479752262984
2023-01-26 04:37:00+00:00,0.0,long,oos,,4036.0,4036.0,1,1,93712.5,-10.707479752262984
2023-01-26 04:48:00+00:00,-25.0,long,oos,,4036.5,4036.0,1,10,93687.5,-10.731300619342544
2023-01-26 04:56:00+00:00,-25.0,short,oos,,4035.75,4036.25,1,6,93662.5,-10.755121486422107
2023-01-26 05:15:00+00:00,37.5,long,oos,,4036.25,4037.0,1,18,93700.0,-10.719390185802762
2023-01-26 05:19:00+00:00,-37.5,long,oos,,4037.5,4036.75,1,3,93662.5,-10.755121486422107
2023-01-26 05:32:00+00:00,0.0,long,oos,,4037.25,4037.25,1,12,93662.5,-10.755121486422107
2023-01-26 05:34:00+00:00,12.5,long,oos,,4036.75,4037.0,1,1,93675.0,-10.743211052882325
2023-01-26 05:43:00+00:00,-62.5,short,oos,,4036.5,4037.75,1,8,93612.5,-10.80276322058123
2023-01-26 05:47:00+00:00,-25.0,long,oos,,4037.25,4036.75,1,3,93587.5,-10.826584087660791
2023-01-26 06:28:00+00:00,425.0,long,oos,,4037.25,4045.75,1,40,94012.5,-10.421629347308242
2023-01-26 06:30:00+00:00,0.0,long,oos,,4044.5,4044.5,1,1,94012.5,-10.421629347308242
2023-01-26 06:32:00+00:00,-12.5,long,oos,,4044.5,4044.25,1,1,94000.0,-10.433539780848022
2023-01-26 06:34:00+00:00,-12.5,long,oos,,4044.25,4044.0,1,1,93987.5,-10.445450214387805
2023-01-26 06:36:00+00:00,50.0,long,oos,,4043.0,4044.0,1,1,94037.5,-10.397808480228681
2023-01-26 06:38:00+00:00,12.5,long,oos,,4043.75,4044.0,1,1,94050.0,-10.385898046688899
2023-01-26 06:40:00+00:00,0.0,long,oos,,4044.75,4044.75,1,1,94050.0,-10.385898046688899
2023-01-26 06:46:00+00:00,-37.5,long,oos,,4045.25,4044.5,1,5,94012.5,-10.421629347308242
2023-01-26 06:54:00+00:00,-50.0,long,oos,,4044.5,4043.5,1,7,93962.5,-10.469271081467365
2023-01-26 06:56:00+00:00,0.0,long,oos,,4043.25,4043.25,1,1,93962.5,-10.469271081467365
2023-01-26 06:58:00+00:00,37.5,long,oos,,4043.25,4044.0,1,1,94000.0,-10.433539780848022
2023-01-26 07:01:00+00:00,-25.0,long,oos,,4044.0,4043.5,1,2,93975.0,-10.457360647927585
2023-01-26 07:03:00+00:00,12.5,long,oos,,4043.5,4043.75,1,1,93987.5,-10.445450214387805
2023-01-26 07:05:00+00:00,25.0,long,oos,,4043.25,4043.75,1,1,94012.5,-10.421629347308242
2023-01-26 07:12:00+00:00,-62.5,short,oos,,4042.25,4043.5,1,6,93950.0,-10.481181515007146
2023-01-26 07:16:00+00:00,-50.0,short,oos,,4042.5,4043.5,1,3,93900.0,-10.528823249166269
2023-01-26 07:18:00+00:00,-25.0,long,oos,,4043.5,4043.0,1,1,93875.0,-10.552644116245832
2023-01-26 07:33:00+00:00,62.5,short,oos,,4042.75,4041.5,1,14,93937.5,-10.493091948546928
2023-01-26 07:35:00+00:00,-25.0,short,oos,,4042.0,4042.5,1,1,93912.5,-10.516912815626489
2023-01-26 07:37:00+00:00,12.5,short,oos,,4043.25,4043.0,1,1,93925.0,-10.505002382086708
2023-01-26 07:39:00+00:00,0.0,short,oos,,4042.5,4042.5,1,1,93925.0,-10.505002382086708
2023-01-26 07:41:00+00:00,12.5,short,oos,,4043.0,4042.75,1,1,93937.5,-10.493091948546928
2023-01-26 07:43:00+00:00,-25.0,short,oos,,4042.75,4043.25,1,1,93912.5,-10.516912815626489
2023-01-26 07:48:00+00:00,-75.0,long,oos,,4044.0,4042.5,1,4,93837.5,-10.588375416865174
2023-01-26 07:51:00+00:00,-12.5,short,oos,,4042.5,4042.75,1,2,93825.0,-10.600285850404955
2023-01-26 07:56:00+00:00,-62.5,short,oos,,4042.0,4043.25,1,4,93762.5,-10.659838018103859
2023-01-26 07:58:00+00:00,0.0,short,oos,,4043.5,4043.5,1,1,93762.5,-10.659838018103859
2023-01-26 08:01:00+00:00,-37.5,short,oos,,4043.25,4044.0,1,2,93725.0,-10.695569318723201
2023-01-26 08:06:00+00:00,-12.5,short,oos,,4042.75,4043.0,1,4,93712.5,-10.707479752262984
2023-01-26 08:08:00+00:00,-75.0,long,oos,,4043.5,4042.0,1,1,93637.5,-10.778942353501668
2023-01-26 08:10:00+00:00,-87.5,short,oos,,4042.5,4044.25,1,1,93550.0,-10.862315388280134
2023-01-26 08:27:00+00:00,37.5,long,oos,,4044.5,4045.25,1,16,93587.5,-10.826584087660791
2023-01-26 08:29:00+00:00,-12.5,long,oos,,4046.0,4045.75,1,1,93575.0,-10.838494521200571
2023-01-26 08:31:00+00:00,-25.0,long,oos,,4045.5,4045.0,1,1,93550.0,-10.862315388280134
2023-01-26 08:33:00+00:00,75.0,long,oos,,4043.5,4045.0,1,1,93625.0,-10.790852787041448
2023-01-26 08:35:00+00:00,-25.0,long,oos,,4044.75,4044.25,1,1,93600.0,-10.814673654121009
2023-01-26 08:37:00+00:00,25.0,long,oos,,4044.0,4044.5,1,1,93625.0,-10.790852787041448
2023-01-26 08:39:00+00:00,-12.5,long,oos,,4044.5,4044.25,1,1,93612.5,-10.80276322058123
2023-01-26 08:42:00+00:00,50.0,long,oos,,4044.25,4045.25,1,2,93662.5,-10.755121486422107
2023-01-26 08:44:00+00:00,12.5,long,oos,,4044.5,4044.75,1,1,93675.0,-10.743211052882325
2023-01-26 08:48:00+00:00,-37.5,long,oos,,4045.0,4044.25,1,3,93637.5,-10.778942353501668
2023-01-26 08:50:00+00:00,0.0,long,oos,,4044.0,4044.0,1,1,93637.5,-10.778942353501668
2023-01-26 08:52:00+00:00,-12.5,long,oos,,4044.0,4043.75,1,1,93625.0,-10.790852787041448
2023-01-26 08:54:00+00:00,-12.5,long,oos,,4044.0,4043.75,1,1,93612.5,-10.80276322058123
2023-01-26 08:56:00+00:00,12.5,long,oos,,4043.75,4044.0,1,1,93625.0,-10.790852787041448
2023-01-26 09:03:00+00:00,-37.5,short,oos,,4043.0,4043.75,1,6,93587.5,-10.826584087660791
2023-01-26 09:06:00+00:00,0.0,short,oos,,4043.5,4043.5,1,2,93587.5,-10.826584087660791
2023-01-26 09:16:00+00:00,-37.5,long,oos,,4044.5,4043.75,1,9,93550.0,-10.862315388280134
2023-01-26 09:19:00+00:00,-37.5,long,oos,,4044.25,4043.5,1,2,93512.5,-10.898046688899477
2023-01-26 09:21:00+00:00,12.5,long,oos,,4044.25,4044.5,1,1,93525.0,-10.886136255359695
2023-01-26 09:48:00+00:00,287.5,short,oos,,4043.0,4037.25,1,26,93812.5,-10.612196283944735
2023-01-26 09:50:00+00:00,-12.5,short,oos,,4037.25,4037.5,1,1,93800.0,-10.624106717484516
2023-01-26 09:52:00+00:00,-25.0,short,oos,,4037.75,4038.25,1,1,93775.0,-10.647927584564078
2023-01-26 09:54:00+00:00,12.5,short,oos,,4038.0,4037.75,1,1,93787.5,-10.636017151024298
2023-01-26 09:56:00+00:00,-12.5,short,oos,,4037.0,4037.25,1,1,93775.0,-10.647927584564078
2023-01-26 10:04:00+00:00,-87.5,short,oos,,4035.5,4037.25,1,7,93687.5,-10.731300619342544
2023-01-26 10:06:00+00:00,-12.5,short,oos,,4037.25,4037.5,1,1,93675.0,-10.743211052882325
2023-01-26 10:10:00+00:00,0.0,short,oos,,4037.5,4037.5,1,3,93675.0,-10.743211052882325
2023-01-26 10:12:00+00:00,-12.5,short,oos,,4038.5,4038.75,1,1,93662.5,-10.755121486422107
2023-01-26 10:14:00+00:00,25.0,short,oos,,4038.25,4037.75,1,1,93687.5,-10.731300619342544
2023-01-26 10:16:00+00:00,-37.5,short,oos,,4038.25,4039.0,1,1,93650.0,-10.767031919961886
2023-01-26 10:18:00+00:00,0.0,short,oos,,4038.25,4038.25,1,1,93650.0,-10.767031919961886
2023-01-26 10:20:00+00:00,0.0,short,oos,,4038.0,4038.0,1,1,93650.0,-10.767031919961886
2023-01-26 10:22:00+00:00,-25.0,short,oos,,4037.75,4038.25,1,1,93625.0,-10.790852787041448
2023-01-26 10:24:00+00:00,12.5,short,oos,,4039.0,4038.75,1,1,93637.5,-10.778942353501668
2023-01-26 10:31:00+00:00,25.0,short,oos,,4038.75,4038.25,1,6,93662.5,-10.755121486422107
2023-01-26 10:33:00+00:00,-12.5,short,oos,,4038.25,4038.5,1,1,93650.0,-10.767031919961886
2023-01-26 10:35:00+00:00,-50.0,short,oos,,4039.25,4040.25,1,1,93600.0,-10.814673654121009
2023-01-26 10:58:00+00:00,0.0,long,oos,,4041.0,4041.0,1,22,93600.0,-10.814673654121009
2023-01-26 11:00:00+00:00,-12.5,long,oos,,4041.0,4040.75,1,1,93587.5,-10.826584087660791
2023-01-26 11:02:00+00:00,25.0,long,oos,,4040.0,4040.5,1,1,93612.5,-10.80276322058123
2023-01-26 11:04:00+00:00,37.5,long,oos,,4040.25,4041.0,1,1,93650.0,-10.767031919961886
2023-01-26 11:12:00+00:00,-12.5,long,oos,,4042.0,4041.75,1,7,93637.5,-10.778942353501668
2023-01-26 11:20:00+00:00,-25.0,long,oos,,4042.25,4041.75,1,7,93612.5,-10.80276322058123
2023-01-26 11:23:00+00:00,-50.0,long,oos,,4042.5,4041.5,1,2,93562.5,-10.850404954740354
2023-01-26 11:25:00+00:00,-25.0,long,oos,,4041.75,4041.25,1,1,93537.5,-10.874225821819914
2023-01-26 11:29:00+00:00,0.0,long,oos,,4041.0,4041.0,1,3,93537.5,-10.874225821819914
2023-01-26 11:31:00+00:00,12.5,long,oos,,4040.25,4040.5,1,1,93550.0,-10.862315388280134
2023-01-26 11:33:00+00:00,-12.5,long,oos,,4040.25,4040.0,1,1,93537.5,-10.874225821819914
2023-01-26 11:35:00+00:00,-37.5,long,oos,,4040.25,4039.5,1,1,93500.0,-10.909957122439257
2023-01-26 11:37:00+00:00,-50.0,long,oos,,4039.75,4038.75,1,1,93450.0,-10.95759885659838
2023-01-26 11:47:00+00:00,-75.0,short,oos,,4038.25,4039.75,1,9,93375.0,-11.029061457837065
2023-01-26 11:51:00+00:00,-62.5,short,oos,,4037.75,4039.0,1,3,93312.5,-11.08861362553597
2023-01-26 11:54:00+00:00,12.5,short,oos,,4039.0,4038.75,1,2,93325.0,-11.076703191996188
2023-01-26 11:56:00+00:00,0.0,short,oos,,4038.75,4038.75,1,1,93325.0,-11.076703191996188
2023-01-26 11:58:00+00:00,50.0,short,oos,,4039.5,4038.5,1,1,93375.0,-11.029061457837065
2023-01-26 12:00:00+00:00,-37.5,short,oos,,4039.0,4039.75,1,1,93337.5,-11.064792758456408
2023-01-26 12:18:00+00:00,0.0,long,oos,,4040.5,4040.5,1,17,93337.5,-11.064792758456408
2023-01-26 12:24:00+00:00,-37.5,short,oos,,4040.5,4041.25,1,5,93300.0,-11.10052405907575
2023-01-26 12:27:00+00:00,-37.5,short,oos,,4040.25,4041.0,1,2,93262.5,-11.136255359695092
2023-01-26 12:30:00+00:00,-50.0,long,oos,,4041.75,4040.75,1,2,93212.5,-11.183897093854215
2023-01-26 13:06:00+00:00,475.0,long,oos,,4041.5,4051.0,1,35,93687.5,-10.731300619342544
2023-01-26 13:08:00+00:00,12.5,long,oos,,4051.5,4051.75,1,1,93700.0,-10.719390185802762
2023-01-26 13:10:00+00:00,-12.5,long,oos,,4050.0,4049.75,1,1,93687.5,-10.731300619342544
2023-01-26 13:12:00+00:00,25.0,long,oos,,4050.0,4050.5,1,1,93712.5,-10.707479752262984
2023-01-26 13:14:00+00:00,-37.5,long,oos,,4050.5,4049.75,1,1,93675.0,-10.743211052882325
2023-01-26 13:16:00+00:00,-87.5,long,oos,,4051.0,4049.25,1,1,93587.5,-10.826584087660791
2023-01-26 13:18:00+00:00,50.0,long,oos,,4049.0,4050.0,1,1,93637.5,-10.778942353501668
2023-01-26 13:20:00+00:00,0.0,long,oos,,4049.75,4049.75,1,1,93637.5,-10.778942353501668
2023-01-26 13:22:00+00:00,-50.0,long,oos,,4049.75,4048.75,1,1,93587.5,-10.826584087660791
2023-01-26 13:24:00+00:00,12.5,long,oos,,4048.0,4048.25,1,1,93600.0,-10.814673654121009
2023-01-26 13:26:00+00:00,37.5,long,oos,,4048.25,4049.0,1,1,93637.5,-10.778942353501668
2023-01-26 13:31:00+00:00,-237.5,long,oos,,4049.75,4045.0,1,4,93400.0,-11.005240590757504
2023-01-26 13:33:00+00:00,-225.0,long,oos,,4049.25,4044.75,1,1,93175.0,-11.21962839447356
2023-01-26 13:37:00+00:00,-275.0,short,oos,,4044.75,4050.25,1,3,92900.0,-11.481657932348737
2023-01-26 14:13:00+00:00,187.5,long,oos,,4052.25,4056.0,1,35,93087.5,-11.303001429252024
2023-01-26 14:15:00+00:00,37.5,long,oos,,4055.25,4056.0,1,1,93125.0,-11.267270128632683
2023-01-26 14:27:00+00:00,37.5,long,oos,,4058.25,4059.0,1,11,93162.5,-11.231538828013338
2023-01-26 14:30:00+00:00,-75.0,long,oos,,4060.5,4059.0,1,2,93087.5,-11.303001429252024
2023-01-26 14:35:00+00:00,-137.5,long,oos,,4062.5,4059.75,1,4,92950.0,-11.434016198189614
2023-01-26 14:38:00+00:00,-212.5,long,oos,,4064.75,4060.5,1,2,92737.5,-11.636493568365887
2023-01-26 14:42:00+00:00,-250.0,long,oos,,4064.5,4059.5,1,3,92487.5,-11.874702239161506
2023-01-26 14:44:00+00:00,-262.5,long,oos,,4061.25,4056.0,1,1,92225.0,-12.124821343496903
2023-01-26 15:05:00+00:00,412.5,short,oos,,4054.0,4045.75,1,20,92637.5,-11.731777036684136
2023-01-26 15:13:00+00:00,37.5,short,oos,,4045.0,4044.25,1,7,92675.0,-11.696045736064793
2023-01-26 15:15:00+00:00,37.5,short,oos,,4049.0,4048.25,1,1,92712.5,-11.66031443544545
2023-01-26 15:17:00+00:00,-162.5,short,oos,,4050.5,4053.75,1,1,92550.0,-11.815150071462602
2023-01-26 15:19:00+00:00,-50.0,short,oos,,4053.0,4054.0,1,1,92500.0,-11.862791805621725
2023-01-26 15:29:00+00:00,-162.5,long,oos,,4054.25,4051.0,1,9,92337.5,-12.017627441638876
2023-01-26 15:31:00+00:00,-125.0,long,oos,,4054.0,4051.5,1,1,92212.5,-12.136731777036685
2023-01-26 15:33:00+00:00,-175.0,short,oos,,4052.5,4056.0,1,1,92037.5,-12.303477846593616
2023-01-26 15:36:00+00:00,-137.5,long,oos,,4057.25,4054.5,1,2,91900.0,-12.434492615531205
2023-01-26 16:11:00+00:00,912.5,short,oos,,4053.75,4035.5,1,34,92812.5,-11.565030967127203
2023-01-26 16:13:00+00:00,0.0,short,oos,,4033.5,4033.5,1,1,92812.5,-11.565030967127203
2023-01-26 16:15:00+00:00,-262.5,short,oos,,4032.0,4037.25,1,1,92550.0,-11.815150071462602
2023-01-26 16:17:00+00:00,-162.5,short,oos,,4039.0,4042.25,1,1,92387.5,-11.969985707479752
2023-01-26 16:19:00+00:00,-50.0,short,oos,,4040.0,4041.0,1,1,92337.5,-12.017627441638876
2023-01-26 16:29:00+00:00,175.0,short,oos,,4039.0,4035.5,1,9,92512.5,-11.850881372081943
2023-01-26 16:31:00+00:00,-87.5,short,oos,,4037.75,4039.5,1,1,92425.0,-11.93425440686041
2023-01-26 16:33:00+00:00,87.5,short,oos,,4040.5,4038.75,1,1,92512.5,-11.850881372081943
2023-01-26 16:35:00+00:00,-75.0,short,oos,,4038.0,4039.5,1,1,92437.5,-11.92234397332063
2023-01-26 16:37:00+00:00,-137.5,short,oos,,4039.5,4042.25,1,1,92300.0,-12.053358742258217
2023-01-26 16:39:00+00:00,100.0,short,oos,,4041.25,4039.25,1,1,92400.0,-11.958075273939972
2023-01-26 16:41:00+00:00,-12.5,short,oos,,4037.75,4038.0,1,1,92387.5,-11.969985707479752
2023-01-26 16:43:00+00:00,-137.5,short,oos,,4038.25,4041.0,1,1,92250.0,-12.10100047641734
2023-01-26 16:45:00+00:00,-62.5,short,oos,,4042.0,4043.25,1,1,92187.5,-12.160552644116246
2023-01-26 16:47:00+00:00,25.0,short,oos,,4041.75,4041.25,1,1,92212.5,-12.136731777036685
2023-01-26 16:52:00+00:00,-125.0,long,oos,,4043.25,4040.75,1,4,92087.5,-12.255836112434492
2023-01-26 16:56:00+00:00,-100.0,long,oos,,4042.75,4040.75,1,3,91987.5,-12.351119580752739
2023-01-26 16:58:00+00:00,-87.5,short,oos,,4041.25,4043.0,1,1,91900.0,-12.434492615531205
2023-01-26 17:20:00+00:00,262.5,long,oos,,4044.25,4049.5,1,21,92162.5,-12.184373511195808
2023-01-26 17:24:00+00:00,-12.5,long,oos,,4050.5,4050.25,1,3,92150.0,-12.196283944735589
2023-01-26 17:26:00+00:00,62.5,long,oos,,4049.25,4050.5,1,1,92212.5,-12.136731777036685
2023-01-26 17:28:00+00:00,-37.5,long,oos,,4049.75,4049.0,1,1,92175.0,-12.172463077656026
2023-01-26 17:30:00+00:00,-50.0,long,oos,,4051.25,4050.25,1,1,92125.0,-12.22010481181515
2023-01-26 17:44:00+00:00,25.0,long,oos,,4050.5,4051.0,1,13,92150.0,-12.196283944735589
2023-01-26 17:46:00+00:00,75.0,long,oos,,4049.0,4050.5,1,1,92225.0,-12.124821343496903
2023-01-26 17:48:00+00:00,-125.0,long,oos,,4046.5,4044.0,1,1,92100.0,-12.243925678894712
2023-01-26 17:50:00+00:00,12.5,long,oos,,4046.5,4046.75,1,1,92112.5,-12.232015245354932
2023-01-26 17:52:00+00:00,25.0,long,oos,,4050.5,4051.0,1,1,92137.5,-12.208194378275369
2023-01-26 17:59:00+00:00,-187.5,long,oos,,4053.5,4049.75,1,6,91950.0,-12.386850881372082
2023-01-26 18:01:00+00:00,25.0,long,oos,,4049.25,4049.75,1,1,91975.0,-12.36303001429252
2023-01-26 18:06:00+00:00,-137.5,long,oos,,4052.5,4049.75,1,4,91837.5,-12.49404478323011
2023-01-26 18:08:00+00:00,-50.0,long,oos,,4048.0,4047.0,1,1,91787.5,-12.541686517389234
2023-01-26 18:14:00+00:00,-212.5,short,oos,,4045.5,4049.75,1,5,91575.0,-12.744163887565508
2023-01-26 18:16:00+00:00,-87.5,long,oos,,4049.0,4047.25,1,1,91487.5,-12.827536922343974
2023-01-26 18:18:00+00:00,-50.0,long,oos,,4049.25,4048.25,1,1,91437.5,-12.875178656503097
2023-01-26 18:22:00+00:00,-87.5,short,oos,,4047.0,4048.75,1,3,91350.0,-12.958551691281563
2023-01-26 18:54:00+00:00,362.5,long,oos,,4049.75,4057.0,1,31,91712.5,-12.613149118627916
2023-01-26 18:56:00+00:00,50.0,long,oos,,4056.25,4057.25,1,1,91762.5,-12.565507384468793
2023-01-26 18:58:00+00:00,62.5,long,oos,,4055.25,4056.5,1,1,91825.0,-12.50595521676989
2023-01-26 19:00:00+00:00,-25.0,long,oos,,4057.0,4056.5,1,1,91800.0,-12.529776083849454
2023-01-26 19:02:00+00:00,25.0,long,oos,,4053.75,4054.25,1,1,91825.0,-12.50595521676989
2023-01-26 19:04:00+00:00,-12.5,long,oos,,4055.0,4054.75,1,1,91812.5,-12.51786565030967
2023-01-26 19:06:00+00:00,25.0,long,oos,,4055.75,4056.25,1,1,91837.5,-12.49404478323011
2023-01-26 19:16:00+00:00,-12.5,long,oos,,4057.25,4057.0,1,9,91825.0,-12.50595521676989
2023-01-26 19:26:00+00:00,62.5,long,oos,,4057.75,4059.0,1,9,91887.5,-12.446403049070987
2023-01-26 19:28:00+00:00,-12.5,long,oos,,4056.0,4055.75,1,1,91875.0,-12.458313482610766
2023-01-26 19:30:00+00:00,62.5,long,oos,,4057.0,4058.25,1,1,91937.5,-12.398761314911862
2023-01-26 19:32:00+00:00,0.0,long,oos,,4058.75,4058.75,1,1,91937.5,-12.398761314911862
2023-01-26 19:40:00+00:00,-37.5,long,oos,,4060.25,4059.5,1,7,91900.0,-12.434492615531205
2023-01-26 19:50:00+00:00,-37.5,long,oos,,4061.5,4060.75,1,9,91862.5,-12.470223916150548
2023-01-26 19:52:00+00:00,-62.5,long,oos,,4060.5,4059.25,1,1,91800.0,-12.529776083849454
2023-01-26 19:54:00+00:00,50.0,long,oos,,4058.0,4059.0,1,1,91850.0,-12.482134349690329
2023-01-26 19:56:00+00:00,37.5,long,oos,,4058.25,4059.0,1,1,91887.5,-12.446403049070987
2023-01-26 19:58:00+00:00,62.5,long,oos,,4059.5,4060.75,1,1,91950.0,-12.386850881372082
2023-01-26 20:07:00+00:00,-50.0,long,oos,,4061.5,4060.5,1,8,91900.0,-12.434492615531205
2023-01-26 20:32:00+00:00,275.0,long,oos,,4059.75,4065.25,1,24,92175.0,-12.172463077656026
2023-01-26 20:38:00+00:00,-137.5,long,oos,,4068.0,4065.25,1,5,92037.5,-12.303477846593616
2023-01-26 20:40:00+00:00,37.5,long,oos,,4065.5,4066.25,1,1,92075.0,-12.267746545974273
2023-01-26 20:43:00+00:00,-62.5,long,oos,,4067.0,4065.75,1,2,92012.5,-12.327298713673178
2023-01-26 20:45:00+00:00,-25.0,long,oos,,4065.0,4064.5,1,1,91987.5,-12.351119580752739
2023-01-26 20:47:00+00:00,100.0,long,oos,,4063.5,4065.5,1,1,92087.5,-12.255836112434492
2023-01-26 20:54:00+00:00,25.0,long,oos,,4065.75,4066.25,1,6,92112.5,-12.232015245354932
2023-01-26 21:11:00+00:00,175.0,long,oos,,4068.0,4071.5,1,16,92287.5,-12.065269175797999
2023-01-26 21:13:00+00:00,-25.0,long,oos,,4071.75,4071.25,1,1,92262.5,-12.089090042877562
2023-01-26 21:15:00+00:00,25.0,long,oos,,4070.5,4071.0,1,1,92287.5,-12.065269175797999
2023-01-26 21:17:00+00:00,-12.5,long,oos,,4072.0,4071.75,1,1,92275.0,-12.07717960933778
2023-01-26 21:19:00+00:00,0.0,long,oos,,4070.5,4070.5,1,1,92275.0,-12.07717960933778
2023-01-26 21:21:00+00:00,0.0,long,oos,,4070.25,4070.25,1,1,92275.0,-12.07717960933778
2023-01-26 21:23:00+00:00,-37.5,long,oos,,4070.5,4069.75,1,1,92237.5,-12.112910909957122
2023-01-26 21:26:00+00:00,50.0,long,oos,,4070.25,4071.25,1,2,92287.5,-12.065269175797999
2023-01-26 21:28:00+00:00,-37.5,long,oos,,4071.0,4070.25,1,1,92250.0,-12.10100047641734
2023-01-26 21:33:00+00:00,-37.5,long,oos,,4070.75,4070.0,1,4,92212.5,-12.136731777036685
2023-01-26 21:35:00+00:00,-12.5,long,oos,,4069.5,4069.25,1,1,92200.0,-12.148642210576464
2023-01-26 21:37:00+00:00,-37.5,long,oos,,4069.25,4068.5,1,1,92162.5,-12.184373511195808
2023-01-26 21:39:00+00:00,12.5,long,oos,,4068.0,4068.25,1,1,92175.0,-12.172463077656026
2023-01-26 21:41:00+00:00,-12.5,long,oos,,4068.25,4068.0,1,1,92162.5,-12.184373511195808
2023-01-26 21:53:00+00:00,-25.0,short,oos,,4068.0,4068.5,1,11,92137.5,-12.208194378275369
2023-01-26 21:55:00+00:00,-12.5,short,oos,,4068.25,4068.5,1,1,92125.0,-12.22010481181515
2023-01-26 23:16:00+00:00,137.5,short,oos,,4068.25,4065.5,1,20,92262.5,-12.089090042877562
2023-01-26 23:18:00+00:00,-12.5,short,oos,,4065.25,4065.5,1,1,92250.0,-12.10100047641734
2023-01-26 23:20:00+00:00,-50.0,short,oos,,4065.25,4066.25,1,1,92200.0,-12.148642210576464
2023-01-26 23:22:00+00:00,-25.0,short,oos,,4065.5,4066.0,1,1,92175.0,-12.172463077656026
2023-01-26 23:24:00+00:00,0.0,short,oos,,4066.0,4066.0,1,1,92175.0,-12.172463077656026
2023-01-26 23:26:00+00:00,0.0,short,oos,,4065.75,4065.75,1,1,92175.0,-12.172463077656026
2023-01-26 23:38:00+00:00,-12.5,short,oos,,4065.0,4065.25,1,11,92162.5,-12.184373511195808
2023-01-26 23:57:00+00:00,75.0,short,oos,,4064.25,4062.75,1,18,92237.5,-12.112910909957122
2023-01-26 23:59:00+00:00,-25.0,short,oos,,4062.25,4062.75,1,1,92212.5,-12.136731777036685
2023-01-27 00:05:00+00:00,-25.0,short,oos,,4062.5,4063.0,1,5,92187.5,-12.160552644116246
2023-01-27 00:07:00+00:00,-12.5,short,oos,,4063.25,4063.5,1,1,92175.0,-12.172463077656026
2023-01-27 00:09:00+00:00,-12.5,short,oos,,4063.0,4063.25,1,1,92162.5,-12.184373511195808
2023-01-27 00:11:00+00:00,12.5,short,oos,,4063.5,4063.25,1,1,92175.0,-12.172463077656026
2023-01-27 00:13:00+00:00,-12.5,short,oos,,4063.5,4063.75,1,1,92162.5,-12.184373511195808
2023-01-27 00:15:00+00:00,12.5,short,oos,,4063.5,4063.25,1,1,92175.0,-12.172463077656026
2023-01-27 00:17:00+00:00,-37.5,short,oos,,4063.0,4063.75,1,1,92137.5,-12.208194378275369
2023-01-27 00:19:00+00:00,-37.5,short,oos,,4064.0,4064.75,1,1,92100.0,-12.243925678894712
2023-01-27 00:38:00+00:00,25.0,long,oos,,4065.25,4065.75,1,18,92125.0,-12.22010481181515
2023-01-27 00:40:00+00:00,-12.5,long,oos,,4065.5,4065.25,1,1,92112.5,-12.232015245354932
2023-01-27 00:42:00+00:00,-12.5,long,oos,,4065.75,4065.5,1,1,92100.0,-12.243925678894712
2023-01-27 00:44:00+00:00,-25.0,long,oos,,4065.25,4064.75,1,1,92075.0,-12.267746545974273
2023-01-27 00:51:00+00:00,-75.0,short,oos,,4064.25,4065.75,1,6,92000.0,-12.339209147212959
2023-01-27 00:53:00+00:00,-25.0,long,oos,,4065.5,4065.0,1,1,91975.0,-12.36303001429252
2023-01-27 00:55:00+00:00,-25.0,long,oos,,4065.0,4064.5,1,1,91950.0,-12.386850881372082
2023-01-27 00:57:00+00:00,12.5,long,oos,,4064.5,4064.75,1,1,91962.5,-12.374940447832302
2023-01-27 00:59:00+00:00,0.0,long,oos,,4064.5,4064.5,1,1,91962.5,-12.374940447832302
2023-01-27 01:08:00+00:00,-25.0,short,oos,,4064.25,4064.75,1,8,91937.5,-12.398761314911862
2023-01-27 01:23:00+00:00,-37.5,long,oos,,4065.25,4064.5,1,14,91900.0,-12.434492615531205
2023-01-27 01:35:00+00:00,-75.0,short,oos,,4063.25,4064.75,1,11,91825.0,-12.50595521676989
2023-01-27 01:39:00+00:00,-37.5,short,oos,,4063.75,4064.5,1,3,91787.5,-12.541686517389234
2023-01-27 01:41:00+00:00,0.0,short,oos,,4064.25,4064.25,1,1,91787.5,-12.541686517389234
2023-01-27 02:02:00+00:00,25.0,short,oos,,4064.0,4063.5,1,20,91812.5,-12.51786565030967
2023-01-27 02:04:00+00:00,0.0,short,oos,,4063.5,4063.5,1,1,91812.5,-12.51786565030967
2023-01-27 02:06:00+00:00,0.0,short,oos,,4063.5,4063.5,1,1,91812.5,-12.51786565030967
2023-01-27 02:08:00+00:00,-12.5,short,oos,,4063.75,4064.0,1,1,91800.0,-12.529776083849454
2023-01-27 02:10:00+00:00,-25.0,short,oos,,4064.25,4064.75,1,1,91775.0,-12.553596950929013
2023-01-27 02:23:00+00:00,-25.0,long,oos,,4064.75,4064.25,1,12,91750.0,-12.577417818008577
2023-01-27 02:25:00+00:00,-37.5,short,oos,,4064.0,4064.75,1,1,91712.5,-12.613149118627916
2023-01-27 02:29:00+00:00,-25.0,short,oos,,4064.25,4064.75,1,3,91687.5,-12.63696998570748
2023-01-27 02:35:00+00:00,-12.5,long,oos,,4064.75,4064.5,1,5,91675.0,-12.648880419247261
2023-01-27 02:44:00+00:00,25.0,long,oos,,4064.75,4065.25,1,8,91700.0,-12.6250595521677
2023-01-27 02:46:00+00:00,-12.5,long,oos,,4065.0,4064.75,1,1,91687.5,-12.63696998570748
2023-01-27 02:48:00+00:00,-25.0,long,oos,,4064.75,4064.25,1,1,91662.5,-12.660790852787041
2023-01-27 02:51:00+00:00,0.0,long,oos,,4065.0,4065.0,1,2,91662.5,-12.660790852787041
2023-01-27 02:53:00+00:00,12.5,long,oos,,4064.5,4064.75,1,1,91675.0,-12.648880419247261
2023-01-27 02:55:00+00:00,-37.5,long,oos,,4064.75,4064.0,1,1,91637.5,-12.684611719866604
2023-01-27 02:59:00+00:00,-37.5,short,oos,,4064.0,4064.75,1,3,91600.0,-12.720343020485947
2023-01-27 03:22:00+00:00,25.0,long,oos,,4064.5,4065.0,1,22,91625.0,-12.696522153406384
2023-01-27 03:24:00+00:00,-37.5,long,oos,,4064.75,4064.0,1,1,91587.5,-12.732253454025727
2023-01-27 03:44:00+00:00,12.5,short,oos,,4064.25,4064.0,1,19,91600.0,-12.720343020485947
2023-01-27 03:46:00+00:00,-12.5,short,oos,,4063.75,4064.0,1,1,91587.5,-12.732253454025727
2023-01-27 03:49:00+00:00,0.0,short,oos,,4063.75,4063.75,1,2,91587.5,-12.732253454025727
2023-01-27 03:52:00+00:00,0.0,short,oos,,4063.75,4063.75,1,2,91587.5,-12.732253454025727
2023-01-27 04:08:00+00:00,37.5,short,oos,,4063.25,4062.5,1,15,91625.0,-12.696522153406384
2023-01-27 04:10:00+00:00,0.0,short,oos,,4063.0,4063.0,1,1,91625.0,-12.696522153406384
2023-01-27 04:12:00+00:00,-25.0,short,oos,,4063.0,4063.5,1,1,91600.0,-12.720343020485947
2023-01-27 04:14:00+00:00,0.0,short,oos,,4063.5,4063.5,1,1,91600.0,-12.720343020485947
2023-01-27 04:16:00+00:00,-25.0,short,oos,,4063.5,4064.0,1,1,91575.0,-12.744163887565508
2023-01-27 04:18:00+00:00,0.0,short,oos,,4063.5,4063.5,1,1,91575.0,-12.744163887565508
2023-01-27 04:20:00+00:00,12.5,short,oos,,4063.75,4063.5,1,1,91587.5,-12.732253454025727
2023-01-27 04:22:00+00:00,0.0,short,oos,,4063.25,4063.25,1,1,91587.5,-12.732253454025727
2023-01-27 04:24:00+00:00,12.5,short,oos,,4063.5,4063.25,1,1,91600.0,-12.720343020485947
2023-01-27 04:26:00+00:00,-12.5,short,oos,,4063.5,4063.75,1,1,91587.5,-12.732253454025727
2023-01-27 04:28:00+00:00,-12.5,short,oos,,4063.5,4063.75,1,1,91575.0,-12.744163887565508
2023-01-27 04:31:00+00:00,12.5,short,oos,,4063.75,4063.5,1,2,91587.5,-12.732253454025727
2023-01-27 04:54:00+00:00,37.5,long,oos,,4064.0,4064.75,1,22,91625.0,-12.696522153406384
2023-01-27 04:56:00+00:00,-12.5,long,oos,,4064.75,4064.5,1,1,91612.5,-12.708432586946165
2023-01-27 04:58:00+00:00,12.5,long,oos,,4064.25,4064.5,1,1,91625.0,-12.696522153406384
2023-01-27 05:00:00+00:00,0.0,long,oos,,4064.0,4064.0,1,1,91625.0,-12.696522153406384
2023-01-27 05:02:00+00:00,12.5,long,oos,,4064.25,4064.5,1,1,91637.5,-12.684611719866604
2023-01-27 05:09:00+00:00,0.0,long,oos,,4064.5,4064.5,1,6,91637.5,-12.684611719866604
2023-01-27 05:11:00+00:00,0.0,long,oos,,4064.25,4064.25,1,1,91637.5,-12.684611719866604
2023-01-27 05:38:00+00:00,75.0,long,oos,,4064.25,4065.75,1,26,91712.5,-12.613149118627916
2023-01-27 05:40:00+00:00,0.0,long,oos,,4065.75,4065.75,1,1,91712.5,-12.613149118627916
2023-01-27 05:42:00+00:00,0.0,long,oos,,4065.5,4065.5,1,1,91712.5,-12.613149118627916
2023-01-27 05:44:00+00:00,-12.5,long,oos,,4065.5,4065.25,1,1,91700.0,-12.6250595521677
2023-01-27 05:46:00+00:00,0.0,long,oos,,4065.0,4065.0,1,1,91700.0,-12.6250595521677
2023-01-27 05:48:00+00:00,-12.5,long,oos,,4065.25,4065.0,1,1,91687.5,-12.63696998570748
2023-01-27 05:50:00+00:00,12.5,long,oos,,4065.0,4065.25,1,1,91700.0,-12.6250595521677
2023-01-27 05:52:00+00:00,-12.5,long,oos,,4065.25,4065.0,1,1,91687.5,-12.63696998570748
2023-01-27 05:54:00+00:00,12.5,long,oos,,4065.0,4065.25,1,1,91700.0,-12.6250595521677
2023-01-27 05:56:00+00:00,-12.5,long,oos,,4065.25,4065.0,1,1,91687.5,-12.63696998570748
2023-01-27 05:58:00+00:00,12.5,long,oos,,4065.0,4065.25,1,1,91700.0,-12.6250595521677
2023-01-27 06:00:00+00:00,0.0,long,oos,,4065.0,4065.0,1,1,91700.0,-12.6250595521677
2023-01-27 06:02:00+00:00,0.0,long,oos,,4065.0,4065.0,1,1,91700.0,-12.6250595521677
2023-01-27 06:09:00+00:00,12.5,long,oos,,4065.0,4065.25,1,6,91712.5,-12.613149118627916
2023-01-27 06:11:00+00:00,-37.5,long,oos,,4065.5,4064.75,1,1,91675.0,-12.648880419247261
2023-01-27 06:18:00+00:00,0.0,short,oos,,4065.0,4065.0,1,6,91675.0,-12.648880419247261
2023-01-27 06:23:00+00:00,-25.0,long,oos,,4065.25,4064.75,1,4,91650.0,-12.672701286326824
2023-01-27 06:26:00+00:00,-25.0,short,oos,,4064.75,4065.25,1,2,91625.0,-12.696522153406384
2023-01-27 06:28:00+00:00,-25.0,long,oos,,4065.0,4064.5,1,1,91600.0,-12.720343020485947
2023-01-27 06:30:00+00:00,-12.5,short,oos,,4064.5,4064.75,1,1,91587.5,-12.732253454025727
2023-01-27 06:52:00+00:00,150.0,short,oos,,4064.25,4061.25,1,21,91737.5,-12.589328251548357
2023-01-27 06:54:00+00:00,12.5,short,oos,,4061.25,4061.0,1,1,91750.0,-12.577417818008577
2023-01-27 06:56:00+00:00,0.0,short,oos,,4061.25,4061.25,1,1,91750.0,-12.577417818008577
2023-01-27 06:58:00+00:00,-12.5,short,oos,,4061.75,4062.0,1,1,91737.5,-12.589328251548357
2023-01-27 07:00:00+00:00,-37.5,short,oos,,4062.0,4062.75,1,1,91700.0,-12.6250595521677
2023-01-27 07:02:00+00:00,-25.0,short,oos,,4061.25,4061.75,1,1,91675.0,-12.648880419247261
2023-01-27 07:05:00+00:00,12.5,short,oos,,4061.5,4061.25,1,2,91687.5,-12.63696998570748
2023-01-27 07:20:00+00:00,-37.5,short,oos,,4060.75,4061.5,1,14,91650.0,-12.672701286326824
2023-01-27 07:22:00+00:00,-37.5,short,oos,,4061.75,4062.5,1,1,91612.5,-12.708432586946165
2023-01-27 07:24:00+00:00,-12.5,short,oos,,4062.25,4062.5,1,1,91600.0,-12.720343020485947
2023-01-27 07:26:00+00:00,0.0,short,oos,,4062.5,4062.5,1,1,91600.0,-12.720343020485947
2023-01-27 07:28:00+00:00,12.5,short,oos,,4062.75,4062.5,1,1,91612.5,-12.708432586946165
2023-01-27 07:30:00+00:00,-12.5,short,oos,,4062.5,4062.75,1,1,91600.0,-12.720343020485947
2023-01-27 07:32:00+00:00,25.0,short,oos,,4062.25,4061.75,1,1,91625.0,-12.696522153406384
2023-01-27 07:34:00+00:00,-12.5,short,oos,,4062.5,4062.75,1,1,91612.5,-12.708432586946165
2023-01-27 07:42:00+00:00,0.0,long,oos,,4062.75,4062.75,1,7,91612.5,-12.708432586946165
2023-01-27 07:44:00+00:00,0.0,long,oos,,4062.5,4062.5,1,1,91612.5,-12.708432586946165
2023-01-27 07:46:00+00:00,-25.0,long,oos,,4062.5,4062.0,1,1,91587.5,-12.732253454025727
2023-01-27 07:51:00+00:00,-62.5,short,oos,,4061.75,4063.0,1,4,91525.0,-12.791805621724631
2023-01-27 08:00:00+00:00,-25.0,long,oos,,4063.0,4062.5,1,8,91500.0,-12.815626488804194
2023-01-27 08:31:00+00:00,75.0,short,oos,,4061.75,4060.25,1,30,91575.0,-12.744163887565508
2023-01-27 08:48:00+00:00,0.0,long,oos,,4062.0,4062.0,1,16,91575.0,-12.744163887565508
2023-01-27 08:51:00+00:00,-87.5,short,oos,,4061.5,4063.25,1,2,91487.5,-12.827536922343974
2023-01-27 08:53:00+00:00,-37.5,long,oos,,4063.0,4062.25,1,1,91450.0,-12.863268222963317
2023-01-27 09:03:00+00:00,-25.0,short,oos,,4061.5,4062.0,1,9,91425.0,-12.887089090042878
2023-01-27 09:12:00+00:00,0.0,short,oos,,4061.25,4061.25,1,8,91425.0,-12.887089090042878
2023-01-27 09:20:00+00:00,-12.5,long,oos,,4061.5,4061.25,1,7,91412.5,-12.898999523582658
2023-01-27 09:22:00+00:00,-37.5,short,oos,,4061.25,4062.0,1,1,91375.0,-12.934730824202001
2023-01-27 09:25:00+00:00,12.5,short,oos,,4061.5,4061.25,1,2,91387.5,-12.92282039066222
2023-01-27 09:36:00+00:00,-50.0,short,oos,,4060.75,4061.75,1,10,91337.5,-12.970462124821344
2023-01-27 09:43:00+00:00,-25.0,long,oos,,4061.25,4060.75,1,6,91312.5,-12.994282991900905
2023-01-27 09:58:00+00:00,62.5,long,oos,,4061.0,4062.25,1,14,91375.0,-12.934730824202001
2023-01-27 10:02:00+00:00,-75.0,long,oos,,4063.5,4062.0,1,3,91300.0,-13.006193425440685
2023-01-27 10:09:00+00:00,12.5,long,oos,,4062.5,4062.75,1,6,91312.5,-12.994282991900905
2023-01-27 10:13:00+00:00,-25.0,long,oos,,4063.25,4062.75,1,3,91287.5,-13.018103858980467
2023-01-27 10:15:00+00:00,-25.0,long,oos,,4063.0,4062.5,1,1,91262.5,-13.041924726060028
2023-01-27 10:17:00+00:00,25.0,long,oos,,4062.0,4062.5,1,1,91287.5,-13.018103858980467
2023-01-27 10:19:00+00:00,0.0,long,oos,,4062.5,4062.5,1,1,91287.5,-13.018103858980467
2023-01-27 10:21:00+00:00,-12.5,long,oos,,4062.25,4062.0,1,1,91275.0,-13.030014292520248
2023-01-27 10:46:00+00:00,25.0,long,oos,,4063.75,4064.25,1,24,91300.0,-13.006193425440685
2023-01-27 10:48:00+00:00,12.5,long,oos,,4063.5,4063.75,1,1,91312.5,-12.994282991900905
2023-01-27 10:50:00+00:00,12.5,long,oos,,4063.25,4063.5,1,1,91325.0,-12.982372558361124
2023-01-27 10:52:00+00:00,-25.0,long,oos,,4064.0,4063.5,1,1,91300.0,-13.006193425440685
2023-01-27 11:12:00+00:00,100.0,long,oos,,4063.75,4065.75,1,19,91400.0,-12.91090995712244
2023-01-27 11:14:00+00:00,12.5,long,oos,,4065.75,4066.0,1,1,91412.5,-12.898999523582658
2023-01-27 11:17:00+00:00,-12.5,long,oos,,4066.0,4065.75,1,2,91400.0,-12.91090995712244
2023-01-27 11:19:00+00:00,12.5,long,oos,,4065.75,4066.0,1,1,91412.5,-12.898999523582658
2023-01-27 11:21:00+00:00,-37.5,long,oos,,4066.0,4065.25,1,1,91375.0,-12.934730824202001
2023-01-27 11:23:00+00:00,-25.0,long,oos,,4065.25,4064.75,1,1,91350.0,-12.958551691281563
2023-01-27 11:26:00+00:00,12.5,long,oos,,4065.25,4065.5,1,2,91362.5,-12.946641257741781
2023-01-27 11:28:00+00:00,-37.5,long,oos,,4065.75,4065.0,1,1,91325.0,-12.982372558361124
2023-01-27 11:32:00+00:00,-25.0,long,oos,,4065.75,4065.25,1,3,91300.0,-13.006193425440685
2023-01-27 11:49:00+00:00,50.0,long,oos,,4065.5,4066.5,1,16,91350.0,-12.958551691281563
2023-01-27 11:51:00+00:00,12.5,long,oos,,4065.5,4065.75,1,1,91362.5,-12.946641257741781
2023-01-27 11:53:00+00:00,-12.5,long,oos,,4065.5,4065.25,1,1,91350.0,-12.958551691281563
2023-01-27 11:55:00+00:00,0.0,long,oos,,4065.75,4065.75,1,1,91350.0,-12.958551691281563
2023-01-27 12:02:00+00:00,-87.5,short,oos,,4065.0,4066.75,1,6,91262.5,-13.041924726060028
2023-01-27 12:22:00+00:00,25.0,long,oos,,4068.0,4068.5,1,19,91287.5,-13.018103858980467
2023-01-27 12:26:00+00:00,-25.0,long,oos,,4068.75,4068.25,1,3,91262.5,-13.041924726060028
2023-01-27 12:28:00+00:00,-75.0,long,oos,,4067.25,4065.75,1,1,91187.5,-13.113387327298714
2023-01-27 12:50:00+00:00,100.0,short,oos,,4064.5,4062.5,1,21,91287.5,-13.018103858980467
2023-01-27 12:57:00+00:00,50.0,short,oos,,4063.0,4062.0,1,6,91337.5,-12.970462124821344
2023-01-27 13:05:00+00:00,-37.5,short,oos,,4061.0,4061.75,1,7,91300.0,-13.006193425440685
2023-01-27 13:08:00+00:00,37.5,short,oos,,4062.25,4061.5,1,2,91337.5,-12.970462124821344
2023-01-27 13:10:00+00:00,-25.0,short,oos,,4061.25,4061.75,1,1,91312.5,-12.994282991900905
2023-01-27 13:12:00+00:00,12.5,short,oos,,4062.0,4061.75,1,1,91325.0,-12.982372558361124
2023-01-27 13:14:00+00:00,-50.0,short,oos,,4061.75,4062.75,1,1,91275.0,-13.030014292520248
2023-01-27 13:16:00+00:00,25.0,short,oos,,4063.5,4063.0,1,1,91300.0,-13.006193425440685
2023-01-27 13:18:00+00:00,12.5,short,oos,,4063.5,4063.25,1,1,91312.5,-12.994282991900905
2023-01-27 13:20:00+00:00,-50.0,short,oos,,4062.0,4063.0,1,1,91262.5,-13.041924726060028
2023-01-27 13:22:00+00:00,-37.5,short,oos,,4061.5,4062.25,1,1,91225.0,-13.07765602667937
2023-01-27 13:30:00+00:00,-175.0,short,oos,,4061.75,4065.25,1,7,91050.0,-13.244402096236302
2023-01-27 13:32:00+00:00,-62.5,short,oos,,4060.75,4062.0,1,1,90987.5,-13.303954263935209
2023-01-27 13:49:00+00:00,37.5,long,oos,,4064.25,4065.0,1,16,91025.0,-13.268222963315864
2023-01-27 14:06:00+00:00,50.0,short,oos,,4063.5,4062.5,1,16,91075.0,-13.22058122915674
2023-01-27 14:16:00+00:00,75.0,short,oos,,4062.5,4061.0,1,9,91150.0,-13.149118627918055
2023-01-27 14:18:00+00:00,-25.0,short,oos,,4060.5,4061.0,1,1,91125.0,-13.172939494997618
2023-01-27 14:21:00+00:00,-100.0,short,oos,,4059.5,4061.5,1,2,91025.0,-13.268222963315864
2023-01-27 14:25:00+00:00,-25.0,short,oos,,4060.5,4061.0,1,3,91000.0,-13.292043830395425
2023-01-27 14:27:00+00:00,-87.5,short,oos,,4061.5,4063.25,1,1,90912.5,-13.375416865173891
2023-01-27 15:01:00+00:00,525.0,long,oos,,4063.5,4074.0,1,33,91437.5,-12.875178656503097
2023-01-27 15:20:00+00:00,375.0,long,oos,,4079.5,4087.0,1,18,91812.5,-12.51786565030967
2023-01-27 15:22:00+00:00,-150.0,long,oos,,4086.0,4083.0,1,1,91662.5,-12.660790852787041
2023-01-27 15:24:00+00:00,87.5,long,oos,,4080.75,4082.5,1,1,91750.0,-12.577417818008577
2023-01-27 15:26:00+00:00,-62.5,long,oos,,4082.5,4081.25,1,1,91687.5,-12.63696998570748
2023-01-27 15:28:00+00:00,87.5,long,oos,,4080.25,4082.0,1,1,91775.0,-12.553596950929013
2023-01-27 15:30:00+00:00,112.5,long,oos,,4082.25,4084.5,1,1,91887.5,-12.446403049070987
2023-01-27 15:33:00+00:00,0.0,long,oos,,4084.75,4084.75,1,2,91887.5,-12.446403049070987
2023-01-27 15:35:00+00:00,-225.0,long,oos,,4082.5,4078.0,1,1,91662.5,-12.660790852787041
2023-01-27 15:37:00+00:00,37.5,long,oos,,4080.75,4081.5,1,1,91700.0,-12.6250595521677
2023-01-27 15:40:00+00:00,-75.0,long,oos,,4082.75,4081.25,1,2,91625.0,-12.696522153406384
2023-01-27 15:42:00+00:00,0.0,long,oos,,4080.75,4080.75,1,1,91625.0,-12.696522153406384
2023-01-27 15:44:00+00:00,-112.5,long,oos,,4081.25,4079.0,1,1,91512.5,-12.803716055264411
2023-01-27 15:46:00+00:00,-62.5,long,oos,,4079.5,4078.25,1,1,91450.0,-12.863268222963317
2023-01-27 16:06:00+00:00,75.0,short,oos,,4072.75,4071.25,1,19,91525.0,-12.791805621724631
2023-01-27 16:08:00+00:00,100.0,short,oos,,4071.5,4069.5,1,1,91625.0,-12.696522153406384
2023-01-27 16:13:00+00:00,-187.5,short,oos,,4065.75,4069.5,1,4,91437.5,-12.875178656503097
2023-01-27 16:16:00+00:00,-37.5,short,oos,,4068.0,4068.75,1,2,91400.0,-12.91090995712244
2023-01-27 16:18:00+00:00,0.0,short,oos,,4073.25,4073.25,1,1,91400.0,-12.91090995712244
2023-01-27 16:20:00+00:00,25.0,short,oos,,4074.0,4073.5,1,1,91425.0,-12.887089090042878
2023-01-27 16:22:00+00:00,-37.5,short,oos,,4075.75,4076.5,1,1,91387.5,-12.92282039066222
2023-01-27 16:24:00+00:00,-25.0,short,oos,,4076.75,4077.25,1,1,91362.5,-12.946641257741781
2023-01-27 16:26:00+00:00,50.0,short,oos,,4077.0,4076.0,1,1,91412.5,-12.898999523582658
2023-01-27 17:00:00+00:00,412.5,long,oos,,4077.75,4086.0,1,33,91825.0,-12.50595521676989
2023-01-27 17:03:00+00:00,75.0,long,oos,,4084.0,4085.5,1,2,91900.0,-12.434492615531205
2023-01-27 17:05:00+00:00,-62.5,long,oos,,4084.5,4083.25,1,1,91837.5,-12.49404478323011
2023-01-27 17:07:00+00:00,0.0,long,oos,,4084.25,4084.25,1,1,91837.5,-12.49404478323011
2023-01-27 17:10:00+00:00,-25.0,long,oos,,4085.5,4085.0,1,2,91812.5,-12.51786565030967
2023-01-27 17:12:00+00:00,-112.5,long,oos,,4085.75,4083.5,1,1,91700.0,-12.6250595521677
2023-01-27 17:27:00+00:00,125.0,long,oos,,4086.0,4088.5,1,14,91825.0,-12.50595521676989
2023-01-27 17:29:00+00:00,25.0,long,oos,,4087.0,4087.5,1,1,91850.0,-12.482134349690329
2023-01-27 17:31:00+00:00,25.0,long,oos,,4086.75,4087.25,1,1,91875.0,-12.458313482610766
2023-01-27 17:33:00+00:00,25.0,long,oos,,4088.25,4088.75,1,1,91900.0,-12.434492615531205
2023-01-27 17:57:00+00:00,75.0,long,oos,,4089.5,4091.0,1,23,91975.0,-12.36303001429252
2023-01-27 18:00:00+00:00,-62.5,long,oos,,4093.0,4091.75,1,2,91912.5,-12.422582181991425
2023-01-27 18:02:00+00:00,-212.5,long,oos,,4093.0,4088.75,1,1,91700.0,-12.6250595521677
2023-01-27 18:04:00+00:00,-25.0,long,oos,,4090.0,4089.5,1,1,91675.0,-12.648880419247261
2023-01-27 18:06:00+00:00,-12.5,long,oos,,4089.25,4089.0,1,1,91662.5,-12.660790852787041
2023-01-27 18:08:00+00:00,-25.0,long,oos,,4090.0,4089.5,1,1,91637.5,-12.684611719866604
2023-01-27 18:10:00+00:00,0.0,long,oos,,4088.5,4088.5,1,1,91637.5,-12.684611719866604
2023-01-27 18:23:00+00:00,12.5,short,oos,,4088.0,4087.75,1,12,91650.0,-12.672701286326824
2023-01-27 18:29:00+00:00,-100.0,short,oos,,4086.5,4088.5,1,5,91550.0,-12.76798475464507
2023-01-27 18:31:00+00:00,-87.5,short,oos,,4088.0,4089.75,1,1,91462.5,-12.851357789423535
2023-01-27 18:42:00+00:00,-50.0,long,oos,,4090.0,4089.0,1,10,91412.5,-12.898999523582658
2023-01-27 18:45:00+00:00,-150.0,short,oos,,4087.5,4090.5,1,2,91262.5,-13.041924726060028
2023-01-27 18:47:00+00:00,-100.0,short,oos,,4089.5,4091.5,1,1,91162.5,-13.137208194378275
2023-01-27 18:51:00+00:00,-25.0,long,oos,,4090.75,4090.25,1,3,91137.5,-13.161029061457837
2023-01-27 18:53:00+00:00,-25.0,long,oos,,4090.75,4090.25,1,1,91112.5,-13.184849928537398
2023-01-27 18:57:00+00:00,-75.0,short,oos,,4089.0,4090.5,1,3,91037.5,-13.256312529776086
2023-01-27 19:09:00+00:00,-12.5,long,oos,,4090.75,4090.5,1,11,91025.0,-13.268222963315864
2023-01-27 19:35:00+00:00,262.5,long,oos,,4091.75,4097.0,1,25,91287.5,-13.018103858980467
2023-01-27 20:14:00+00:00,312.5,long,oos,,4098.5,4104.75,1,38,91600.0,-12.720343020485947
2023-01-27 20:16:00+00:00,37.5,long,oos,,4102.0,4102.75,1,1,91637.5,-12.684611719866604
2023-01-27 20:18:00+00:00,50.0,long,oos,,4100.5,4101.5,1,1,91687.5,-12.63696998570748
2023-01-27 20:20:00+00:00,50.0,long,oos,,4102.0,4103.0,1,1,91737.5,-12.589328251548357
2023-01-27 20:22:00+00:00,-12.5,long,oos,,4100.5,4100.25,1,1,91725.0,-12.601238685088138
2023-01-27 20:24:00+00:00,37.5,long,oos,,4101.0,4101.75,1,1,91762.5,-12.565507384468793
2023-01-27 20:26:00+00:00,-100.0,long,oos,,4102.25,4100.25,1,1,91662.5,-12.660790852787041
2023-01-27 20:28:00+00:00,50.0,long,oos,,4101.0,4102.0,1,1,91712.5,-12.613149118627916
2023-01-27 20:31:00+00:00,-12.5,long,oos,,4102.5,4102.25,1,2,91700.0,-12.6250595521677
2023-01-27 20:39:00+00:00,-62.5,long,oos,,4103.75,4102.5,1,7,91637.5,-12.684611719866604
2023-01-27 20:43:00+00:00,-112.5,long,oos,,4102.5,4100.25,1,3,91525.0,-12.791805621724631
2023-01-27 20:45:00+00:00,-50.0,long,oos,,4101.25,4100.25,1,1,91475.0,-12.839447355883754
2023-01-27 21:14:00+00:00,537.5,short,oos,,4095.25,4084.5,1,28,92012.5,-12.327298713673178
2023-01-27 21:16:00+00:00,37.5,short,oos,,4084.25,4083.5,1,1,92050.0,-12.291567413053835
2023-01-27 21:21:00+00:00,-12.5,short,oos,,4083.5,4083.75,1,4,92037.5,-12.303477846593616
2023-01-27 21:23:00+00:00,0.0,short,oos,,4084.0,4084.0,1,1,92037.5,-12.303477846593616
2023-01-27 21:30:00+00:00,-12.5,short,oos,,4083.25,4083.5,1,6,92025.0,-12.315388280133396
2023-01-27 21:34:00+00:00,-12.5,short,oos,,4083.25,4083.5,1,3,92012.5,-12.327298713673178
2023-01-27 21:36:00+00:00,12.5,short,oos,,4083.5,4083.25,1,1,92025.0,-12.315388280133396
2023-01-27 21:39:00+00:00,-12.5,short,oos,,4083.0,4083.25,1,2,92012.5,-12.327298713673178
2023-01-27 21:41:00+00:00,-25.0,short,oos,,4083.25,4083.75,1,1,91987.5,-12.351119580752739
2023-01-27 21:43:00+00:00,-12.5,short,oos,,4083.5,4083.75,1,1,91975.0,-12.36303001429252
2023-01-27 21:45:00+00:00,-25.0,short,oos,,4083.25,4083.75,1,1,91950.0,-12.386850881372082
2023-01-27 21:47:00+00:00,-12.5,short,oos,,4083.25,4083.5,1,1,91937.5,-12.398761314911862
2023-01-27 21:59:00+00:00,-25.0,short,oos,,4082.75,4083.25,1,11,91912.5,-12.422582181991425
2023-01-29 23:09:00+00:00,-287.5,short,oos,,4077.0,4082.75,1,9,91625.0,-12.696522153406384
2023-01-29 23:11:00+00:00,-12.5,short,oos,,4082.25,4082.5,1,1,91612.5,-12.708432586946165
2023-01-29 23:13:00+00:00,-50.0,short,oos,,4083.25,4084.25,1,1,91562.5,-12.756074321105288
2023-01-29 23:15:00+00:00,0.0,short,oos,,4084.75,4084.75,1,1,91562.5,-12.756074321105288
2023-01-29 23:17:00+00:00,-12.5,short,oos,,4083.5,4083.75,1,1,91550.0,-12.76798475464507
2023-01-29 23:20:00+00:00,50.0,short,oos,,4083.5,4082.5,1,2,91600.0,-12.720343020485947
2023-01-29 23:40:00+00:00,75.0,short,oos,,4079.5,4078.0,1,19,91675.0,-12.648880419247261
2023-01-29 23:42:00+00:00,0.0,short,oos,,4078.25,4078.25,1,1,91675.0,-12.648880419247261
2023-01-29 23:45:00+00:00,37.5,short,oos,,4078.75,4078.0,1,2,91712.5,-12.613149118627916
2023-01-29 23:49:00+00:00,0.0,short,oos,,4077.75,4077.75,1,3,91712.5,-12.613149118627916
2023-01-29 23:51:00+00:00,-12.5,short,oos,,4077.5,4077.75,1,1,91700.0,-12.6250595521677
2023-01-29 23:53:00+00:00,-25.0,short,oos,,4077.5,4078.0,1,1,91675.0,-12.648880419247261
2023-01-29 23:55:00+00:00,-25.0,short,oos,,4079.0,4079.5,1,1,91650.0,-12.672701286326824
2023-01-29 23:57:00+00:00,25.0,short,oos,,4079.5,4079.0,1,1,91675.0,-12.648880419247261
2023-01-30 00:04:00+00:00,0.0,short,oos,,4078.0,4078.0,1,6,91675.0,-12.648880419247261
2023-01-30 00:06:00+00:00,12.5,short,oos,,4078.75,4078.5,1,1,91687.5,-12.63696998570748
2023-01-30 00:08:00+00:00,-12.5,short,oos,,4079.25,4079.5,1,1,91675.0,-12.648880419247261
2023-01-30 00:10:00+00:00,-25.0,short,oos,,4079.75,4080.25,1,1,91650.0,-12.672701286326824
2023-01-30 00:12:00+00:00,12.5,short,oos,,4080.0,4079.75,1,1,91662.5,-12.660790852787041
2023-01-30 00:14:00+00:00,-12.5,short,oos,,4080.0,4080.25,1,1,91650.0,-12.672701286326824
2023-01-30 00:28:00+00:00,0.0,long,oos,,4080.75,4080.75,1,13,91650.0,-12.672701286326824
2023-01-30 00:31:00+00:00,0.0,long,oos,,4080.5,4080.5,1,2,91650.0,-12.672701286326824
2023-01-30 00:33:00+00:00,25.0,long,oos,,4080.0,4080.5,1,1,91675.0,-12.648880419247261
2023-01-30 00:35:00+00:00,-37.5,long,oos,,4080.25,4079.5,1,1,91637.5,-12.684611719866604
2023-01-30 00:53:00+00:00,0.0,short,oos,,4079.25,4079.25,1,17,91637.5,-12.684611719866604
2023-01-30 00:55:00+00:00,0.0,short,oos,,4078.75,4078.75,1,1,91637.5,-12.684611719866604
2023-01-30 01:00:00+00:00,12.5,short,oos,,4079.0,4078.75,1,4,91650.0,-12.672701286326824
2023-01-30 01:02:00+00:00,-25.0,short,oos,,4078.25,4078.75,1,1,91625.0,-12.696522153406384
2023-01-30 01:04:00+00:00,-12.5,short,oos,,4078.25,4078.5,1,1,91612.5,-12.708432586946165
2023-01-30 01:23:00+00:00,75.0,short,oos,,4078.25,4076.75,1,18,91687.5,-12.63696998570748
2023-01-30 01:25:00+00:00,0.0,short,oos,,4077.0,4077.0,1,1,91687.5,-12.63696998570748
2023-01-30 01:27:00+00:00,-37.5,short,oos,,4076.25,4077.0,1,1,91650.0,-12.672701286326824
2023-01-30 01:29:00+00:00,0.0,short,oos,,4076.75,4076.75,1,1,91650.0,-12.672701286326824
2023-01-30 01:32:00+00:00,25.0,short,oos,,4076.75,4076.25,1,2,91675.0,-12.648880419247261
2023-01-30 01:35:00+00:00,-25.0,short,oos,,4075.75,4076.25,1,2,91650.0,-12.672701286326824
2023-01-30 01:44:00+00:00,-37.5,short,oos,,4075.5,4076.25,1,8,91612.5,-12.708432586946165
2023-01-30 01:46:00+00:00,-37.5,short,oos,,4076.5,4077.25,1,1,91575.0,-12.744163887565508
2023-01-30 01:48:00+00:00,25.0,short,oos,,4076.75,4076.25,1,1,91600.0,-12.720343020485947
2023-01-30 01:50:00+00:00,0.0,short,oos,,4076.25,4076.25,1,1,91600.0,-12.720343020485947
2023-01-30 01:52:00+00:00,-12.5,short,oos,,4076.25,4076.5,1,1,91587.5,-12.732253454025727
2023-01-30 01:54:00+00:00,-12.5,short,oos,,4076.25,4076.5,1,1,91575.0,-12.744163887565508
2023-01-30 01:56:00+00:00,-12.5,short,oos,,4076.25,4076.5,1,1,91562.5,-12.756074321105288
2023-01-30 01:58:00+00:00,0.0,short,oos,,4076.25,4076.25,1,1,91562.5,-12.756074321105288
2023-01-30 02:11:00+00:00,-25.0,short,oos,,4075.25,4075.75,1,12,91537.5,-12.77989518818485
2023-01-30 02:13:00+00:00,-12.5,short,oos,,4075.5,4075.75,1,1,91525.0,-12.791805621724631
2023-01-30 02:16:00+00:00,-25.0,short,oos,,4075.25,4075.75,1,2,91500.0,-12.815626488804194
2023-01-30 02:18:00+00:00,-12.5,short,oos,,4075.5,4075.75,1,1,91487.5,-12.827536922343974
2023-01-30 02:22:00+00:00,-12.5,short,oos,,4075.25,4075.5,1,3,91475.0,-12.839447355883754
2023-01-30 02:24:00+00:00,-12.5,short,oos,,4075.75,4076.0,1,1,91462.5,-12.851357789423535
2023-01-30 02:26:00+00:00,-12.5,short,oos,,4076.0,4076.25,1,1,91450.0,-12.863268222963317
2023-01-30 02:28:00+00:00,-25.0,short,oos,,4076.25,4076.75,1,1,91425.0,-12.887089090042878
2023-01-30 02:30:00+00:00,0.0,short,oos,,4076.25,4076.25,1,1,91425.0,-12.887089090042878
2023-01-30 02:32:00+00:00,-12.5,short,oos,,4076.0,4076.25,1,1,91412.5,-12.898999523582658
2023-01-30 02:34:00+00:00,-37.5,long,oos,,4076.5,4075.75,1,1,91375.0,-12.934730824202001
2023-01-30 02:47:00+00:00,-25.0,short,oos,,4075.25,4075.75,1,12,91350.0,-12.958551691281563
2023-01-30 02:50:00+00:00,0.0,short,oos,,4075.25,4075.25,1,2,91350.0,-12.958551691281563
2023-01-30 02:53:00+00:00,0.0,short,oos,,4075.5,4075.5,1,2,91350.0,-12.958551691281563
2023-01-30 02:55:00+00:00,12.5,short,oos,,4075.5,4075.25,1,1,91362.5,-12.946641257741781
2023-01-30 03:19:00+00:00,125.0,short,oos,,4075.25,4072.75,1,23,91487.5,-12.827536922343974
2023-01-30 03:21:00+00:00,-37.5,short,oos,,4072.5,4073.25,1,1,91450.0,-12.863268222963317
2023-01-30 03:23:00+00:00,-12.5,short,oos,,4073.25,4073.5,1,1,91437.5,-12.875178656503097
2023-01-30 03:25:00+00:00,0.0,short,oos,,4073.75,4073.75,1,1,91437.5,-12.875178656503097
2023-01-30 03:27:00+00:00,25.0,short,oos,,4074.0,4073.5,1,1,91462.5,-12.851357789423535
2023-01-30 03:29:00+00:00,-12.5,short,oos,,4073.5,4073.75,1,1,91450.0,-12.863268222963317
2023-01-30 03:33:00+00:00,-12.5,short,oos,,4073.25,4073.5,1,3,91437.5,-12.875178656503097
2023-01-30 03:35:00+00:00,-12.5,short,oos,,4073.75,4074.0,1,1,91425.0,-12.887089090042878
2023-01-30 03:47:00+00:00,-37.5,long,oos,,4075.0,4074.25,1,11,91387.5,-12.92282039066222
2023-01-30 03:59:00+00:00,-12.5,short,oos,,4074.25,4074.5,1,11,91375.0,-12.934730824202001
2023-01-30 04:04:00+00:00,-12.5,long,oos,,4074.25,4074.0,1,4,91362.5,-12.946641257741781
2023-01-30 04:06:00+00:00,-25.0,short,oos,,4073.75,4074.25,1,1,91337.5,-12.970462124821344
2023-01-30 04:08:00+00:00,-12.5,short,oos,,4073.75,4074.0,1,1,91325.0,-12.982372558361124
2023-01-30 04:24:00+00:00,0.0,long,oos,,4074.5,4074.5,1,15,91325.0,-12.982372558361124
2023-01-30 05:20:00+00:00,225.0,short,oos,,4074.0,4069.5,1,55,91550.0,-12.76798475464507
2023-01-30 05:26:00+00:00,12.5,short,oos,,4069.5,4069.25,1,5,91562.5,-12.756074321105288
2023-01-30 05:29:00+00:00,-62.5,short,oos,,4068.25,4069.5,1,2,91500.0,-12.815626488804194
2023-01-30 05:31:00+00:00,25.0,short,oos,,4069.75,4069.25,1,1,91525.0,-12.791805621724631
2023-01-30 05:34:00+00:00,0.0,short,oos,,4069.25,4069.25,1,2,91525.0,-12.791805621724631
2023-01-30 05:37:00+00:00,0.0,short,oos,,4069.25,4069.25,1,2,91525.0,-12.791805621724631
2023-01-30 05:39:00+00:00,0.0,short,oos,,4070.0,4070.0,1,1,91525.0,-12.791805621724631
2023-01-30 05:41:00+00:00,-12.5,short,oos,,4069.75,4070.0,1,1,91512.5,-12.803716055264411
2023-01-30 05:43:00+00:00,0.0,short,oos,,4070.25,4070.25,1,1,91512.5,-12.803716055264411
2023-01-30 05:45:00+00:00,-12.5,short,oos,,4070.5,4070.75,1,1,91500.0,-12.815626488804194
2023-01-30 05:47:00+00:00,0.0,short,oos,,4070.75,4070.75,1,1,91500.0,-12.815626488804194
2023-01-30 05:49:00+00:00,0.0,short,oos,,4070.5,4070.5,1,1,91500.0,-12.815626488804194
2023-01-30 05:51:00+00:00,-25.0,short,oos,,4070.75,4071.25,1,1,91475.0,-12.839447355883754
2023-01-30 05:53:00+00:00,0.0,short,oos,,4071.0,4071.0,1,1,91475.0,-12.839447355883754
2023-01-30 05:55:00+00:00,0.0,short,oos,,4070.5,4070.5,1,1,91475.0,-12.839447355883754
2023-01-30 05:57:00+00:00,0.0,short,oos,,4070.5,4070.5,1,1,91475.0,-12.839447355883754
2023-01-30 06:04:00+00:00,0.0,short,oos,,4070.25,4070.25,1,6,91475.0,-12.839447355883754
2023-01-30 06:06:00+00:00,-12.5,short,oos,,4070.25,4070.5,1,1,91462.5,-12.851357789423535
2023-01-30 06:13:00+00:00,-25.0,short,oos,,4070.5,4071.0,1,6,91437.5,-12.875178656503097
2023-01-30 06:15:00+00:00,-25.0,short,oos,,4070.0,4070.5,1,1,91412.5,-12.898999523582658
2023-01-30 06:20:00+00:00,-75.0,long,oos,,4071.0,4069.5,1,4,91337.5,-12.970462124821344
2023-01-30 06:24:00+00:00,-25.0,short,oos,,4070.0,4070.5,1,3,91312.5,-12.994282991900905
2023-01-30 06:26:00+00:00,-12.5,short,oos,,4070.0,4070.25,1,1,91300.0,-13.006193425440685
2023-01-30 06:28:00+00:00,-25.0,long,oos,,4070.5,4070.0,1,1,91275.0,-13.030014292520248
2023-01-30 06:56:00+00:00,50.0,short,oos,,4069.25,4068.25,1,27,91325.0,-12.982372558361124
2023-01-30 06:58:00+00:00,-12.5,short,oos,,4068.5,4068.75,1,1,91312.5,-12.994282991900905
2023-01-30 07:00:00+00:00,12.5,short,oos,,4068.75,4068.5,1,1,91325.0,-12.982372558361124
2023-01-30 07:05:00+00:00,62.5,short,oos,,4069.0,4067.75,1,4,91387.5,-12.92282039066222
2023-01-30 07:07:00+00:00,12.5,short,oos,,4068.75,4068.5,1,1,91400.0,-12.91090995712244
2023-01-30 07:34:00+00:00,237.5,short,oos,,4068.25,4063.5,1,26,91637.5,-12.684611719866604
2023-01-30 07:38:00+00:00,37.5,short,oos,,4064.0,4063.25,1,3,91675.0,-12.648880419247261
2023-01-30 07:55:00+00:00,50.0,short,oos,,4063.0,4062.0,1,16,91725.0,-12.601238685088138
2023-01-30 07:57:00+00:00,-62.5,short,oos,,4062.25,4063.5,1,1,91662.5,-12.660790852787041
2023-01-30 07:59:00+00:00,-37.5,short,oos,,4062.75,4063.5,1,1,91625.0,-12.696522153406384
2023-01-30 08:34:00+00:00,500.0,short,oos,,4062.75,4052.75,1,34,92125.0,-12.22010481181515
2023-01-30 08:36:00+00:00,-12.5,short,oos,,4052.25,4052.5,1,1,92112.5,-12.232015245354932
2023-01-30 08:38:00+00:00,12.5,short,oos,,4054.25,4054.0,1,1,92125.0,-12.22010481181515
2023-01-30 08:40:00+00:00,-25.0,short,oos,,4053.5,4054.0,1,1,92100.0,-12.243925678894712
2023-01-30 08:42:00+00:00,-87.5,short,oos,,4054.25,4056.0,1,1,92012.5,-12.327298713673178
2023-01-30 08:44:00+00:00,12.5,short,oos,,4055.75,4055.5,1,1,92025.0,-12.315388280133396
2023-01-30 08:46:00+00:00,-25.0,short,oos,,4054.75,4055.25,1,1,92000.0,-12.339209147212959
2023-01-30 08:48:00+00:00,12.5,short,oos,,4054.75,4054.5,1,1,92012.5,-12.327298713673178
2023-01-30 08:50:00+00:00,25.0,short,oos,,4055.5,4055.0,1,1,92037.5,-12.303477846593616
2023-01-30 08:52:00+00:00,-37.5,short,oos,,4054.0,4054.75,1,1,92000.0,-12.339209147212959
2023-01-30 09:01:00+00:00,-37.5,short,oos,,4054.5,4055.25,1,8,91962.5,-12.374940447832302
2023-01-30 09:03:00+00:00,-12.5,short,oos,,4055.0,4055.25,1,1,91950.0,-12.386850881372082
2023-01-30 09:08:00+00:00,0.0,short,oos,,4054.75,4054.75,1,4,91950.0,-12.386850881372082
2023-01-30 09:13:00+00:00,-25.0,short,oos,,4053.25,4053.75,1,4,91925.0,-12.410671748451643
2023-01-30 09:15:00+00:00,-75.0,short,oos,,4053.0,4054.5,1,1,91850.0,-12.482134349690329
2023-01-30 09:17:00+00:00,-37.5,short,oos,,4054.5,4055.25,1,1,91812.5,-12.51786565030967
2023-01-30 09:19:00+00:00,12.5,short,oos,,4055.5,4055.25,1,1,91825.0,-12.50595521676989
2023-01-30 09:26:00+00:00,-87.5,long,oos,,4056.25,4054.5,1,6,91737.5,-12.589328251548357
2023-01-30 09:49:00+00:00,287.5,short,oos,,4055.25,4049.5,1,22,92025.0,-12.315388280133396
2023-01-30 09:51:00+00:00,100.0,short,oos,,4051.5,4049.5,1,1,92125.0,-12.22010481181515
2023-01-30 09:53:00+00:00,25.0,short,oos,,4049.5,4049.0,1,1,92150.0,-12.196283944735589
2023-01-30 09:55:00+00:00,12.5,short,oos,,4049.75,4049.5,1,1,92162.5,-12.184373511195808
2023-01-30 09:57:00+00:00,-50.0,short,oos,,4049.0,4050.0,1,1,92112.5,-12.232015245354932
2023-01-30 09:59:00+00:00,-25.0,short,oos,,4048.75,4049.25,1,1,92087.5,-12.255836112434492
2023-01-30 10:08:00+00:00,0.0,short,oos,,4049.25,4049.25,1,8,92087.5,-12.255836112434492
2023-01-30 10:12:00+00:00,-25.0,short,oos,,4048.25,4048.75,1,3,92062.5,-12.279656979514055
2023-01-30 10:14:00+00:00,-12.5,short,oos,,4049.25,4049.5,1,1,92050.0,-12.291567413053835
2023-01-30 10:16:00+00:00,0.0,short,oos,,4048.75,4048.75,1,1,92050.0,-12.291567413053835
2023-01-30 10:19:00+00:00,-37.5,short,oos,,4048.75,4049.5,1,2,92012.5,-12.327298713673178
2023-01-30 10:21:00+00:00,-25.0,short,oos,,4049.0,4049.5,1,1,91987.5,-12.351119580752739
2023-01-30 10:23:00+00:00,25.0,short,oos,,4049.75,4049.25,1,1,92012.5,-12.327298713673178
2023-01-30 10:25:00+00:00,-62.5,short,oos,,4048.25,4049.5,1,1,91950.0,-12.386850881372082
2023-01-30 10:35:00+00:00,-25.0,short,oos,,4049.75,4050.25,1,9,91925.0,-12.410671748451643
2023-01-30 10:37:00+00:00,-12.5,short,oos,,4049.25,4049.5,1,1,91912.5,-12.422582181991425
2023-01-30 10:39:00+00:00,-12.5,short,oos,,4049.75,4050.0,1,1,91900.0,-12.434492615531205
2023-01-30 10:41:00+00:00,-50.0,short,oos,,4050.25,4051.25,1,1,91850.0,-12.482134349690329
2023-01-30 10:53:00+00:00,-125.0,long,oos,,4051.75,4049.25,1,11,91725.0,-12.601238685088138
2023-01-30 11:00:00+00:00,-87.5,short,oos,,4049.0,4050.75,1,6,91637.5,-12.684611719866604
2023-01-30 11:02:00+00:00,-87.5,long,oos,,4050.5,4048.75,1,1,91550.0,-12.76798475464507
2023-01-30 11:08:00+00:00,-62.5,short,oos,,4048.75,4050.0,1,5,91487.5,-12.827536922343974
2023-01-30 11:42:00+00:00,275.0,short,oos,,4048.5,4043.0,1,33,91762.5,-12.565507384468793
2023-01-30 11:45:00+00:00,-37.5,short,oos,,4041.75,4042.5,1,2,91725.0,-12.601238685088138
2023-01-30 11:47:00+00:00,37.5,short,oos,,4043.5,4042.75,1,1,91762.5,-12.565507384468793
2023-01-30 11:49:00+00:00,-12.5,short,oos,,4044.75,4045.0,1,1,91750.0,-12.577417818008577
2023-01-30 11:51:00+00:00,75.0,short,oos,,4044.5,4043.0,1,1,91825.0,-12.50595521676989
2023-01-30 11:53:00+00:00,-62.5,short,oos,,4042.0,4043.25,1,1,91762.5,-12.565507384468793
2023-01-30 11:55:00+00:00,-25.0,short,oos,,4043.5,4044.0,1,1,91737.5,-12.589328251548357
2023-01-30 11:57:00+00:00,-37.5,short,oos,,4044.5,4045.25,1,1,91700.0,-12.6250595521677
2023-01-30 11:59:00+00:00,-37.5,short,oos,,4044.25,4045.0,1,1,91662.5,-12.660790852787041
2023-01-30 12:01:00+00:00,-37.5,short,oos,,4044.25,4045.0,1,1,91625.0,-12.696522153406384
2023-01-30 12:03:00+00:00,-12.5,short,oos,,4045.5,4045.75,1,1,91612.5,-12.708432586946165
2023-01-30 12:25:00+00:00,-12.5,long,oos,,4046.5,4046.25,1,21,91600.0,-12.720343020485947
2023-01-30 12:27:00+00:00,-12.5,long,oos,,4046.75,4046.5,1,1,91587.5,-12.732253454025727
2023-01-30 12:29:00+00:00,-50.0,short,oos,,4046.25,4047.25,1,1,91537.5,-12.77989518818485
2023-01-30 12:33:00+00:00,-62.5,long,oos,,4048.0,4046.75,1,3,91475.0,-12.839447355883754
2023-01-30 12:36:00+00:00,-37.5,long,oos,,4047.0,4046.25,1,2,91437.5,-12.875178656503097
2023-01-30 12:38:00+00:00,-25.0,long,oos,,4045.75,4045.25,1,1,91412.5,-12.898999523582658
2023-01-30 12:42:00+00:00,-87.5,short,oos,,4045.75,4047.5,1,3,91325.0,-12.982372558361124
2023-01-30 13:00:00+00:00,87.5,long,oos,,4047.5,4049.25,1,17,91412.5,-12.898999523582658
2023-01-30 13:02:00+00:00,-62.5,long,oos,,4049.25,4048.0,1,1,91350.0,-12.958551691281563
2023-01-30 13:04:00+00:00,37.5,long,oos,,4046.75,4047.5,1,1,91387.5,-12.92282039066222
2023-01-30 13:06:00+00:00,-12.5,long,oos,,4048.0,4047.75,1,1,91375.0,-12.934730824202001
2023-01-30 13:31:00+00:00,137.5,long,oos,,4048.0,4050.75,1,24,91512.5,-12.803716055264411
2023-01-30 13:33:00+00:00,-37.5,long,oos,,4049.25,4048.5,1,1,91475.0,-12.839447355883754
2023-01-30 13:35:00+00:00,-25.0,long,oos,,4050.0,4049.5,1,1,91450.0,-12.863268222963317
2023-01-30 13:37:00+00:00,0.0,long,oos,,4049.75,4049.75,1,1,91450.0,-12.863268222963317
2023-01-30 13:39:00+00:00,-50.0,long,oos,,4049.75,4048.75,1,1,91400.0,-12.91090995712244
2023-01-30 13:45:00+00:00,-137.5,short,oos,,4048.0,4050.75,1,5,91262.5,-13.041924726060028
2023-01-30 13:47:00+00:00,-50.0,long,oos,,4051.25,4050.25,1,1,91212.5,-13.089566460219151
2023-01-30 14:03:00+00:00,25.0,long,oos,,4051.5,4052.0,1,15,91237.5,-13.06574559313959
2023-01-30 14:05:00+00:00,-12.5,long,oos,,4051.0,4050.75,1,1,91225.0,-13.07765602667937
2023-01-30 14:07:00+00:00,12.5,long,oos,,4051.25,4051.5,1,1,91237.5,-13.06574559313959
2023-01-30 14:18:00+00:00,12.5,long,oos,,4052.5,4052.75,1,10,91250.0,-13.053835159599808
2023-01-30 14:29:00+00:00,62.5,long,oos,,4053.0,4054.25,1,10,91312.5,-12.994282991900905
2023-01-30 14:55:00+00:00,375.0,long,oos,,4054.5,4062.0,1,25,91687.5,-12.63696998570748
2023-01-30 15:14:00+00:00,300.0,long,oos,,4064.25,4070.25,1,18,91987.5,-12.351119580752739
2023-01-30 15:16:00+00:00,-125.0,long,oos,,4073.0,4070.5,1,1,91862.5,-12.470223916150548
2023-01-30 15:18:00+00:00,87.5,long,oos,,4067.75,4069.5,1,1,91950.0,-12.386850881372082
2023-01-30 15:20:00+00:00,25.0,long,oos,,4067.0,4067.5,1,1,91975.0,-12.36303001429252
2023-01-30 15:22:00+00:00,-187.5,long,oos,,4069.25,4065.5,1,1,91787.5,-12.541686517389234
2023-01-30 15:24:00+00:00,-162.5,long,oos,,4067.75,4064.5,1,1,91625.0,-12.696522153406384
2023-01-30 15:26:00+00:00,25.0,long,oos,,4063.5,4064.0,1,1,91650.0,-12.672701286326824
2023-01-30 15:28:00+00:00,-50.0,long,oos,,4062.0,4061.0,1,1,91600.0,-12.720343020485947
2023-01-30 15:51:00+00:00,337.5,short,oos,,4061.25,4054.5,1,22,91937.5,-12.398761314911862
2023-01-30 15:56:00+00:00,100.0,short,oos,,4053.75,4051.75,1,4,92037.5,-12.303477846593616
2023-01-30 15:58:00+00:00,-37.5,short,oos,,4051.75,4052.5,1,1,92000.0,-12.339209147212959
2023-01-30 16:00:00+00:00,-50.0,short,oos,,4055.5,4056.5,1,1,91950.0,-12.386850881372082
2023-01-30 16:02:00+00:00,-75.0,short,oos,,4055.5,4057.0,1,1,91875.0,-12.458313482610766
2023-01-30 16:04:00+00:00,0.0,short,oos,,4057.0,4057.0,1,1,91875.0,-12.458313482610766
2023-01-30 16:06:00+00:00,0.0,short,oos,,4055.0,4055.0,1,1,91875.0,-12.458313482610766
2023-01-30 16:09:00+00:00,12.5,short,oos,,4055.0,4054.75,1,2,91887.5,-12.446403049070987
2023-01-30 16:11:00+00:00,-87.5,short,oos,,4056.25,4058.0,1,1,91800.0,-12.529776083849454
2023-01-30 16:13:00+00:00,-75.0,short,oos,,4061.25,4062.75,1,1,91725.0,-12.601238685088138
2023-01-30 16:15:00+00:00,75.0,short,oos,,4061.75,4060.25,1,1,91800.0,-12.529776083849454
2023-01-30 16:17:00+00:00,-162.5,short,oos,,4061.5,4064.75,1,1,91637.5,-12.684611719866604
2023-01-30 16:24:00+00:00,-275.0,long,oos,,4062.75,4057.25,1,6,91362.5,-12.946641257741781
2023-01-30 16:31:00+00:00,-150.0,short,oos,,4058.25,4061.25,1,6,91212.5,-13.089566460219151
2023-01-30 16:58:00+00:00,337.5,short,oos,,4061.0,4054.25,1,26,91550.0,-12.76798475464507
2023-01-30 17:00:00+00:00,-75.0,short,oos,,4056.75,4058.25,1,1,91475.0,-12.839447355883754
2023-01-30 17:16:00+00:00,-12.5,long,oos,,4057.5,4057.25,1,15,91462.5,-12.851357789423535
2023-01-30 17:18:00+00:00,-112.5,long,oos,,4057.25,4055.0,1,1,91350.0,-12.958551691281563
2023-01-30 17:30:00+00:00,-50.0,short,oos,,4054.0,4055.0,1,11,91300.0,-13.006193425440685
2023-01-30 17:37:00+00:00,37.5,short,oos,,4054.75,4054.0,1,6,91337.5,-12.970462124821344
2023-01-30 17:42:00+00:00,-37.5,short,oos,,4054.25,4055.0,1,4,91300.0,-13.006193425440685
2023-01-30 18:06:00+00:00,337.5,short,oos,,4054.5,4047.75,1,23,91637.5,-12.684611719866604
2023-01-30 18:08:00+00:00,12.5,short,oos,,4048.5,4048.25,1,1,91650.0,-12.672701286326824
2023-01-30 18:10:00+00:00,-25.0,short,oos,,4047.0,4047.5,1,1,91625.0,-12.696522153406384
2023-01-30 18:12:00+00:00,-50.0,short,oos,,4048.25,4049.25,1,1,91575.0,-12.744163887565508
2023-01-30 18:14:00+00:00,12.5,short,oos,,4048.25,4048.0,1,1,91587.5,-12.732253454025727
2023-01-30 18:16:00+00:00,-12.5,short,oos,,4048.25,4048.5,1,1,91575.0,-12.744163887565508
2023-01-30 18:18:00+00:00,-150.0,short,oos,,4052.25,4055.25,1,1,91425.0,-12.887089090042878
2023-01-30 18:30:00+00:00,-175.0,long,oos,,4056.25,4052.75,1,11,91250.0,-13.053835159599808
2023-01-30 18:50:00+00:00,187.5,short,oos,,4051.25,4047.5,1,19,91437.5,-12.875178656503097
2023-01-30 18:55:00+00:00,37.5,short,oos,,4048.0,4047.25,1,4,91475.0,-12.839447355883754
2023-01-30 18:59:00+00:00,25.0,short,oos,,4047.0,4046.5,1,3,91500.0,-12.815626488804194
2023-01-30 19:01:00+00:00,75.0,short,oos,,4048.75,4047.25,1,1,91575.0,-12.744163887565508
2023-01-30 19:03:00+00:00,-37.5,short,oos,,4048.25,4049.0,1,1,91537.5,-12.77989518818485
2023-01-30 19:05:00+00:00,-12.5,short,oos,,4049.5,4049.75,1,1,91525.0,-12.791805621724631
2023-01-30 19:10:00+00:00,-200.0,long,oos,,4049.25,4045.25,1,4,91325.0,-12.982372558361124
2023-01-30 19:36:00+00:00,212.5,short,oos,,4047.25,4043.0,1,25,91537.5,-12.77989518818485
2023-01-30 19:39:00+00:00,-137.5,short,oos,,4040.75,4043.5,1,2,91400.0,-12.91090995712244
2023-01-30 19:59:00+00:00,212.5,short,oos,,4043.25,4039.0,1,19,91612.5,-12.708432586946165
2023-01-30 20:01:00+00:00,-37.5,short,oos,,4039.5,4040.25,1,1,91575.0,-12.744163887565508
2023-01-30 20:03:00+00:00,-62.5,short,oos,,4039.25,4040.5,1,1,91512.5,-12.803716055264411
2023-01-30 20:05:00+00:00,12.5,short,oos,,4043.0,4042.75,1,1,91525.0,-12.791805621724631
2023-01-30 20:07:00+00:00,137.5,short,oos,,4042.25,4039.5,1,1,91662.5,-12.660790852787041
2023-01-30 20:13:00+00:00,-175.0,short,oos,,4035.75,4039.25,1,5,91487.5,-12.827536922343974
2023-01-30 20:32:00+00:00,150.0,short,oos,,4038.25,4035.25,1,18,91637.5,-12.684611719866604
2023-01-30 20:34:00+00:00,25.0,short,oos,,4037.0,4036.5,1,1,91662.5,-12.660790852787041
2023-01-30 20:36:00+00:00,-75.0,short,oos,,4037.5,4039.0,1,1,91587.5,-12.732253454025727
2023-01-30 20:38:00+00:00,-87.5,short,oos,,4039.0,4040.75,1,1,91500.0,-12.815626488804194
2023-01-30 20:47:00+00:00,-200.0,long,oos,,4040.5,4036.5,1,8,91300.0,-13.006193425440685
2023-01-30 20:51:00+00:00,-150.0,short,oos,,4036.0,4039.0,1,3,91150.0,-13.149118627918055
2023-01-30 21:01:00+00:00,0.0,short,oos,,4036.0,4036.0,1,9,91150.0,-13.149118627918055
2023-01-30 21:36:00+00:00,100.0,long,oos,,4037.75,4039.75,1,34,91250.0,-13.053835159599808
2023-01-30 21:38:00+00:00,-37.5,long,oos,,4040.5,4039.75,1,1,91212.5,-13.089566460219151
2023-01-30 21:40:00+00:00,0.0,long,oos,,4039.75,4039.75,1,1,91212.5,-13.089566460219151
2023-01-30 21:42:00+00:00,0.0,long,oos,,4039.75,4039.75,1,1,91212.5,-13.089566460219151
2023-01-30 21:44:00+00:00,0.0,long,oos,,4039.5,4039.5,1,1,91212.5,-13.089566460219151
2023-01-30 21:46:00+00:00,-62.5,long,oos,,4040.0,4038.75,1,1,91150.0,-13.149118627918055
2023-01-30 21:48:00+00:00,-12.5,long,oos,,4038.75,4038.5,1,1,91137.5,-13.161029061457837
2023-01-30 21:50:00+00:00,12.5,long,oos,,4038.0,4038.25,1,1,91150.0,-13.149118627918055
2023-01-30 21:52:00+00:00,0.0,long,oos,,4038.75,4038.75,1,1,91150.0,-13.149118627918055
2023-01-30 21:54:00+00:00,12.5,long,oos,,4039.25,4039.5,1,1,91162.5,-13.137208194378275
2023-01-30 23:09:00+00:00,-62.5,long,oos,,4039.25,4038.0,1,14,91100.0,-13.196760362077178
2023-01-30 23:11:00+00:00,12.5,long,oos,,4038.5,4038.75,1,1,91112.5,-13.184849928537398
2023-01-30 23:19:00+00:00,-50.0,short,oos,,4038.25,4039.25,1,7,91062.5,-13.232491662696521
2023-01-30 23:50:00+00:00,125.0,long,oos,,4039.25,4041.75,1,30,91187.5,-13.113387327298714
2023-01-31 00:02:00+00:00,-25.0,long,oos,,4042.5,4042.0,1,11,91162.5,-13.137208194378275
2023-01-31 00:04:00+00:00,-12.5,long,oos,,4041.5,4041.25,1,1,91150.0,-13.149118627918055
2023-01-31 00:06:00+00:00,-37.5,long,oos,,4040.75,4040.0,1,1,91112.5,-13.184849928537398
2023-01-31 00:08:00+00:00,12.5,long,oos,,4040.75,4041.0,1,1,91125.0,-13.172939494997618
2023-01-31 00:10:00+00:00,-25.0,long,oos,,4041.25,4040.75,1,1,91100.0,-13.196760362077178
2023-01-31 00:12:00+00:00,-12.5,long,oos,,4041.0,4040.75,1,1,91087.5,-13.20867079561696
2023-01-31 00:27:00+00:00,37.5,short,oos,,4040.5,4039.75,1,14,91125.0,-13.172939494997618
2023-01-31 00:29:00+00:00,-25.0,short,oos,,4040.0,4040.5,1,1,91100.0,-13.196760362077178
2023-01-31 00:31:00+00:00,-25.0,short,oos,,4040.5,4041.0,1,1,91075.0,-13.22058122915674
2023-01-31 00:42:00+00:00,-37.5,long,oos,,4041.0,4040.25,1,10,91037.5,-13.256312529776086
2023-01-31 00:47:00+00:00,0.0,short,oos,,4040.75,4040.75,1,4,91037.5,-13.256312529776086
2023-01-31 00:50:00+00:00,-25.0,short,oos,,4040.75,4041.25,1,2,91012.5,-13.280133396855645
2023-01-31 00:53:00+00:00,-12.5,long,oos,,4041.0,4040.75,1,2,91000.0,-13.292043830395425
2023-01-31 00:57:00+00:00,-37.5,short,oos,,4040.5,4041.25,1,3,90962.5,-13.327775131014768
2023-01-31 00:59:00+00:00,-12.5,short,oos,,4041.0,4041.25,1,1,90950.0,-13.339685564554548
2023-01-31 01:02:00+00:00,-12.5,long,oos,,4041.25,4041.0,1,2,90937.5,-13.351595998094332
2023-01-31 01:04:00+00:00,12.5,short,oos,,4041.0,4040.75,1,1,90950.0,-13.339685564554548
2023-01-31 01:08:00+00:00,-25.0,long,oos,,4041.0,4040.5,1,3,90925.0,-13.363506431634113
2023-01-31 01:11:00+00:00,-50.0,short,oos,,4040.25,4041.25,1,2,90875.0,-13.411148165793236
2023-01-31 01:13:00+00:00,-12.5,short,oos,,4040.75,4041.0,1,1,90862.5,-13.423058599333014
2023-01-31 01:37:00+00:00,112.5,short,oos,,4041.0,4038.75,1,23,90975.0,-13.31586469747499
2023-01-31 01:55:00+00:00,-37.5,long,oos,,4041.25,4040.5,1,17,90937.5,-13.351595998094332
2023-01-31 01:57:00+00:00,-25.0,long,oos,,4041.25,4040.75,1,1,90912.5,-13.375416865173891
2023-01-31 01:59:00+00:00,-25.0,long,oos,,4040.5,4040.0,1,1,90887.5,-13.399237732253455
2023-01-31 02:01:00+00:00,12.5,long,oos,,4040.0,4040.25,1,1,90900.0,-13.387327298713672
2023-01-31 02:03:00+00:00,-25.0,long,oos,,4040.25,4039.75,1,1,90875.0,-13.411148165793236
2023-01-31 02:12:00+00:00,-62.5,short,oos,,4039.0,4040.25,1,8,90812.5,-13.47070033349214
2023-01-31 02:15:00+00:00,0.0,long,oos,,4040.25,4040.25,1,2,90812.5,-13.47070033349214
2023-01-31 02:29:00+00:00,0.0,long,oos,,4040.5,4040.5,1,13,90812.5,-13.47070033349214
2023-01-31 02:31:00+00:00,-12.5,long,oos,,4040.25,4040.0,1,1,90800.0,-13.482610767031918
2023-01-31 03:10:00+00:00,87.5,short,oos,,4039.75,4038.0,1,38,90887.5,-13.399237732253455
2023-01-31 03:54:00+00:00,425.0,short,oos,,4038.25,4029.75,1,43,91312.5,-12.994282991900905
2023-01-31 04:02:00+00:00,25.0,short,oos,,4029.0,4028.5,1,7,91337.5,-12.970462124821344
2023-01-31 04:05:00+00:00,12.5,short,oos,,4029.0,4028.75,1,2,91350.0,-12.958551691281563
2023-01-31 04:13:00+00:00,0.0,short,oos,,4028.5,4028.5,1,7,91350.0,-12.958551691281563
2023-01-31 04:16:00+00:00,-12.5,short,oos,,4028.0,4028.25,1,2,91337.5,-12.970462124821344
2023-01-31 04:20:00+00:00,-25.0,short,oos,,4027.5,4028.0,1,3,91312.5,-12.994282991900905
2023-01-31 04:22:00+00:00,0.0,short,oos,,4028.5,4028.5,1,1,91312.5,-12.994282991900905
2023-01-31 04:24:00+00:00,0.0,short,oos,,4029.0,4029.0,1,1,91312.5,-12.994282991900905
2023-01-31 04:26:00+00:00,-25.0,short,oos,,4029.0,4029.5,1,1,91287.5,-13.018103858980467
2023-01-31 04:28:00+00:00,12.5,short,oos,,4029.25,4029.0,1,1,91300.0,-13.006193425440685
2023-01-31 04:30:00+00:00,-12.5,short,oos,,4028.75,4029.0,1,1,91287.5,-13.018103858980467
2023-01-31 04:32:00+00:00,-12.5,short,oos,,4029.0,4029.25,1,1,91275.0,-13.030014292520248
2023-01-31 04:34:00+00:00,12.5,short,oos,,4029.0,4028.75,1,1,91287.5,-13.018103858980467
2023-01-31 04:42:00+00:00,-12.5,short,oos,,4028.75,4029.0,1,7,91275.0,-13.030014292520248
2023-01-31 04:44:00+00:00,-25.0,short,oos,,4028.75,4029.25,1,1,91250.0,-13.053835159599808
2023-01-31 04:46:00+00:00,-12.5,short,oos,,4029.0,4029.25,1,1,91237.5,-13.06574559313959
2023-01-31 04:48:00+00:00,12.5,short,oos,,4029.5,4029.25,1,1,91250.0,-13.053835159599808
2023-01-31 04:51:00+00:00,12.5,short,oos,,4029.25,4029.0,1,2,91262.5,-13.041924726060028
2023-01-31 04:53:00+00:00,-37.5,short,oos,,4028.5,4029.25,1,1,91225.0,-13.07765602667937
2023-01-31 04:55:00+00:00,0.0,short,oos,,4029.25,4029.25,1,1,91225.0,-13.07765602667937
2023-01-31 05:08:00+00:00,-25.0,long,oos,,4030.0,4029.5,1,12,91200.0,-13.101476893758932
2023-01-31 05:33:00+00:00,100.0,long,oos,,4029.75,4031.75,1,24,91300.0,-13.006193425440685
2023-01-31 05:35:00+00:00,-12.5,long,oos,,4031.75,4031.5,1,1,91287.5,-13.018103858980467
2023-01-31 05:37:00+00:00,12.5,long,oos,,4031.5,4031.75,1,1,91300.0,-13.006193425440685
2023-01-31 05:39:00+00:00,12.5,long,oos,,4031.25,4031.5,1,1,91312.5,-12.994282991900905
2023-01-31 05:41:00+00:00,-12.5,long,oos,,4032.0,4031.75,1,1,91300.0,-13.006193425440685
2023-01-31 05:43:00+00:00,12.5,long,oos,,4031.5,4031.75,1,1,91312.5,-12.994282991900905
2023-01-31 05:45:00+00:00,-25.0,long,oos,,4031.5,4031.0,1,1,91287.5,-13.018103858980467
2023-01-31 05:47:00+00:00,-25.0,long,oos,,4030.75,4030.25,1,1,91262.5,-13.041924726060028
2023-01-31 06:05:00+00:00,50.0,short,oos,,4030.0,4029.0,1,17,91312.5,-12.994282991900905
2023-01-31 06:10:00+00:00,0.0,short,oos,,4028.75,4028.75,1,4,91312.5,-12.994282991900905
2023-01-31 06:12:00+00:00,-12.5,short,oos,,4029.25,4029.5,1,1,91300.0,-13.006193425440685
2023-01-31 06:14:00+00:00,-12.5,short,oos,,4030.0,4030.25,1,1,91287.5,-13.018103858980467
2023-01-31 06:16:00+00:00,-25.0,short,oos,,4030.0,4030.5,1,1,91262.5,-13.041924726060028
2023-01-31 06:32:00+00:00,-12.5,long,oos,,4031.25,4031.0,1,15,91250.0,-13.053835159599808
2023-01-31 06:34:00+00:00,-50.0,long,oos,,4030.75,4029.75,1,1,91200.0,-13.101476893758932
2023-01-31 06:44:00+00:00,-25.0,short,oos,,4030.0,4030.5,1,9,91175.0,-13.125297760838494
2023-01-31 07:02:00+00:00,37.5,long,oos,,4030.5,4031.25,1,17,91212.5,-13.089566460219151
2023-01-31 07:12:00+00:00,0.0,long,oos,,4032.0,4032.0,1,9,91212.5,-13.089566460219151
2023-01-31 07:30:00+00:00,-12.5,short,oos,,4030.25,4030.5,1,17,91200.0,-13.101476893758932
2023-01-31 08:07:00+00:00,412.5,long,oos,,4031.0,4039.25,1,36,91612.5,-12.708432586946165
2023-01-31 08:09:00+00:00,-75.0,long,oos,,4038.25,4036.75,1,1,91537.5,-12.77989518818485
2023-01-31 08:11:00+00:00,0.0,long,oos,,4035.75,4035.75,1,1,91537.5,-12.77989518818485
2023-01-31 08:13:00+00:00,-12.5,long,oos,,4035.5,4035.25,1,1,91525.0,-12.791805621724631
2023-01-31 08:15:00+00:00,-75.0,long,oos,,4035.0,4033.5,1,1,91450.0,-12.863268222963317
2023-01-31 08:17:00+00:00,137.5,long,oos,,4033.75,4036.5,1,1,91587.5,-12.732253454025727
2023-01-31 08:19:00+00:00,-75.0,long,oos,,4038.25,4036.75,1,1,91512.5,-12.803716055264411
2023-01-31 08:21:00+00:00,12.5,long,oos,,4036.75,4037.0,1,1,91525.0,-12.791805621724631
2023-01-31 08:23:00+00:00,-100.0,long,oos,,4035.75,4033.75,1,1,91425.0,-12.887089090042878
2023-01-31 09:01:00+00:00,400.0,short,oos,,4032.5,4024.5,1,37,91825.0,-12.50595521676989
2023-01-31 09:03:00+00:00,-25.0,short,oos,,4024.0,4024.5,1,1,91800.0,-12.529776083849454
2023-01-31 09:06:00+00:00,-50.0,short,oos,,4022.5,4023.5,1,2,91750.0,-12.577417818008577
2023-01-31 09:08:00+00:00,12.5,short,oos,,4023.5,4023.25,1,1,91762.5,-12.565507384468793
2023-01-31 09:10:00+00:00,-50.0,short,oos,,4022.0,4023.0,1,1,91712.5,-12.613149118627916
2023-01-31 09:26:00+00:00,112.5,short,oos,,4023.75,4021.5,1,15,91825.0,-12.50595521676989
2023-01-31 09:29:00+00:00,-25.0,short,oos,,4021.25,4021.75,1,2,91800.0,-12.529776083849454
2023-01-31 09:33:00+00:00,-12.5,short,oos,,4020.25,4020.5,1,3,91787.5,-12.541686517389234
2023-01-31 09:36:00+00:00,12.5,short,oos,,4021.0,4020.75,1,2,91800.0,-12.529776083849454
2023-01-31 09:38:00+00:00,0.0,short,oos,,4021.75,4021.75,1,1,91800.0,-12.529776083849454
2023-01-31 09:40:00+00:00,25.0,short,oos,,4021.25,4020.75,1,1,91825.0,-12.50595521676989
2023-01-31 09:45:00+00:00,-100.0,short,oos,,4020.25,4022.25,1,4,91725.0,-12.601238685088138
2023-01-31 09:47:00+00:00,-25.0,short,oos,,4022.0,4022.5,1,1,91700.0,-12.6250595521677
2023-01-31 09:49:00+00:00,25.0,short,oos,,4022.75,4022.25,1,1,91725.0,-12.601238685088138
2023-01-31 09:51:00+00:00,0.0,short,oos,,4021.5,4021.5,1,1,91725.0,-12.601238685088138
2023-01-31 10:18:00+00:00,112.5,short,oos,,4021.25,4019.0,1,26,91837.5,-12.49404478323011
2023-01-31 10:20:00+00:00,-25.0,short,oos,,4020.25,4020.75,1,1,91812.5,-12.51786565030967
2023-01-31 10:22:00+00:00,12.5,short,oos,,4019.5,4019.25,1,1,91825.0,-12.50595521676989
2023-01-31 10:24:00+00:00,0.0,short,oos,,4018.75,4018.75,1,1,91825.0,-12.50595521676989
2023-01-31 10:31:00+00:00,-62.5,short,oos,,4017.5,4018.75,1,6,91762.5,-12.565507384468793
2023-01-31 10:47:00+00:00,-12.5,short,oos,,4017.5,4017.75,1,15,91750.0,-12.577417818008577
2023-01-31 10:49:00+00:00,0.0,short,oos,,4018.0,4018.0,1,1,91750.0,-12.577417818008577
2023-01-31 10:51:00+00:00,37.5,short,oos,,4018.5,4017.75,1,1,91787.5,-12.541686517389234
2023-01-31 10:53:00+00:00,0.0,short,oos,,4017.25,4017.25,1,1,91787.5,-12.541686517389234
2023-01-31 10:55:00+00:00,0.0,short,oos,,4017.25,4017.25,1,1,91787.5,-12.541686517389234
2023-01-31 11:17:00+00:00,162.5,short,oos,,4016.75,4013.5,1,21,91950.0,-12.386850881372082
2023-01-31 11:19:00+00:00,0.0,short,oos,,4014.5,4014.5,1,1,91950.0,-12.386850881372082
2023-01-31 11:37:00+00:00,37.5,short,oos,,4013.75,4013.0,1,17,91987.5,-12.351119580752739
2023-01-31 11:39:00+00:00,-25.0,short,oos,,4012.75,4013.25,1,1,91962.5,-12.374940447832302
2023-01-31 11:41:00+00:00,-62.5,short,oos,,4013.75,4015.0,1,1,91900.0,-12.434492615531205
2023-01-31 11:43:00+00:00,-75.0,short,oos,,4015.25,4016.75,1,1,91825.0,-12.50595521676989
2023-01-31 12:10:00+00:00,112.5,long,oos,,4016.5,4018.75,1,26,91937.5,-12.398761314911862
2023-01-31 12:25:00+00:00,25.0,long,oos,,4019.75,4020.25,1,14,91962.5,-12.374940447832302
2023-01-31 12:27:00+00:00,37.5,long,oos,,4019.75,4020.5,1,1,92000.0,-12.339209147212959
2023-01-31 13:00:00+00:00,212.5,long,oos,,4020.75,4025.0,1,32,92212.5,-12.136731777036685
2023-01-31 13:14:00+00:00,37.5,long,oos,,4026.0,4026.75,1,13,92250.0,-12.10100047641734
2023-01-31 13:20:00+00:00,0.0,long,oos,,4026.75,4026.75,1,5,92250.0,-12.10100047641734
2023-01-31 13:23:00+00:00,-62.5,long,oos,,4027.75,4026.5,1,2,92187.5,-12.160552644116246
2023-01-31 13:25:00+00:00,-25.0,long,oos,,4027.0,4026.5,1,1,92162.5,-12.184373511195808
2023-01-31 13:29:00+00:00,25.0,long,oos,,4026.25,4026.75,1,3,92187.5,-12.160552644116246
2023-01-31 14:05:00+00:00,875.0,long,oos,,4026.5,4044.0,1,35,93062.5,-11.326822296331587
2023-01-31 14:07:00+00:00,-37.5,long,oos,,4043.5,4042.75,1,1,93025.0,-11.36255359695093
2023-01-31 14:09:00+00:00,62.5,long,oos,,4042.5,4043.75,1,1,93087.5,-11.303001429252024
2023-01-31 14:11:00+00:00,-50.0,long,oos,,4044.5,4043.5,1,1,93037.5,-11.350643163411148
2023-01-31 14:13:00+00:00,12.5,long,oos,,4042.25,4042.5,1,1,93050.0,-11.338732729871367
2023-01-31 14:15:00+00:00,-25.0,long,oos,,4042.5,4042.0,1,1,93025.0,-11.36255359695093
2023-01-31 14:17:00+00:00,-12.5,long,oos,,4039.75,4039.5,1,1,93012.5,-11.37446403049071
2023-01-31 14:19:00+00:00,-12.5,long,oos,,4038.25,4038.0,1,1,93000.0,-11.38637446403049
2023-01-31 14:21:00+00:00,25.0,long,oos,,4038.0,4038.5,1,1,93025.0,-11.36255359695093
2023-01-31 14:23:00+00:00,-25.0,long,oos,,4039.25,4038.75,1,1,93000.0,-11.38637446403049
2023-01-31 14:25:00+00:00,25.0,long,oos,,4040.0,4040.5,1,1,93025.0,-11.36255359695093
2023-01-31 14:27:00+00:00,12.5,long,oos,,4038.75,4039.0,1,1,93037.5,-11.350643163411148
2023-01-31 14:29:00+00:00,0.0,long,oos,,4036.75,4036.75,1,1,93037.5,-11.350643163411148
2023-01-31 14:33:00+00:00,87.5,long,oos,,4036.75,4038.5,1,3,93125.0,-11.267270128632683
2023-01-31 14:36:00+00:00,-75.0,long,oos,,4040.5,4039.0,1,2,93050.0,-11.338732729871367
2023-01-31 14:39:00+00:00,-150.0,long,oos,,4039.25,4036.25,1,2,92900.0,-11.481657932348737
2023-01-31 14:45:00+00:00,50.0,long,oos,,4038.75,4039.75,1,5,92950.0,-11.434016198189614
2023-01-31 14:59:00+00:00,-75.0,long,oos,,4042.5,4041.0,1,13,92875.0,-11.5054787994283
2023-01-31 15:06:00+00:00,-237.5,short,oos,,4038.0,4042.75,1,6,92637.5,-11.731777036684136
2023-01-31 15:10:00+00:00,-462.5,long,oos,,4044.5,4035.25,1,3,92175.0,-12.172463077656026
2023-01-31 15:13:00+00:00,-275.0,short,oos,,4037.75,4043.25,1,2,91900.0,-12.434492615531205
2023-01-31 15:27:00+00:00,25.0,long,oos,,4044.75,4045.25,1,13,91925.0,-12.410671748451643
2023-01-31 15:53:00+00:00,337.5,long,oos,,4046.25,4053.0,1,25,92262.5,-12.089090042877562
2023-01-31 15:55:00+00:00,50.0,long,oos,,4052.25,4053.25,1,1,92312.5,-12.041448308718437
2023-01-31 15:57:00+00:00,-50.0,long,oos,,4054.75,4053.75,1,1,92262.5,-12.089090042877562
2023-01-31 16:11:00+00:00,37.5,long,oos,,4054.75,4055.5,1,13,92300.0,-12.053358742258217
2023-01-31 16:13:00+00:00,-75.0,long,oos,,4055.0,4053.5,1,1,92225.0,-12.124821343496903
2023-01-31 16:15:00+00:00,-50.0,long,oos,,4056.0,4055.0,1,1,92175.0,-12.172463077656026
2023-01-31 16:17:00+00:00,-37.5,long,oos,,4056.5,4055.75,1,1,92137.5,-12.208194378275369
2023-01-31 16:19:00+00:00,-62.5,long,oos,,4055.5,4054.25,1,1,92075.0,-12.267746545974273
2023-01-31 16:21:00+00:00,37.5,long,oos,,4055.0,4055.75,1,1,92112.5,-12.232015245354932
2023-01-31 16:26:00+00:00,62.5,long,oos,,4054.75,4056.0,1,4,92175.0,-12.172463077656026
2023-01-31 16:40:00+00:00,50.0,long,oos,,4056.5,4057.5,1,13,92225.0,-12.124821343496903
2023-01-31 16:44:00+00:00,-62.5,long,oos,,4059.25,4058.0,1,3,92162.5,-12.184373511195808
2023-01-31 16:46:00+00:00,-25.0,long,oos,,4056.5,4056.0,1,1,92137.5,-12.208194378275369
2023-01-31 16:48:00+00:00,-37.5,long,oos,,4057.25,4056.5,1,1,92100.0,-12.243925678894712
2023-01-31 16:50:00+00:00,12.5,long,oos,,4055.0,4055.25,1,1,92112.5,-12.232015245354932
2023-01-31 16:52:00+00:00,50.0,long,oos,,4054.75,4055.75,1,1,92162.5,-12.184373511195808
2023-01-31 16:54:00+00:00,50.0,long,oos,,4056.25,4057.25,1,1,92212.5,-12.136731777036685
2023-01-31 17:00:00+00:00,-62.5,long,oos,,4058.0,4056.75,1,5,92150.0,-12.196283944735589
2023-01-31 17:02:00+00:00,-75.0,long,oos,,4056.25,4054.75,1,1,92075.0,-12.267746545974273
2023-01-31 17:10:00+00:00,-175.0,short,oos,,4052.75,4056.25,1,7,91900.0,-12.434492615531205
2023-01-31 17:16:00+00:00,-12.5,short,oos,,4055.75,4056.0,1,5,91887.5,-12.446403049070987
2023-01-31 17:52:00+00:00,275.0,long,oos,,4056.5,4062.0,1,35,92162.5,-12.184373511195808
2023-01-31 17:56:00+00:00,0.0,long,oos,,4062.75,4062.75,1,3,92162.5,-12.184373511195808
2023-01-31 17:58:00+00:00,12.5,long,oos,,4062.5,4062.75,1,1,92175.0,-12.172463077656026
2023-01-31 18:00:00+00:00,37.5,long,oos,,4062.5,4063.25,1,1,92212.5,-12.136731777036685
2023-01-31 18:02:00+00:00,12.5,long,oos,,4062.5,4062.75,1,1,92225.0,-12.124821343496903
2023-01-31 18:11:00+00:00,-25.0,long,oos,,4063.0,4062.5,1,8,92200.0,-12.148642210576464
2023-01-31 18:16:00+00:00,-62.5,long,oos,,4064.0,4062.75,1,4,92137.5,-12.208194378275369
2023-01-31 18:18:00+00:00,50.0,long,oos,,4062.0,4063.0,1,1,92187.5,-12.160552644116246
2023-01-31 18:20:00+00:00,25.0,long,oos,,4062.25,4062.75,1,1,92212.5,-12.136731777036685
2023-01-31 18:23:00+00:00,25.0,long,oos,,4062.25,4062.75,1,2,92237.5,-12.112910909957122
2023-01-31 18:28:00+00:00,-150.0,short,oos,,4059.75,4062.75,1,4,92087.5,-12.255836112434492
2023-01-31 18:38:00+00:00,-25.0,long,oos,,4062.25,4061.75,1,9,92062.5,-12.279656979514055
2023-01-31 19:16:00+00:00,387.5,long,oos,,4061.5,4069.25,1,37,92450.0,-11.910433539780849
2023-01-31 19:18:00+00:00,50.0,long,oos,,4068.75,4069.75,1,1,92500.0,-11.862791805621725
2023-01-31 19:20:00+00:00,-25.0,long,oos,,4068.5,4068.0,1,1,92475.0,-11.886612672701286
2023-01-31 19:22:00+00:00,50.0,long,oos,,4068.5,4069.5,1,1,92525.0,-11.838970938542163
2023-01-31 19:24:00+00:00,0.0,long,oos,,4068.25,4068.25,1,1,92525.0,-11.838970938542163
2023-01-31 19:26:00+00:00,0.0,long,oos,,4067.75,4067.75,1,1,92525.0,-11.838970938542163
2023-01-31 19:28:00+00:00,-25.0,long,oos,,4069.0,4068.5,1,1,92500.0,-11.862791805621725
2023-01-31 19:37:00+00:00,-87.5,long,oos,,4069.75,4068.0,1,8,92412.5,-11.94616484040019
2023-01-31 19:39:00+00:00,0.0,long,oos,,4068.75,4068.75,1,1,92412.5,-11.94616484040019
2023-01-31 20:00:00+00:00,100.0,long,oos,,4069.5,4071.5,1,20,92512.5,-11.850881372081943
2023-01-31 20:10:00+00:00,25.0,long,oos,,4071.75,4072.25,1,9,92537.5,-11.827060505002382
2023-01-31 20:12:00+00:00,-62.5,long,oos,,4069.75,4068.5,1,1,92475.0,-11.886612672701286
2023-01-31 20:31:00+00:00,112.5,short,oos,,4068.75,4066.5,1,18,92587.5,-11.77941877084326
2023-01-31 20:33:00+00:00,37.5,short,oos,,4068.0,4067.25,1,1,92625.0,-11.743687470223916
2023-01-31 20:35:00+00:00,-50.0,short,oos,,4068.25,4069.25,1,1,92575.0,-11.79132920438304
2023-01-31 20:37:00+00:00,12.5,short,oos,,4069.0,4068.75,1,1,92587.5,-11.77941877084326
2023-01-31 21:11:00+00:00,750.0,long,oos,,4070.0,4085.0,1,33,93337.5,-11.064792758456408
2023-01-31 21:13:00+00:00,37.5,long,oos,,4084.25,4085.0,1,1,93375.0,-11.029061457837065
2023-01-31 21:15:00+00:00,-50.0,long,oos,,4085.0,4084.0,1,1,93325.0,-11.076703191996188
2023-01-31 21:17:00+00:00,50.0,long,oos,,4085.0,4086.0,1,1,93375.0,-11.029061457837065
2023-01-31 21:19:00+00:00,0.0,long,oos,,4084.5,4084.5,1,1,93375.0,-11.029061457837065
2023-01-31 21:22:00+00:00,37.5,long,oos,,4085.0,4085.75,1,2,93412.5,-10.993330157217724
2023-01-31 21:24:00+00:00,12.5,long,oos,,4085.5,4085.75,1,1,93425.0,-10.981419723677941
2023-01-31 21:27:00+00:00,0.0,long,oos,,4085.75,4085.75,1,2,93425.0,-10.981419723677941
2023-01-31 21:31:00+00:00,-12.5,long,oos,,4085.5,4085.25,1,3,93412.5,-10.993330157217724
2023-01-31 21:33:00+00:00,-37.5,long,oos,,4085.75,4085.0,1,1,93375.0,-11.029061457837065
2023-01-31 21:35:00+00:00,0.0,long,oos,,4085.0,4085.0,1,1,93375.0,-11.029061457837065
2023-01-31 21:38:00+00:00,0.0,long,oos,,4085.25,4085.25,1,2,93375.0,-11.029061457837065
2023-01-31 21:40:00+00:00,-12.5,long,oos,,4085.5,4085.25,1,1,93362.5,-11.040971891376847
2023-01-31 21:42:00+00:00,-12.5,long,oos,,4085.25,4085.0,1,1,93350.0,-11.052882324916627
2023-01-31 21:44:00+00:00,-25.0,long,oos,,4084.5,4084.0,1,1,93325.0,-11.076703191996188
2023-01-31 21:46:00+00:00,-25.0,long,oos,,4084.0,4083.5,1,1,93300.0,-11.10052405907575
2023-01-31 21:48:00+00:00,12.5,long,oos,,4083.5,4083.75,1,1,93312.5,-11.08861362553597
2023-01-31 21:50:00+00:00,-12.5,long,oos,,4083.5,4083.25,1,1,93300.0,-11.10052405907575
2023-01-31 21:52:00+00:00,12.5,long,oos,,4083.5,4083.75,1,1,93312.5,-11.08861362553597
2023-01-31 21:54:00+00:00,25.0,long,oos,,4083.5,4084.0,1,1,93337.5,-11.064792758456408
2023-01-31 21:56:00+00:00,25.0,long,oos,,4083.25,4083.75,1,1,93362.5,-11.040971891376847
2023-01-31 21:59:00+00:00,12.5,long,oos,,4084.0,4084.25,1,2,93375.0,-11.029061457837065
2023-01-31 23:03:00+00:00,-125.0,long,oos,,4085.75,4083.25,1,3,93250.0,-11.148165793234874
2023-01-31 23:05:00+00:00,-12.5,long,oos,,4083.25,4083.0,1,1,93237.5,-11.160076226774654
2023-01-31 23:07:00+00:00,12.5,long,oos,,4082.5,4082.75,1,1,93250.0,-11.148165793234874
2023-01-31 23:09:00+00:00,0.0,long,oos,,4082.75,4082.75,1,1,93250.0,-11.148165793234874
2023-01-31 23:11:00+00:00,-12.5,long,oos,,4083.0,4082.75,1,1,93237.5,-11.160076226774654
2023-01-31 23:25:00+00:00,25.0,short,oos,,4082.5,4082.0,1,13,93262.5,-11.136255359695092
2023-01-31 23:44:00+00:00,62.5,short,oos,,4081.75,4080.5,1,18,93325.0,-11.076703191996188
2023-01-31 23:46:00+00:00,-50.0,short,oos,,4079.5,4080.5,1,1,93275.0,-11.124344926155311
2023-01-31 23:48:00+00:00,-12.5,short,oos,,4080.5,4080.75,1,1,93262.5,-11.136255359695092
2023-01-31 23:50:00+00:00,-12.5,short,oos,,4081.0,4081.25,1,1,93250.0,-11.148165793234874
2023-01-31 23:52:00+00:00,-12.5,short,oos,,4081.5,4081.75,1,1,93237.5,-11.160076226774654
2023-01-31 23:54:00+00:00,12.5,short,oos,,4082.75,4082.5,1,1,93250.0,-11.148165793234874
2023-02-01 00:00:00+00:00,-87.5,long,oos,,4082.75,4081.0,1,5,93162.5,-11.231538828013338
