date,trade_return,direction,regime,exit_reason,entry_price,exit_price,quantity,bars_held,equity,drawdown
2024-01-01 23:52:00+00:00,-79.99999999998408,long,is,,71.975,71.89500000000001,1,28,99920.00000000001,0.0
2024-01-02 00:16:00+00:00,-90.00000000000341,short,is,,71.91499999999999,72.005,1,22,99830.00000000001,-0.09007205764611688
2024-01-02 00:21:00+00:00,25.000000000005684,short,is,,72.06,72.035,1,3,99855.00000000001,-0.06505204163330663
2024-01-02 00:51:00+00:00,-25.000000000005684,long,is,,72.005,71.97999999999999,1,26,99830.00000000001,-0.09007205764611688
2024-01-02 01:11:00+00:00,-554.9999999999926,short,is,,72.14,72.695,1,10,99275.00000000001,-0.6455164131305043
2024-01-02 01:30:00+00:00,44.999999999987494,long,is,,72.46000000000001,72.505,1,9,99320.00000000001,-0.6004803843074459
2024-01-02 02:01:00+00:00,80.0000000000125,short,is,,72.555,72.475,1,7,99400.00000000001,-0.5204163330664531
2024-01-02 02:17:00+00:00,50.00000000001137,short,is,,72.58500000000001,72.535,1,5,99450.00000000003,-0.470376301040818
2024-01-02 02:44:00+00:00,-110.00000000001364,short,is,,72.60499999999999,72.715,1,10,99340.00000000001,-0.5804643714971977
2024-01-02 03:02:00+00:00,45.000000000015916,long,is,,72.63,72.67500000000001,1,6,99385.00000000003,-0.5354283426741246
2024-01-02 03:42:00+00:00,40.00000000000625,short,is,,72.765,72.725,1,38,99425.00000000004,-0.4953963170536137
2024-01-02 04:08:00+00:00,30.000000000001137,long,is,,72.655,72.685,1,5,99455.00000000004,-0.4653722978382414
2024-01-02 04:36:00+00:00,0.0,long,is,,72.64500000000001,72.64500000000001,1,11,99455.00000000004,-0.4653722978382414
2024-01-02 05:20:00+00:00,-139.99999999998636,short,is,,72.685,72.82499999999999,1,40,99315.00000000006,-0.6054843875099641
2024-01-02 05:32:00+00:00,9.999999999990905,long,is,,72.805,72.815,1,9,99325.00000000004,-0.5954763811048547
2024-01-02 05:48:00+00:00,79.9999999999983,long,is,,72.705,72.785,1,6,99405.00000000004,-0.5154123298638619
2024-01-02 06:03:00+00:00,-45.000000000001705,short,is,,72.785,72.83,1,4,99360.00000000004,-0.5604483586869203
2024-01-02 06:21:00+00:00,30.000000000001137,short,is,,72.935,72.905,1,2,99390.00000000004,-0.5304243394715481
2024-01-02 06:35:00+00:00,10.000000000005116,short,is,,72.955,72.945,1,8,99400.00000000004,-0.520416333066424
2024-01-02 06:42:00+00:00,39.99999999999204,long,is,,72.905,72.945,1,3,99440.00000000004,-0.4803843074459276
2024-01-02 06:44:00+00:00,40.00000000000625,short,is,,72.985,72.945,1,1,99480.00000000004,-0.4403522818254312
2024-01-02 06:52:00+00:00,19.99999999999602,short,is,,72.985,72.965,1,6,99500.00000000004,-0.420336269015183
2024-01-02 07:17:00+00:00,-70.0000000000216,long,is,,72.92500000000001,72.85499999999999,1,15,99430.00000000001,-0.4903923138510808
2024-01-02 07:25:00+00:00,49.99999999999716,long,is,,72.795,72.845,1,4,99480.00000000001,-0.44035228182546027
2024-01-02 07:32:00+00:00,20.000000000010232,short,is,,72.875,72.85499999999999,1,4,99500.00000000003,-0.4203362690151975
2024-01-02 07:57:00+00:00,-90.00000000000341,long,is,,72.785,72.695,1,21,99410.00000000003,-0.5104083266613144
2024-01-02 08:07:00+00:00,-10.000000000005116,short,is,,72.725,72.735,1,6,99400.00000000001,-0.5204163330664531
2024-01-02 08:24:00+00:00,-60.000000000002274,long,is,,72.63499999999999,72.57499999999999,1,14,99340.00000000001,-0.5804643714971977
2024-01-02 08:32:00+00:00,99.99999999999432,long,is,,72.465,72.565,1,1,99440.00000000001,-0.4803843074459567
2024-01-02 09:01:00+00:00,-189.99999999999773,short,is,,72.655,72.845,1,26,99250.00000000001,-0.6705364291433146
2024-01-02 09:20:00+00:00,90.00000000000341,short,is,,72.92500000000001,72.83500000000001,1,9,99340.00000000001,-0.5804643714971977
2024-01-02 09:37:00+00:00,-20.000000000010232,short,is,,73.07499999999999,73.095,1,13,99320.00000000001,-0.6004803843074459
2024-01-02 09:50:00+00:00,109.99999999999943,long,is,,72.935,73.045,1,8,99430.0,-0.4903923138510954
2024-01-02 09:57:00+00:00,90.00000000000341,short,is,,73.155,73.065,1,2,99520.00000000001,-0.4003202562049639
2024-01-02 10:20:00+00:00,-70.00000000000739,short,is,,73.265,73.33500000000001,1,18,99450.0,-0.47037630104084716
2024-01-02 10:53:00+00:00,30.000000000001137,short,is,,73.435,73.405,1,10,99480.0,-0.44035228182547487
2024-01-02 11:04:00+00:00,19.99999999999602,short,is,,73.475,73.455,1,4,99500.0,-0.42033626901522664
2024-01-02 11:22:00+00:00,-119.99999999999034,long,is,,73.38499999999999,73.265,1,16,99380.00000000001,-0.5404323458767013
2024-01-02 11:42:00+00:00,-40.000000000020464,long,is,,73.17500000000001,73.13499999999999,1,11,99339.99999999999,-0.5804643714972268
2024-01-02 12:02:00+00:00,24.999999999991473,short,is,,73.22999999999999,73.205,1,5,99364.99999999999,-0.5554443554844165
2024-01-02 12:04:00+00:00,69.99999999999318,short,is,,73.285,73.215,1,1,99434.99999999997,-0.4853883106485624
2024-01-02 12:52:00+00:00,295.0000000000017,short,is,,73.36,73.065,1,42,99729.99999999997,-0.19015212169740156
2024-01-02 13:05:00+00:00,-79.99999999998408,short,is,,73.11500000000001,73.195,1,11,99649.99999999999,-0.27021617293837974
2024-01-02 13:16:00+00:00,135.00000000001933,long,is,,73.00999999999999,73.14500000000001,1,6,99785.00000000001,-0.13510808646917533
2024-01-02 13:27:00+00:00,129.99999999999545,short,is,,73.275,73.14500000000001,1,4,99915.0,-0.0050040032025766125
2024-01-02 13:37:00+00:00,49.99999999999716,short,is,,73.285,73.235,1,6,99965.0,0.0
2024-01-02 13:49:00+00:00,85.00000000000796,short,is,,73.4,73.315,1,5,100050.00000000001,0.0
2024-01-02 14:21:00+00:00,655.0000000000011,short,is,,73.42500000000001,72.77000000000001,1,23,100705.00000000001,0.0
2024-01-02 14:53:00+00:00,-875.0,long,is,,72.53,71.655,1,31,99830.00000000001,-0.8688744352316169
2024-01-02 14:59:00+00:00,180.00000000000682,long,is,,71.38499999999999,71.565,1,4,100010.00000000001,-0.6901345514125414
2024-01-02 15:10:00+00:00,219.99999999999886,short,is,,71.815,71.595,1,8,100230.00000000001,-0.47167469341144924
2024-01-02 15:19:00+00:00,160.0000000000108,long,is,,71.485,71.64500000000001,1,1,100390.00000000003,-0.3127947966833677
2024-01-02 15:25:00+00:00,119.99999999999034,short,is,,71.795,71.67500000000001,1,3,100510.00000000001,-0.19363487413733177
2024-01-02 15:38:00+00:00,129.99999999999545,short,is,,71.845,71.715,1,2,100640.00000000001,-0.06454495804577727
2024-01-02 15:46:00+00:00,90.00000000000341,short,is,,71.965,71.875,1,6,100730.00000000001,0.0
2024-01-02 16:01:00+00:00,70.0000000000216,long,is,,71.60499999999999,71.67500000000001,1,11,100800.00000000004,0.0
2024-01-02 16:45:00+00:00,-670.0000000000017,long,is,,71.28,70.61,1,34,100130.00000000004,-0.6646825396825394
2024-01-02 16:56:00+00:00,99.99999999999432,short,is,,70.715,70.61500000000001,1,10,100230.00000000003,-0.5654761904762047
2024-01-02 17:07:00+00:00,90.00000000000341,short,is,,70.86500000000001,70.775,1,7,100320.00000000003,-0.4761904761904905
2024-01-02 17:29:00+00:00,-34.99999999999659,long,is,,70.745,70.71000000000001,1,10,100285.00000000004,-0.5109126984126982
2024-01-02 17:37:00+00:00,90.00000000000341,short,is,,70.845,70.755,1,2,100375.00000000004,-0.4216269841269839
2024-01-02 18:01:00+00:00,-209.99999999997954,short,is,,70.89500000000001,71.10499999999999,1,18,100165.00000000006,-0.6299603174603028
2024-01-02 18:18:00+00:00,90.00000000000341,long,is,,71.025,71.11500000000001,1,5,100255.00000000007,-0.540674603174574
2024-01-02 18:22:00+00:00,70.00000000000739,long,is,,71.015,71.08500000000001,1,1,100325.00000000007,-0.47123015873012963
2024-01-02 18:33:00+00:00,9.999999999990905,long,is,,70.935,70.945,1,7,100335.00000000006,-0.4613095238095092
2024-01-02 18:52:00+00:00,-164.99999999999204,long,is,,70.66,70.495,1,14,100170.00000000007,-0.6249999999999709
2024-01-02 19:12:00+00:00,-129.99999999999545,long,is,,70.375,70.245,1,15,100040.00000000007,-0.7539682539682248
2024-01-02 19:17:00+00:00,159.9999999999966,short,is,,70.445,70.285,1,3,100200.00000000007,-0.5952380952380661
2024-01-02 19:50:00+00:00,0.0,short,is,,70.535,70.535,1,19,100200.00000000007,-0.5952380952380661
2024-01-02 20:03:00+00:00,40.00000000000625,long,is,,70.485,70.525,1,4,100240.00000000009,-0.5555555555555121
2024-01-02 20:12:00+00:00,60.000000000002274,short,is,,70.625,70.565,1,7,100300.00000000009,-0.4960317460317025
2024-01-02 20:30:00+00:00,30.000000000001137,short,is,,70.625,70.595,1,1,100330.00000000009,-0.4662698412697977
2024-01-02 20:54:00+00:00,-99.99999999999432,long,is,,70.535,70.435,1,21,100230.00000000009,-0.565476190476147
2024-01-02 21:16:00+00:00,79.9999999999983,long,is,,70.405,70.485,1,16,100310.00000000009,-0.4861111111110676
2024-01-02 21:22:00+00:00,30.000000000001137,short,is,,70.545,70.515,1,4,100340.00000000009,-0.4563492063491628
2024-01-02 21:35:00+00:00,-10.000000000005116,short,is,,70.545,70.555,1,8,100330.00000000009,-0.4662698412697977
2024-01-02 21:56:00+00:00,25.000000000005684,long,is,,70.525,70.55000000000001,1,2,100355.00000000009,-0.4414682539682105
2024-01-02 23:02:00+00:00,34.99999999999659,long,is,,70.49000000000001,70.525,1,13,100390.00000000009,-0.4067460317459882
2024-01-02 23:32:00+00:00,-10.000000000005116,long,is,,70.485,70.475,1,12,100380.00000000009,-0.4166666666666232
2024-01-02 23:50:00+00:00,20.000000000010232,long,is,,70.445,70.465,1,13,100400.00000000009,-0.39682539682535334
2024-01-03 00:11:00+00:00,30.000000000001137,long,is,,70.455,70.485,1,4,100430.00000000009,-0.3670634920634486
2024-01-03 00:23:00+00:00,14.999999999986358,long,is,,70.46000000000001,70.475,1,3,100445.00000000007,-0.3521825396825107
2024-01-03 00:47:00+00:00,-19.99999999999602,short,is,,70.495,70.515,1,20,100425.00000000009,-0.37202380952376607
2024-01-03 00:58:00+00:00,10.000000000005116,long,is,,70.505,70.515,1,4,100435.00000000009,-0.36210317460313113
2024-01-03 01:02:00+00:00,19.99999999999602,short,is,,70.545,70.525,1,1,100455.00000000009,-0.3422619047618613
2024-01-03 01:11:00+00:00,-19.99999999998181,short,is,,70.58500000000001,70.60499999999999,1,8,100435.0000000001,-0.3621031746031167
2024-01-03 01:27:00+00:00,-44.999999999987494,long,is,,70.475,70.43,1,15,100390.00000000012,-0.40674603174595936
2024-01-03 01:33:00+00:00,80.0000000000125,long,is,,70.345,70.42500000000001,1,3,100470.00000000013,-0.3273809523808656
2024-01-03 02:05:00+00:00,55.00000000000682,long,is,,70.345,70.4,1,25,100525.00000000013,-0.2728174603173736
2024-01-03 02:33:00+00:00,20.000000000010232,short,is,,70.42500000000001,70.405,1,5,100545.00000000015,-0.2529761904760893
2024-01-03 02:47:00+00:00,10.000000000019327,short,is,,70.42500000000001,70.41499999999999,1,4,100555.00000000016,-0.24305555555543995
2024-01-03 02:54:00+00:00,19.99999999998181,short,is,,70.445,70.42500000000001,1,3,100575.00000000015,-0.22321428571418456
2024-01-03 03:07:00+00:00,10.000000000005116,short,is,,70.455,70.445,1,4,100585.00000000015,-0.21329365079354964
2024-01-03 03:22:00+00:00,19.99999999998181,long,is,,70.36500000000001,70.38499999999999,1,12,100605.00000000013,-0.19345238095229425
2024-01-03 03:32:00+00:00,10.000000000019327,long,is,,70.32499999999999,70.33500000000001,1,7,100615.00000000015,-0.1835317460316449
2024-01-03 03:52:00+00:00,-15.000000000000568,short,is,,70.345,70.36,1,9,100600.00000000015,-0.19841269841259726
2024-01-03 04:13:00+00:00,4.9999999999954525,long,is,,70.35,70.35499999999999,1,5,100605.00000000015,-0.1934523809522798
2024-01-03 04:29:00+00:00,9.999999999990905,long,is,,70.345,70.35499999999999,1,14,100615.00000000013,-0.18353174603165934
2024-01-03 04:58:00+00:00,-14.999999999986358,long,is,,70.35499999999999,70.34,1,15,100600.00000000015,-0.19841269841259726
2024-01-03 05:26:00+00:00,-10.000000000005116,long,is,,70.305,70.295,1,15,100590.00000000015,-0.2083333333332322
2024-01-03 05:32:00+00:00,19.99999999998181,long,is,,70.11500000000001,70.13499999999999,1,2,100610.00000000013,-0.1884920634919768
2024-01-03 05:52:00+00:00,20.000000000010232,short,is,,70.215,70.195,1,2,100630.00000000013,-0.16865079365070695
2024-01-03 06:06:00+00:00,9.999999999990905,short,is,,70.255,70.245,1,8,100640.00000000013,-0.15873015873007204
2024-01-03 06:21:00+00:00,60.000000000002274,short,is,,70.4,70.34,1,5,100700.00000000013,-0.09920634920626255
2024-01-03 06:41:00+00:00,25.000000000005684,long,is,,70.34,70.36500000000001,1,5,100725.00000000013,-0.07440476190467525
2024-01-03 07:01:00+00:00,4.9999999999954525,short,is,,70.375,70.37,1,6,100730.00000000013,-0.0694444444443578
2024-01-03 07:11:00+00:00,20.000000000010232,long,is,,70.315,70.33500000000001,1,5,100750.00000000015,-0.04960317460307353
2024-01-03 07:23:00+00:00,39.99999999999204,long,is,,70.275,70.315,1,5,100790.00000000013,-0.009920634920548298
2024-01-03 07:34:00+00:00,14.999999999986358,long,is,,70.275,70.28999999999999,1,4,100805.00000000012,0.0
2024-01-03 07:51:00+00:00,30.000000000001137,long,is,,70.225,70.255,1,2,100835.00000000012,0.0
2024-01-03 08:07:00+00:00,-115.0000000000091,long,is,,70.18,70.065,1,15,100720.00000000012,-0.114047701690881
2024-01-03 08:26:00+00:00,35.0000000000108,long,is,,69.88499999999999,69.92,1,15,100755.00000000012,-0.07933753161104766
2024-01-03 08:42:00+00:00,80.0000000000125,long,is,,69.785,69.86500000000001,1,15,100835.00000000013,0.0
2024-01-03 08:58:00+00:00,30.000000000001137,short,is,,69.995,69.965,1,11,100865.00000000013,0.0
2024-01-03 09:08:00+00:00,69.99999999999318,long,is,,69.785,69.85499999999999,1,7,100935.00000000013,0.0
2024-01-03 09:30:00+00:00,-160.0000000000108,long,is,,69.64500000000001,69.485,1,16,100775.00000000012,-0.15851785802745763
2024-01-03 09:56:00+00:00,-299.99999999999716,short,is,,69.67,69.97,1,23,100475.00000000012,-0.4557388418289136
2024-01-03 10:07:00+00:00,94.99999999999886,short,is,,70.13499999999999,70.03999999999999,1,2,100570.00000000012,-0.3616188636251192
2024-01-03 10:15:00+00:00,89.9999999999892,long,is,,69.86500000000001,69.955,1,4,100660.00000000012,-0.2724525684846824
2024-01-03 10:18:00+00:00,90.00000000000341,long,is,,69.845,69.935,1,2,100750.00000000012,-0.1832862733442456
2024-01-03 10:43:00+00:00,70.00000000000739,long,is,,69.985,70.055,1,4,100820.00000000012,-0.11393471045723921
2024-01-03 10:46:00+00:00,109.99999999999943,short,is,,70.155,70.045,1,1,100930.00000000012,-0.004953683063372017
2024-01-03 10:53:00+00:00,85.00000000000796,long,is,,69.965,70.05000000000001,1,3,101015.00000000013,0.0
2024-01-03 11:04:00+00:00,79.99999999998408,long,is,,69.89500000000001,69.975,1,8,101095.00000000012,0.0
2024-01-03 11:30:00+00:00,-125.0,short,is,,70.08500000000001,70.21000000000001,1,24,100970.00000000012,-0.12364607547356433
2024-01-03 11:33:00+00:00,70.00000000000739,long,is,,70.16499999999999,70.235,1,2,101040.00000000012,-0.054404273208368305
2024-01-03 11:47:00+00:00,59.99999999998806,short,is,,70.32499999999999,70.265,1,3,101100.0000000001,0.0
2024-01-03 12:02:00+00:00,180.00000000000682,long,is,,70.195,70.375,1,10,101280.00000000012,0.0
2024-01-03 12:26:00+00:00,5.000000000009663,long,is,,70.36,70.36500000000001,1,10,101285.00000000013,0.0
2024-01-03 12:43:00+00:00,-350.0000000000085,short,is,,70.455,70.805,1,10,100935.00000000012,-0.3455595596584036
2024-01-03 13:07:00+00:00,-50.00000000001137,short,is,,71.005,71.055,1,9,100885.0000000001,-0.39492521103818784
2024-01-03 13:18:00+00:00,119.99999999999034,long,is,,70.89500000000001,71.015,1,5,101005.0000000001,-0.27644764772674013
2024-01-03 13:32:00+00:00,-9.999999999990905,long,is,,70.875,70.86500000000001,1,11,100995.0000000001,-0.2863207780026941
2024-01-03 13:41:00+00:00,140.00000000001478,short,is,,71.055,70.91499999999999,1,4,101135.00000000012,-0.14809695413932406
2024-01-03 14:35:00+00:00,665.0000000000063,long,is,,70.78999999999999,71.455,1,46,101800.00000000013,0.0
2024-01-03 14:41:00+00:00,129.99999999999545,short,is,,71.775,71.64500000000001,1,2,101930.00000000012,0.0
2024-01-03 15:16:00+00:00,-569.9999999999932,short,is,,71.805,72.375,1,17,101360.00000000013,-0.5592072991268369
2024-01-03 15:22:00+00:00,129.99999999999545,long,is,,72.255,72.38499999999999,1,1,101490.00000000012,-0.43166879230844646
2024-01-03 15:30:00+00:00,139.99999999998636,short,is,,72.57499999999999,72.435,1,4,101630.00000000012,-0.29431963111939535
2024-01-03 15:37:00+00:00,159.9999999999966,short,is,,72.715,72.555,1,5,101790.0000000001,-0.13734916118906543
2024-01-03 16:07:00+00:00,-49.99999999999716,short,is,,72.735,72.785,1,15,101740.0000000001,-0.186402433042298
2024-01-03 16:22:00+00:00,-4.9999999999954525,long,is,,72.66,72.655,1,13,101735.00000000012,-0.19130776022760698
2024-01-03 17:00:00+00:00,-20.000000000010232,long,is,,72.405,72.38499999999999,1,12,101715.0000000001,-0.21092906896891428
2024-01-03 17:28:00+00:00,109.99999999998522,short,is,,72.505,72.39500000000001,1,4,101825.00000000009,-0.10301187089181692
2024-01-03 17:51:00+00:00,120.00000000000455,short,is,,72.625,72.505,1,8,101945.00000000009,0.0
2024-01-03 17:58:00+00:00,110.00000000001364,long,is,,72.445,72.555,1,2,102055.0000000001,0.0
2024-01-03 18:28:00+00:00,-180.00000000000682,short,is,,72.625,72.805,1,24,101875.0000000001,-0.17637548380775053
2024-01-03 18:48:00+00:00,19.99999999999602,long,is,,72.745,72.765,1,14,101895.0000000001,-0.1567782078291116
2024-01-03 19:04:00+00:00,90.00000000000341,short,is,,72.795,72.705,1,13,101985.0000000001,-0.06859046592523632
2024-01-03 19:24:00+00:00,39.99999999999204,long,is,,72.625,72.66499999999999,1,8,102025.00000000009,-0.02939591396797268
2024-01-03 19:29:00+00:00,80.0000000000125,short,is,,72.745,72.66499999999999,1,1,102105.0000000001,0.0
2024-01-03 19:33:00+00:00,109.99999999998522,short,is,,72.82499999999999,72.715,1,2,102215.00000000009,0.0
2024-01-03 20:04:00+00:00,0.0,short,is,,72.815,72.815,1,16,102215.00000000009,0.0
2024-01-03 20:38:00+00:00,-200.00000000001705,short,is,,72.85499999999999,73.055,1,32,102015.00000000007,-0.1956659981411871
2024-01-03 20:58:00+00:00,30.000000000001137,long,is,,73.005,73.035,1,4,102045.00000000007,-0.16631609842001116
2024-01-03 21:21:00+00:00,4.9999999999954525,long,is,,72.975,72.97999999999999,1,12,102050.00000000007,-0.16142444846648185
2024-01-03 21:34:00+00:00,145.00000000001023,short,is,,72.99000000000001,72.845,1,5,102195.00000000007,-0.01956659981413152
2024-01-03 21:46:00+00:00,14.999999999986358,short,is,,73.00999999999999,72.995,1,5,102210.00000000006,-0.004891649953557795
2024-01-03 23:01:00+00:00,34.99999999999659,long,is,,72.99000000000001,73.025,1,9,102245.00000000006,0.0
2024-01-03 23:30:00+00:00,0.0,long,is,,73.015,73.015,1,10,102245.00000000006,0.0
2024-01-03 23:46:00+00:00,10.000000000005116,short,is,,73.045,73.035,1,9,102255.00000000007,0.0
2024-01-03 23:53:00+00:00,19.99999999999602,short,is,,73.065,73.045,1,1,102275.00000000006,0.0
2024-01-04 00:22:00+00:00,-60.000000000002274,long,is,,72.995,72.935,1,21,102215.00000000006,-0.05866536299193348
2024-01-04 00:30:00+00:00,20.000000000010232,short,is,,72.965,72.945,1,4,102235.00000000007,-0.03911024199460809
2024-01-04 01:02:00+00:00,-120.00000000000455,short,is,,72.965,73.08500000000001,1,16,102115.00000000007,-0.15644096797847507
2024-01-04 01:07:00+00:00,84.99999999997954,long,is,,72.99000000000001,73.07499999999999,1,2,102200.00000000004,-0.07333170373993107
2024-01-04 01:19:00+00:00,60.000000000002274,long,is,,73.005,73.065,1,10,102260.00000000004,-0.014666340747997598
2024-01-04 01:34:00+00:00,0.0,long,is,,72.975,72.975,1,11,102260.00000000004,-0.014666340747997598
2024-01-04 01:57:00+00:00,-60.000000000002274,short,is,,73.11500000000001,73.17500000000001,1,17,102200.00000000004,-0.07333170373993107
2024-01-04 02:19:00+00:00,-9.999999999990905,long,is,,73.10499999999999,73.095,1,15,102190.00000000006,-0.08310926423857243
2024-01-04 02:24:00+00:00,19.99999999999602,long,is,,73.045,73.065,1,1,102210.00000000006,-0.06355414324126127
2024-01-04 02:40:00+00:00,-40.00000000000625,long,is,,73.045,73.005,1,10,102170.00000000004,-0.10266438523589781
2024-01-04 02:48:00+00:00,40.00000000000625,long,is,,72.945,72.985,1,2,102210.00000000006,-0.06355414324126127
2024-01-04 02:52:00+00:00,19.99999999999602,long,is,,72.955,72.975,1,1,102230.00000000004,-0.04399902224396434
2024-01-04 02:56:00+00:00,50.00000000001137,short,is,,73.025,72.975,1,1,102280.00000000006,0.0
2024-01-04 03:01:00+00:00,40.00000000000625,long,is,,72.945,72.985,1,3,102320.00000000006,0.0
2024-01-04 03:19:00+00:00,64.99999999999773,short,is,,73.035,72.97,1,17,102385.00000000006,0.0
2024-01-04 04:01:00+00:00,-39.99999999999204,short,is,,72.995,73.035,1,28,102345.00000000007,-0.03906822288419732
2024-01-04 04:10:00+00:00,9.999999999990905,short,is,,73.07499999999999,73.065,1,8,102355.00000000006,-0.02930116716315865
2024-01-04 04:47:00+00:00,-100.00000000000853,short,is,,73.10499999999999,73.205,1,33,102255.00000000006,-0.12697172437368748
2024-01-04 05:05:00+00:00,4.9999999999954525,long,is,,73.185,73.19,1,6,102260.00000000004,-0.12208819651317526
2024-01-04 05:23:00+00:00,-10.000000000005116,short,is,,73.195,73.205,1,8,102250.00000000004,-0.13185525223422814
2024-01-04 05:31:00+00:00,15.00000000001478,short,is,,73.24000000000001,73.225,1,5,102265.00000000006,-0.1172046686526346
2024-01-04 05:40:00+00:00,30.000000000001137,long,is,,73.195,73.225,1,4,102295.00000000006,-0.08790350148947595
2024-01-04 05:47:00+00:00,40.00000000000625,short,is,,73.275,73.235,1,5,102335.00000000006,-0.04883527860526442
2024-01-04 06:15:00+00:00,-130.00000000000966,short,is,,73.265,73.39500000000001,1,23,102205.00000000006,-0.1758070029789519
2024-01-04 06:21:00+00:00,20.000000000010232,short,is,,73.42500000000001,73.405,1,2,102225.00000000006,-0.15627289153684615
2024-01-04 06:30:00+00:00,30.000000000001137,short,is,,73.435,73.405,1,2,102255.00000000007,-0.12697172437367327
2024-01-04 06:35:00+00:00,20.000000000010232,short,is,,73.435,73.41499999999999,1,2,102275.00000000007,-0.1074376129315675
2024-01-04 06:44:00+00:00,29.999999999986926,short,is,,73.455,73.42500000000001,1,1,102305.00000000006,-0.07813644576842307
2024-01-04 06:56:00+00:00,-10.000000000019327,long,is,,73.39500000000001,73.38499999999999,1,10,102295.00000000004,-0.08790350148949017
2024-01-04 07:00:00+00:00,54.99999999999261,long,is,,73.33500000000001,73.39,1,2,102350.00000000003,-0.03418469502371352
2024-01-04 07:07:00+00:00,40.000000000020464,short,is,,73.42500000000001,73.38499999999999,1,4,102390.00000000006,0.0
2024-01-04 07:16:00+00:00,30.000000000001137,long,is,,73.315,73.345,1,7,102420.00000000006,0.0
2024-01-04 07:36:00+00:00,39.99999999999204,short,is,,73.41499999999999,73.375,1,4,102460.00000000004,0.0
2024-01-04 07:41:00+00:00,30.000000000001137,long,is,,73.305,73.33500000000001,1,4,102490.00000000006,0.0
2024-01-04 08:09:00+00:00,149.99999999999147,long,is,,73.295,73.445,1,9,102640.00000000004,0.0
2024-01-04 08:35:00+00:00,44.999999999987494,long,is,,73.43,73.475,1,7,102685.00000000003,0.0
2024-01-04 08:50:00+00:00,40.00000000000625,short,is,,73.58500000000001,73.545,1,6,102725.00000000003,0.0
2024-01-04 09:15:00+00:00,-120.00000000000455,short,is,,73.725,73.845,1,19,102605.00000000003,-0.1168167437332684
2024-01-04 09:44:00+00:00,-139.99999999998636,long,is,,73.785,73.64500000000001,1,18,102465.00000000004,-0.2531029447554007
2024-01-04 10:17:00+00:00,200.00000000001705,long,is,,73.445,73.64500000000001,1,24,102665.00000000006,-0.05840837186660587
2024-01-04 10:43:00+00:00,-70.00000000000739,long,is,,73.525,73.455,1,23,102595.00000000006,-0.1265514723776791
2024-01-04 10:54:00+00:00,39.99999999999204,long,is,,73.375,73.41499999999999,1,2,102635.00000000004,-0.08761255779993714
2024-01-04 11:12:00+00:00,19.99999999999602,short,is,,73.455,73.435,1,4,102655.00000000004,-0.06814310051105907
2024-01-04 11:21:00+00:00,40.00000000000625,short,is,,73.485,73.445,1,1,102695.00000000004,-0.029204185933302935
2024-01-04 11:26:00+00:00,30.000000000001137,long,is,,73.405,73.435,1,3,102725.00000000006,0.0
2024-01-04 11:30:00+00:00,40.00000000000625,short,is,,73.485,73.445,1,3,102765.00000000006,0.0
2024-01-04 11:44:00+00:00,40.00000000000625,short,is,,73.495,73.455,1,3,102805.00000000006,0.0
2024-01-04 11:54:00+00:00,19.99999999999602,short,is,,73.505,73.485,1,6,102825.00000000006,0.0
2024-01-04 12:05:00+00:00,49.99999999998295,long,is,,73.42500000000001,73.475,1,3,102875.00000000004,0.0
2024-01-04 12:11:00+00:00,60.000000000002274,long,is,,73.41499999999999,73.475,1,4,102935.00000000004,0.0
2024-01-04 12:31:00+00:00,40.00000000000625,short,is,,73.555,73.515,1,4,102975.00000000006,0.0
2024-01-04 12:47:00+00:00,30.000000000001137,long,is,,73.495,73.525,1,2,103005.00000000006,0.0
2024-01-04 12:51:00+00:00,40.00000000000625,long,is,,73.475,73.515,1,3,103045.00000000006,0.0
2024-01-04 12:57:00+00:00,39.99999999999204,long,is,,73.465,73.505,1,3,103085.00000000006,0.0
2024-01-04 13:05:00+00:00,-250.0,long,is,,73.465,73.215,1,7,102835.00000000006,-0.24251831013241487
2024-01-04 13:24:00+00:00,134.9999999999909,short,is,,73.41,73.275,1,6,102970.00000000004,-0.11155842266092496
2024-01-04 13:37:00+00:00,80.0000000000125,short,is,,73.405,73.32499999999999,1,9,103050.00000000006,-0.033952563418538084
2024-01-04 13:56:00+00:00,0.0,short,is,,73.485,73.485,1,17,103050.00000000006,-0.033952563418538084
2024-01-04 14:07:00+00:00,265.0000000000148,short,is,,73.52000000000001,73.255,1,9,103315.00000000007,0.0
2024-01-04 14:12:00+00:00,200.00000000000284,long,is,,72.97,73.17,1,2,103515.00000000007,0.0
2024-01-04 14:27:00+00:00,99.99999999999432,long,is,,73.005,73.10499999999999,1,5,103615.00000000007,0.0
2024-01-04 14:32:00+00:00,170.00000000001592,long,is,,72.94999999999999,73.12,1,3,103785.00000000009,0.0
2024-01-04 14:53:00+00:00,-9.999999999990905,long,is,,72.725,72.715,1,13,103775.00000000009,-0.009635303752950804
2024-01-04 15:11:00+00:00,10.000000000019327,short,is,,72.89500000000001,72.88499999999999,1,13,103785.00000000012,0.0
2024-01-04 15:19:00+00:00,100.00000000000853,long,is,,72.765,72.86500000000001,1,4,103885.00000000012,0.0
2024-01-04 15:33:00+00:00,-55.00000000000682,long,is,,72.685,72.63,1,12,103830.00000000012,-0.05294315830004326
2024-01-04 15:44:00+00:00,179.9999999999926,long,is,,72.205,72.38499999999999,1,7,104010.0000000001,0.0
2024-01-04 16:11:00+00:00,-229.99999999998977,long,is,,72.19,71.96000000000001,1,13,103780.00000000012,-0.22113258340542757
2024-01-04 16:23:00+00:00,120.00000000000455,long,is,,71.655,71.775,1,5,103900.00000000012,-0.10575906162867545
2024-01-04 16:39:00+00:00,-114.99999999999488,long,is,,71.42,71.305,1,12,103785.00000000013,-0.21632535333138223
2024-01-04 16:53:00+00:00,109.99999999998522,short,is,,71.41499999999999,71.305,1,6,103895.00000000012,-0.11056629170270679
2024-01-04 16:59:00+00:00,140.00000000000057,short,is,,71.485,71.345,1,3,104035.00000000012,0.0
2024-01-04 17:10:00+00:00,60.000000000002274,short,is,,71.47,71.41,1,2,104095.00000000012,0.0
2024-01-04 17:58:00+00:00,885.0000000000193,long,is,,71.22999999999999,72.11500000000001,1,47,104980.00000000013,0.0
2024-01-04 18:16:00+00:00,140.00000000000057,long,is,,72.095,72.235,1,11,105120.00000000013,0.0
2024-01-04 18:45:00+00:00,55.00000000000682,long,is,,72.25999999999999,72.315,1,7,105175.00000000015,0.0
2024-01-04 19:07:00+00:00,-5.000000000009663,long,is,,72.205,72.19999999999999,1,13,105170.00000000013,-0.0047539814594861375
2024-01-04 19:13:00+00:00,85.00000000000796,long,is,,72.07499999999999,72.16,1,2,105255.00000000015,0.0
2024-01-04 19:25:00+00:00,45.000000000015916,long,is,,72.07499999999999,72.12,1,8,105300.00000000016,0.0
2024-01-04 19:30:00+00:00,140.00000000001478,short,is,,72.275,72.13499999999999,1,2,105440.00000000017,0.0
2024-01-04 19:41:00+00:00,70.00000000000739,short,is,,72.295,72.225,1,8,105510.00000000017,0.0
2024-01-04 20:06:00+00:00,-44.999999999987494,long,is,,72.16,72.11500000000001,1,13,105465.00000000019,-0.04264998578332421
2024-01-04 20:27:00+00:00,-39.99999999999204,short,is,,72.245,72.285,1,18,105425.0000000002,-0.08056108425738864
2024-01-04 20:42:00+00:00,20.000000000010232,short,is,,72.345,72.32499999999999,1,7,105445.0000000002,-0.06160553502034953
2024-01-04 20:52:00+00:00,39.99999999999204,short,is,,72.38,72.34,1,4,105485.0000000002,-0.02369443654627131
2024-01-04 20:59:00+00:00,40.000000000020464,short,is,,72.39500000000001,72.35499999999999,1,6,105525.00000000022,0.0
2024-01-04 21:28:00+00:00,15.00000000001478,short,is,,72.39500000000001,72.38,1,3,105540.00000000023,0.0
2024-01-04 21:36:00+00:00,24.999999999991473,long,is,,72.33,72.35499999999999,1,3,105565.00000000023,0.0
2024-01-04 21:49:00+00:00,39.99999999999204,short,is,,72.41499999999999,72.375,1,8,105605.00000000022,0.0
2024-01-04 21:51:00+00:00,35.0000000000108,long,is,,72.32499999999999,72.36,1,1,105640.00000000023,0.0
2024-01-04 23:05:00+00:00,50.00000000001137,short,is,,72.42500000000001,72.375,1,10,105690.00000000023,0.0
2024-01-04 23:08:00+00:00,50.00000000001137,long,is,,72.32,72.37,1,2,105740.00000000025,0.0
2024-01-04 23:25:00+00:00,34.99999999999659,long,is,,72.28999999999999,72.32499999999999,1,9,105775.00000000025,0.0
2024-01-05 00:00:00+00:00,10.000000000005116,long,is,,72.295,72.305,1,5,105785.00000000025,0.0
2024-01-05 00:17:00+00:00,39.99999999999204,long,is,,72.215,72.255,1,2,105825.00000000025,0.0
2024-01-05 00:51:00+00:00,-99.99999999999432,short,is,,72.285,72.38499999999999,1,29,105725.00000000025,-0.09449562957713184
2024-01-05 00:59:00+00:00,19.99999999998181,long,is,,72.36500000000001,72.38499999999999,1,7,105745.00000000023,-0.07559650366171922
2024-01-05 01:11:00+00:00,-125.0,short,is,,72.485,72.61,1,8,105620.00000000023,-0.19371604063313402
2024-01-05 01:40:00+00:00,-20.000000000010232,long,is,,72.525,72.505,1,18,105600.00000000022,-0.21261516654857412
2024-01-05 01:52:00+00:00,25.000000000005684,short,is,,72.555,72.53,1,6,105625.00000000023,-0.18899125915427742
2024-01-05 02:11:00+00:00,-20.000000000010232,short,is,,72.595,72.61500000000001,1,16,105605.00000000022,-0.20789038506971755
2024-01-05 02:22:00+00:00,39.99999999999204,long,is,,72.595,72.63499999999999,1,7,105645.0000000002,-0.17009213323887856
2024-01-05 02:37:00+00:00,39.99999999999204,short,is,,72.685,72.64500000000001,1,11,105685.0000000002,-0.13229388140802584
2024-01-05 02:52:00+00:00,30.000000000001137,long,is,,72.625,72.655,1,7,105715.0000000002,-0.10394519253488627
2024-01-05 02:57:00+00:00,34.99999999999659,short,is,,72.745,72.71000000000001,1,4,105750.0000000002,-0.07087172218289013
2024-01-05 03:19:00+00:00,10.000000000005116,short,is,,72.745,72.735,1,4,105760.0000000002,-0.06142215922517695
2024-01-05 03:47:00+00:00,-94.99999999999886,long,is,,72.69999999999999,72.60499999999999,1,25,105665.0000000002,-0.15119300732345217
2024-01-05 04:31:00+00:00,69.99999999999318,long,is,,72.58500000000001,72.655,1,34,105735.0000000002,-0.0850460666194599
2024-01-05 04:45:00+00:00,10.000000000019327,short,is,,72.67500000000001,72.66499999999999,1,4,105745.00000000022,-0.07559650366173298
2024-01-05 05:04:00+00:00,-39.99999999999204,short,is,,72.67500000000001,72.715,1,15,105705.00000000023,-0.11339475549257194
2024-01-05 05:24:00+00:00,15.00000000001478,long,is,,72.69999999999999,72.715,1,4,105720.00000000023,-0.09922041105600218
2024-01-05 05:34:00+00:00,-14.999999999986358,short,is,,72.745,72.75999999999999,1,7,105705.00000000025,-0.1133947554925582
2024-01-05 06:00:00+00:00,-90.00000000000341,long,is,,72.725,72.63499999999999,1,18,105615.00000000025,-0.1984408221119769
2024-01-05 06:25:00+00:00,-30.000000000001137,short,is,,72.745,72.775,1,24,105585.00000000025,-0.2267895109851164
2024-01-05 06:37:00+00:00,69.99999999999318,long,is,,72.71000000000001,72.78,1,6,105655.00000000025,-0.1606425702811241
2024-01-05 06:49:00+00:00,4.9999999999954525,long,is,,72.725,72.72999999999999,1,9,105660.00000000023,-0.15591778880228127
2024-01-05 07:13:00+00:00,0.0,long,is,,72.66,72.66,1,11,105660.00000000023,-0.15591778880228127
2024-01-05 07:33:00+00:00,129.99999999999545,short,is,,72.725,72.595,1,13,105790.00000000023,-0.033073470352009894
2024-01-05 08:01:00+00:00,60.000000000002274,short,is,,72.67500000000001,72.61500000000001,1,8,105850.00000000023,0.0
2024-01-05 08:14:00+00:00,30.000000000001137,short,is,,72.745,72.715,1,9,105880.00000000023,0.0
2024-01-05 08:19:00+00:00,79.99999999998408,short,is,,72.82499999999999,72.745,1,3,105960.00000000022,0.0
2024-01-05 08:31:00+00:00,139.99999999998636,short,is,,72.82499999999999,72.685,1,8,106100.0000000002,0.0
2024-01-05 08:45:00+00:00,19.99999999999602,long,is,,72.545,72.565,1,13,106120.0000000002,0.0
2024-01-05 09:12:00+00:00,-229.99999999998977,short,is,,72.655,72.88499999999999,1,21,105890.00000000022,-0.21673577082546644
2024-01-05 09:32:00+00:00,-99.99999999999432,short,is,,72.96000000000001,73.06,1,16,105790.00000000022,-0.31096871466263176
2024-01-05 09:41:00+00:00,49.99999999999716,long,is,,73.015,73.065,1,2,105840.00000000022,-0.2638522427440491
2024-01-05 09:56:00+00:00,30.000000000001137,long,is,,72.985,73.015,1,6,105870.00000000022,-0.23558235959289953
2024-01-05 10:19:00+00:00,4.9999999999954525,long,is,,72.9,72.905,1,9,105875.00000000022,-0.23087071240104126
2024-01-05 10:51:00+00:00,-120.00000000000455,long,is,,72.755,72.63499999999999,1,19,105755.0000000002,-0.34395024500565335
2024-01-05 11:07:00+00:00,40.00000000000625,long,is,,72.515,72.555,1,5,105795.00000000022,-0.30625706747077347
2024-01-05 11:29:00+00:00,19.99999999998181,short,is,,72.69999999999999,72.68,1,16,105815.00000000019,-0.28741047870336783
2024-01-05 11:37:00+00:00,24.999999999991473,long,is,,72.61,72.63499999999999,1,6,105840.00000000019,-0.26385224274407654
2024-01-05 11:58:00+00:00,19.99999999999602,short,is,,72.725,72.705,1,11,105860.00000000019,-0.24500565397664345
2024-01-05 12:12:00+00:00,9.999999999990905,long,is,,72.67500000000001,72.685,1,6,105870.00000000017,-0.23558235959294066
2024-01-05 12:32:00+00:00,-40.00000000000625,short,is,,72.755,72.795,1,11,105830.00000000017,-0.2732755371278068
2024-01-05 12:58:00+00:00,24.999999999991473,short,is,,72.945,72.92,1,15,105855.00000000016,-0.24971730116852917
2024-01-05 13:04:00+00:00,194.99999999999318,long,is,,72.845,73.03999999999999,1,4,106050.00000000015,-0.06596306068607057
2024-01-05 13:15:00+00:00,140.00000000001478,long,is,,72.88499999999999,73.025,1,1,106190.00000000017,0.0
2024-01-05 13:26:00+00:00,105.00000000001819,short,is,,73.21000000000001,73.10499999999999,1,4,106295.00000000019,0.0
2024-01-05 13:43:00+00:00,9.999999999990905,long,is,,72.965,72.975,1,7,106305.00000000017,0.0
2024-01-05 14:03:00+00:00,-260.0000000000193,short,is,,73.10499999999999,73.36500000000001,1,10,106045.00000000016,-0.24457927660976822
2024-01-05 14:36:00+00:00,144.99999999999602,short,is,,73.815,73.67,1,5,106190.00000000016,-0.10817929542355897
2024-01-05 14:47:00+00:00,89.9999999999892,long,is,,73.485,73.57499999999999,1,10,106280.00000000015,-0.0235172381355807
2024-01-05 15:10:00+00:00,-229.99999999998977,short,is,,73.775,74.005,1,16,106050.00000000015,-0.23987582898267126
2024-01-05 15:35:00+00:00,-129.99999999999545,long,is,,73.905,73.775,1,21,105920.00000000016,-0.36216546728753485
2024-01-05 15:46:00+00:00,19.99999999998181,long,is,,73.58500000000001,73.60499999999999,1,9,105940.00000000015,-0.3433516767791059
2024-01-05 15:59:00+00:00,169.9999999999875,short,is,,73.725,73.555,1,4,106110.00000000013,-0.18343445745735698
2024-01-05 16:23:00+00:00,-219.99999999999886,short,is,,73.735,73.955,1,20,105890.00000000013,-0.3903861530502262
2024-01-05 16:35:00+00:00,150.00000000000568,short,is,,74.155,74.005,1,4,106040.00000000013,-0.24928272423690628
2024-01-05 16:52:00+00:00,39.99999999999204,long,is,,73.815,73.85499999999999,1,11,106080.00000000013,-0.21165514322002096
2024-01-05 17:02:00+00:00,89.9999999999892,short,is,,73.955,73.86500000000001,1,4,106170.00000000012,-0.1269930859320427
2024-01-05 17:15:00+00:00,150.00000000000568,long,is,,73.685,73.83500000000001,1,6,106320.00000000012,0.0
2024-01-05 17:24:00+00:00,94.99999999999886,short,is,,73.89500000000001,73.80000000000001,1,1,106415.00000000012,0.0
2024-01-05 17:49:00+00:00,-159.9999999999966,long,is,,73.695,73.535,1,20,106255.00000000012,-0.15035474322228992
2024-01-05 18:04:00+00:00,39.99999999999204,short,is,,73.595,73.555,1,9,106295.00000000012,-0.11276605741671744
2024-01-05 18:15:00+00:00,80.0000000000125,long,is,,73.565,73.64500000000001,1,2,106375.00000000013,-0.03758868580555881
2024-01-05 18:20:00+00:00,89.9999999999892,long,is,,73.515,73.60499999999999,1,2,106465.00000000012,0.0
2024-01-05 18:43:00+00:00,-94.99999999999886,short,is,,73.69,73.785,1,17,106370.00000000012,-0.0892312027426853
2024-01-05 18:49:00+00:00,30.000000000001137,short,is,,73.83500000000001,73.805,1,3,106400.00000000012,-0.06105292819236362
2024-01-05 19:01:00+00:00,79.9999999999983,short,is,,73.955,73.875,1,8,106480.00000000012,0.0
2024-01-05 19:13:00+00:00,60.000000000002274,long,is,,73.775,73.83500000000001,1,5,106540.00000000012,0.0
2024-01-05 19:25:00+00:00,30.000000000001137,short,is,,73.945,73.91499999999999,1,6,106570.00000000012,0.0
2024-01-05 19:44:00+00:00,10.000000000005116,long,is,,73.755,73.765,1,14,106580.00000000013,0.0
2024-01-05 19:57:00+00:00,70.00000000000739,long,is,,73.66499999999999,73.735,1,3,106650.00000000013,0.0
2024-01-05 20:33:00+00:00,-60.000000000002274,short,is,,73.745,73.805,1,23,106590.00000000013,-0.05625879043600556
2024-01-05 20:52:00+00:00,-4.9999999999954525,short,is,,73.845,73.85,1,10,106585.00000000013,-0.06094702297233935
2024-01-05 21:06:00+00:00,-10.000000000019327,short,is,,73.88499999999999,73.89500000000001,1,9,106575.00000000012,-0.07032348804502059
2024-01-05 21:33:00+00:00,25.000000000005684,short,is,,73.93,73.905,1,4,106600.00000000012,-0.04688232536335161
2024-01-05 21:48:00+00:00,0.0,long,is,,73.89500000000001,73.89500000000001,1,12,106600.00000000012,-0.04688232536335161
2024-01-07 22:02:00+00:00,9.999999999990905,short,is,,73.91499999999999,73.905,1,11,106610.00000000012,-0.03750586029068402
2024-01-07 23:02:00+00:00,-250.0,short,is,,73.525,73.775,1,7,106360.00000000012,-0.27191748710737385
2024-01-07 23:28:00+00:00,0.0,short,is,,73.875,73.875,1,8,106360.00000000012,-0.27191748710737385
2024-01-07 23:49:00+00:00,-20.000000000010232,long,is,,73.805,73.785,1,14,106340.0000000001,-0.2906704172527227
2024-01-08 00:15:00+00:00,15.000000000000568,short,is,,73.81,73.795,1,5,106355.0000000001,-0.27660571964372127
2024-01-08 00:26:00+00:00,9.999999999990905,short,is,,73.82499999999999,73.815,1,6,106365.00000000009,-0.26722925457106733
2024-01-08 00:55:00+00:00,-109.99999999998522,long,is,,73.785,73.67500000000001,1,22,106255.0000000001,-0.37037037037039716
2024-01-08 01:03:00+00:00,109.99999999999943,short,is,,73.72,73.61,1,5,106365.0000000001,-0.2672292545710537
2024-01-08 01:24:00+00:00,64.99999999999773,short,is,,73.705,73.64,1,4,106430.0000000001,-0.20628223159871434
2024-01-08 01:36:00+00:00,-9.999999999990905,long,is,,73.53,73.52000000000001,1,10,106420.00000000012,-0.21565869667136828
2024-01-08 01:46:00+00:00,40.00000000000625,long,is,,73.455,73.495,1,2,106460.00000000012,-0.1781528363806979
2024-01-08 02:17:00+00:00,-199.99999999998863,long,is,,73.41499999999999,73.215,1,28,106260.00000000013,-0.3656821378340361
2024-01-08 02:43:00+00:00,25.000000000005684,long,is,,73.13499999999999,73.16,1,12,106285.00000000013,-0.3422409751523671
2024-01-08 03:07:00+00:00,-160.0000000000108,long,is,,73.11500000000001,72.955,1,14,106125.00000000013,-0.49226441631504864
2024-01-08 03:23:00+00:00,64.99999999999773,long,is,,72.88499999999999,72.94999999999999,1,7,106190.00000000012,-0.4313173933427229
2024-01-08 03:49:00+00:00,19.99999999999602,short,is,,72.985,72.965,1,10,106210.00000000012,-0.4125644631973877
2024-01-08 03:55:00+00:00,20.000000000010232,short,is,,72.995,72.975,1,3,106230.00000000013,-0.39381153305203886
2024-01-08 04:06:00+00:00,30.000000000001137,long,is,,72.945,72.975,1,1,106260.00000000013,-0.3656821378340361
2024-01-08 04:29:00+00:00,-19.99999999998181,long,is,,72.945,72.92500000000001,1,20,106240.00000000015,-0.38443506797935767
2024-01-08 04:39:00+00:00,20.000000000010232,short,is,,72.935,72.91499999999999,1,3,106260.00000000016,-0.3656821378340088
2024-01-08 04:58:00+00:00,-50.00000000001137,long,is,,72.89500000000001,72.845,1,13,106210.00000000015,-0.4125644631973604
2024-01-08 05:53:00+00:00,-194.99999999999318,long,is,,72.84,72.64500000000001,1,31,106015.00000000016,-0.5954055321143649
2024-01-08 06:11:00+00:00,-10.000000000005116,short,is,,72.705,72.715,1,10,106005.00000000015,-0.6047819971870461
2024-01-08 06:19:00+00:00,50.00000000001137,short,is,,72.775,72.725,1,5,106055.00000000016,-0.5578996718236945
2024-01-08 06:37:00+00:00,34.99999999999659,long,is,,72.685,72.72,1,2,106090.00000000016,-0.5250820440693579
2024-01-08 06:43:00+00:00,30.000000000001137,long,is,,72.685,72.715,1,2,106120.00000000016,-0.4969526488513551
2024-01-08 06:49:00+00:00,25.000000000005684,short,is,,72.745,72.72,1,2,106145.00000000016,-0.4735114861696862
2024-01-08 07:09:00+00:00,-30.000000000001137,short,is,,72.765,72.795,1,17,106115.00000000016,-0.5016408813876889
2024-01-08 07:24:00+00:00,34.99999999999659,long,is,,72.78,72.815,1,1,106150.00000000016,-0.4688232536333523
2024-01-08 07:59:00+00:00,280.00000000000114,long,is,,72.735,73.015,1,27,106430.00000000016,-0.20628223159865974
2024-01-08 08:09:00+00:00,89.9999999999892,long,is,,72.86500000000001,72.955,1,7,106520.00000000015,-0.12189404594466506
2024-01-08 08:23:00+00:00,70.00000000000739,short,is,,73.055,72.985,1,8,106590.00000000016,-0.05625879043597827
2024-01-08 08:31:00+00:00,109.99999999998522,short,is,,73.13499999999999,73.025,1,6,106700.00000000015,0.0
2024-01-08 08:43:00+00:00,60.000000000002274,short,is,,73.14500000000001,73.08500000000001,1,9,106760.00000000015,0.0
2024-01-08 09:06:00+00:00,80.0000000000125,long,is,,73.005,73.08500000000001,1,3,106840.00000000016,0.0
2024-01-08 09:28:00+00:00,-79.9999999999983,long,is,,72.985,72.905,1,19,106760.00000000016,-0.07487832272557084
2024-01-08 09:33:00+00:00,89.9999999999892,short,is,,73.015,72.92500000000001,1,3,106850.00000000015,0.0
2024-01-08 09:59:00+00:00,20.000000000010232,short,is,,72.92500000000001,72.905,1,5,106870.00000000016,0.0
2024-01-08 10:36:00+00:00,-655.0000000000011,long,is,,72.805,72.15,1,35,106215.00000000016,-0.6128941704875073
2024-01-08 11:22:00+00:00,-430.0000000000068,long,is,,72.035,71.60499999999999,1,33,105785.00000000015,-1.0152521755403883
2024-01-08 11:36:00+00:00,-24.999999999991473,short,is,,71.68,71.705,1,12,105760.00000000016,-1.0386450828108902
2024-01-08 12:18:00+00:00,170.00000000001592,short,is,,71.775,71.60499999999999,1,21,105930.00000000017,-0.8795733133713709
2024-01-08 12:43:00+00:00,-69.99999999999318,short,is,,71.715,71.785,1,21,105860.00000000017,-0.9450734537288143
2024-01-08 12:59:00+00:00,30.000000000001137,short,is,,71.845,71.815,1,6,105890.00000000017,-0.9170019650041957
2024-01-08 13:24:00+00:00,-400.0000000000057,long,is,,71.64500000000001,71.245,1,22,105490.00000000017,-1.2912884813324443
2024-01-08 13:41:00+00:00,9.999999999990905,short,is,,71.285,71.275,1,5,105500.00000000016,-1.2819313184242518
2024-01-08 13:43:00+00:00,109.99999999999943,short,is,,71.405,71.295,1,1,105610.00000000016,-1.1790025264339834
2024-01-08 13:50:00+00:00,84.99999999999375,short,is,,71.41499999999999,71.33,1,3,105695.00000000016,-1.0994666417142305
2024-01-08 14:07:00+00:00,135.00000000001933,long,is,,70.94999999999999,71.08500000000001,1,6,105830.00000000017,-0.9731449424534331
2024-01-08 14:26:00+00:00,114.99999999999488,long,is,,70.745,70.86,1,1,105945.00000000017,-0.8655375690090614
2024-01-08 14:45:00+00:00,-359.99999999999943,long,is,,70.735,70.375,1,15,105585.00000000017,-1.2023954337044853
2024-01-08 15:02:00+00:00,89.9999999999892,short,is,,70.485,70.39500000000001,1,5,105675.00000000016,-1.1181809675306429
2024-01-08 15:21:00+00:00,135.00000000001933,short,is,,70.61500000000001,70.47999999999999,1,5,105810.00000000017,-0.9918592682698455
2024-01-08 15:35:00+00:00,-54.99999999999261,short,is,,70.61500000000001,70.67,1,10,105755.00000000019,-1.0433236642649661
2024-01-08 15:55:00+00:00,60.000000000002274,short,is,,70.92500000000001,70.86500000000001,1,12,105815.00000000019,-0.9871806868157288
2024-01-08 16:11:00+00:00,90.00000000000341,long,is,,70.725,70.815,1,13,105905.00000000019,-0.9029662206418728
2024-01-08 16:23:00+00:00,-69.99999999999318,long,is,,70.685,70.61500000000001,1,10,105835.0000000002,-0.9684663609993026
2024-01-08 16:33:00+00:00,170.00000000001592,long,is,,70.38499999999999,70.555,1,2,106005.00000000022,-0.8093945915597833
2024-01-08 16:39:00+00:00,90.00000000000341,long,is,,70.38499999999999,70.475,1,3,106095.00000000022,-0.7251801253859275
2024-01-08 16:50:00+00:00,69.99999999999318,short,is,,70.57499999999999,70.505,1,3,106165.00000000022,-0.6596799850284839
2024-01-08 17:11:00+00:00,-30.000000000001137,long,is,,70.33500000000001,70.305,1,13,106135.00000000022,-0.6877514737531025
2024-01-08 17:31:00+00:00,-10.000000000019327,short,is,,70.38499999999999,70.39500000000001,1,15,106125.00000000019,-0.697108636661336
2024-01-08 17:48:00+00:00,44.999999999987494,long,is,,70.27000000000001,70.315,1,8,106170.00000000017,-0.6550014035744216
2024-01-08 18:07:00+00:00,30.000000000001137,short,is,,70.405,70.375,1,7,106200.00000000019,-0.6269299148497893
2024-01-08 18:29:00+00:00,49.99999999998295,long,is,,70.33500000000001,70.38499999999999,1,7,106250.00000000016,-0.5801441003087855
2024-01-08 18:50:00+00:00,-50.00000000001137,short,is,,70.475,70.525,1,12,106200.00000000016,-0.6269299148498166
2024-01-08 19:27:00+00:00,-305.0000000000068,short,is,,70.57499999999999,70.88,1,26,105895.00000000015,-0.9123233835501199
2024-01-08 20:02:00+00:00,-35.0000000000108,short,is,,70.97999999999999,71.015,1,17,105860.00000000013,-0.9450734537288553
2024-01-08 20:09:00+00:00,20.000000000010232,long,is,,71.005,71.025,1,1,105880.00000000015,-0.9263591279124291
2024-01-08 20:16:00+00:00,0.0,long,is,,71.005,71.005,1,6,105880.00000000015,-0.9263591279124291
2024-01-08 20:33:00+00:00,25.000000000005684,long,is,,70.97,70.995,1,1,105905.00000000015,-0.9029662206419136
2024-01-08 21:12:00+00:00,-19.99999999999602,short,is,,71.015,71.035,1,36,105885.00000000016,-0.9216805464583125
2024-01-08 21:27:00+00:00,9.999999999990905,short,is,,71.03,71.02000000000001,1,4,105895.00000000015,-0.9123233835501199
2024-01-08 22:52:00+00:00,-84.99999999999375,long,is,,70.985,70.9,1,34,105810.00000000015,-0.9918592682698728
2024-01-08 23:05:00+00:00,-149.99999999999147,short,is,,70.805,70.955,1,7,105660.00000000016,-1.1322167118929523
2024-01-08 23:58:00+00:00,-99.99999999999432,long,is,,70.845,70.745,1,27,105560.00000000016,-1.2257883409750145
2024-01-09 00:06:00+00:00,9.999999999990905,short,is,,70.755,70.745,1,2,105570.00000000016,-1.2164311780668082
2024-01-09 00:09:00+00:00,19.99999999999602,short,is,,70.765,70.745,1,2,105590.00000000016,-1.1977168522503958
2024-01-09 00:15:00+00:00,10.000000000005116,long,is,,70.735,70.745,1,1,105600.00000000016,-1.1883596893421897
2024-01-09 00:46:00+00:00,-84.99999999997954,short,is,,70.86500000000001,70.94999999999999,1,14,105515.00000000017,-1.2678955740619289
2024-01-09 01:14:00+00:00,-139.99999999998636,long,is,,70.88499999999999,70.745,1,21,105375.00000000019,-1.3988958547768022
2024-01-09 01:47:00+00:00,-55.00000000000682,short,is,,70.875,70.93,1,22,105320.00000000019,-1.4503602507719366
2024-01-09 02:29:00+00:00,140.00000000001478,long,is,,70.88499999999999,71.025,1,26,105460.0000000002,-1.319359970057036
2024-01-09 02:59:00+00:00,-60.000000000002274,long,is,,70.975,70.91499999999999,1,21,105400.0000000002,-1.3755029475062732
2024-01-09 03:25:00+00:00,-60.000000000002274,short,is,,70.985,71.045,1,22,105340.0000000002,-1.4316459249555105
2024-01-09 03:53:00+00:00,169.9999999999875,short,is,,71.065,70.89500000000001,1,24,105510.00000000019,-1.2725741555160184
2024-01-09 04:32:00+00:00,-40.00000000000625,long,is,,70.83500000000001,70.795,1,29,105470.00000000017,-1.3100028071488568
2024-01-09 04:51:00+00:00,-14.999999999986358,short,is,,70.81,70.82499999999999,1,14,105455.00000000019,-1.3240385515111526
2024-01-09 04:57:00+00:00,20.000000000010232,short,is,,70.845,70.82499999999999,1,3,105475.0000000002,-1.3053242256947266
2024-01-09 05:08:00+00:00,9.999999999990905,long,is,,70.815,70.82499999999999,1,1,105485.00000000019,-1.2959670627865338
2024-01-09 05:13:00+00:00,9.999999999990905,long,is,,70.815,70.82499999999999,1,4,105495.00000000019,-1.2866098998783277
2024-01-09 05:33:00+00:00,-115.0000000000091,long,is,,70.805,70.69,1,12,105380.00000000017,-1.394217273322713
2024-01-09 05:48:00+00:00,44.999999999987494,long,is,,70.525,70.57,1,6,105425.00000000016,-1.3521100402357984
2024-01-09 06:03:00+00:00,59.99999999998806,short,is,,70.60499999999999,70.545,1,2,105485.00000000015,-1.295967062786575
2024-01-09 06:10:00+00:00,34.99999999999659,long,is,,70.535,70.57,1,3,105520.00000000015,-1.263216992607853
2024-01-09 06:18:00+00:00,40.00000000000625,long,is,,70.515,70.555,1,3,105560.00000000016,-1.2257883409750145
2024-01-09 06:25:00+00:00,19.99999999999602,long,is,,70.525,70.545,1,3,105580.00000000015,-1.2070740151586157
2024-01-09 06:30:00+00:00,19.99999999998181,long,is,,70.52000000000001,70.53999999999999,1,1,105600.00000000013,-1.188359689342217
2024-01-09 06:46:00+00:00,-30.000000000001137,short,is,,70.57499999999999,70.60499999999999,1,14,105570.00000000013,-1.2164311780668355
2024-01-09 06:58:00+00:00,75.00000000001705,long,is,,70.53999999999999,70.61500000000001,1,4,105645.00000000015,-1.1462524562552752
2024-01-09 07:18:00+00:00,-125.0,short,is,,70.66,70.785,1,17,105520.00000000015,-1.263216992607853
2024-01-09 07:42:00+00:00,155.00000000000114,long,is,,70.74000000000001,70.89500000000001,1,20,105675.00000000015,-1.1181809675306567
2024-01-09 07:52:00+00:00,50.00000000001137,long,is,,70.82499999999999,70.875,1,2,105725.00000000016,-1.071395152989612
2024-01-09 08:09:00+00:00,360.00000000001364,long,is,,70.82499999999999,71.185,1,15,106085.00000000017,-0.7345372882941745
2024-01-09 08:23:00+00:00,45.000000000001705,short,is,,71.31,71.265,1,3,106130.00000000017,-0.6924300552072465
2024-01-09 08:57:00+00:00,-119.99999999999034,short,is,,71.33500000000001,71.455,1,30,106010.00000000019,-0.8047160101057075
2024-01-09 09:10:00+00:00,0.0,short,is,,71.545,71.545,1,11,106010.00000000019,-0.8047160101057075
2024-01-09 09:46:00+00:00,-310.0000000000023,short,is,,71.61500000000001,71.92500000000001,1,27,105700.00000000019,-1.0947880602601001
2024-01-09 09:57:00+00:00,50.00000000001137,long,is,,71.875,71.92500000000001,1,4,105750.00000000019,-1.0480022457190692
2024-01-09 10:14:00+00:00,-79.99999999998408,short,is,,72.055,72.13499999999999,1,15,105670.0000000002,-1.1228595489847053
2024-01-09 10:40:00+00:00,40.00000000000625,short,is,,72.205,72.16499999999999,1,12,105710.00000000022,-1.085430897351867
2024-01-09 10:55:00+00:00,-25.000000000005684,long,is,,72.095,72.07,1,13,105685.00000000022,-1.1088238046223824
2024-01-09 11:02:00+00:00,70.0000000000216,short,is,,72.14500000000001,72.07499999999999,1,1,105755.00000000023,-1.0433236642649253
2024-01-09 11:19:00+00:00,-55.00000000000682,short,is,,72.16499999999999,72.22,1,11,105700.00000000023,-1.0947880602600595
2024-01-09 11:36:00+00:00,0.0,long,is,,72.155,72.155,1,8,105700.00000000023,-1.0947880602600595
2024-01-09 11:53:00+00:00,-25.000000000005684,short,is,,72.28999999999999,72.315,1,13,105675.00000000022,-1.1181809675305885
2024-01-09 12:01:00+00:00,70.00000000000739,short,is,,72.455,72.38499999999999,1,3,105745.00000000023,-1.0526808271731314
2024-01-09 12:29:00+00:00,-10.000000000005116,short,is,,72.445,72.455,1,16,105735.00000000022,-1.0620379900813512
2024-01-09 12:43:00+00:00,39.99999999999204,long,is,,72.42500000000001,72.465,1,10,105775.00000000022,-1.0246093384485264
2024-01-09 12:57:00+00:00,30.000000000001137,short,is,,72.545,72.515,1,9,105805.00000000022,-0.9965378497239077
2024-01-09 13:16:00+00:00,-60.000000000002274,short,is,,72.695,72.755,1,10,105745.00000000022,-1.052680827173145
2024-01-09 13:37:00+00:00,129.99999999999545,long,is,,72.625,72.755,1,8,105875.0000000002,-0.9310377093664779
2024-01-09 14:02:00+00:00,-354.99999999998977,long,is,,72.505,72.15,1,16,105520.00000000022,-1.263216992607785
2024-01-09 14:49:00+00:00,-329.9999999999983,long,is,,71.955,71.625,1,18,105190.00000000022,-1.5720033685785901
2024-01-09 15:15:00+00:00,-79.99999999998408,short,is,,71.805,71.88499999999999,1,16,105110.00000000023,-1.6468606718442265
2024-01-09 15:26:00+00:00,200.00000000001705,long,is,,71.63499999999999,71.83500000000001,1,5,105310.00000000026,-1.4597174136800748
2024-01-09 15:46:00+00:00,329.9999999999983,long,is,,71.485,71.815,1,10,105640.00000000025,-1.1509310377092832
2024-01-09 16:40:00+00:00,-739.9999999999949,short,is,,71.795,72.535,1,34,104900.00000000026,-1.8433610929165296
2024-01-09 16:51:00+00:00,120.00000000000455,long,is,,72.495,72.61500000000001,1,5,105020.00000000026,-1.731075138018055
2024-01-09 17:07:00+00:00,69.99999999999318,short,is,,72.695,72.625,1,10,105090.00000000026,-1.6655749976606116
2024-01-09 17:24:00+00:00,-90.00000000000341,long,is,,72.525,72.435,1,15,105000.00000000025,-1.749789463834481
2024-01-09 17:30:00+00:00,85.00000000000796,short,is,,72.535,72.44999999999999,1,2,105085.00000000026,-1.6702535791147146
2024-01-09 17:53:00+00:00,-90.00000000000341,short,is,,72.535,72.625,1,17,104995.00000000026,-1.7544680452885704
2024-01-09 18:05:00+00:00,60.000000000002274,long,is,,72.57499999999999,72.63499999999999,1,3,105055.00000000026,-1.6983250678393333
2024-01-09 18:22:00+00:00,-120.00000000000455,long,is,,72.595,72.475,1,16,104935.00000000026,-1.810611022737808
2024-01-09 18:47:00+00:00,-49.99999999999716,short,is,,72.515,72.565,1,19,104885.00000000026,-1.857396837278839
2024-01-09 19:01:00+00:00,194.99999999999318,long,is,,72.47,72.66499999999999,1,12,105080.00000000025,-1.6749321605688312
2024-01-09 19:23:00+00:00,-155.00000000000114,long,is,,72.47999999999999,72.32499999999999,1,18,104925.00000000025,-1.8199681856460277
2024-01-09 19:47:00+00:00,-9.999999999990905,long,is,,72.185,72.17500000000001,1,18,104915.00000000026,-1.8293253485542202
2024-01-09 20:01:00+00:00,29.999999999986926,short,is,,72.205,72.17500000000001,1,12,104945.00000000025,-1.8012538598296153
2024-01-09 20:16:00+00:00,25.000000000005684,long,is,,72.13499999999999,72.16,1,10,104970.00000000025,-1.7778609525590998
2024-01-09 20:20:00+00:00,20.000000000010232,long,is,,72.125,72.14500000000001,1,2,104990.00000000026,-1.7591466267426736
2024-01-09 20:25:00+00:00,39.99999999999204,short,is,,72.19999999999999,72.16,1,4,105030.00000000025,-1.7217179751098624
2024-01-09 20:30:00+00:00,30.000000000001137,short,is,,72.195,72.16499999999999,1,3,105060.00000000026,-1.69364648638523
2024-01-09 20:40:00+00:00,20.000000000010232,long,is,,72.095,72.11500000000001,1,9,105080.00000000026,-1.6749321605688179
2024-01-09 21:18:00+00:00,-79.9999999999983,short,is,,72.125,72.205,1,26,105000.00000000026,-1.7497894638344675
2024-01-09 21:35:00+00:00,15.00000000001478,long,is,,72.195,72.21000000000001,1,5,105015.00000000028,-1.7357537194721444
2024-01-09 21:56:00+00:00,4.9999999999954525,short,is,,72.245,72.24000000000001,1,13,105020.00000000028,-1.7310751380180414
2024-01-09 23:15:00+00:00,-34.99999999999659,long,is,,72.19999999999999,72.16499999999999,1,21,104985.00000000028,-1.7638252081967631
2024-01-09 23:21:00+00:00,19.99999999999602,long,is,,72.14,72.16,1,1,105005.00000000028,-1.7451108823803507
2024-01-09 23:40:00+00:00,20.000000000010232,long,is,,72.125,72.14500000000001,1,2,105025.00000000029,-1.7263965565639245
2024-01-09 23:59:00+00:00,-14.999999999986358,short,is,,72.15,72.16499999999999,1,12,105010.0000000003,-1.7404323009262206
2024-01-10 00:17:00+00:00,9.999999999990905,long,is,,72.155,72.16499999999999,1,8,105020.00000000029,-1.7310751380180278
2024-01-10 00:24:00+00:00,19.99999999998181,long,is,,72.14500000000001,72.16499999999999,1,2,105040.00000000028,-1.7123608122016287
2024-01-10 00:36:00+00:00,-5.000000000009663,short,is,,72.17,72.17500000000001,1,6,105035.00000000026,-1.7170393936557455
2024-01-10 00:56:00+00:00,-15.00000000001478,short,is,,72.19999999999999,72.215,1,14,105020.00000000025,-1.7310751380180684
2024-01-10 01:21:00+00:00,-85.00000000000796,short,is,,72.35,72.435,1,20,104935.00000000023,-1.8106110227378351
2024-01-10 01:35:00+00:00,20.000000000010232,long,is,,72.41,72.43,1,10,104955.00000000025,-1.791896696921409
2024-01-10 01:44:00+00:00,30.000000000001137,short,is,,72.545,72.515,1,6,104985.00000000025,-1.7638252081967905
2024-01-10 02:32:00+00:00,-99.99999999999432,short,is,,72.525,72.625,1,29,104885.00000000026,-1.857396837278839
2024-01-10 02:53:00+00:00,30.000000000001137,short,is,,72.655,72.625,1,8,104915.00000000026,-1.8293253485542202
2024-01-10 03:18:00+00:00,-104.99999999998977,long,is,,72.6,72.495,1,24,104810.00000000026,-1.9275755590903856
2024-01-10 03:40:00+00:00,10.000000000005116,long,is,,72.455,72.465,1,6,104820.00000000028,-1.918218396182166
2024-01-10 04:49:00+00:00,-109.99999999999943,short,is,,72.485,72.595,1,53,104710.00000000028,-2.021147188172434
2024-01-10 05:01:00+00:00,20.000000000010232,long,is,,72.57499999999999,72.595,1,8,104730.00000000029,-2.002432862356008
2024-01-10 05:10:00+00:00,30.000000000001137,short,is,,72.625,72.595,1,6,104760.00000000029,-1.9743613736313896
2024-01-10 05:33:00+00:00,20.000000000010232,long,is,,72.565,72.58500000000001,1,5,104780.00000000029,-1.955647047814977
2024-01-10 05:43:00+00:00,39.99999999999204,long,is,,72.535,72.57499999999999,1,8,104820.00000000029,-1.918218396182152
2024-01-10 06:05:00+00:00,9.999999999990905,short,is,,72.60499999999999,72.595,1,6,104830.00000000028,-1.9088612332739594
2024-01-10 06:13:00+00:00,25.000000000005684,short,is,,72.63,72.60499999999999,1,1,104855.00000000028,-1.885468326003444
2024-01-10 06:32:00+00:00,9.999999999990905,short,is,,72.63499999999999,72.625,1,7,104865.00000000028,-1.8761111630952378
2024-01-10 06:52:00+00:00,-34.99999999999659,long,is,,72.57499999999999,72.53999999999999,1,18,104830.00000000028,-1.9088612332739594
2024-01-10 07:09:00+00:00,-64.99999999999773,short,is,,72.565,72.63,1,10,104765.00000000028,-1.9696827921773
2024-01-10 07:25:00+00:00,14.999999999986358,long,is,,72.52000000000001,72.535,1,10,104780.00000000026,-1.9556470478150043
2024-01-10 07:36:00+00:00,70.00000000000739,short,is,,72.61500000000001,72.545,1,4,104850.00000000028,-1.8901469074575472
2024-01-10 08:06:00+00:00,-175.00000000001137,long,is,,72.5,72.32499999999999,1,24,104675.00000000026,-2.0538972583511694
2024-01-10 08:09:00+00:00,60.000000000002274,short,is,,72.405,72.345,1,2,104735.00000000026,-1.9977542809019322
2024-01-10 08:28:00+00:00,29.999999999986926,short,is,,72.455,72.42500000000001,1,6,104765.00000000025,-1.9696827921773272
2024-01-10 08:53:00+00:00,-34.99999999999659,long,is,,72.33,72.295,1,16,104730.00000000026,-2.0024328623560352
2024-01-10 09:05:00+00:00,0.0,long,is,,72.13499999999999,72.13499999999999,1,8,104730.00000000026,-2.0024328623560352
2024-01-10 09:16:00+00:00,100.00000000000853,long,is,,71.955,72.055,1,8,104830.00000000026,-1.9088612332739734
2024-01-10 09:20:00+00:00,64.99999999999773,long,is,,71.965,72.03,1,1,104895.00000000026,-1.8480396743706329
2024-01-10 09:37:00+00:00,-19.99999999998181,short,is,,72.055,72.07499999999999,1,8,104875.00000000028,-1.8667540001870315
2024-01-10 09:50:00+00:00,-60.000000000002274,long,is,,71.945,71.88499999999999,1,8,104815.00000000028,-1.9228969776362688
2024-01-10 10:12:00+00:00,25.000000000005684,long,is,,71.69999999999999,71.725,1,1,104840.00000000028,-1.8995040703657533
2024-01-10 10:16:00+00:00,130.00000000000966,short,is,,71.89500000000001,71.765,1,3,104970.00000000029,-1.777860952559059
2024-01-10 10:33:00+00:00,-74.99999999998863,short,is,,71.905,71.97999999999999,1,15,104895.0000000003,-1.848039674370592
2024-01-10 10:59:00+00:00,-80.0000000000125,short,is,,72.10499999999999,72.185,1,19,104815.00000000029,-1.9228969776362552
2024-01-10 11:13:00+00:00,29.999999999986926,long,is,,72.17500000000001,72.205,1,7,104845.00000000028,-1.89482548891165
2024-01-10 11:25:00+00:00,25.000000000005684,short,is,,72.30000000000001,72.275,1,8,104870.00000000029,-1.871432581641121
2024-01-10 11:41:00+00:00,-30.000000000001137,short,is,,72.36500000000001,72.39500000000001,1,11,104840.00000000028,-1.8995040703657533
2024-01-10 12:02:00+00:00,60.000000000002274,short,is,,72.475,72.41499999999999,1,5,104900.00000000029,-1.8433610929165023
2024-01-10 12:10:00+00:00,50.00000000001137,long,is,,72.35499999999999,72.405,1,5,104950.00000000029,-1.7965752783754712
2024-01-10 12:28:00+00:00,-60.000000000002274,short,is,,72.435,72.495,1,7,104890.00000000029,-1.8527182558247086
2024-01-10 12:37:00+00:00,90.00000000000341,short,is,,72.66499999999999,72.57499999999999,1,4,104980.00000000029,-1.7685037896508529
2024-01-10 12:46:00+00:00,80.0000000000125,short,is,,72.655,72.57499999999999,1,3,105060.0000000003,-1.6936464863851892
2024-01-10 13:06:00+00:00,-509.9999999999909,short,is,,72.67500000000001,73.185,1,11,104550.00000000032,-2.1708617947036926
2024-01-10 13:37:00+00:00,-9.999999999990905,short,is,,73.125,73.13499999999999,1,10,104540.00000000033,-2.1802189576118853
2024-01-10 13:50:00+00:00,30.000000000001137,short,is,,73.265,73.235,1,5,104570.00000000033,-2.1521474688872666
2024-01-10 14:21:00+00:00,-319.9999999999932,long,is,,73.245,72.92500000000001,1,16,104250.00000000033,-2.4515766819498657
2024-01-10 14:39:00+00:00,-50.00000000001137,short,is,,73.07499999999999,73.125,1,12,104200.00000000032,-2.4983624964909104
2024-01-10 14:57:00+00:00,49.99999999999716,short,is,,73.315,73.265,1,11,104250.00000000032,-2.4515766819498794
2024-01-10 15:12:00+00:00,0.0,short,is,,73.39500000000001,73.39500000000001,1,6,104250.00000000032,-2.4515766819498794
2024-01-10 15:35:00+00:00,-250.0,long,is,,73.14500000000001,72.89500000000001,1,15,104000.00000000032,-2.685505754655035
2024-01-10 16:06:00+00:00,-299.99999999999716,long,is,,72.565,72.265,1,19,103700.00000000032,-2.9662206419012214
2024-01-10 16:18:00+00:00,50.00000000001137,long,is,,72.065,72.11500000000001,1,5,103750.00000000033,-2.9194348273601767
2024-01-10 16:39:00+00:00,30.000000000001137,short,is,,72.265,72.235,1,8,103780.00000000033,-2.891363338635558
2024-01-10 16:59:00+00:00,99.99999999999432,short,is,,72.405,72.305,1,5,103880.00000000033,-2.7977917095534957
2024-01-10 18:10:00+00:00,-819.9999999999932,long,is,,72.13499999999999,71.315,1,58,103060.00000000033,-3.5650790680264057
2024-01-10 18:30:00+00:00,69.99999999999318,long,is,,71.155,71.225,1,7,103130.00000000033,-3.499578927668962
2024-01-10 18:47:00+00:00,144.99999999999602,long,is,,71.045,71.19,1,12,103275.00000000033,-3.363900065499972
2024-01-10 19:07:00+00:00,0.0,short,is,,71.38499999999999,71.38499999999999,1,13,103275.00000000033,-3.363900065499972
2024-01-10 19:18:00+00:00,15.000000000000568,long,is,,71.33,71.345,1,5,103290.00000000033,-3.3498643211376624
2024-01-10 19:33:00+00:00,69.99999999999318,short,is,,71.41499999999999,71.345,1,2,103360.00000000032,-3.2843641807802326
2024-01-10 19:54:00+00:00,-39.99999999999204,long,is,,71.285,71.245,1,17,103320.00000000033,-3.3217928324130437
2024-01-10 20:03:00+00:00,39.99999999999204,short,is,,71.315,71.275,1,6,103360.00000000032,-3.2843641807802326
2024-01-10 20:31:00+00:00,20.000000000010232,short,is,,71.305,71.285,1,5,103380.00000000033,-3.265649854963806
2024-01-10 20:48:00+00:00,-4.9999999999954525,short,is,,71.31,71.315,1,13,103375.00000000033,-3.2703284364179095
2024-01-10 21:13:00+00:00,60.000000000002274,short,is,,71.345,71.285,1,19,103435.00000000033,-3.214185458968673
2024-01-10 21:17:00+00:00,10.000000000005116,long,is,,71.265,71.275,1,2,103445.00000000035,-3.2048282960604526
2024-01-10 21:43:00+00:00,-49.99999999999716,short,is,,71.295,71.345,1,24,103395.00000000035,-3.2516141106014835
2024-01-10 21:57:00+00:00,19.99999999998181,long,is,,71.305,71.32499999999999,1,5,103415.00000000033,-3.232899784785085
2024-01-10 23:01:00+00:00,19.99999999999602,long,is,,71.31,71.33,1,6,103435.00000000032,-3.214185458968686
2024-01-10 23:22:00+00:00,45.000000000015916,long,is,,71.19999999999999,71.245,1,2,103480.00000000033,-3.1720782258817444
2024-01-10 23:38:00+00:00,24.999999999991473,short,is,,71.28999999999999,71.265,1,6,103505.00000000033,-3.148685318611229
2024-01-10 23:52:00+00:00,19.99999999999602,long,is,,71.235,71.255,1,9,103525.00000000032,-3.1299709927948305
2024-01-11 00:17:00+00:00,65.00000000001194,short,is,,71.265,71.19999999999999,1,15,103590.00000000033,-3.069149433891476
2024-01-11 00:33:00+00:00,0.0,short,is,,71.22999999999999,71.22999999999999,1,7,103590.00000000033,-3.069149433891476
2024-01-11 00:46:00+00:00,19.99999999999602,short,is,,71.285,71.265,1,3,103610.00000000033,-3.050435108075064
2024-01-11 01:07:00+00:00,-85.00000000000796,short,is,,71.41499999999999,71.5,1,6,103525.00000000032,-3.1299709927948305
2024-01-11 01:33:00+00:00,9.999999999990905,short,is,,71.595,71.58500000000001,1,13,103535.00000000032,-3.120613829886624
2024-01-11 01:38:00+00:00,54.99999999999261,short,is,,71.67,71.61500000000001,1,2,103590.0000000003,-3.0691494338915035
2024-01-11 01:52:00+00:00,19.99999999998181,long,is,,71.58500000000001,71.60499999999999,1,13,103610.00000000029,-3.050435108075104
2024-01-11 02:05:00+00:00,54.9999999999784,long,is,,71.55000000000001,71.60499999999999,1,7,103665.00000000028,-2.998970712079984
2024-01-11 02:14:00+00:00,45.000000000001705,long,is,,71.535,71.58,1,3,103710.00000000028,-2.9568634789930557
2024-01-11 02:25:00+00:00,20.000000000010232,short,is,,71.655,71.63499999999999,1,8,103730.00000000028,-2.9381491531766435
2024-01-11 02:40:00+00:00,49.99999999998295,long,is,,71.555,71.60499999999999,1,6,103780.00000000026,-2.891363338635626
2024-01-11 03:07:00+00:00,-70.00000000000739,long,is,,71.545,71.475,1,17,103710.00000000026,-2.9568634789930694
2024-01-11 03:52:00+00:00,-110.00000000001364,short,is,,71.535,71.64500000000001,1,32,103600.00000000025,-3.0597922709833516
2024-01-11 03:58:00+00:00,25.000000000005684,long,is,,71.625,71.65,1,2,103625.00000000025,-3.036399363712836
2024-01-11 04:06:00+00:00,19.99999999998181,long,is,,71.61500000000001,71.63499999999999,1,7,103645.00000000023,-3.0176850378964373
2024-01-11 04:16:00+00:00,20.000000000010232,short,is,,71.655,71.63499999999999,1,3,103665.00000000025,-2.998970712080011
2024-01-11 04:43:00+00:00,9.999999999990905,short,is,,71.625,71.61500000000001,1,5,103675.00000000023,-2.9896135491718185
2024-01-11 05:01:00+00:00,-20.000000000010232,short,is,,71.625,71.64500000000001,1,15,103655.00000000022,-3.0083278749882445
2024-01-11 05:56:00+00:00,-180.00000000000682,short,is,,71.69,71.87,1,47,103475.00000000022,-3.1767568073359564
2024-01-11 06:13:00+00:00,-5.000000000009663,long,is,,71.83,71.82499999999999,1,15,103470.0000000002,-3.1814353887900735
2024-01-11 06:37:00+00:00,-9.999999999990905,short,is,,71.875,71.88499999999999,1,12,103460.00000000022,-3.1907925516982654
2024-01-11 06:52:00+00:00,24.999999999991473,short,is,,71.945,71.92,1,7,103485.0000000002,-3.1673996444277637
2024-01-11 06:56:00+00:00,45.000000000015916,long,is,,71.88499999999999,71.93,1,1,103530.00000000022,-3.1252924113408223
2024-01-11 07:05:00+00:00,54.99999999999261,long,is,,71.89,71.945,1,5,103585.00000000022,-3.073828015345688
2024-01-11 07:10:00+00:00,30.000000000001137,long,is,,71.88499999999999,71.91499999999999,1,2,103615.00000000022,-3.0457565266210693
2024-01-11 07:22:00+00:00,50.00000000001137,short,is,,71.995,71.945,1,7,103665.00000000023,-2.9989707120800246
2024-01-11 07:36:00+00:00,40.00000000000625,long,is,,71.91499999999999,71.955,1,3,103705.00000000023,-2.9615420604472
2024-01-11 08:00:00+00:00,-94.99999999999886,long,is,,71.905,71.81,1,20,103610.00000000023,-3.050435108075159
2024-01-11 08:02:00+00:00,75.00000000001705,long,is,,71.725,71.80000000000001,1,1,103685.00000000025,-2.9802563862635987
2024-01-11 08:09:00+00:00,45.000000000001705,short,is,,71.89,71.845,1,6,103730.00000000026,-2.9381491531766573
2024-01-11 08:21:00+00:00,84.99999999999375,long,is,,71.705,71.78999999999999,1,4,103815.00000000025,-2.858613268456918
2024-01-11 08:48:00+00:00,-180.00000000000682,long,is,,71.67500000000001,71.495,1,21,103635.00000000025,-3.0270422008046296
2024-01-11 09:36:00+00:00,-909.9999999999966,short,is,,71.595,72.505,1,43,102725.00000000025,-3.8785440254513954
2024-01-11 10:06:00+00:00,9.999999999990905,short,is,,72.655,72.64500000000001,1,16,102735.00000000023,-3.869186862543203
2024-01-11 10:19:00+00:00,60.000000000002274,short,is,,72.815,72.755,1,7,102795.00000000023,-3.8130438850939656
2024-01-11 10:40:00+00:00,-90.00000000000341,long,is,,72.655,72.565,1,11,102705.00000000023,-3.897258351267822
2024-01-11 10:58:00+00:00,60.000000000002274,short,is,,72.595,72.535,1,3,102765.00000000023,-3.8411153738185844
2024-01-11 11:17:00+00:00,-100.00000000000853,long,is,,72.485,72.38499999999999,1,12,102665.00000000023,-3.934687002900646
2024-01-11 11:52:00+00:00,-200.00000000000284,short,is,,72.545,72.745,1,31,102465.00000000023,-4.121830261064771
2024-01-11 12:12:00+00:00,20.000000000010232,long,is,,72.725,72.745,1,10,102485.00000000023,-4.103115935248358
2024-01-11 12:32:00+00:00,-40.00000000000625,short,is,,72.765,72.805,1,9,102445.00000000023,-4.140544586881183
2024-01-11 12:45:00+00:00,34.99999999999659,long,is,,72.775,72.81,1,1,102480.00000000023,-4.107794516702461
2024-01-11 12:54:00+00:00,50.00000000001137,short,is,,72.86500000000001,72.815,1,3,102530.00000000023,-4.0610087021614305
2024-01-11 13:20:00+00:00,60.000000000002274,long,is,,72.745,72.805,1,23,102590.00000000023,-4.004865724712193
2024-01-11 13:34:00+00:00,49.99999999998295,long,is,,72.61500000000001,72.66499999999999,1,3,102640.00000000022,-3.958079910171176
2024-01-11 13:44:00+00:00,225.00000000000853,long,is,,72.47999999999999,72.705,1,4,102865.00000000023,-3.747543744736522
2024-01-11 14:03:00+00:00,99.99999999999432,long,is,,72.555,72.655,1,3,102965.00000000022,-3.653972115654473
2024-01-11 14:36:00+00:00,-230.0000000000182,short,is,,72.85499999999999,73.08500000000001,1,28,102735.0000000002,-3.86918686254323
2024-01-11 14:50:00+00:00,19.99999999999602,long,is,,72.935,72.955,1,13,102755.0000000002,-3.8504725367268176
2024-01-11 15:05:00+00:00,50.00000000001137,short,is,,73.025,72.975,1,8,102805.00000000022,-3.803686722185773
2024-01-11 15:16:00+00:00,75.00000000001705,short,is,,73.17500000000001,73.1,1,8,102880.00000000023,-3.733508000374213
2024-01-11 16:03:00+00:00,-379.99999999999545,short,is,,73.225,73.60499999999999,1,41,102500.00000000023,-4.089080190886049
2024-01-11 16:17:00+00:00,30.000000000001137,long,is,,73.535,73.565,1,9,102530.00000000023,-4.0610087021614305
2024-01-11 16:29:00+00:00,39.99999999999204,short,is,,73.66499999999999,73.625,1,7,102570.00000000023,-4.023580050528606
2024-01-11 16:56:00+00:00,-150.00000000000568,long,is,,73.535,73.38499999999999,1,20,102420.00000000022,-4.163937494151713
2024-01-11 17:35:00+00:00,-620.0000000000045,long,is,,73.22,72.6,1,35,101800.00000000022,-4.744081594460498
2024-01-11 17:59:00+00:00,-24.999999999991473,long,is,,72.35499999999999,72.33,1,17,101775.00000000023,-4.767474501731
2024-01-11 18:03:00+00:00,140.00000000001478,long,is,,72.16499999999999,72.305,1,2,101915.00000000025,-4.636474221016099
2024-01-11 18:08:00+00:00,180.00000000000682,short,is,,72.465,72.285,1,2,102095.00000000025,-4.468045288668387
2024-01-11 18:27:00+00:00,-80.0000000000125,long,is,,72.155,72.07499999999999,1,17,102015.00000000023,-4.54290259193405
2024-01-11 18:43:00+00:00,54.99999999999261,short,is,,72.08,72.025,1,4,102070.00000000023,-4.491438195938916
2024-01-11 18:59:00+00:00,99.99999999999432,long,is,,71.86500000000001,71.965,1,11,102170.00000000022,-4.397866566856868
2024-01-11 19:11:00+00:00,39.99999999999204,short,is,,72.065,72.025,1,8,102210.00000000022,-4.3604379152240424
2024-01-11 19:21:00+00:00,105.00000000001819,long,is,,71.945,72.05000000000001,1,2,102315.00000000023,-4.2621877046878645
2024-01-11 19:34:00+00:00,90.00000000000341,long,is,,71.91499999999999,72.005,1,4,102405.00000000023,-4.177973238514008
2024-01-11 19:57:00+00:00,-19.99999999998181,short,is,,72.055,72.07499999999999,1,8,102385.00000000026,-4.196687564330393
2024-01-11 20:05:00+00:00,34.99999999999659,long,is,,72.045,72.08,1,1,102420.00000000025,-4.163937494151685
2024-01-11 20:08:00+00:00,39.99999999999204,long,is,,72.035,72.07499999999999,1,1,102460.00000000025,-4.12650884251886
2024-01-11 20:39:00+00:00,-159.9999999999966,short,is,,72.11500000000001,72.275,1,22,102300.00000000025,-4.2762234490501605
2024-01-11 20:52:00+00:00,20.000000000010232,short,is,,72.345,72.32499999999999,1,2,102320.00000000026,-4.257509123233734
2024-01-11 21:11:00+00:00,-210.00000000000796,short,is,,72.35499999999999,72.565,1,16,102110.00000000025,-4.454009544306078
2024-01-11 22:57:00+00:00,-165.00000000000625,short,is,,72.66,72.825,1,27,101945.00000000025,-4.608402732291481
2024-01-11 23:05:00+00:00,-89.9999999999892,short,is,,72.825,72.91499999999999,1,6,101855.00000000025,-4.692617198465337
2024-01-11 23:31:00+00:00,5.000000000009663,short,is,,73.11,73.10499999999999,1,11,101860.00000000026,-4.68793861701122
2024-01-11 23:45:00+00:00,10.000000000019327,short,is,,73.17500000000001,73.16499999999999,1,5,101870.00000000028,-4.678581454103
2024-01-12 00:08:00+00:00,-260.0000000000051,short,is,,73.235,73.495,1,22,101610.00000000028,-4.921867689716362
2024-01-12 00:31:00+00:00,-34.99999999999659,long,is,,73.345,73.31,1,16,101575.00000000028,-4.954617759895084
2024-01-12 00:41:00+00:00,0.0,short,is,,73.405,73.405,1,7,101575.00000000028,-4.954617759895084
2024-01-12 01:17:00+00:00,15.00000000001478,short,is,,73.46000000000001,73.445,1,13,101590.00000000029,-4.940582015532761
2024-01-12 01:49:00+00:00,-239.99999999999488,short,is,,73.525,73.765,1,28,101350.0000000003,-5.1651539253296965
2024-01-12 02:14:00+00:00,-155.00000000000114,long,is,,73.75999999999999,73.60499999999999,1,10,101195.0000000003,-5.310189950406893
2024-01-12 03:06:00+00:00,-180.00000000000682,short,is,,73.595,73.775,1,31,101015.00000000029,-5.478618882754618
2024-01-12 03:28:00+00:00,-60.000000000002274,long,is,,73.685,73.625,1,20,100955.00000000029,-5.534761860203855
2024-01-12 04:01:00+00:00,-139.99999999998636,long,is,,73.565,73.42500000000001,1,28,100815.0000000003,-5.665762140918728
2024-01-12 04:32:00+00:00,-104.99999999998977,long,is,,73.375,73.27000000000001,1,27,100710.00000000032,-5.7640123514548804
2024-01-12 04:40:00+00:00,39.99999999999204,long,is,,73.215,73.255,1,4,100750.0000000003,-5.726583699822069
2024-01-12 05:01:00+00:00,-55.00000000000682,short,is,,73.31,73.36500000000001,1,19,100695.0000000003,-5.778048095817204
2024-01-12 05:42:00+00:00,-129.99999999999545,short,is,,73.405,73.535,1,24,100565.0000000003,-5.899691213623885
2024-01-12 05:51:00+00:00,39.99999999999204,short,is,,73.595,73.555,1,1,100605.00000000029,-5.8622625619910735
2024-01-12 06:01:00+00:00,30.000000000001137,short,is,,73.58500000000001,73.555,1,3,100635.00000000029,-5.834191073266455
2024-01-12 06:20:00+00:00,0.0,short,is,,73.595,73.595,1,9,100635.00000000029,-5.834191073266455
2024-01-12 06:41:00+00:00,-30.000000000001137,short,is,,73.685,73.715,1,6,100605.00000000029,-5.8622625619910735
2024-01-12 07:02:00+00:00,25.000000000005684,long,is,,73.695,73.72,1,8,100630.0000000003,-5.838869654720543
2024-01-12 07:06:00+00:00,40.00000000000625,short,is,,73.765,73.725,1,3,100670.0000000003,-5.801441003087719
2024-01-12 07:31:00+00:00,-129.99999999999545,long,is,,73.655,73.525,1,13,100540.0000000003,-5.9230841208944
2024-01-12 07:55:00+00:00,69.99999999999318,short,is,,73.715,73.64500000000001,1,5,100610.0000000003,-5.857583980536956
2024-01-12 08:10:00+00:00,-69.99999999999318,short,is,,73.745,73.815,1,8,100540.0000000003,-5.9230841208944
2024-01-12 08:27:00+00:00,60.000000000002274,short,is,,73.945,73.88499999999999,1,6,100600.00000000032,-5.866941143445149
2024-01-12 08:33:00+00:00,99.99999999999432,long,is,,73.775,73.875,1,4,100700.0000000003,-5.7733695143631
2024-01-12 08:38:00+00:00,110.00000000001364,long,is,,73.725,73.83500000000001,1,2,100810.00000000032,-5.670440722372818
2024-01-12 09:01:00+00:00,49.99999999998295,short,is,,73.91499999999999,73.86500000000001,1,4,100860.0000000003,-5.623654907831801
2024-01-12 09:21:00+00:00,-99.99999999999432,long,is,,73.725,73.625,1,18,100760.0000000003,-5.717226536913863
2024-01-12 09:37:00+00:00,-149.99999999999147,short,is,,73.735,73.88499999999999,1,15,100610.00000000032,-5.857583980536943
2024-01-12 09:47:00+00:00,60.000000000002274,short,is,,74.015,73.955,1,3,100670.00000000032,-5.801441003087706
2024-01-12 10:56:00+00:00,-759.9999999999909,short,is,,74.08500000000001,74.845,1,61,99910.00000000033,-6.512585384111365
2024-01-12 11:08:00+00:00,119.99999999999034,short,is,,75.07499999999999,74.955,1,1,100030.00000000032,-6.400299429212904
2024-01-12 11:44:00+00:00,39.99999999999204,short,is,,75.125,75.08500000000001,1,13,100070.0000000003,-6.362870777580092
2024-01-12 12:21:00+00:00,-280.00000000000114,long,is,,74.975,74.695,1,34,99790.0000000003,-6.624871339009866
2024-01-12 12:35:00+00:00,129.99999999999545,short,is,,74.805,74.67500000000001,1,7,99920.0000000003,-6.503228221203185
2024-01-12 12:51:00+00:00,-15.000000000000568,long,is,,74.58,74.565,1,11,99905.0000000003,-6.517263965565495
2024-01-12 13:08:00+00:00,-19.99999999998181,long,is,,74.41499999999999,74.39500000000001,1,7,99885.00000000032,-6.535978291381893
2024-01-12 13:34:00+00:00,-104.99999999998977,long,is,,74.32,74.215,1,14,99780.00000000033,-6.634228501918045
2024-01-12 14:09:00+00:00,-9.999999999990905,long,is,,74.07499999999999,74.065,1,8,99770.00000000035,-6.6435856648262375
2024-01-12 14:19:00+00:00,169.9999999999875,long,is,,73.805,73.975,1,5,99940.00000000033,-6.484513895386746
2024-01-12 14:47:00+00:00,-290.00000000002046,short,is,,74.07499999999999,74.36500000000001,1,24,99650.0000000003,-6.755871619724753
2024-01-12 15:07:00+00:00,-60.000000000002274,long,is,,74.265,74.205,1,13,99590.0000000003,-6.812014597173991
2024-01-12 15:20:00+00:00,0.0,long,is,,74.025,74.025,1,10,99590.0000000003,-6.812014597173991
2024-01-12 15:44:00+00:00,-419.9999999999875,long,is,,73.88499999999999,73.465,1,18,99170.00000000032,-7.205015439318638
2024-01-12 15:58:00+00:00,0.0,short,is,,73.67500000000001,73.67500000000001,1,8,99170.00000000032,-7.205015439318638
2024-01-12 16:25:00+00:00,-319.9999999999932,long,is,,73.41499999999999,73.095,1,17,98850.00000000033,-7.504444652381223
2024-01-12 16:33:00+00:00,99.99999999999432,short,is,,73.185,73.08500000000001,1,1,98950.00000000032,-7.410873023299175
2024-01-12 16:38:00+00:00,100.00000000000853,long,is,,72.945,73.045,1,2,99050.00000000033,-7.317301394217099
2024-01-12 16:46:00+00:00,79.99999999998408,short,is,,73.195,73.11500000000001,1,4,99130.00000000032,-7.242444090951462
2024-01-12 17:03:00+00:00,24.999999999977263,long,is,,72.92500000000001,72.94999999999999,1,14,99155.00000000029,-7.219051183680975
2024-01-12 17:08:00+00:00,59.99999999998806,long,is,,72.795,72.85499999999999,1,3,99215.00000000028,-7.162908206231751
2024-01-12 17:32:00+00:00,-99.99999999999432,long,is,,72.745,72.64500000000001,1,12,99115.00000000029,-7.256479835313799
2024-01-12 17:46:00+00:00,84.99999999997954,long,is,,72.49000000000001,72.57499999999999,1,5,99200.00000000026,-7.176943950594074
2024-01-12 17:51:00+00:00,109.99999999998522,short,is,,72.725,72.61500000000001,1,3,99310.00000000025,-7.074015158603819
2024-01-12 18:00:00+00:00,109.99999999999943,long,is,,72.455,72.565,1,3,99420.00000000025,-6.971086366613551
2024-01-12 18:27:00+00:00,-129.99999999999545,short,is,,72.715,72.845,1,17,99290.00000000026,-7.092729484420218
2024-01-12 18:38:00+00:00,69.99999999999318,long,is,,72.785,72.85499999999999,1,2,99360.00000000025,-7.027229344062788
2024-01-12 18:50:00+00:00,79.99999999998408,short,is,,72.945,72.86500000000001,1,9,99440.00000000023,-6.952372040797152
2024-01-12 19:02:00+00:00,69.99999999999318,short,is,,72.975,72.905,1,4,99510.00000000022,-6.886871900439721
2024-01-12 19:15:00+00:00,39.99999999999204,long,is,,72.805,72.845,1,6,99550.00000000022,-6.849443248806897
2024-01-12 19:26:00+00:00,109.99999999999943,short,is,,72.955,72.845,1,3,99660.00000000022,-6.746514456816628
2024-01-12 19:43:00+00:00,19.99999999998181,long,is,,72.64500000000001,72.66499999999999,1,15,99680.0000000002,-6.7278001310002296
2024-01-12 19:54:00+00:00,69.99999999999318,long,is,,72.595,72.66499999999999,1,2,99750.00000000019,-6.662299990642801
2024-01-12 19:57:00+00:00,60.000000000002274,short,is,,72.695,72.63499999999999,1,2,99810.00000000019,-6.606157013193563
2024-01-12 20:07:00+00:00,0.0,short,is,,72.72999999999999,72.72999999999999,1,6,99810.00000000019,-6.606157013193563
2024-01-12 20:34:00+00:00,10.000000000005116,short,is,,72.805,72.795,1,11,99820.0000000002,-6.596799850285342
2024-01-12 20:43:00+00:00,25.000000000005684,long,is,,72.755,72.78,1,5,99845.0000000002,-6.573406943014827
2024-01-12 20:51:00+00:00,39.99999999999204,short,is,,72.815,72.775,1,2,99885.0000000002,-6.535978291382002
2024-01-12 21:01:00+00:00,24.999999999991473,long,is,,72.74000000000001,72.765,1,1,99910.00000000019,-6.5125853841115005
2024-01-12 21:07:00+00:00,30.000000000001137,long,is,,72.735,72.765,1,4,99940.00000000019,-6.484513895386882
2024-01-12 21:30:00+00:00,0.0,short,is,,72.785,72.785,1,15,99940.00000000019,-6.484513895386882
2024-01-12 21:36:00+00:00,40.00000000000625,long,is,,72.725,72.765,1,5,99980.00000000019,-6.4470852437540564
2024-01-12 21:46:00+00:00,19.99999999999602,long,is,,72.705,72.725,1,8,100000.00000000019,-6.428370917937644
2024-01-12 22:00:00+00:00,15.00000000001478,short,is,,72.77000000000001,72.755,1,4,100015.0000000002,-6.414335173575321
2024-01-14 23:10:00+00:00,-504.99999999999545,long,is,,72.785,72.28,1,14,99510.0000000002,-6.886871900439735
2024-01-14 23:42:00+00:00,-9.999999999990905,long,is,,72.315,72.305,1,10,99500.00000000022,-6.896229063347928
2024-01-15 00:13:00+00:00,-115.0000000000091,short,is,,72.41499999999999,72.53,1,26,99385.0000000002,-7.003836436792313
2024-01-15 00:32:00+00:00,74.99999999998863,short,is,,72.595,72.52000000000001,1,7,99460.0000000002,-6.933657714980766
2024-01-15 00:42:00+00:00,40.000000000020464,short,is,,72.61500000000001,72.57499999999999,1,2,99500.00000000022,-6.896229063347928
2024-01-15 00:48:00+00:00,30.000000000001137,short,is,,72.61500000000001,72.58500000000001,1,2,99530.00000000022,-6.86815757462331
2024-01-15 01:12:00+00:00,60.000000000002274,long,is,,72.57499999999999,72.63499999999999,1,13,99590.00000000022,-6.812014597174072
2024-01-15 01:26:00+00:00,-80.0000000000125,long,is,,72.495,72.41499999999999,1,12,99510.0000000002,-6.886871900439735
2024-01-15 02:17:00+00:00,-164.99999999999204,short,is,,72.495,72.66,1,26,99345.00000000022,-7.041265088425125
2024-01-15 02:28:00+00:00,20.000000000010232,long,is,,72.66499999999999,72.685,1,4,99365.00000000023,-7.022550762608698
2024-01-15 02:37:00+00:00,-25.000000000005684,short,is,,72.715,72.74000000000001,1,8,99340.00000000022,-7.045943669879227
2024-01-15 03:01:00+00:00,0.0,short,is,,72.82499999999999,72.82499999999999,1,14,99340.00000000022,-7.045943669879227
2024-01-15 03:07:00+00:00,40.00000000000625,long,is,,72.795,72.83500000000001,1,3,99380.00000000023,-7.008515018246389
2024-01-15 03:21:00+00:00,10.000000000005116,short,is,,72.87,72.86,1,13,99390.00000000023,-6.999157855338183
2024-01-15 03:47:00+00:00,30.000000000001137,long,is,,72.83500000000001,72.86500000000001,1,14,99420.00000000023,-6.971086366613564
2024-01-15 04:16:00+00:00,-90.00000000000341,long,is,,72.815,72.725,1,26,99330.00000000023,-7.05530083278742
2024-01-15 04:30:00+00:00,10.000000000005116,short,is,,72.745,72.735,1,11,99340.00000000023,-7.045943669879214
2024-01-15 04:49:00+00:00,30.000000000001137,long,is,,72.715,72.745,1,15,99370.00000000023,-7.017872181154596
2024-01-15 05:08:00+00:00,-30.000000000001137,short,is,,72.765,72.795,1,16,99340.00000000023,-7.045943669879214
2024-01-15 05:29:00+00:00,-25.000000000005684,long,is,,72.785,72.75999999999999,1,16,99315.00000000023,-7.069336577149729
2024-01-15 05:38:00+00:00,34.99999999999659,short,is,,72.82,72.785,1,6,99350.00000000023,-7.036586506971007
2024-01-15 05:49:00+00:00,10.000000000005116,long,is,,72.735,72.745,1,7,99360.00000000023,-7.0272293440628015
2024-01-15 05:59:00+00:00,25.000000000005684,long,is,,72.69,72.715,1,3,99385.00000000023,-7.0038364367922865
2024-01-15 06:17:00+00:00,-10.000000000019327,long,is,,72.64500000000001,72.63499999999999,1,13,99375.00000000022,-7.0131935997005055
2024-01-15 06:37:00+00:00,-10.000000000005116,short,is,,72.695,72.705,1,6,99365.00000000022,-7.022550762608712
2024-01-15 06:47:00+00:00,69.99999999999318,long,is,,72.61500000000001,72.685,1,2,99435.0000000002,-6.957050622251282
2024-01-15 06:56:00+00:00,25.000000000005684,long,is,,72.63,72.655,1,6,99460.00000000022,-6.933657714980752
2024-01-15 07:00:00+00:00,25.000000000005684,long,is,,72.60499999999999,72.63,1,2,99485.00000000022,-6.910264807710237
2024-01-15 07:13:00+00:00,75.00000000001705,long,is,,72.60499999999999,72.68,1,12,99560.00000000023,-6.840086085898678
2024-01-15 07:30:00+00:00,-49.99999999998295,short,is,,72.80000000000001,72.85,1,10,99510.00000000025,-6.886871900439695
2024-01-15 07:47:00+00:00,4.9999999999954525,long,is,,72.81,72.815,1,6,99515.00000000025,-6.882193318985591
2024-01-15 07:54:00+00:00,49.99999999999716,long,is,,72.735,72.785,1,2,99565.00000000025,-6.83540750444456
2024-01-15 08:07:00+00:00,99.99999999999432,short,is,,72.845,72.745,1,9,99665.00000000025,-6.741835875362498
2024-01-15 08:21:00+00:00,59.99999999998806,long,is,,72.64500000000001,72.705,1,4,99725.00000000023,-6.685692897913274
2024-01-15 08:33:00+00:00,-10.000000000005116,long,is,,72.555,72.545,1,10,99715.00000000022,-6.695050060821495
2024-01-15 08:46:00+00:00,99.99999999999432,short,is,,72.685,72.58500000000001,1,9,99815.00000000022,-6.601478431739433
2024-01-15 09:06:00+00:00,-69.99999999999318,long,is,,72.535,72.465,1,14,99745.00000000022,-6.666978572096875
2024-01-15 09:17:00+00:00,90.00000000000341,long,is,,72.275,72.36500000000001,1,5,99835.00000000023,-6.5827641059230055
2024-01-15 09:33:00+00:00,30.000000000001137,short,is,,72.435,72.405,1,6,99865.00000000023,-6.554692617198388
2024-01-15 10:01:00+00:00,-109.99999999998522,long,is,,72.285,72.17500000000001,1,18,99755.00000000025,-6.657621409188643
2024-01-15 10:19:00+00:00,80.0000000000125,long,is,,72.035,72.11500000000001,1,4,99835.00000000026,-6.58276410592298
2024-01-15 10:40:00+00:00,45.000000000015916,long,is,,72.07,72.11500000000001,1,1,99880.00000000028,-6.540656872836037
2024-01-15 10:43:00+00:00,39.99999999999204,short,is,,72.155,72.11500000000001,1,1,99920.00000000026,-6.503228221203226
2024-01-15 10:53:00+00:00,39.99999999999204,short,is,,72.16499999999999,72.125,1,5,99960.00000000026,-6.465799569570402
2024-01-15 11:01:00+00:00,64.99999999999773,long,is,,72.07,72.13499999999999,1,5,100025.00000000025,-6.404978010667074
2024-01-15 11:21:00+00:00,49.99999999999716,long,is,,72.045,72.095,1,2,100075.00000000025,-6.358192196126043
2024-01-15 11:34:00+00:00,49.99999999998295,long,is,,72.025,72.07499999999999,1,2,100125.00000000023,-6.311406381585026
2024-01-15 11:45:00+00:00,25.000000000005684,long,is,,72.0,72.025,1,9,100150.00000000023,-6.288013474314511
2024-01-15 12:17:00+00:00,-224.99999999999432,long,is,,71.97,71.745,1,27,99925.00000000025,-6.498549639749136
2024-01-15 12:37:00+00:00,9.999999999990905,long,is,,71.595,71.60499999999999,1,9,99935.00000000023,-6.489192476840944
2024-01-15 13:26:00+00:00,104.99999999998977,long,is,,71.52000000000001,71.625,1,40,100040.00000000023,-6.390942266304779
2024-01-15 13:38:00+00:00,69.99999999999318,long,is,,71.625,71.695,1,2,100110.00000000022,-6.325442125947349
2024-01-15 13:51:00+00:00,60.000000000002274,long,is,,71.595,71.655,1,5,100170.00000000022,-6.269299148498112
2024-01-15 14:15:00+00:00,-240.0000000000091,short,is,,71.725,71.965,1,23,99930.00000000022,-6.49387105829506
2024-02-01 00:36:00+00:00,25.000000000005684,short,is,,75.88,75.85499999999999,1,36,99955.00000000022,-6.470478151024545
2024-02-01 01:26:00+00:00,340.0000000000034,long,is,,75.845,76.185,1,30,100295.00000000022,-6.152334612145534
2024-02-01 02:02:00+00:00,-69.99999999999318,short,is,,76.315,76.38499999999999,1,28,100225.00000000023,-6.217834752502964
2024-02-01 02:07:00+00:00,74.99999999998863,long,is,,76.33500000000001,76.41,1,4,100300.00000000022,-6.14765603069143
2024-02-01 02:30:00+00:00,54.99999999999261,long,is,,76.36,76.41499999999999,1,3,100355.0000000002,-6.09619163469631
2024-02-01 02:46:00+00:00,44.999999999987494,short,is,,76.47999999999999,76.435,1,3,100400.0000000002,-6.054084401609383
2024-02-01 02:51:00+00:00,35.0000000000108,short,is,,76.485,76.44999999999999,1,2,100435.0000000002,-6.02133433143066
2024-02-01 03:22:00+00:00,-100.00000000002274,long,is,,76.42500000000001,76.32499999999999,1,25,100335.00000000019,-6.114905960512736
2024-02-01 03:41:00+00:00,25.000000000005684,long,is,,76.285,76.31,1,1,100360.00000000019,-6.091513053242221
2024-02-01 03:58:00+00:00,-39.99999999999204,short,is,,76.33500000000001,76.375,1,15,100320.0000000002,-6.128941704875031
2024-02-01 04:28:00+00:00,-120.00000000000455,long,is,,76.33500000000001,76.215,1,25,100200.00000000019,-6.24122765977352
2024-02-01 04:51:00+00:00,0.0,long,is,,76.155,76.155,1,18,100200.00000000019,-6.24122765977352
2024-02-01 05:07:00+00:00,0.0,short,is,,76.16499999999999,76.16499999999999,1,7,100200.00000000019,-6.24122765977352
2024-02-01 05:19:00+00:00,20.000000000010232,long,is,,76.13499999999999,76.155,1,2,100220.0000000002,-6.222513333957094
2024-02-01 05:40:00+00:00,-9.999999999990905,long,is,,76.13499999999999,76.125,1,16,100210.00000000022,-6.2318704968652865
2024-02-01 06:03:00+00:00,0.0,long,is,,76.005,76.005,1,17,100210.00000000022,-6.2318704968652865
2024-02-01 06:08:00+00:00,50.00000000001137,short,is,,76.055,76.005,1,3,100260.00000000022,-6.185084682324256
2024-02-01 06:37:00+00:00,25.000000000005684,long,is,,75.945,75.97,1,8,100285.00000000023,-6.161691775053726
2024-02-01 06:53:00+00:00,-30.000000000001137,long,is,,75.935,75.905,1,13,100255.00000000023,-6.189763263778345
2024-02-01 07:06:00+00:00,39.99999999999204,long,is,,75.86500000000001,75.905,1,4,100295.00000000022,-6.152334612145534
2024-02-01 07:19:00+00:00,0.0,short,is,,75.92500000000001,75.92500000000001,1,6,100295.00000000022,-6.152334612145534
2024-02-01 07:33:00+00:00,0.0,long,is,,75.875,75.875,1,10,100295.00000000022,-6.152334612145534
2024-02-01 07:49:00+00:00,-20.000000000010232,short,is,,75.91499999999999,75.935,1,5,100275.00000000022,-6.171048937961946
2024-02-01 08:08:00+00:00,49.99999999999716,long,is,,75.715,75.765,1,7,100325.0000000002,-6.124263123420929
2024-02-01 08:16:00+00:00,110.00000000001364,long,is,,75.505,75.61500000000001,1,4,100435.00000000022,-6.021334331430647
2024-02-01 08:38:00+00:00,20.000000000010232,short,is,,75.655,75.63499999999999,1,7,100455.00000000023,-6.0026200056142205
2024-02-01 08:45:00+00:00,100.00000000000853,long,is,,75.485,75.58500000000001,1,3,100555.00000000025,-5.909048376532145
2024-02-01 09:14:00+00:00,-354.99999999998977,short,is,,75.9,76.255,1,20,100200.00000000025,-6.2412276597734655
2024-02-01 09:26:00+00:00,0.0,short,is,,76.41499999999999,76.41499999999999,1,7,100200.00000000025,-6.2412276597734655
2024-02-01 09:45:00+00:00,120.00000000000455,short,is,,76.535,76.41499999999999,1,3,100320.00000000026,-6.128941704874977
2024-02-01 09:56:00+00:00,79.99999999998408,short,is,,76.57499999999999,76.495,1,6,100400.00000000023,-6.054084401609354
2024-02-01 10:16:00+00:00,60.000000000002274,long,is,,76.38499999999999,76.445,1,8,100460.00000000025,-5.997941424160104
2024-02-01 10:28:00+00:00,129.99999999999545,short,is,,76.565,76.435,1,10,100590.00000000023,-5.876298306353437
2024-02-01 10:48:00+00:00,45.000000000001705,short,is,,76.59,76.545,1,5,100635.00000000023,-5.834191073266508
2024-02-01 11:06:00+00:00,14.999999999986358,long,is,,76.465,76.47999999999999,1,10,100650.00000000023,-5.8201553289042
2024-02-01 11:23:00+00:00,34.99999999999659,short,is,,76.53999999999999,76.505,1,9,100685.00000000022,-5.787405258725491
2024-02-01 11:36:00+00:00,64.99999999999773,long,is,,76.4,76.465,1,7,100750.00000000022,-5.72658369982215
2024-02-01 11:49:00+00:00,9.999999999990905,short,is,,76.57499999999999,76.565,1,8,100760.0000000002,-5.717226536913958
2024-02-01 12:05:00+00:00,19.99999999999602,long,is,,76.485,76.505,1,6,100780.0000000002,-5.698512211097546
2024-02-01 12:33:00+00:00,-35.0000000000108,long,is,,76.295,76.25999999999999,1,11,100745.00000000019,-5.731262281276281
2024-02-01 13:00:00+00:00,30.000000000001137,long,is,,76.155,76.185,1,10,100775.0000000002,-5.7031907925516485
2024-02-01 13:42:00+00:00,-319.9999999999932,short,is,,76.315,76.63499999999999,1,41,100455.0000000002,-6.002620005614248
2024-02-01 13:46:00+00:00,99.99999999999432,long,is,,76.565,76.66499999999999,1,3,100555.0000000002,-5.909048376532186
2024-02-01 13:56:00+00:00,60.000000000002274,long,is,,76.525,76.58500000000001,1,7,100615.0000000002,-5.852905399082949
2024-02-01 14:01:00+00:00,49.99999999998295,short,is,,76.695,76.64500000000001,1,2,100665.00000000019,-5.806119584541931
2024-02-01 14:05:00+00:00,109.99999999998522,short,is,,76.755,76.64500000000001,1,1,100775.00000000017,-5.703190792551676
2024-02-01 14:28:00+00:00,-90.00000000000341,long,is,,76.495,76.405,1,19,100685.00000000016,-5.787405258725546
2024-02-01 14:45:00+00:00,-4.9999999999954525,short,is,,76.66,76.66499999999999,1,14,100680.00000000017,-5.792083840179636
2024-02-01 15:03:00+00:00,-34.99999999999659,long,is,,76.57,76.535,1,13,100645.00000000017,-5.824833910358357
2024-02-01 15:16:00+00:00,-9.999999999990905,short,is,,76.775,76.785,1,10,100635.00000000019,-5.83419107326655
2024-02-01 15:31:00+00:00,30.000000000001137,long,is,,76.765,76.795,1,5,100665.00000000019,-5.806119584541931
2024-02-01 15:44:00+00:00,-140.00000000001478,long,is,,76.67500000000001,76.535,1,11,100525.00000000017,-5.9371198652568316
2024-02-01 16:10:00+00:00,-90.00000000000341,long,is,,76.33500000000001,76.245,1,16,100435.00000000016,-6.021334331430701
2024-02-01 16:27:00+00:00,30.000000000001137,short,is,,76.445,76.41499999999999,1,12,100465.00000000016,-5.993262842706082
2024-02-01 16:35:00+00:00,100.00000000000853,short,is,,76.61500000000001,76.515,1,6,100565.00000000017,-5.899691213624006
2024-02-01 16:45:00+00:00,80.0000000000125,short,is,,76.745,76.66499999999999,1,6,100645.00000000019,-5.824833910358343
2024-02-01 17:00:00+00:00,129.99999999999545,long,is,,76.525,76.655,1,8,100775.00000000019,-5.703190792551663
2024-02-01 17:13:00+00:00,30.000000000001137,short,is,,76.765,76.735,1,12,100805.00000000019,-5.675119303827044
2024-02-01 17:24:00+00:00,44.999999999987494,long,is,,76.68,76.725,1,2,100850.00000000017,-5.633012070740129
2024-02-01 17:35:00+00:00,79.9999999999983,short,is,,76.815,76.735,1,3,100930.00000000017,-5.55815476747448
2024-02-01 17:55:00+00:00,-1980.000000000004,long,is,,76.685,74.705,1,18,98950.00000000016,-7.410873023299325
2024-02-01 18:32:00+00:00,-540.0000000000205,short,is,,74.63499999999999,75.17500000000001,1,16,98410.00000000015,-7.9161598203424735
2024-02-01 18:44:00+00:00,69.99999999999318,short,is,,75.625,75.555,1,8,98480.00000000015,-7.850659679985031
2024-02-01 19:34:00+00:00,-1215.0000000000034,long,is,,75.13,73.91499999999999,1,40,97265.00000000013,-8.9875549733321
2024-02-01 19:51:00+00:00,-174.99999999999716,short,is,,74.03,74.205,1,16,97090.00000000015,-9.151305324225694
2024-02-01 20:05:00+00:00,125.0,long,is,,74.07,74.195,1,11,97215.00000000015,-9.034340787873116
2024-02-01 20:11:00+00:00,80.0000000000125,short,is,,74.24000000000001,74.16,1,2,97295.00000000015,-8.959483484607468
2024-02-01 20:41:00+00:00,-40.00000000000625,long,is,,74.055,74.015,1,19,97255.00000000015,-8.996912136240292
2024-02-01 20:48:00+00:00,45.000000000015916,short,is,,74.08500000000001,74.03999999999999,1,2,97300.00000000016,-8.95480490315335
2024-02-01 21:03:00+00:00,25.000000000005684,long,is,,73.845,73.87,1,12,97325.00000000016,-8.931411995882835
2024-02-01 21:21:00+00:00,-10.000000000005116,short,is,,73.955,73.965,1,13,97315.00000000016,-8.940769158791042
2024-02-01 21:37:00+00:00,34.99999999999659,long,is,,73.945,73.97999999999999,1,5,97350.00000000016,-8.908019088612319
2024-02-01 21:42:00+00:00,45.000000000015916,long,is,,73.91499999999999,73.96000000000001,1,3,97395.00000000017,-8.865911855525379
2024-02-01 21:57:00+00:00,35.0000000000108,short,is,,73.99000000000001,73.955,1,2,97430.00000000019,-8.833161785346642
2024-02-01 22:51:00+00:00,94.99999999999886,long,is,,73.9,73.995,1,5,97525.00000000019,-8.744268737718683
2024-02-01 23:10:00+00:00,109.99999999999943,long,is,,73.935,74.045,1,11,97635.00000000019,-8.641339945728415
2024-02-01 23:33:00+00:00,-70.00000000000739,short,is,,74.13499999999999,74.205,1,13,97565.00000000017,-8.706840086085872
2024-02-02 00:06:00+00:00,-30.000000000001137,short,is,,74.235,74.265,1,12,97535.00000000017,-8.734911574810491
2024-02-02 00:28:00+00:00,10.000000000019327,long,is,,74.19999999999999,74.21000000000001,1,18,97545.00000000019,-8.725554411902271
2024-02-02 00:33:00+00:00,9.999999999990905,short,is,,74.225,74.215,1,3,97555.00000000019,-8.716197248994066
2024-02-02 00:35:00+00:00,19.99999999999602,short,is,,74.235,74.215,1,1,97575.00000000017,-8.697482923177665
2024-02-02 00:44:00+00:00,30.000000000001137,short,is,,74.245,74.215,1,6,97605.00000000017,-8.669411434453048
2024-02-02 00:56:00+00:00,0.0,long,is,,74.17500000000001,74.17500000000001,1,10,97605.00000000017,-8.669411434453048
2024-02-02 01:07:00+00:00,-135.00000000001933,short,is,,74.22999999999999,74.36500000000001,1,9,97470.00000000016,-8.795733133713844
2024-02-02 01:22:00+00:00,45.000000000001705,short,is,,74.42,74.375,1,3,97515.00000000016,-8.753625900626917
2024-02-02 01:56:00+00:00,-34.99999999999659,long,is,,74.28,74.245,1,24,97480.00000000017,-8.786375970805626
2024-02-02 02:11:00+00:00,9.999999999990905,short,is,,74.32499999999999,74.315,1,12,97490.00000000016,-8.777018807897432
2024-02-02 02:39:00+00:00,4.9999999999954525,long,is,,74.25,74.255,1,19,97495.00000000016,-8.772340226443328
2024-02-02 02:42:00+00:00,30.000000000001137,short,is,,74.285,74.255,1,1,97525.00000000016,-8.744268737718711
2024-02-02 02:53:00+00:00,-10.000000000005116,short,is,,74.295,74.305,1,9,97515.00000000015,-8.75362590062693
2024-02-02 03:41:00+00:00,9.999999999990905,short,is,,74.285,74.275,1,8,97525.00000000015,-8.744268737718725
2024-02-02 04:18:00+00:00,-109.99999999998522,long,is,,74.255,74.14500000000001,1,29,97415.00000000016,-8.847197529708978
2024-02-02 04:36:00+00:00,9.999999999990905,short,is,,74.155,74.14500000000001,1,4,97425.00000000015,-8.837840366800787
2024-02-02 04:44:00+00:00,20.000000000010232,short,is,,74.17500000000001,74.155,1,3,97445.00000000016,-8.81912604098436
2024-02-02 04:56:00+00:00,30.000000000001137,long,is,,74.11500000000001,74.14500000000001,1,9,97475.00000000016,-8.791054552259741
2024-02-02 05:03:00+00:00,30.000000000001137,short,is,,74.17500000000001,74.14500000000001,1,4,97505.00000000016,-8.762983063535124
2024-02-02 05:15:00+00:00,25.000000000005684,long,is,,74.12,74.14500000000001,1,8,97530.00000000016,-8.739590156264608
2024-02-02 05:32:00+00:00,14.999999999986358,short,is,,74.19999999999999,74.185,1,9,97545.00000000015,-8.725554411902312
2024-02-02 06:10:00+00:00,-149.99999999999147,long,is,,74.13499999999999,73.985,1,29,97395.00000000016,-8.865911855525392
2024-02-02 06:26:00+00:00,69.99999999999318,long,is,,73.905,73.975,1,7,97465.00000000015,-8.800411715167963
2024-02-02 06:44:00+00:00,-49.99999999998295,short,is,,74.055,74.10499999999999,1,14,97415.00000000017,-8.847197529708966
2024-02-02 07:07:00+00:00,20.000000000010232,long,is,,74.10499999999999,74.125,1,6,97435.00000000017,-8.828483203892553
2024-02-02 07:10:00+00:00,39.99999999999204,long,is,,74.08500000000001,74.125,1,2,97475.00000000017,-8.791054552259729
2024-02-02 07:31:00+00:00,-30.000000000001137,short,is,,74.205,74.235,1,14,97445.00000000017,-8.819126040984347
2024-02-02 08:05:00+00:00,-109.99999999998522,long,is,,74.16499999999999,74.055,1,9,97335.00000000019,-8.922054832974602
2024-02-02 08:25:00+00:00,39.99999999999204,short,is,,74.125,74.08500000000001,1,5,97375.00000000017,-8.88462618134179
2024-02-02 08:34:00+00:00,60.000000000002274,short,is,,74.17500000000001,74.11500000000001,1,1,97435.00000000017,-8.828483203892553
2024-02-02 08:55:00+00:00,-209.99999999999375,long,is,,74.015,73.805,1,13,97225.00000000019,-9.02498362496487
2024-02-02 09:16:00+00:00,110.00000000001364,long,is,,73.695,73.805,1,10,97335.0000000002,-8.922054832974588
2024-02-02 09:31:00+00:00,-140.00000000001478,short,is,,73.945,74.08500000000001,1,12,97195.00000000019,-9.053055113689489
2024-02-02 09:51:00+00:00,4.9999999999954525,short,is,,74.255,74.25,1,12,97200.00000000017,-9.048376532235398
2024-02-02 10:05:00+00:00,60.000000000002274,long,is,,74.185,74.245,1,7,97260.00000000019,-8.992233554786148
2024-02-02 10:21:00+00:00,-30.000000000001137,short,is,,74.32499999999999,74.35499999999999,1,13,97230.00000000017,-9.020305043510781
2024-02-02 10:50:00+00:00,-59.99999999998806,long,is,,74.35499999999999,74.295,1,19,97170.00000000019,-9.076448020960004
2024-02-02 11:02:00+00:00,-19.99999999999602,long,is,,74.225,74.205,1,6,97150.0000000002,-9.095162346776403
2024-02-02 11:30:00+00:00,40.00000000000625,short,is,,74.245,74.205,1,8,97190.0000000002,-9.057733695143579
2024-02-02 11:41:00+00:00,45.000000000015916,short,is,,74.27000000000001,74.225,1,2,97235.00000000022,-9.015626462056636
2024-02-02 11:57:00+00:00,-20.000000000010232,long,is,,74.125,74.10499999999999,1,6,97215.0000000002,-9.034340787873063
2024-02-02 12:52:00+00:00,-230.00000000000398,long,is,,74.015,73.785,1,36,96985.0000000002,-9.249555534761805
2024-02-02 12:58:00+00:00,60.000000000002274,short,is,,73.815,73.755,1,5,97045.0000000002,-9.193412557312568
2024-02-02 13:09:00+00:00,-240.0000000000091,long,is,,73.715,73.475,1,10,96805.0000000002,-9.417984467109518
2024-02-02 13:34:00+00:00,60.000000000002274,long,is,,73.255,73.315,1,13,96865.0000000002,-9.36184148966028
2024-02-02 13:40:00+00:00,159.9999999999966,long,is,,73.11500000000001,73.275,1,1,97025.0000000002,-9.212126883128981
2024-02-02 13:50:00+00:00,-49.99999999998295,short,is,,73.39500000000001,73.445,1,8,96975.00000000022,-9.258912697669999
2024-02-02 14:06:00+00:00,60.000000000002274,long,is,,73.215,73.275,1,5,97035.00000000022,-9.202769720220761
2024-02-02 14:15:00+00:00,120.00000000000455,long,is,,73.095,73.215,1,5,97155.00000000022,-9.090483765322286
2024-02-02 14:26:00+00:00,-70.00000000000739,long,is,,73.08500000000001,73.015,1,9,97085.00000000022,-9.15598390567973
2024-02-02 14:54:00+00:00,-580.0000000000125,long,is,,72.805,72.225,1,27,96505.0000000002,-9.698699354355703
2024-02-02 15:05:00+00:00,10.000000000019327,long,is,,72.07499999999999,72.08500000000001,1,6,96515.00000000022,-9.689342191447484
2024-02-02 15:12:00+00:00,134.9999999999909,short,is,,72.41499999999999,72.28,1,5,96650.00000000022,-9.5630204921867
2024-02-02 15:32:00+00:00,-85.00000000000796,short,is,,72.69999999999999,72.785,1,15,96565.0000000002,-9.642556376906466
2024-02-02 15:54:00+00:00,-30.000000000001137,long,is,,72.525,72.495,1,19,96535.0000000002,-9.670627865631086
2024-02-02 16:02:00+00:00,70.00000000000739,long,is,,72.225,72.295,1,6,96605.0000000002,-9.605127725273642
2024-02-02 16:23:00+00:00,54.99999999999261,long,is,,72.11500000000001,72.17,1,10,96660.0000000002,-9.553663329278507
2024-02-02 16:28:00+00:00,105.00000000001819,long,is,,71.97999999999999,72.08500000000001,1,2,96765.00000000022,-9.455413118742328
2024-02-02 17:09:00+00:00,139.99999999998636,short,is,,72.32499999999999,72.185,1,39,96905.0000000002,-9.324412838027456
2024-02-02 17:31:00+00:00,-120.00000000000455,short,is,,72.285,72.405,1,14,96785.0000000002,-9.43669879292593
2024-02-02 18:14:00+00:00,99.99999999999432,long,is,,72.315,72.41499999999999,1,35,96885.0000000002,-9.343127163843867
2024-02-02 18:22:00+00:00,80.0000000000125,short,is,,72.555,72.475,1,4,96965.0000000002,-9.268269860578219
2024-02-02 18:33:00+00:00,0.0,long,is,,72.41499999999999,72.41499999999999,1,6,96965.0000000002,-9.268269860578219
2024-02-02 18:39:00+00:00,110.00000000001364,long,is,,72.315,72.42500000000001,1,5,97075.00000000022,-9.165341068587935
2024-02-02 19:06:00+00:00,59.99999999998806,short,is,,72.485,72.42500000000001,1,6,97135.00000000022,-9.109198091138698
2024-02-02 19:25:00+00:00,90.00000000000341,long,is,,72.275,72.36500000000001,1,2,97225.00000000022,-9.024983624964843
2024-02-02 19:45:00+00:00,-129.99999999999545,long,is,,72.275,72.14500000000001,1,18,97095.00000000022,-9.146626742771522
2024-02-02 20:05:00+00:00,79.99999999998408,long,is,,71.995,72.07499999999999,1,4,97175.0000000002,-9.071769439505887
2024-02-02 20:27:00+00:00,-19.99999999998181,short,is,,72.11500000000001,72.13499999999999,1,12,97155.00000000022,-9.090483765322286
2024-02-02 20:32:00+00:00,44.999999999987494,short,is,,72.19999999999999,72.155,1,3,97200.0000000002,-9.048376532235372
2024-02-02 20:47:00+00:00,20.000000000010232,long,is,,72.095,72.11500000000001,1,10,97220.00000000022,-9.029662206418946
2024-02-02 20:51:00+00:00,60.000000000002274,short,is,,72.195,72.13499999999999,1,1,97280.00000000022,-8.973519228969709
2024-02-02 21:14:00+00:00,30.000000000001137,long,is,,72.10499999999999,72.13499999999999,1,8,97310.00000000022,-8.94544774024509
2024-02-02 21:23:00+00:00,24.999999999991473,short,is,,72.16499999999999,72.14,1,8,97335.00000000022,-8.922054832974574
2024-02-02 21:52:00+00:00,-115.0000000000091,short,is,,72.19,72.305,1,25,97220.0000000002,-9.029662206418958
2024-02-04 23:05:00+00:00,-394.999999999996,short,is,,72.39,72.785,1,11,96825.0000000002,-9.399270141293105
2024-02-04 23:43:00+00:00,0.0,long,is,,72.815,72.815,1,14,96825.0000000002,-9.399270141293105
2024-02-04 23:49:00+00:00,19.99999999998181,short,is,,72.85499999999999,72.83500000000001,1,5,96845.00000000019,-9.380555815476706
2024-02-05 00:14:00+00:00,-90.00000000000341,long,is,,72.785,72.695,1,16,96755.00000000019,-9.464770281650562
2024-02-05 00:58:00+00:00,-180.00000000000682,long,is,,72.61500000000001,72.435,1,38,96575.00000000017,-9.633199213998287
2024-02-05 01:07:00+00:00,89.9999999999892,long,is,,72.295,72.38499999999999,1,5,96665.00000000017,-9.548984747824433
2024-02-05 01:14:00+00:00,44.999999999987494,short,is,,72.44,72.39500000000001,1,4,96710.00000000016,-9.506877514737518
2024-02-05 01:40:00+00:00,29.999999999986926,long,is,,72.295,72.32499999999999,1,8,96740.00000000015,-9.478806026012911
2024-02-05 01:49:00+00:00,39.99999999999204,short,is,,72.405,72.36500000000001,1,7,96780.00000000013,-9.441377374380101
2024-02-05 02:07:00+00:00,49.99999999998295,short,is,,72.445,72.39500000000001,1,6,96830.00000000012,-9.394591559839084
2024-02-05 02:46:00+00:00,-69.99999999999318,long,is,,72.375,72.305,1,20,96760.00000000013,-9.460091700196513
2024-02-05 02:59:00+00:00,-40.00000000000625,long,is,,72.275,72.235,1,11,96720.00000000012,-9.497520351829351
2024-02-05 03:24:00+00:00,-49.99999999998295,short,is,,72.33500000000001,72.38499999999999,1,20,96670.00000000013,-9.54430616637037
2024-02-05 03:36:00+00:00,19.99999999998181,short,is,,72.41499999999999,72.39500000000001,1,2,96690.00000000012,-9.525591840553972
2024-02-05 03:49:00+00:00,0.0,short,is,,72.41499999999999,72.41499999999999,1,9,96690.00000000012,-9.525591840553972
2024-02-05 03:56:00+00:00,24.999999999977263,short,is,,72.44999999999999,72.42500000000001,1,3,96715.0000000001,-9.50219893328347
2024-02-05 04:09:00+00:00,14.999999999986358,long,is,,72.4,72.41499999999999,1,7,96730.00000000009,-9.488163188921172
2024-02-05 04:22:00+00:00,24.999999999991473,long,is,,72.36500000000001,72.39,1,6,96755.00000000007,-9.46477028165067
2024-02-05 04:38:00+00:00,9.999999999990905,short,is,,72.405,72.39500000000001,1,7,96765.00000000006,-9.455413118742479
2024-02-05 05:03:00+00:00,-70.00000000000739,short,is,,72.445,72.515,1,20,96695.00000000006,-9.520913259099922
2024-02-05 05:34:00+00:00,-159.9999999999966,short,is,,72.535,72.695,1,23,96535.00000000006,-9.670627865631221
2024-02-05 05:47:00+00:00,-15.000000000000568,long,is,,72.64,72.625,1,12,96520.00000000006,-9.684663609993532
2024-02-05 05:58:00+00:00,30.000000000001137,short,is,,72.63499999999999,72.60499999999999,1,1,96550.00000000006,-9.656592121268911
2024-02-05 06:11:00+00:00,44.999999999987494,short,is,,72.63499999999999,72.59,1,12,96595.00000000004,-9.614484888181998
2024-02-05 06:30:00+00:00,19.99999999999602,long,is,,72.515,72.535,1,7,96615.00000000004,-9.595770562365585
2024-02-05 06:38:00+00:00,35.0000000000108,long,is,,72.485,72.52000000000001,1,1,96650.00000000006,-9.56302049218685
2024-02-05 07:09:00+00:00,-50.00000000001137,long,is,,72.465,72.41499999999999,1,25,96600.00000000004,-9.609806306727894
2024-02-05 07:34:00+00:00,-10.000000000005116,long,is,,72.305,72.295,1,16,96590.00000000004,-9.619163469636101
2024-02-05 07:47:00+00:00,30.000000000001137,short,is,,72.345,72.315,1,10,96620.00000000004,-9.591091980911482
2024-02-05 08:05:00+00:00,180.00000000000682,long,is,,72.255,72.435,1,7,96800.00000000004,-9.42266304856377
2024-02-05 08:30:00+00:00,0.0,long,is,,72.35499999999999,72.35499999999999,1,9,96800.00000000004,-9.42266304856377
2024-02-05 08:53:00+00:00,9.999999999990905,long,is,,72.17500000000001,72.185,1,11,96810.00000000004,-9.413305885655564
2024-02-05 09:18:00+00:00,-60.000000000002274,long,is,,72.025,71.965,1,14,96750.00000000003,-9.469448863104816
2024-02-05 09:40:00+00:00,144.99999999999602,short,is,,72.005,71.86,1,15,96895.00000000003,-9.333770000935825
2024-02-05 10:08:00+00:00,-74.99999999998863,short,is,,71.875,71.94999999999999,1,17,96820.00000000004,-9.403948722747357
2024-02-05 10:24:00+00:00,39.99999999999204,long,is,,71.92500000000001,71.965,1,9,96860.00000000003,-9.366520071114547
2024-02-05 10:55:00+00:00,-39.99999999999204,long,is,,71.85499999999999,71.815,1,16,96820.00000000004,-9.403948722747357
2024-02-05 11:08:00+00:00,64.99999999999773,long,is,,71.745,71.81,1,3,96885.00000000004,-9.343127163844017
2024-02-05 11:10:00+00:00,99.99999999999432,long,is,,71.67500000000001,71.775,1,1,96985.00000000003,-9.249555534761969
2024-02-05 11:18:00+00:00,100.00000000000853,short,is,,71.89500000000001,71.795,1,3,97085.00000000004,-9.155983905679893
2024-02-05 11:30:00+00:00,30.000000000001137,long,is,,71.685,71.715,1,8,97115.00000000004,-9.127912416955276
2024-02-05 11:43:00+00:00,9.999999999990905,short,is,,71.85499999999999,71.845,1,9,97125.00000000003,-9.118555254047083
2024-02-05 12:08:00+00:00,-129.99999999999545,long,is,,71.805,71.67500000000001,1,16,96995.00000000004,-9.240198371853749
2024-02-05 12:23:00+00:00,64.99999999999773,short,is,,71.83,71.765,1,11,97060.00000000004,-9.179376812950409
2024-02-05 12:39:00+00:00,-45.000000000015916,short,is,,71.88499999999999,71.93,1,9,97015.00000000003,-9.22148404603735
2024-02-05 13:00:00+00:00,-55.00000000000682,short,is,,72.06,72.11500000000001,1,13,96960.00000000001,-9.272948442032499
2024-02-05 13:09:00+00:00,60.000000000002274,short,is,,72.195,72.13499999999999,1,3,97020.00000000001,-9.216805464583262
2024-02-05 13:23:00+00:00,-30.000000000001137,long,is,,72.055,72.025,1,12,96990.00000000001,-9.244876953307879
2024-02-05 13:33:00+00:00,39.99999999999204,long,is,,71.92500000000001,71.965,1,5,97030.00000000001,-9.207448301675054
2024-02-05 14:11:00+00:00,-240.0000000000091,short,is,,72.10499999999999,72.345,1,35,96790.0,-9.432020211472016
2024-02-05 14:55:00+00:00,834.9999999999795,short,is,,72.44999999999999,71.61500000000001,1,26,97624.99999999999,-8.650697108636813
2024-02-05 15:12:00+00:00,130.00000000000966,short,is,,71.765,71.63499999999999,1,7,97754.99999999999,-8.52905399083013
2024-02-05 15:57:00+00:00,110.00000000001364,short,is,,71.715,71.60499999999999,1,10,97865.0,-8.426125198839848
2024-02-05 16:22:00+00:00,-269.999999999996,short,is,,71.745,72.015,1,23,97595.0,-8.678768597361417
2024-02-05 16:29:00+00:00,230.00000000000398,long,is,,71.765,71.995,1,4,97825.00000000001,-8.46355385047266
2024-02-05 16:49:00+00:00,109.99999999999943,short,is,,72.205,72.095,1,1,97935.00000000001,-8.360625058482391
2024-02-05 16:59:00+00:00,109.99999999998522,short,is,,72.285,72.17500000000001,1,3,98045.0,-8.257696266492138
2024-02-05 17:35:00+00:00,-465.0000000000034,short,is,,72.37,72.83500000000001,1,35,97579.99999999999,-8.69280434172374
2024-02-05 17:48:00+00:00,0.0,short,is,,72.965,72.965,1,11,97579.99999999999,-8.69280434172374
2024-02-05 17:57:00+00:00,109.99999999999943,long,is,,72.845,72.955,1,4,97689.99999999999,-8.58987554973347
2024-02-05 18:16:00+00:00,-25.000000000005684,short,is,,73.10499999999999,73.13,1,15,97664.99999999999,-8.613268457003986
2024-02-05 18:21:00+00:00,75.00000000000284,long,is,,73.065,73.14,1,1,97739.99999999999,-8.54308973519244
2024-02-05 18:30:00+00:00,69.99999999999318,short,is,,73.225,73.155,1,4,97809.99999999999,-8.477589594834997
2024-02-05 19:06:00+00:00,-85.00000000000796,long,is,,73.055,72.97,1,11,97724.99999999997,-8.557125479554763
2024-02-05 19:29:00+00:00,219.99999999999886,short,is,,72.995,72.775,1,10,97944.99999999997,-8.351267895574226
2024-02-05 20:06:00+00:00,24.999999999991473,long,is,,72.735,72.75999999999999,1,5,97969.99999999997,-8.327874988303712
2024-02-05 20:44:00+00:00,-60.000000000002274,short,is,,72.775,72.83500000000001,1,24,97909.99999999996,-8.384017965752962
2024-02-05 20:55:00+00:00,15.00000000001478,long,is,,72.82,72.83500000000001,1,6,97924.99999999997,-8.36998222139064
2024-02-05 21:07:00+00:00,49.99999999999716,long,is,,72.795,72.845,1,5,97974.99999999997,-8.323196406849608
2024-02-05 21:31:00+00:00,10.000000000005116,long,is,,72.795,72.805,1,10,97984.99999999999,-8.313839243941388
2024-02-05 21:57:00+00:00,34.99999999999659,short,is,,72.82,72.785,1,17,98019.99999999997,-8.28108917376268
2024-02-05 23:06:00+00:00,60.000000000002274,short,is,,72.805,72.745,1,14,98079.99999999999,-8.224946196313429
2024-02-05 23:27:00+00:00,0.0,long,is,,72.715,72.715,1,7,98079.99999999999,-8.224946196313429
2024-02-05 23:37:00+00:00,20.000000000010232,long,is,,72.695,72.715,1,4,98099.99999999999,-8.206231870497016
2024-02-06 00:02:00+00:00,-19.99999999998181,long,is,,72.695,72.67500000000001,1,17,98080.0,-8.224946196313415
2024-02-06 00:10:00+00:00,19.99999999999602,short,is,,72.705,72.685,1,4,98100.0,-8.206231870497001
2024-02-06 00:39:00+00:00,0.0,short,is,,72.715,72.715,1,5,98100.0,-8.206231870497001
2024-02-06 01:02:00+00:00,19.99999999999602,long,is,,72.715,72.735,1,4,98120.0,-8.18751754468059
2024-02-06 01:08:00+00:00,19.99999999999602,long,is,,72.685,72.705,1,5,98140.0,-8.168803218864177
2024-02-06 01:16:00+00:00,30.000000000001137,short,is,,72.745,72.715,1,2,98170.0,-8.14073173013956
2024-02-06 01:41:00+00:00,-100.00000000000853,short,is,,72.765,72.86500000000001,1,19,98069.99999999999,-8.234303359221636
2024-02-06 02:03:00+00:00,39.99999999999204,short,is,,72.945,72.905,1,6,98109.99999999999,-8.19687470758881
2024-02-06 02:11:00+00:00,30.000000000001137,short,is,,72.945,72.91499999999999,1,3,98139.99999999999,-8.168803218864191
2024-02-06 02:28:00+00:00,15.00000000001478,short,is,,72.96000000000001,72.945,1,10,98155.0,-8.154767474501869
2024-02-06 03:22:00+00:00,-60.000000000002274,long,is,,72.89500000000001,72.83500000000001,1,48,98095.0,-8.210910451951106
2024-02-06 03:31:00+00:00,30.000000000001137,long,is,,72.805,72.83500000000001,1,6,98125.0,-8.182838963226487
2024-02-06 03:55:00+00:00,9.999999999990905,long,is,,72.815,72.82499999999999,1,9,98134.99999999999,-8.173481800318294
2024-02-06 04:47:00+00:00,-149.99999999999147,short,is,,72.83500000000001,72.985,1,41,97985.0,-8.313839243941375
2024-02-06 05:04:00+00:00,19.99999999999602,long,is,,72.955,72.975,1,6,98004.99999999999,-8.295124918124976
2024-02-06 05:22:00+00:00,-24.999999999977263,long,is,,72.94999999999999,72.92500000000001,1,13,97980.00000000001,-8.318517825395464
2024-02-06 05:37:00+00:00,44.999999999987494,short,is,,73.005,72.96000000000001,1,6,98025.0,-8.276410592308551
2024-02-06 05:41:00+00:00,29.999999999986926,long,is,,72.92500000000001,72.955,1,1,98054.99999999999,-8.248339103583945
2024-02-06 05:55:00+00:00,-10.000000000019327,long,is,,72.92500000000001,72.91499999999999,1,10,98044.99999999997,-8.257696266492164
2024-02-06 06:10:00+00:00,25.000000000005684,long,is,,72.845,72.87,1,2,98069.99999999997,-8.234303359221649
2024-02-06 06:18:00+00:00,9.999999999990905,long,is,,72.83500000000001,72.845,1,7,98079.99999999997,-8.224946196313443
2024-02-06 06:33:00+00:00,40.00000000000625,long,is,,72.795,72.83500000000001,1,3,98119.99999999997,-8.187517544680617
2024-02-06 06:43:00+00:00,14.999999999986358,long,is,,72.805,72.82,1,1,98134.99999999996,-8.173481800318322
2024-02-06 06:54:00+00:00,9.999999999990905,short,is,,72.85499999999999,72.845,1,5,98144.99999999994,-8.16412463741013
2024-02-06 07:10:00+00:00,-50.00000000001137,short,is,,72.875,72.92500000000001,1,14,98094.99999999994,-8.210910451951161
2024-02-06 07:27:00+00:00,30.000000000001137,long,is,,72.905,72.935,1,3,98124.99999999994,-8.182838963226542
2024-02-06 07:43:00+00:00,19.99999999999602,short,is,,72.975,72.955,1,1,98144.99999999993,-8.164124637410143
2024-02-06 07:56:00+00:00,-30.000000000001137,short,is,,72.985,73.015,1,11,98114.99999999993,-8.19219612613476
2024-02-06 08:20:00+00:00,90.00000000000341,long,is,,73.005,73.095,1,11,98204.99999999994,-8.107981659960892
2024-02-06 08:27:00+00:00,90.00000000000341,long,is,,72.955,73.045,1,2,98294.99999999994,-8.023767193787036
2024-02-06 08:50:00+00:00,60.000000000002274,long,is,,72.945,73.005,1,13,98354.99999999994,-7.967624216337798
2024-02-06 09:09:00+00:00,-180.00000000000682,long,is,,72.86500000000001,72.685,1,15,98174.99999999994,-8.13605314868551
2024-02-06 09:25:00+00:00,49.99999999998295,long,is,,72.58500000000001,72.63499999999999,1,2,98224.99999999991,-8.089267334144507
2024-02-06 09:44:00+00:00,30.000000000001137,long,is,,72.58500000000001,72.61500000000001,1,15,98254.99999999991,-8.061195845419888
2024-02-06 10:01:00+00:00,79.9999999999983,long,is,,72.515,72.595,1,4,98334.99999999991,-7.986338542154238
2024-02-06 10:29:00+00:00,-120.00000000000455,short,is,,72.66499999999999,72.785,1,23,98214.99999999991,-8.098624497052713
2024-02-06 10:56:00+00:00,-30.000000000001137,short,is,,72.91499999999999,72.945,1,18,98184.99999999991,-8.126695985777332
2024-02-06 11:38:00+00:00,289.99999999999204,long,is,,72.89500000000001,73.185,1,40,98474.9999999999,-7.855338261439365
2024-02-06 12:07:00+00:00,30.000000000001137,long,is,,73.16499999999999,73.195,1,9,98504.9999999999,-7.827266772714745
2024-02-06 12:22:00+00:00,10.000000000005116,short,is,,73.235,73.225,1,8,98514.99999999991,-7.817909609806526
2024-02-06 12:36:00+00:00,79.9999999999983,long,is,,73.185,73.265,1,7,98594.99999999991,-7.743052306540877
2024-02-06 13:00:00+00:00,19.99999999999602,long,is,,73.265,73.285,1,4,98614.9999999999,-7.724337980724479
2024-02-06 13:06:00+00:00,60.000000000002274,short,is,,73.475,73.41499999999999,1,5,98674.99999999991,-7.668195003275227
2024-02-06 13:26:00+00:00,69.99999999999318,long,is,,73.285,73.35499999999999,1,10,98744.9999999999,-7.602694862917797
2024-02-06 13:38:00+00:00,30.000000000001137,short,is,,73.375,73.345,1,4,98774.9999999999,-7.5746233741931785
2024-02-06 13:45:00+00:00,80.0000000000125,long,is,,73.16499999999999,73.245,1,6,98854.99999999991,-7.499766070927515
2024-02-06 14:05:00+00:00,75.00000000001705,short,is,,73.305,73.22999999999999,1,8,98929.99999999993,-7.4295873491159545
2024-02-06 14:11:00+00:00,130.00000000000966,long,is,,73.13499999999999,73.265,1,3,99059.99999999994,-7.307944231309261
2024-02-06 14:30:00+00:00,50.00000000001137,short,is,,73.36500000000001,73.315,1,7,99109.99999999996,-7.2611584167682155
2024-02-06 14:39:00+00:00,119.99999999999034,short,is,,73.485,73.36500000000001,1,1,99229.99999999994,-7.148872461869754
2024-02-06 14:56:00+00:00,-19.99999999999602,short,is,,73.485,73.505,1,13,99209.99999999994,-7.167586787686167
2024-02-06 15:06:00+00:00,50.00000000001137,long,is,,73.375,73.42500000000001,1,6,99259.99999999996,-7.120800973145122
2024-02-06 15:14:00+00:00,159.9999999999966,short,is,,73.66499999999999,73.505,1,4,99419.99999999996,-6.9710863666138225
2024-02-06 15:33:00+00:00,100.00000000000853,long,is,,73.455,73.555,1,5,99519.99999999996,-6.877514737531761
2024-02-06 15:47:00+00:00,-40.00000000000625,long,is,,73.295,73.255,1,12,99479.99999999996,-6.914943389164585
2024-02-06 16:09:00+00:00,50.00000000001137,long,is,,73.07499999999999,73.125,1,12,99529.99999999997,-6.868157574623542
2024-02-06 17:01:00+00:00,-359.9999999999852,short,is,,73.245,73.60499999999999,1,44,99169.99999999999,-7.205015439318951
2024-02-06 17:16:00+00:00,99.99999999999432,short,is,,73.745,73.64500000000001,1,3,99269.99999999997,-7.111443810236903
2024-02-06 17:31:00+00:00,-84.99999999999375,long,is,,73.35,73.265,1,6,99184.99999999999,-7.190979694956642
2024-02-06 17:56:00+00:00,140.00000000000057,short,is,,73.515,73.375,1,9,99324.99999999999,-7.059979414241754
2024-02-06 18:14:00+00:00,-40.000000000020464,long,is,,73.17500000000001,73.13499999999999,1,12,99284.99999999996,-7.097408065874607
2024-02-06 18:26:00+00:00,169.9999999999875,long,is,,72.92500000000001,73.095,1,9,99454.99999999996,-6.938336296435101
2024-02-06 18:46:00+00:00,60.000000000002274,short,is,,73.295,73.235,1,14,99514.99999999996,-6.882193318985864
2024-02-06 18:53:00+00:00,60.000000000002274,short,is,,73.435,73.375,1,4,99574.99999999996,-6.826050341536627
2024-02-06 18:59:00+00:00,60.000000000002274,short,is,,73.465,73.405,1,2,99634.99999999996,-6.7699073640873895
2024-02-06 19:08:00+00:00,64.99999999999773,long,is,,73.31,73.375,1,2,99699.99999999996,-6.709085805184049
2024-02-06 19:25:00+00:00,-179.9999999999926,long,is,,73.265,73.08500000000001,1,16,99519.99999999996,-6.877514737531761
2024-02-06 19:52:00+00:00,-189.99999999999773,short,is,,73.345,73.535,1,23,99329.99999999997,-7.055300832787665
2024-02-06 20:04:00+00:00,30.000000000001137,short,is,,73.58500000000001,73.555,1,2,99359.99999999997,-7.027229344063047
2024-02-06 20:09:00+00:00,49.99999999998295,short,is,,73.60499999999999,73.555,1,1,99409.99999999994,-6.980443529522043
2024-02-06 20:31:00+00:00,-60.000000000002274,long,is,,73.545,73.485,1,14,99349.99999999994,-7.036586506971281
2024-02-06 20:55:00+00:00,4.9999999999954525,short,is,,73.495,73.49000000000001,1,5,99354.99999999994,-7.031907925517176
2024-02-06 21:13:00+00:00,10.000000000005116,long,is,,73.475,73.485,1,3,99364.99999999994,-7.022550762608971
2024-02-06 21:27:00+00:00,19.99999999999602,short,is,,73.505,73.485,1,4,99384.99999999994,-7.003836436792558
2024-02-06 21:55:00+00:00,30.000000000001137,short,is,,73.50999999999999,73.47999999999999,1,19,99414.99999999994,-6.975764948067939
2024-02-06 23:08:00+00:00,0.0,long,is,,73.445,73.445,1,19,99414.99999999994,-6.975764948067939
2024-02-06 23:47:00+00:00,34.99999999999659,long,is,,73.39500000000001,73.43,1,12,99449.99999999994,-6.943014877889218
2024-02-07 00:15:00+00:00,9.999999999990905,short,is,,73.445,73.435,1,10,99459.99999999993,-6.933657714981026
2024-02-07 00:40:00+00:00,-15.000000000000568,short,is,,73.485,73.5,1,17,99444.99999999993,-6.947693459343335
2024-02-07 00:58:00+00:00,10.000000000005116,short,is,,73.515,73.505,1,2,99454.99999999994,-6.938336296435114
2024-02-07 01:19:00+00:00,-134.9999999999909,short,is,,73.52000000000001,73.655,1,18,99319.99999999994,-7.064657995695899
2024-02-07 01:35:00+00:00,30.000000000001137,long,is,,73.61500000000001,73.64500000000001,1,9,99349.99999999994,-7.036586506971281
2024-02-07 01:53:00+00:00,0.0,long,is,,73.565,73.565,1,13,99349.99999999994,-7.036586506971281
2024-02-07 02:10:00+00:00,-14.999999999986358,short,is,,73.59,73.60499999999999,1,13,99334.99999999996,-7.050622251333576
2024-02-07 02:22:00+00:00,19.99999999998181,long,is,,73.58500000000001,73.60499999999999,1,5,99354.99999999994,-7.031907925517176
2024-02-07 02:45:00+00:00,109.99999999999943,short,is,,73.625,73.515,1,16,99464.99999999994,-6.928979133526908
2024-02-07 03:17:00+00:00,-19.99999999999602,long,is,,73.485,73.465,1,15,99444.99999999994,-6.947693459343321
2024-02-07 03:34:00+00:00,-5.000000000009663,short,is,,73.485,73.49000000000001,1,13,99439.99999999994,-6.952372040797424
2024-02-07 03:46:00+00:00,0.0,short,is,,73.505,73.505,1,10,99439.99999999994,-6.952372040797424
2024-02-07 04:10:00+00:00,0.0,long,is,,73.485,73.485,1,15,99439.99999999994,-6.952372040797424
2024-02-07 04:25:00+00:00,-9.999999999990905,short,is,,73.495,73.505,1,11,99429.99999999994,-6.96172920370563
2024-02-07 04:43:00+00:00,-19.99999999999602,short,is,,73.525,73.545,1,4,99409.99999999994,-6.980443529522043
2024-02-07 05:06:00+00:00,-39.99999999999204,long,is,,73.505,73.465,1,16,99369.99999999996,-7.0178721811548535
2024-02-07 05:27:00+00:00,-20.000000000010232,long,is,,73.42500000000001,73.405,1,15,99349.99999999994,-7.036586506971281
2024-02-07 05:33:00+00:00,25.000000000005684,long,is,,73.38,73.405,1,2,99374.99999999996,-7.013193599700751
2024-02-07 05:39:00+00:00,10.000000000019327,long,is,,73.38499999999999,73.39500000000001,1,1,99384.99999999997,-7.003836436792531
2024-02-07 05:45:00+00:00,20.000000000010232,long,is,,73.375,73.39500000000001,1,3,99404.99999999999,-6.985122110976105
2024-02-07 05:51:00+00:00,20.000000000010232,short,is,,73.42500000000001,73.405,1,4,99424.99999999999,-6.966407785159692
2024-02-07 05:57:00+00:00,30.000000000001137,short,is,,73.445,73.41499999999999,1,3,99455.0,-6.93833629643506
2024-02-07 06:09:00+00:00,30.000000000001137,long,is,,73.375,73.405,1,5,99485.0,-6.910264807710442
2024-02-07 06:31:00+00:00,-20.000000000010232,long,is,,73.375,73.35499999999999,1,16,99464.99999999999,-6.928979133526868
2024-02-07 06:35:00+00:00,39.99999999999204,short,is,,73.405,73.36500000000001,1,2,99504.99999999997,-6.891550481894057
2024-02-07 06:48:00+00:00,9.999999999990905,short,is,,73.405,73.39500000000001,1,12,99514.99999999997,-6.88219331898585
2024-02-07 06:58:00+00:00,30.000000000001137,short,is,,73.445,73.41499999999999,1,5,99544.99999999997,-6.8541218302612315
2024-02-07 07:02:00+00:00,30.000000000001137,long,is,,73.38499999999999,73.41499999999999,1,2,99574.99999999997,-6.826050341536613
2024-02-07 07:13:00+00:00,-15.00000000001478,long,is,,73.36500000000001,73.35,1,9,99559.99999999996,-6.840086085898936
2024-02-07 07:30:00+00:00,9.999999999990905,short,is,,73.405,73.39500000000001,1,7,99569.99999999994,-6.830728922990743
2024-02-07 07:50:00+00:00,20.000000000010232,long,is,,73.255,73.275,1,11,99589.99999999996,-6.812014597174318
2024-02-07 08:20:00+00:00,-230.0000000000182,short,is,,73.32499999999999,73.555,1,22,99359.99999999994,-7.027229344063074
2024-02-07 08:32:00+00:00,40.00000000000625,long,is,,73.475,73.515,1,5,99399.99999999994,-6.98980069243025
2024-02-07 08:37:00+00:00,60.000000000002274,long,is,,73.455,73.515,1,3,99459.99999999994,-6.9336577149810115
2024-02-07 08:43:00+00:00,30.000000000001137,long,is,,73.445,73.475,1,5,99489.99999999994,-6.905586226256393
2024-02-07 08:58:00+00:00,-69.99999999999318,short,is,,73.595,73.66499999999999,1,13,99419.99999999996,-6.9710863666138225
2024-02-07 09:05:00+00:00,60.000000000002274,short,is,,73.755,73.695,1,1,99479.99999999996,-6.914943389164585
2024-02-07 09:22:00+00:00,-79.99999999998408,long,is,,73.63499999999999,73.555,1,16,99399.99999999997,-6.989800692430221
2024-02-07 09:39:00+00:00,-60.000000000002274,short,is,,73.735,73.795,1,13,99339.99999999997,-7.045943669879459
2024-02-07 09:53:00+00:00,49.99999999999716,long,is,,73.735,73.785,1,7,99389.99999999997,-6.999157855338428
2024-02-07 10:11:00+00:00,-90.00000000000341,short,is,,73.83500000000001,73.92500000000001,1,14,99299.99999999996,-7.0833723215122975
2024-02-07 10:48:00+00:00,-109.99999999998522,long,is,,73.88499999999999,73.775,1,25,99189.99999999997,-7.1863011135025525
2024-02-07 10:55:00+00:00,30.000000000001137,short,is,,73.795,73.765,1,3,99219.99999999999,-7.1582296247779205
2024-02-07 11:01:00+00:00,5.000000000009663,short,is,,73.795,73.78999999999999,1,4,99224.99999999999,-7.153551043323817
2024-02-07 11:16:00+00:00,90.00000000000341,long,is,,73.66499999999999,73.755,1,6,99314.99999999999,-7.0693365771499606
2024-02-07 11:31:00+00:00,49.99999999998295,short,is,,73.82499999999999,73.775,1,6,99364.99999999997,-7.022550762608944
2024-02-07 11:41:00+00:00,-140.00000000000057,short,is,,73.845,73.985,1,6,99224.99999999997,-7.15355104332383
2024-02-07 12:03:00+00:00,4.9999999999954525,long,is,,73.87,73.875,1,8,99229.99999999997,-7.148872461869728
2024-02-07 12:23:00+00:00,99.99999999999432,short,is,,73.975,73.875,1,5,99329.99999999997,-7.055300832787665
2024-02-07 12:46:00+00:00,20.000000000010232,short,is,,73.965,73.945,1,9,99349.99999999997,-7.036586506971252
2024-02-07 13:03:00+00:00,9.999999999990905,long,is,,73.83500000000001,73.845,1,14,99359.99999999997,-7.027229344063047
2024-02-07 13:20:00+00:00,20.000000000010232,short,is,,73.905,73.88499999999999,1,12,99379.99999999997,-7.0085150182466345
2024-02-07 13:47:00+00:00,-119.99999999999034,long,is,,73.85499999999999,73.735,1,16,99259.99999999999,-7.120800973145096
2024-02-07 14:06:00+00:00,-100.00000000000853,short,is,,73.795,73.89500000000001,1,13,99159.99999999997,-7.21437260222717
2024-02-07 14:31:00+00:00,49.99999999999716,long,is,,73.715,73.765,1,11,99209.99999999997,-7.167586787686139
2024-02-07 14:39:00+00:00,175.00000000001137,short,is,,73.93,73.755,1,4,99384.99999999999,-7.0038364367925166
2024-02-07 14:47:00+00:00,150.00000000000568,short,is,,73.905,73.755,1,5,99534.99999999999,-6.863478993169424
2024-02-07 15:05:00+00:00,-34.99999999999659,long,is,,73.66499999999999,73.63,1,17,99500.0,-6.896229063348132
2024-02-07 15:14:00+00:00,50.00000000001137,short,is,,73.64500000000001,73.595,1,2,99550.0,-6.849443248807101
2024-02-07 15:24:00+00:00,80.0000000000125,short,is,,73.715,73.63499999999999,1,6,99630.00000000001,-6.774585945541438
2024-02-07 15:35:00+00:00,109.99999999998522,short,is,,73.82,73.71000000000001,1,4,99740.0,-6.671657153551183
2024-02-07 15:39:00+00:00,299.99999999998295,short,is,,74.13499999999999,73.83500000000001,1,3,100039.99999999999,-6.390942266305011
2024-02-07 15:59:00+00:00,-125.0,long,is,,73.64,73.515,1,14,99914.99999999999,-6.507906802657589
2024-02-07 16:19:00+00:00,-90.00000000000341,short,is,,73.685,73.775,1,16,99824.99999999999,-6.592121268831444
2024-02-07 16:26:00+00:00,130.00000000000966,long,is,,73.57499999999999,73.705,1,5,99955.0,-6.47047815102475
2024-02-07 16:51:00+00:00,84.99999999997954,long,is,,73.61500000000001,73.69999999999999,1,4,100039.99999999997,-6.390942266305023
2024-02-07 16:54:00+00:00,60.000000000002274,long,is,,73.595,73.655,1,1,100099.99999999997,-6.334799288855788
2024-02-07 17:02:00+00:00,64.99999999999773,long,is,,73.555,73.62,1,2,100164.99999999997,-6.2739777299524455
2024-02-07 17:17:00+00:00,104.99999999998977,short,is,,73.72,73.61500000000001,1,7,100269.99999999996,-6.175727519416294
2024-02-07 17:39:00+00:00,25.000000000005684,short,is,,73.715,73.69,1,6,100294.99999999997,-6.152334612145765
2024-02-07 17:51:00+00:00,90.00000000000341,long,is,,73.565,73.655,1,1,100384.99999999997,-6.06812014597191
2024-02-07 18:07:00+00:00,40.00000000000625,short,is,,73.805,73.765,1,9,100424.99999999997,-6.030691494339084
2024-02-07 18:19:00+00:00,49.99999999998295,short,is,,73.88499999999999,73.83500000000001,1,3,100474.99999999996,-5.983905679798067
2024-02-07 18:24:00+00:00,55.00000000000682,short,is,,73.89500000000001,73.84,1,3,100529.99999999997,-5.93244128380292
2024-02-07 18:51:00+00:00,-100.00000000000853,long,is,,73.765,73.66499999999999,1,23,100429.99999999996,-6.026012912884995
2024-02-07 19:04:00+00:00,40.000000000020464,long,is,,73.57499999999999,73.61500000000001,1,2,100469.99999999999,-5.988584261252143
2024-02-07 19:26:00+00:00,-150.00000000000568,short,is,,73.66499999999999,73.815,1,19,100319.99999999997,-6.128941704875249
2024-02-07 19:42:00+00:00,49.99999999998295,long,is,,73.775,73.82499999999999,1,11,100369.99999999996,-6.082155890334232
2024-02-07 19:58:00+00:00,30.000000000001137,short,is,,73.86500000000001,73.83500000000001,1,8,100399.99999999996,-6.054084401609614
2024-02-07 20:31:00+00:00,-130.00000000000966,short,is,,73.88499999999999,74.015,1,25,100269.99999999994,-6.175727519416308
2024-02-07 20:51:00+00:00,-9.999999999990905,short,is,,74.055,74.065,1,13,100259.99999999996,-6.185084682324501
2024-02-07 21:02:00+00:00,50.00000000001137,short,is,,74.14500000000001,74.095,1,2,100309.99999999997,-6.138298867783456
2024-02-07 21:23:00+00:00,0.0,long,is,,74.065,74.065,1,18,100309.99999999997,-6.138298867783456
2024-02-07 21:26:00+00:00,20.000000000010232,short,is,,74.08500000000001,74.065,1,2,100329.99999999999,-6.11958454196703
2024-02-07 21:47:00+00:00,20.000000000010232,short,is,,74.08500000000001,74.065,1,11,100349.99999999999,-6.100870216150618
2024-02-07 21:56:00+00:00,19.99999999999602,long,is,,74.045,74.065,1,1,100369.99999999999,-6.082155890334205
2024-02-07 23:11:00+00:00,85.00000000000796,short,is,,74.08000000000001,73.995,1,21,100455.0,-6.002620005614438
2024-02-07 23:46:00+00:00,0.0,short,is,,74.005,74.005,1,11,100455.0,-6.002620005614438
2024-02-07 23:57:00+00:00,24.999999999991473,long,is,,73.96000000000001,73.985,1,9,100479.99999999999,-5.979227098343936
2024-02-08 00:13:00+00:00,15.000000000000568,short,is,,74.0,73.985,1,5,100494.99999999999,-5.965191353981628
2024-02-08 00:26:00+00:00,-14.999999999986358,long,is,,73.945,73.93,1,8,100480.0,-5.979227098343923
2024-02-08 00:41:00+00:00,49.99999999998295,short,is,,73.975,73.92500000000001,1,2,100529.99999999999,-5.9324412838029055
2024-02-08 01:09:00+00:00,25.000000000005684,short,is,,73.995,73.97,1,4,100554.99999999999,-5.9090483765323905
2024-02-08 01:38:00+00:00,-30.000000000001137,short,is,,74.025,74.055,1,27,100524.99999999999,-5.937119865257009
2024-02-08 01:58:00+00:00,-15.000000000000568,short,is,,74.095,74.11,1,9,100509.99999999999,-5.951155609619318
2024-02-08 02:09:00+00:00,30.000000000001137,long,is,,74.07499999999999,74.10499999999999,1,1,100539.99999999999,-5.923084120894699
2024-02-08 02:23:00+00:00,19.99999999998181,short,is,,74.13499999999999,74.11500000000001,1,8,100559.99999999997,-5.904369795078301
2024-02-08 02:52:00+00:00,-79.99999999998408,short,is,,74.14500000000001,74.225,1,23,100479.99999999999,-5.979227098343936
2024-02-08 03:19:00+00:00,-59.99999999998806,long,is,,74.205,74.14500000000001,1,21,100420.0,-6.0353700757931605
2024-02-08 03:30:00+00:00,30.000000000001137,short,is,,74.16499999999999,74.13499999999999,1,7,100450.0,-6.007298587068542
2024-02-08 03:46:00+00:00,9.999999999990905,long,is,,74.125,74.13499999999999,1,3,100459.99999999999,-5.997941424160349
2024-02-08 03:54:00+00:00,19.99999999998181,long,is,,74.11500000000001,74.13499999999999,1,4,100479.99999999997,-5.979227098343951
2024-02-08 04:09:00+00:00,9.999999999990905,short,is,,74.13499999999999,74.125,1,7,100489.99999999996,-5.969869935435758
2024-02-08 04:28:00+00:00,10.000000000019327,short,is,,74.14500000000001,74.13499999999999,1,12,100499.99999999999,-5.960512772527524
2024-02-08 04:39:00+00:00,9.999999999990905,short,is,,74.155,74.14500000000001,1,2,100509.99999999997,-5.951155609619332
2024-02-08 04:49:00+00:00,0.0,short,is,,74.155,74.155,1,8,100509.99999999997,-5.951155609619332
2024-02-08 05:25:00+00:00,-70.0000000000216,long,is,,74.14500000000001,74.07499999999999,1,27,100439.99999999996,-6.016655749976789
2024-02-08 05:33:00+00:00,15.00000000001478,long,is,,74.035,74.05000000000001,1,1,100454.99999999997,-6.002620005614466
2024-02-08 06:04:00+00:00,-80.0000000000125,short,is,,74.07499999999999,74.155,1,26,100374.99999999996,-6.077477308880129
2024-02-08 06:15:00+00:00,20.000000000010232,short,is,,74.215,74.195,1,9,100394.99999999996,-6.058762983063716
2024-02-08 06:25:00+00:00,19.99999999999602,short,is,,74.225,74.205,1,6,100414.99999999996,-6.040048657247304
2024-02-08 06:38:00+00:00,19.99999999999602,long,is,,74.185,74.205,1,4,100434.99999999996,-6.021334331430892
2024-02-08 06:43:00+00:00,19.99999999999602,short,is,,74.225,74.205,1,1,100454.99999999996,-6.002620005614479
2024-02-08 06:58:00+00:00,-10.000000000005116,short,is,,74.225,74.235,1,14,100444.99999999994,-6.0119771685227
2024-02-08 07:11:00+00:00,-20.000000000010232,long,is,,74.215,74.195,1,12,100424.99999999994,-6.030691494339112
2024-02-08 07:25:00+00:00,30.000000000001137,long,is,,74.155,74.185,1,7,100454.99999999994,-6.002620005614493
2024-02-08 07:41:00+00:00,-20.000000000010232,long,is,,74.14500000000001,74.125,1,10,100434.99999999993,-6.02133433143092
2024-02-08 07:52:00+00:00,30.000000000001137,short,is,,74.195,74.16499999999999,1,8,100464.99999999993,-5.993262842706301
2024-02-08 08:08:00+00:00,9.999999999990905,long,is,,74.095,74.10499999999999,1,11,100474.99999999991,-5.983905679798108
2024-02-08 08:17:00+00:00,79.9999999999983,long,is,,73.985,74.065,1,6,100554.99999999991,-5.909048376532458
2024-02-08 08:40:00+00:00,0.0,short,is,,74.095,74.095,1,12,100554.99999999991,-5.909048376532458
2024-02-08 08:48:00+00:00,80.0000000000125,long,is,,74.005,74.08500000000001,1,2,100634.99999999993,-5.834191073266794
2024-02-08 09:05:00+00:00,-54.9999999999784,long,is,,73.97999999999999,73.92500000000001,1,15,100579.99999999996,-5.885655469261901
2024-02-08 09:37:00+00:00,279.9999999999869,short,is,,73.955,73.67500000000001,1,26,100859.99999999994,-5.623654907832141
2024-02-08 10:48:00+00:00,-640.0000000000006,short,is,,73.705,74.345,1,58,100219.99999999994,-6.222513333957339
2024-02-08 11:06:00+00:00,-4.9999999999954525,short,is,,74.42500000000001,74.43,1,16,100214.99999999994,-6.227191915411442
2024-02-08 11:13:00+00:00,70.00000000000739,short,is,,74.525,74.455,1,6,100284.99999999994,-6.161691775053998
2024-02-08 12:02:00+00:00,-70.00000000000739,short,is,,74.515,74.58500000000001,1,26,100214.99999999994,-6.227191915411442
2024-02-08 12:34:00+00:00,110.00000000001364,long,is,,74.535,74.64500000000001,1,29,100324.99999999996,-6.12426312342116
2024-02-08 12:42:00+00:00,14.999999999986358,long,is,,74.61500000000001,74.63,1,5,100339.99999999994,-6.110227379058864
2024-02-08 13:07:00+00:00,-120.00000000000455,short,is,,74.725,74.845,1,19,100219.99999999994,-6.222513333957339
2024-02-08 13:26:00+00:00,-10.000000000005116,long,is,,74.805,74.795,1,8,100209.99999999993,-6.231870496865559
2024-02-08 13:37:00+00:00,49.99999999998295,short,is,,74.88499999999999,74.83500000000001,1,5,100259.99999999991,-6.185084682324542
2024-02-08 13:47:00+00:00,49.99999999999716,short,is,,74.955,74.905,1,4,100309.99999999991,-6.138298867783511
2024-02-08 14:03:00+00:00,-89.9999999999892,long,is,,74.85499999999999,74.765,1,11,100219.99999999993,-6.222513333957353
2024-02-08 14:23:00+00:00,-99.99999999999432,short,is,,74.875,74.975,1,10,100119.99999999993,-6.3160849630394145
2024-02-08 14:36:00+00:00,140.00000000001478,short,is,,75.275,75.13499999999999,1,4,100259.99999999994,-6.185084682324514
2024-02-08 15:18:00+00:00,-150.00000000000568,short,is,,75.285,75.435,1,25,100109.99999999994,-6.325442125947607
2024-02-08 15:34:00+00:00,70.00000000000739,short,is,,75.555,75.485,1,2,100179.99999999994,-6.259941985590165
2024-02-08 15:37:00+00:00,90.00000000000341,long,is,,75.345,75.435,1,1,100269.99999999994,-6.175727519416308
2024-02-08 15:47:00+00:00,-29.999999999986926,short,is,,75.545,75.57499999999999,1,9,100239.99999999996,-6.203799008140913
2024-02-08 16:03:00+00:00,40.000000000020464,long,is,,75.35499999999999,75.39500000000001,1,12,100279.99999999999,-6.166370356508061
2024-02-08 16:33:00+00:00,-199.99999999998863,short,is,,75.465,75.66499999999999,1,20,100080.0,-6.353513614672171
2024-02-08 17:08:00+00:00,-60.000000000002274,short,is,,75.815,75.875,1,17,100019.99999999999,-6.409656592121422
2024-02-08 17:17:00+00:00,70.00000000000739,short,is,,75.985,75.91499999999999,1,5,100090.0,-6.344156451763966
2024-02-08 17:25:00+00:00,50.00000000001137,long,is,,75.845,75.89500000000001,1,6,100140.00000000001,-6.297370637222921
2024-02-08 17:31:00+00:00,49.99999999998295,long,is,,75.83500000000001,75.88499999999999,1,2,100189.99999999999,-6.250584822681916
2024-02-08 17:50:00+00:00,-10.000000000005116,short,is,,75.955,75.965,1,10,100179.99999999999,-6.259941985590123
2024-02-08 18:06:00+00:00,30.000000000001137,short,is,,76.125,76.095,1,8,100209.99999999999,-6.231870496865505
2024-02-08 18:12:00+00:00,99.99999999999432,long,is,,75.995,76.095,1,2,100309.99999999999,-6.138298867783442
2024-02-08 18:18:00+00:00,79.99999999998408,long,is,,75.995,76.07499999999999,1,3,100389.99999999997,-6.063441564517806
2024-02-08 18:28:00+00:00,40.00000000000625,long,is,,75.985,76.025,1,7,100429.99999999997,-6.0260129128849815
2024-02-08 18:36:00+00:00,90.00000000000341,long,is,,75.91499999999999,76.005,1,3,100519.99999999997,-5.941798446711125
2024-02-08 18:41:00+00:00,60.000000000002274,short,is,,76.065,76.005,1,2,100579.99999999999,-5.8856554692618746
2024-02-08 18:54:00+00:00,-20.000000000010232,short,is,,76.065,76.08500000000001,1,8,100559.99999999997,-5.904369795078301
2024-02-08 19:19:00+00:00,49.99999999999716,short,is,,76.205,76.155,1,9,100609.99999999997,-5.85758398053727
2024-02-08 20:01:00+00:00,-159.9999999999966,short,is,,76.33500000000001,76.495,1,27,100449.99999999997,-6.0072985870685685
2024-02-08 20:17:00+00:00,10.000000000005116,long,is,,76.475,76.485,1,8,100459.99999999997,-5.997941424160363
2024-02-08 20:32:00+00:00,10.000000000005116,long,is,,76.445,76.455,1,6,100469.99999999999,-5.988584261252143
2024-02-08 20:40:00+00:00,19.99999999999602,long,is,,76.435,76.455,1,2,100489.99999999997,-5.969869935435744
2024-02-08 20:56:00+00:00,-4.9999999999954525,short,is,,76.475,76.47999999999999,1,12,100484.99999999999,-5.974548516889834
2024-02-08 21:16:00+00:00,10.000000000005116,short,is,,76.525,76.515,1,11,100494.99999999999,-5.965191353981628
2024-02-08 21:25:00+00:00,30.000000000001137,short,is,,76.565,76.535,1,6,100524.99999999999,-5.937119865257009
2024-02-08 21:43:00+00:00,19.99999999999602,long,is,,76.485,76.505,1,11,100544.99999999999,-5.918405539440596
2024-02-08 21:51:00+00:00,44.999999999987494,short,is,,76.53999999999999,76.495,1,3,100589.99999999997,-5.876298306353682
2024-02-08 23:08:00+00:00,-34.99999999999659,long,is,,76.455,76.42,1,18,100554.99999999997,-5.909048376532403
2024-02-09 00:01:00+00:00,45.000000000015916,long,is,,76.38,76.42500000000001,1,33,100599.99999999999,-5.866941143445462
2024-02-09 00:13:00+00:00,34.99999999999659,long,is,,76.39500000000001,76.43,1,9,100634.99999999999,-5.83419107326674
2024-02-09 00:23:00+00:00,44.999999999987494,short,is,,76.475,76.43,1,4,100679.99999999997,-5.792083840179826
2024-02-09 00:40:00+00:00,19.99999999999602,long,is,,76.42,76.44,1,3,100699.99999999997,-5.773369514363413
2024-02-09 00:48:00+00:00,15.00000000001478,short,is,,76.465,76.44999999999999,1,7,100714.99999999999,-5.75933377000109
2024-02-09 01:01:00+00:00,15.00000000001478,long,is,,76.38,76.39500000000001,1,11,100730.0,-5.745298025638768
2024-02-09 01:33:00+00:00,50.00000000001137,long,is,,76.32499999999999,76.375,1,3,100780.00000000001,-5.698512211097722
2024-02-09 01:42:00+00:00,25.000000000005684,long,is,,76.28999999999999,76.315,1,3,100805.00000000001,-5.675119303827207
2024-02-09 02:33:00+00:00,-175.00000000001137,long,is,,76.245,76.07,1,37,100630.0,-5.838869654720829
2024-02-09 02:59:00+00:00,-35.0000000000108,short,is,,76.11,76.14500000000001,1,21,100595.0,-5.871619724899552
2024-02-09 03:07:00+00:00,39.99999999999204,short,is,,76.215,76.17500000000001,1,4,100634.99999999999,-5.83419107326674
2024-02-09 03:31:00+00:00,-40.00000000000625,short,is,,76.225,76.265,1,18,100594.99999999999,-5.871619724899565
2024-02-09 03:39:00+00:00,10.000000000005116,long,is,,76.255,76.265,1,3,100604.99999999999,-5.862262561991359
2024-02-09 03:51:00+00:00,10.000000000005116,long,is,,76.235,76.245,1,6,100614.99999999999,-5.852905399083152
2024-02-09 03:57:00+00:00,20.000000000010232,long,is,,76.19999999999999,76.22,1,3,100635.0,-5.834191073266727
2024-02-09 04:08:00+00:00,49.99999999999716,short,is,,76.315,76.265,1,9,100685.0,-5.787405258725696
2024-02-09 04:28:00+00:00,20.000000000010232,long,is,,76.195,76.215,1,13,100705.0,-5.7686909329092835
2024-02-09 04:53:00+00:00,-30.000000000001137,long,is,,76.155,76.125,1,17,100675.0,-5.796762421633902
2024-02-09 05:14:00+00:00,5.000000000009663,long,is,,76.07499999999999,76.08,1,12,100680.00000000001,-5.792083840179785
2024-02-09 05:30:00+00:00,15.000000000000568,short,is,,76.095,76.08,1,6,100695.00000000001,-5.778048095817476
2024-02-09 05:39:00+00:00,-25.000000000005684,short,is,,76.13,76.155,1,8,100670.00000000001,-5.801441003087991
2024-02-09 06:18:00+00:00,-20.000000000010232,short,is,,76.13499999999999,76.155,1,16,100650.0,-5.820155328904417
2024-02-09 06:32:00+00:00,40.000000000020464,long,is,,76.13499999999999,76.17500000000001,1,4,100690.00000000001,-5.782726677271579
2024-02-09 06:36:00+00:00,19.99999999999602,short,is,,76.205,76.185,1,2,100710.00000000001,-5.764012351455166
2024-02-09 06:56:00+00:00,0.0,short,is,,76.205,76.205,1,5,100710.00000000001,-5.764012351455166
2024-02-09 07:04:00+00:00,19.99999999999602,short,is,,76.225,76.205,1,3,100730.00000000001,-5.745298025638753
2024-02-09 07:10:00+00:00,19.99999999999602,short,is,,76.225,76.205,1,1,100750.00000000001,-5.726583699822341
2024-02-09 07:13:00+00:00,30.000000000001137,long,is,,76.18,76.21000000000001,1,2,100780.00000000001,-5.698512211097722
2024-02-09 07:30:00+00:00,0.0,short,is,,76.225,76.225,1,14,100780.00000000001,-5.698512211097722
2024-02-09 07:34:00+00:00,70.00000000000739,long,is,,76.13499999999999,76.205,1,1,100850.00000000001,-5.633012070740279
2024-02-09 07:36:00+00:00,50.00000000001137,short,is,,76.275,76.225,1,1,100900.00000000003,-5.586226256199234
2024-02-09 07:47:00+00:00,39.99999999999204,long,is,,76.155,76.195,1,9,100940.00000000001,-5.548797604566423
2024-02-09 07:59:00+00:00,54.99999999999261,short,is,,76.25999999999999,76.205,1,1,100995.00000000001,-5.497333208571289
2024-02-09 08:03:00+00:00,69.99999999999318,short,is,,76.285,76.215,1,2,101065.0,-5.43183306821386
2024-02-09 08:10:00+00:00,30.000000000001137,short,is,,76.275,76.245,1,1,101095.00000000001,-5.403761579489227
2024-02-09 08:28:00+00:00,-79.9999999999983,short,is,,76.295,76.375,1,15,101015.00000000001,-5.478618882754876
2024-02-09 08:35:00+00:00,99.99999999999432,short,is,,76.505,76.405,1,4,101115.0,-5.385047253672829
2024-02-09 08:43:00+00:00,99.99999999999432,long,is,,76.345,76.445,1,3,101215.0,-5.291475624590766
2024-02-09 08:50:00+00:00,75.00000000000284,short,is,,76.545,76.47,1,6,101290.0,-5.221296902779219
2024-02-09 09:17:00+00:00,69.99999999999318,long,is,,76.375,76.445,1,8,101360.0,-5.155796762421776
2024-02-09 09:31:00+00:00,70.00000000000739,long,is,,76.295,76.36500000000001,1,8,101430.0,-5.090296622064332
2024-02-09 09:40:00+00:00,150.00000000000568,short,is,,76.525,76.375,1,4,101580.0,-4.949939178441239
2024-02-09 09:57:00+00:00,60.000000000002274,short,is,,76.595,76.535,1,7,101640.00000000001,-4.8937962009919875
2024-02-09 10:14:00+00:00,29.999999999986926,long,is,,76.42500000000001,76.455,1,6,101670.0,-4.865724712267383
2024-02-09 10:26:00+00:00,50.00000000001137,long,is,,76.315,76.36500000000001,1,6,101720.00000000001,-4.818938897726338
2024-02-09 10:39:00+00:00,39.99999999999204,long,is,,76.275,76.315,1,2,101760.0,-4.781510246093528
2024-02-09 10:50:00+00:00,5.000000000009663,short,is,,76.36500000000001,76.36,1,10,101765.00000000001,-4.776831664639411
2024-02-09 11:02:00+00:00,69.99999999999318,short,is,,76.435,76.36500000000001,1,3,101835.0,-4.71133152428198
2024-02-09 11:16:00+00:00,15.00000000001478,long,is,,76.285,76.30000000000001,1,6,101850.00000000001,-4.697295779919657
2024-02-09 11:33:00+00:00,60.000000000002274,short,is,,76.38499999999999,76.32499999999999,1,11,101910.00000000001,-4.641152802470421
2024-02-09 11:37:00+00:00,90.00000000000341,long,is,,76.245,76.33500000000001,1,2,102000.00000000003,-4.556938336296551
2024-02-09 11:58:00+00:00,-9.999999999990905,long,is,,76.255,76.245,1,14,101990.00000000003,-4.566295499204757
2024-02-09 12:19:00+00:00,40.00000000000625,short,is,,76.295,76.255,1,4,102030.00000000004,-4.528866847571918
2024-02-09 12:27:00+00:00,90.00000000000341,long,is,,76.13499999999999,76.225,1,6,102120.00000000004,-4.444652381398062
2024-02-09 12:50:00+00:00,19.99999999998181,long,is,,76.11500000000001,76.13499999999999,1,6,102140.00000000003,-4.425938055581664
2024-02-09 13:06:00+00:00,-69.99999999999318,long,is,,76.07499999999999,76.005,1,14,102070.00000000003,-4.491438195939107
2024-02-09 13:15:00+00:00,69.99999999999318,short,is,,76.095,76.025,1,5,102140.00000000003,-4.425938055581664
2024-02-09 13:38:00+00:00,-4.9999999999954525,short,is,,76.12,76.125,1,9,102135.00000000003,-4.430616637035767
2024-02-09 13:48:00+00:00,89.9999999999892,long,is,,76.045,76.13499999999999,1,4,102225.00000000001,-4.346402170861925
2024-02-09 14:03:00+00:00,-140.00000000000057,short,is,,76.235,76.375,1,11,102085.00000000001,-4.477402451576811
2024-02-09 14:33:00+00:00,-260.0000000000193,short,is,,76.63499999999999,76.89500000000001,1,21,101825.0,-4.7206886871901865
2024-02-09 14:53:00+00:00,-99.99999999999432,short,is,,76.995,77.095,1,18,101725.0,-4.814260316272248
2024-02-09 15:01:00+00:00,90.00000000000341,long,is,,77.07499999999999,77.16499999999999,1,3,101815.0,-4.730045850098393
2024-02-09 15:28:00+00:00,-200.00000000000284,long,is,,76.995,76.795,1,11,101615.0,-4.917189108262518
2024-02-09 15:37:00+00:00,110.00000000001364,long,is,,76.60499999999999,76.715,1,3,101725.00000000001,-4.814260316272236
2024-02-09 15:49:00+00:00,49.99999999998295,long,is,,76.555,76.60499999999999,1,6,101775.0,-4.7674745017312175
2024-02-09 16:05:00+00:00,-19.99999999999602,long,is,,76.475,76.455,1,15,101755.0,-4.78618882754763
2024-02-09 16:19:00+00:00,219.99999999999886,short,is,,76.64500000000001,76.42500000000001,1,9,101975.0,-4.580331243567094
2024-02-09 16:40:00+00:00,99.99999999999432,long,is,,76.185,76.285,1,8,102075.0,-4.486759614485032
2024-02-09 17:06:00+00:00,-260.0000000000051,short,is,,76.455,76.715,1,22,101814.99999999999,-4.730045850098406
2024-02-09 17:26:00+00:00,60.000000000002274,long,is,,76.66499999999999,76.725,1,8,101875.0,-4.673902872649156
2024-02-09 17:29:00+00:00,49.99999999999716,long,is,,76.655,76.705,1,1,101924.99999999999,-4.627117058108138
2024-02-09 17:35:00+00:00,59.99999999998806,long,is,,76.64500000000001,76.705,1,1,101984.99999999999,-4.5709740806589005
2024-02-09 17:49:00+00:00,9.999999999990905,long,is,,76.625,76.63499999999999,1,12,101994.99999999997,-4.561616917750708
2024-02-09 18:10:00+00:00,24.999999999991473,short,is,,76.705,76.68,1,15,102019.99999999996,-4.538224010480206
2024-02-09 18:23:00+00:00,50.00000000001137,long,is,,76.595,76.64500000000001,1,4,102069.99999999997,-4.491438195939161
2024-02-09 18:45:00+00:00,50.00000000001137,short,is,,76.685,76.63499999999999,1,1,102119.99999999999,-4.444652381398117
2024-02-09 18:55:00+00:00,40.000000000020464,short,is,,76.67500000000001,76.63499999999999,1,5,102160.0,-4.4072237297652785
2024-02-09 19:07:00+00:00,19.99999999998181,short,is,,76.695,76.67500000000001,1,9,102179.99999999999,-4.38850940394888
2024-02-09 19:35:00+00:00,-79.9999999999983,short,is,,76.735,76.815,1,27,102099.99999999999,-4.463366707214529
2024-02-09 20:12:00+00:00,-150.00000000000568,long,is,,76.725,76.57499999999999,1,31,101949.99999999999,-4.603724150837622
2024-02-09 20:26:00+00:00,19.99999999999602,long,is,,76.545,76.565,1,9,101969.99999999999,-4.58500982502121
2024-02-09 20:54:00+00:00,-20.000000000010232,long,is,,76.525,76.505,1,19,101949.99999999997,-4.603724150837636
2024-02-09 21:02:00+00:00,19.99999999999602,short,is,,76.565,76.545,1,6,101969.99999999997,-4.585009825021224
2024-02-09 21:39:00+00:00,20.000000000010232,short,is,,76.555,76.535,1,17,101989.99999999997,-4.566295499204812
2024-02-09 21:51:00+00:00,15.00000000001478,short,is,,76.55000000000001,76.535,1,1,102004.99999999999,-4.552259754842488
2024-02-11 23:07:00+00:00,245.00000000000455,short,is,,76.555,76.31,1,25,102250.0,-4.323009263591422
2024-02-11 23:37:00+00:00,-79.9999999999983,short,is,,76.375,76.455,1,16,102170.0,-4.397866566857072
2024-02-11 23:54:00+00:00,19.99999999998181,long,is,,76.42500000000001,76.445,1,7,102189.99999999999,-4.379152241040673
2024-02-12 00:00:00+00:00,39.99999999999204,short,is,,76.475,76.435,1,4,102229.99999999997,-4.341723589407862
2024-02-12 00:17:00+00:00,34.99999999999659,short,is,,76.505,76.47,1,4,102264.99999999997,-4.3089735192291405
2024-02-12 00:31:00+00:00,45.000000000015916,long,is,,76.445,76.49000000000001,1,6,102309.99999999999,-4.266866286142198
2024-02-12 00:57:00+00:00,10.000000000005116,long,is,,76.455,76.465,1,12,102319.99999999999,-4.2575091232339926
2024-02-12 01:04:00+00:00,20.000000000010232,long,is,,76.405,76.42500000000001,1,3,102340.0,-4.238794797417567
2024-02-12 01:32:00+00:00,0.0,long,is,,76.38499999999999,76.38499999999999,1,12,102340.0,-4.238794797417567
2024-02-12 01:40:00+00:00,20.000000000010232,short,is,,76.405,76.38499999999999,1,5,102360.00000000001,-4.220080471601141
2024-02-12 01:49:00+00:00,20.000000000010232,short,is,,76.405,76.38499999999999,1,4,102380.00000000001,-4.2013661457847284
2024-02-12 01:58:00+00:00,34.99999999999659,short,is,,76.43,76.39500000000001,1,6,102415.00000000001,-4.168616075606006
2024-02-12 02:04:00+00:00,19.99999999998181,short,is,,76.445,76.42500000000001,1,2,102435.0,-4.149901749789607
2024-02-12 02:21:00+00:00,19.99999999999602,short,is,,76.475,76.455,1,6,102454.99999999999,-4.131187423973208
2024-02-12 02:36:00+00:00,29.999999999986926,long,is,,76.42500000000001,76.455,1,6,102484.99999999999,-4.1031159352485895
2024-02-12 02:54:00+00:00,5.000000000009663,long,is,,76.42,76.42500000000001,1,3,102489.99999999999,-4.098437353794487
2024-02-12 03:02:00+00:00,9.999999999990905,short,is,,76.435,76.42500000000001,1,2,102499.99999999999,-4.089080190886281
2024-02-12 03:22:00+00:00,9.999999999990905,long,is,,76.375,76.38499999999999,1,7,102509.99999999997,-4.079723027978089
2024-02-12 04:31:00+00:00,-129.99999999999545,short,is,,76.375,76.505,1,45,102379.99999999997,-4.201366145784769
2024-02-12 04:49:00+00:00,-20.000000000010232,long,is,,76.495,76.475,1,9,102359.99999999997,-4.2200804716011815
2024-02-12 05:32:00+00:00,125.0,long,is,,76.44999999999999,76.57499999999999,1,26,102484.99999999997,-4.103115935248604
2024-02-12 06:12:00+00:00,-30.000000000001137,long,is,,76.565,76.535,1,20,102454.99999999997,-4.131187423973222
2024-02-12 06:22:00+00:00,29.999999999986926,short,is,,76.57499999999999,76.545,1,7,102484.99999999996,-4.103115935248617
2024-02-12 06:33:00+00:00,9.999999999990905,short,is,,76.57499999999999,76.565,1,1,102494.99999999994,-4.093758772340425
2024-02-12 06:45:00+00:00,19.99999999999602,long,is,,76.545,76.565,1,4,102514.99999999994,-4.0750444465240125
2024-02-12 06:56:00+00:00,25.000000000005684,long,is,,76.535,76.56,1,4,102539.99999999994,-4.051651539253497
2024-02-12 07:03:00+00:00,9.999999999990905,short,is,,76.595,76.58500000000001,1,6,102549.99999999993,-4.042294376345304
2024-02-12 07:27:00+00:00,-15.000000000000568,long,is,,76.53,76.515,1,15,102534.99999999993,-4.056330120707613
2024-02-12 07:38:00+00:00,14.999999999986358,long,is,,76.495,76.50999999999999,1,1,102549.99999999991,-4.042294376345318
2024-02-12 07:58:00+00:00,44.999999999987494,long,is,,76.49000000000001,76.535,1,13,102594.99999999991,-4.0001871432583895
2024-02-12 08:16:00+00:00,-180.00000000000682,long,is,,76.405,76.225,1,15,102414.9999999999,-4.168616075606115
2024-02-12 08:55:00+00:00,174.99999999998295,long,is,,76.14500000000001,76.32,1,33,102589.99999999988,-4.00486572471252
2024-02-12 09:00:00+00:00,30.000000000001137,short,is,,76.375,76.345,1,3,102619.99999999988,-3.9767942359879016
2024-02-12 09:08:00+00:00,9.999999999990905,short,is,,76.41499999999999,76.405,1,7,102629.99999999987,-3.967437073079709
2024-02-12 09:22:00+00:00,40.000000000020464,long,is,,76.32499999999999,76.36500000000001,1,9,102669.9999999999,-3.930008421446857
2024-02-12 09:43:00+00:00,-19.99999999999602,short,is,,76.465,76.485,1,11,102649.9999999999,-3.948722747263269
2024-02-12 10:30:00+00:00,-269.9999999999818,long,is,,76.41499999999999,76.14500000000001,1,29,102379.99999999991,-4.2013661457848235
2024-02-12 10:57:00+00:00,39.99999999999204,long,is,,76.065,76.10499999999999,1,8,102419.99999999991,-4.163937494151999
2024-02-12 11:15:00+00:00,-70.00000000000739,short,is,,76.16499999999999,76.235,1,17,102349.9999999999,-4.2294376345094555
2024-02-12 11:29:00+00:00,-24.999999999991473,long,is,,76.16499999999999,76.14,1,12,102324.99999999991,-4.252830541779957
2024-02-12 11:40:00+00:00,39.99999999999204,short,is,,76.155,76.11500000000001,1,4,102364.9999999999,-4.215401890147146
2024-02-12 11:45:00+00:00,0.0,long,is,,76.005,76.005,1,4,102364.9999999999,-4.215401890147146
2024-02-12 12:06:00+00:00,50.00000000001137,long,is,,75.875,75.92500000000001,1,3,102414.99999999991,-4.168616075606101
2024-02-12 12:11:00+00:00,64.99999999999773,short,is,,75.97,75.905,1,2,102479.99999999991,-4.107794516702761
2024-02-12 12:19:00+00:00,50.00000000001137,short,is,,76.0,75.94999999999999,1,3,102529.99999999993,-4.0610087021617165
2024-02-12 12:28:00+00:00,39.99999999999204,short,is,,76.005,75.965,1,1,102569.99999999991,-4.0235800505289046
2024-02-12 12:37:00+00:00,19.99999999999602,long,is,,75.935,75.955,1,6,102589.99999999991,-4.004865724712492
2024-02-12 12:41:00+00:00,49.99999999999716,short,is,,76.015,75.965,1,2,102639.99999999991,-3.9580799101714614
2024-02-12 13:03:00+00:00,99.99999999999432,long,is,,75.92500000000001,76.025,1,21,102739.9999999999,-3.8645082810894134
2024-02-12 13:18:00+00:00,89.9999999999892,short,is,,76.205,76.11500000000001,1,2,102829.9999999999,-3.780293814915557
2024-02-12 13:29:00+00:00,34.99999999999659,long,is,,76.065,76.1,1,5,102864.99999999988,-3.747543744736849
2024-02-12 13:37:00+00:00,60.000000000002274,long,is,,76.035,76.095,1,1,102924.9999999999,-3.691400767287598
2024-02-12 13:45:00+00:00,80.0000000000125,short,is,,76.17500000000001,76.095,1,3,103004.9999999999,-3.6165434640219485
2024-02-12 14:00:00+00:00,-79.99999999998408,long,is,,75.945,75.86500000000001,1,5,102924.99999999991,-3.6914007672875844
2024-02-12 14:30:00+00:00,-189.99999999999773,short,is,,76.275,76.465,1,27,102734.99999999993,-3.869186862543489
2024-02-12 14:47:00+00:00,-120.00000000000455,short,is,,76.695,76.815,1,15,102614.99999999991,-3.981472817441977
2024-02-12 15:09:00+00:00,180.00000000000682,long,is,,76.66499999999999,76.845,1,14,102794.99999999993,-3.813043885094251
2024-02-12 15:30:00+00:00,49.99999999998295,long,is,,76.83500000000001,76.88499999999999,1,3,102844.99999999991,-3.766258070553234
2024-02-12 15:46:00+00:00,69.99999999999318,long,is,,76.805,76.875,1,2,102914.9999999999,-3.7007579301958042
2024-02-12 16:05:00+00:00,-159.9999999999966,long,is,,76.805,76.64500000000001,1,15,102754.9999999999,-3.8504725367271035
2024-02-12 16:26:00+00:00,-49.99999999999716,short,is,,76.765,76.815,1,14,102704.99999999991,-3.8972583512681216
2024-02-12 16:49:00+00:00,-69.99999999999318,long,is,,76.695,76.625,1,17,102634.99999999991,-3.9627584916255647
2024-02-12 16:57:00+00:00,80.0000000000125,short,is,,76.715,76.63499999999999,1,6,102714.99999999993,-3.8879011883599013
2024-02-12 17:08:00+00:00,49.99999999999716,short,is,,76.765,76.715,1,8,102764.99999999993,-3.84111537381887
2024-02-12 17:21:00+00:00,34.99999999999659,long,is,,76.655,76.69,1,9,102799.99999999991,-3.808365303640162
2024-02-12 17:25:00+00:00,75.00000000001705,short,is,,76.80000000000001,76.725,1,3,102874.99999999994,-3.738186581828588
2024-02-12 17:31:00+00:00,70.00000000000739,short,is,,76.805,76.735,1,3,102944.99999999994,-3.672686441471145
2024-02-12 17:52:00+00:00,30.000000000001137,short,is,,76.815,76.785,1,7,102974.99999999994,-3.6446149527465264
2024-02-12 18:01:00+00:00,40.00000000000625,short,is,,76.83500000000001,76.795,1,3,103014.99999999996,-3.6071863011136878
2024-02-12 18:13:00+00:00,30.000000000001137,long,is,,76.775,76.805,1,9,103044.99999999996,-3.579114812389069
2024-02-12 18:34:00+00:00,19.99999999999602,long,is,,76.745,76.765,1,8,103064.99999999994,-3.56040048657267
2024-02-12 18:48:00+00:00,30.000000000001137,short,is,,76.795,76.765,1,1,103094.99999999994,-3.5323289978480514
2024-02-12 18:59:00+00:00,-129.99999999999545,long,is,,76.745,76.61500000000001,1,9,102964.99999999996,-3.653972115654719
2024-02-12 19:19:00+00:00,39.99999999999204,short,is,,76.715,76.67500000000001,1,7,103004.99999999994,-3.6165434640219076
2024-02-12 19:31:00+00:00,245.00000000000455,long,is,,76.62,76.86500000000001,1,11,103249.99999999996,-3.3872929727708416
2024-02-12 19:55:00+00:00,9.999999999990905,short,is,,76.905,76.89500000000001,1,2,103259.99999999994,-3.3779358098626493
2024-02-12 20:02:00+00:00,40.000000000020464,short,is,,76.92500000000001,76.88499999999999,1,2,103299.99999999996,-3.3405071582298107
2024-02-12 20:22:00+00:00,0.0,short,is,,76.945,76.945,1,13,103299.99999999996,-3.3405071582298107
2024-02-12 20:49:00+00:00,-60.000000000002274,short,is,,76.995,77.055,1,20,103239.99999999996,-3.3966501356790477
2024-02-12 21:44:00+00:00,-100.00000000000853,long,is,,77.045,76.945,1,46,103139.99999999996,-3.4902217647611096
2024-02-12 22:45:00+00:00,20.000000000010232,short,is,,76.965,76.945,1,8,103159.99999999996,-3.4715074389446974
2024-02-12 22:58:00+00:00,-189.99999999999773,short,is,,77.005,77.195,1,3,102969.99999999996,-3.649293534200616
2024-02-12 23:01:00+00:00,-64.99999999999773,short,is,,76.95,77.015,1,2,102904.99999999997,-3.7101150931039424
2024-02-12 23:29:00+00:00,19.99999999998181,long,is,,76.92500000000001,76.945,1,9,102924.99999999994,-3.6914007672875573
2024-02-12 23:38:00+00:00,19.99999999998181,short,is,,76.945,76.92500000000001,1,4,102944.99999999993,-3.6726864414711584
2024-02-13 00:01:00+00:00,-10.000000000005116,short,is,,76.945,76.955,1,9,102934.99999999993,-3.6820436043793645
2024-02-13 00:27:00+00:00,10.000000000019327,long,is,,76.91499999999999,76.92500000000001,1,10,102944.99999999994,-3.672686441471145
2024-02-13 00:37:00+00:00,19.99999999999602,short,is,,76.955,76.935,1,8,102964.99999999994,-3.653972115654732
2024-02-13 01:01:00+00:00,15.00000000001478,long,is,,76.91499999999999,76.93,1,15,102979.99999999996,-3.6399363712924093
2024-02-13 01:21:00+00:00,9.999999999990905,long,is,,76.92500000000001,76.935,1,2,102989.99999999994,-3.6305792083842165
2024-02-13 01:49:00+00:00,-40.00000000000625,short,is,,76.955,76.995,1,20,102949.99999999994,-3.668007860017042
2024-02-13 01:54:00+00:00,20.000000000010232,short,is,,77.025,77.005,1,1,102969.99999999994,-3.6492935342006296
2024-02-13 02:01:00+00:00,10.000000000005116,short,is,,77.025,77.015,1,4,102979.99999999996,-3.6399363712924093
2024-02-13 02:16:00+00:00,19.99999999999602,long,is,,76.965,76.985,1,10,102999.99999999996,-3.6212220454759967
2024-02-13 02:51:00+00:00,-30.000000000001137,short,is,,77.015,77.045,1,12,102969.99999999994,-3.6492935342006296
2024-02-13 03:19:00+00:00,39.99999999999204,short,is,,77.07499999999999,77.035,1,15,103009.99999999994,-3.6118648825678044
2024-02-13 03:41:00+00:00,10.000000000005116,long,is,,77.015,77.025,1,5,103019.99999999994,-3.602507719659598
2024-02-13 03:53:00+00:00,25.000000000005684,short,is,,77.055,77.03,1,7,103044.99999999996,-3.579114812389069
2024-02-13 04:10:00+00:00,30.000000000001137,long,is,,76.995,77.025,1,8,103074.99999999996,-3.5510433236644503
2024-02-13 04:28:00+00:00,10.000000000005116,long,is,,77.015,77.025,1,3,103084.99999999996,-3.5416861607562438
2024-02-13 05:10:00+00:00,30.000000000001137,long,is,,77.005,77.035,1,20,103114.99999999996,-3.513614672031625
2024-02-13 05:36:00+00:00,-30.000000000001137,short,is,,77.055,77.08500000000001,1,16,103084.99999999996,-3.5416861607562438
2024-02-13 05:57:00+00:00,0.0,long,is,,77.065,77.065,1,14,103084.99999999996,-3.5416861607562438
2024-02-13 06:03:00+00:00,9.999999999990905,long,is,,77.055,77.065,1,5,103094.99999999994,-3.5323289978480514
2024-02-13 06:12:00+00:00,30.000000000001137,short,is,,77.125,77.095,1,6,103124.99999999996,-3.5042575091234194
2024-02-13 06:28:00+00:00,0.0,short,is,,77.14500000000001,77.14500000000001,1,12,103124.99999999996,-3.5042575091234194
2024-02-13 06:47:00+00:00,-30.000000000001137,short,is,,77.185,77.215,1,16,103094.99999999994,-3.5323289978480514
2024-02-13 07:10:00+00:00,5.000000000009663,short,is,,77.295,77.28999999999999,1,11,103099.99999999996,-3.527650416393935
2024-02-13 07:52:00+00:00,-90.00000000000341,long,is,,77.255,77.16499999999999,1,19,103009.99999999996,-3.6118648825677906
2024-02-13 08:07:00+00:00,14.999999999986358,short,is,,77.19,77.17500000000001,1,5,103024.99999999994,-3.5978291382054954
2024-02-13 08:30:00+00:00,30.000000000001137,long,is,,77.11500000000001,77.14500000000001,1,8,103054.99999999994,-3.5697576494808767
2024-02-13 08:46:00+00:00,75.00000000000284,short,is,,77.235,77.16,1,12,103129.99999999994,-3.49957892766933
2024-02-13 09:08:00+00:00,-120.00000000000455,long,is,,77.095,76.975,1,18,103009.99999999994,-3.6118648825678044
2024-02-13 09:44:00+00:00,-420.0000000000017,short,is,,77.125,77.545,1,31,102589.99999999994,-4.004865724712466
2024-02-13 10:04:00+00:00,49.99999999998295,short,is,,77.63499999999999,77.58500000000001,1,10,102639.99999999993,-3.9580799101714477
2024-02-13 10:11:00+00:00,39.99999999999204,short,is,,77.655,77.61500000000001,1,4,102679.99999999991,-3.920651258538637
2024-02-13 10:29:00+00:00,-60.000000000002274,short,is,,77.715,77.775,1,14,102619.99999999991,-3.9767942359878736
2024-02-13 10:41:00+00:00,49.99999999999716,long,is,,77.705,77.755,1,4,102669.99999999991,-3.9300084214468427
2024-02-13 10:49:00+00:00,30.000000000001137,long,is,,77.705,77.735,1,3,102699.99999999991,-3.901936932722224
2024-02-13 11:05:00+00:00,234.99999999999943,short,is,,77.795,77.56,1,15,102934.99999999991,-3.682043604379378
2024-02-13 11:19:00+00:00,40.00000000000625,long,is,,77.445,77.485,1,5,102974.99999999991,-3.6446149527465534
2024-02-13 11:37:00+00:00,39.99999999999204,short,is,,77.565,77.525,1,10,103014.99999999991,-3.607186301113728
2024-02-13 11:49:00+00:00,40.00000000000625,long,is,,77.41499999999999,77.455,1,5,103054.99999999991,-3.569757649480904
2024-02-13 12:06:00+00:00,30.000000000001137,short,is,,77.505,77.475,1,3,103084.99999999991,-3.5416861607562846
2024-02-13 12:13:00+00:00,19.99999999999602,short,is,,77.515,77.495,1,3,103104.99999999991,-3.5229718349398724
2024-02-13 12:34:00+00:00,-30.000000000001137,long,is,,77.41499999999999,77.38499999999999,1,13,103074.99999999991,-3.551043323664491
2024-02-13 12:51:00+00:00,30.000000000001137,short,is,,77.445,77.41499999999999,1,11,103104.99999999991,-3.5229718349398724
2024-02-13 13:03:00+00:00,90.00000000000341,short,is,,77.525,77.435,1,2,103194.99999999991,-3.4387573687660162
2024-02-13 13:34:00+00:00,-149.99999999999147,short,is,,77.515,77.66499999999999,1,22,103044.99999999993,-3.579114812389096
2024-02-13 13:52:00+00:00,-269.999999999996,long,is,,77.505,77.235,1,14,102774.99999999993,-3.8317582109106643
2024-02-13 14:13:00+00:00,-125.0,short,is,,77.41499999999999,77.53999999999999,1,12,102649.99999999993,-3.948722747263242
2024-02-13 14:28:00+00:00,94.99999999999886,long,is,,77.44,77.535,1,3,102744.99999999993,-3.8598296996352826
2024-02-13 14:35:00+00:00,50.00000000001137,short,is,,77.61500000000001,77.565,1,5,102794.99999999994,-3.8130438850942383
2024-02-13 14:49:00+00:00,-84.99999999999375,long,is,,77.445,77.36,1,11,102709.99999999994,-3.8925797698139912
2024-02-13 15:11:00+00:00,69.99999999999318,short,is,,77.405,77.33500000000001,1,2,102779.99999999994,-3.8270796294565472
2024-02-13 15:13:00+00:00,110.00000000001364,short,is,,77.42500000000001,77.315,1,1,102889.99999999996,-3.7241508374662655
2024-02-13 15:21:00+00:00,99.99999999999432,long,is,,77.125,77.225,1,7,102989.99999999994,-3.6305792083842165
2024-02-13 15:35:00+00:00,110.00000000001364,long,is,,77.005,77.11500000000001,1,3,103099.99999999996,-3.527650416393935
2024-02-13 15:42:00+00:00,99.99999999999432,short,is,,77.225,77.125,1,2,103199.99999999996,-3.434078787311873
2024-02-13 16:17:00+00:00,-510.0000000000051,short,is,,77.255,77.765,1,29,102689.99999999994,-3.9112940956304034
2024-02-13 16:37:00+00:00,99.99999999999432,short,is,,78.07499999999999,77.975,1,5,102789.99999999994,-3.8177224665483416
2024-02-13 16:54:00+00:00,60.000000000002274,long,is,,77.88499999999999,77.945,1,11,102849.99999999994,-3.7615794890991037
2024-02-13 17:07:00+00:00,30.000000000001137,long,is,,77.85499999999999,77.88499999999999,1,7,102879.99999999994,-3.733508000374485
2024-02-13 17:30:00+00:00,-104.99999999998977,short,is,,77.97,78.07499999999999,1,20,102774.99999999996,-3.8317582109106367
2024-02-13 17:36:00+00:00,20.000000000010232,short,is,,78.11500000000001,78.095,1,3,102794.99999999997,-3.813043885094211
2024-02-13 17:54:00+00:00,-159.9999999999966,short,is,,78.16499999999999,78.32499999999999,1,15,102634.99999999997,-3.96275849162551
2024-02-13 18:16:00+00:00,-50.00000000001137,long,is,,78.125,78.07499999999999,1,18,102584.99999999996,-4.009544306166555
2024-02-13 18:27:00+00:00,50.00000000001137,short,is,,78.155,78.10499999999999,1,7,102634.99999999997,-3.96275849162551
2024-02-13 18:52:00+00:00,109.99999999999943,long,is,,78.045,78.155,1,7,102744.99999999997,-3.859829699635242
2024-02-13 19:05:00+00:00,-24.999999999977263,long,is,,78.07499999999999,78.05000000000001,1,9,102719.99999999999,-3.883222606905744
2024-02-13 19:53:00+00:00,370.00000000000455,short,is,,78.125,77.755,1,40,103090.0,-3.5370075793021005
2024-02-13 20:11:00+00:00,49.99999999998295,long,is,,77.67500000000001,77.725,1,7,103139.99999999999,-3.4902217647610825
2024-02-13 20:28:00+00:00,20.000000000010232,long,is,,77.655,77.67500000000001,1,13,103159.99999999999,-3.4715074389446703
2024-02-13 20:49:00+00:00,-45.000000000001705,short,is,,77.69,77.735,1,15,103114.99999999999,-3.513614672031598
2024-02-13 21:01:00+00:00,19.99999999998181,short,is,,77.78999999999999,77.77000000000001,1,5,103134.99999999997,-3.4949003462151995
2024-02-13 21:40:00+00:00,129.99999999999545,long,is,,77.745,77.875,1,11,103264.99999999997,-3.373257228408519
2024-02-13 22:54:00+00:00,25.000000000005684,long,is,,77.815,77.84,1,9,103289.99999999997,-3.3498643211380035
2024-02-13 23:02:00+00:00,79.9999999999983,long,is,,77.705,77.785,1,1,103369.99999999997,-3.2750070178723534
2024-02-13 23:41:00+00:00,80.0000000000125,short,is,,77.83500000000001,77.755,1,35,103449.99999999999,-3.20014971460669
2024-02-14 00:06:00+00:00,60.000000000002274,short,is,,77.795,77.735,1,7,103509.99999999999,-3.1440067371574525
2024-02-14 00:25:00+00:00,39.99999999999204,short,is,,77.785,77.745,1,3,103549.99999999997,-3.1065780855246414
2024-02-14 00:44:00+00:00,-10.000000000005116,long,is,,77.715,77.705,1,11,103539.99999999997,-3.1159352484328475
2024-02-14 01:00:00+00:00,25.000000000005684,short,is,,77.725,77.69999999999999,1,5,103564.99999999997,-3.092542341162332
2024-02-14 01:15:00+00:00,-25.000000000005684,long,is,,77.65,77.625,1,14,103539.99999999997,-3.1159352484328475
2024-02-14 01:28:00+00:00,9.999999999990905,long,is,,77.565,77.57499999999999,1,8,103549.99999999996,-3.1065780855246548
2024-02-14 01:57:00+00:00,-30.000000000001137,short,is,,77.61500000000001,77.64500000000001,1,17,103519.99999999996,-3.1346495742492735
2024-02-14 02:28:00+00:00,120.00000000000455,short,is,,77.685,77.565,1,27,103639.99999999997,-3.0223636193507852
2024-02-14 02:55:00+00:00,-99.99999999999432,short,is,,77.595,77.695,1,24,103539.99999999997,-3.1159352484328475
2024-02-14 03:00:00+00:00,19.99999999999602,short,is,,77.725,77.705,1,3,103559.99999999997,-3.0972209226164353
2024-02-14 03:11:00+00:00,10.000000000005116,short,is,,77.745,77.735,1,8,103569.99999999997,-3.0878637597082292
2024-02-14 03:28:00+00:00,-70.00000000000739,short,is,,77.765,77.83500000000001,1,16,103499.99999999997,-3.153363900065673
2024-02-14 03:50:00+00:00,24.999999999991473,long,is,,77.83,77.85499999999999,1,8,103524.99999999996,-3.12997099279517
2024-02-14 04:03:00+00:00,9.999999999990905,short,is,,77.85499999999999,77.845,1,2,103534.99999999994,-3.120613829886978
2024-02-14 04:15:00+00:00,0.0,short,is,,77.85499999999999,77.85499999999999,1,8,103534.99999999994,-3.120613829886978
2024-02-14 04:26:00+00:00,9.999999999990905,long,is,,77.845,77.85499999999999,1,1,103544.99999999994,-3.111256666978772
2024-02-14 04:41:00+00:00,9.999999999990905,long,is,,77.83500000000001,77.845,1,9,103554.99999999993,-3.101899504070579
2024-02-14 04:56:00+00:00,10.000000000019327,short,is,,77.86500000000001,77.85499999999999,1,13,103564.99999999994,-3.092542341162359
2024-02-14 05:23:00+00:00,25.000000000005684,short,is,,77.88,77.85499999999999,1,18,103589.99999999996,-3.06914943389183
2024-02-14 05:37:00+00:00,19.99999999998181,short,is,,77.88499999999999,77.86500000000001,1,4,103609.99999999994,-3.050435108075431
2024-02-14 06:02:00+00:00,-20.000000000010232,long,is,,77.83500000000001,77.815,1,22,103589.99999999993,-3.0691494338918575
2024-02-14 06:15:00+00:00,10.000000000019327,short,is,,77.83500000000001,77.82499999999999,1,7,103599.99999999994,-3.059792270983637
2024-02-14 06:38:00+00:00,70.00000000000739,short,is,,77.86500000000001,77.795,1,19,103669.99999999996,-2.9942921306261807
2024-02-14 06:47:00+00:00,30.000000000001137,long,is,,77.755,77.785,1,4,103699.99999999996,-2.9662206419015615
2024-02-14 06:57:00+00:00,20.000000000010232,short,is,,77.805,77.785,1,2,103719.99999999997,-2.9475063160851356
2024-02-14 07:06:00+00:00,39.99999999999204,long,is,,77.715,77.755,1,6,103759.99999999996,-2.910077664452324
2024-02-14 07:45:00+00:00,-210.00000000000796,short,is,,77.845,78.055,1,31,103549.99999999994,-3.1065780855246685
2024-02-14 08:06:00+00:00,-35.0000000000108,long,is,,77.99000000000001,77.955,1,12,103514.99999999994,-3.13932815570339
2024-02-14 08:20:00+00:00,70.00000000000739,short,is,,78.015,77.945,1,5,103584.99999999994,-3.0738280153459465
2024-02-14 08:31:00+00:00,49.99999999999716,short,is,,78.065,78.015,1,3,103634.99999999994,-3.0270422008049156
2024-02-14 08:51:00+00:00,-19.99999999998181,long,is,,77.91499999999999,77.89500000000001,1,16,103614.99999999996,-3.0457565266213145
2024-02-14 08:59:00+00:00,-10.000000000019327,long,is,,77.83500000000001,77.82499999999999,1,5,103604.99999999994,-3.0551136895295343
2024-02-14 09:09:00+00:00,69.99999999999318,long,is,,77.755,77.82499999999999,1,3,103674.99999999993,-2.9896135491721045
2024-02-14 09:16:00+00:00,75.00000000000284,long,is,,77.705,77.78,1,3,103749.99999999994,-2.9194348273605444
2024-02-14 09:21:00+00:00,80.0000000000125,short,is,,77.905,77.82499999999999,1,4,103829.99999999994,-2.8445775240948943
2024-02-14 09:46:00+00:00,80.0000000000125,short,is,,77.89500000000001,77.815,1,5,103909.99999999996,-2.7697202208292313
2024-02-14 10:10:00+00:00,30.000000000001137,short,is,,77.92500000000001,77.89500000000001,1,8,103939.99999999996,-2.741648732104612
2024-02-14 10:29:00+00:00,-9.999999999990905,short,is,,77.965,77.975,1,11,103929.99999999997,-2.751005895012805
2024-02-14 10:45:00+00:00,40.00000000000625,long,is,,77.91499999999999,77.955,1,9,103969.99999999997,-2.71357724337998
2024-02-14 11:10:00+00:00,-29.999999999986926,short,is,,78.045,78.07499999999999,1,20,103939.99999999999,-2.7416487321045855
2024-02-14 11:22:00+00:00,30.000000000001137,short,is,,78.14500000000001,78.11500000000001,1,5,103969.99999999999,-2.7135772433799668
2024-02-14 11:45:00+00:00,-219.99999999999886,long,is,,78.015,77.795,1,20,103750.0,-2.9194348273604898
2024-02-14 12:27:00+00:00,-219.99999999999886,short,is,,77.805,78.025,1,31,103530.0,-3.125292411341027
2024-02-14 12:46:00+00:00,-20.000000000010232,long,is,,77.995,77.975,1,13,103509.99999999999,-3.1440067371574525
2024-02-14 12:59:00+00:00,60.000000000002274,long,is,,77.85499999999999,77.91499999999999,1,4,103569.99999999999,-3.087863759708215
2024-02-14 13:12:00+00:00,60.000000000002274,long,is,,77.86500000000001,77.92500000000001,1,4,103629.99999999999,-3.031720782258978
2024-02-14 13:48:00+00:00,-280.00000000000114,short,is,,77.975,78.255,1,35,103349.99999999999,-3.293721343688752
2024-02-14 13:51:00+00:00,69.99999999999318,long,is,,78.17500000000001,78.245,1,1,103419.99999999999,-3.2282212033313087
2024-02-14 14:06:00+00:00,150.00000000000568,long,is,,78.195,78.345,1,10,103569.99999999999,-3.087863759708215
2024-02-14 14:17:00+00:00,160.0000000000108,long,is,,78.10499999999999,78.265,1,6,103730.0,-2.938149153176902
2024-02-14 14:49:00+00:00,-210.00000000000796,short,is,,78.38499999999999,78.595,1,16,103519.99999999999,-3.1346495742492464
2024-02-14 15:51:00+00:00,-1100.0000000000086,long,is,,78.555,77.455,1,53,102419.99999999999,-4.163937494151931
2024-02-14 16:05:00+00:00,69.99999999999318,short,is,,77.725,77.655,1,11,102489.99999999997,-4.098437353794501
2024-02-14 16:14:00+00:00,84.99999999999375,short,is,,77.945,77.86,1,1,102574.99999999997,-4.0189014690747475
2024-02-14 16:39:00+00:00,-120.00000000000455,long,is,,77.67500000000001,77.555,1,15,102454.99999999996,-4.131187423973236
2024-02-14 16:53:00+00:00,59.99999999998806,short,is,,77.735,77.67500000000001,1,10,102514.99999999996,-4.075044446523998
2024-02-14 17:12:00+00:00,-269.999999999996,long,is,,77.505,77.235,1,14,102244.99999999996,-4.327687845045566
2024-02-14 17:45:00+00:00,450.00000000001705,short,is,,77.36500000000001,76.91499999999999,1,23,102694.99999999997,-3.906615514176273
2024-02-14 18:00:00+00:00,84.99999999999375,short,is,,76.985,76.9,1,8,102779.99999999997,-3.82707962945652
2024-02-14 18:19:00+00:00,40.00000000000625,short,is,,77.025,76.985,1,10,102819.99999999997,-3.7896509778236958
2024-02-14 18:34:00+00:00,20.000000000010232,long,is,,76.945,76.965,1,8,102839.99999999999,-3.7709366520072694
2024-02-14 18:38:00+00:00,94.99999999999886,short,is,,77.065,76.97,1,2,102934.99999999999,-3.68204360437931
2024-02-14 18:45:00+00:00,49.99999999999716,short,is,,77.045,76.995,1,6,102984.99999999997,-3.6352577898382927
2024-02-14 18:58:00+00:00,55.00000000000682,short,is,,77.08500000000001,77.03,1,5,103039.99999999999,-3.5837933938431448
2024-02-14 19:44:00+00:00,480.0000000000182,short,is,,77.14500000000001,76.66499999999999,1,39,103520.0,-3.1346495742492326
2024-02-14 20:18:00+00:00,-99.99999999999432,long,is,,76.57499999999999,76.475,1,31,103420.00000000001,-3.2282212033312816
2024-02-14 20:34:00+00:00,30.000000000001137,short,is,,76.515,76.485,1,8,103450.00000000001,-3.200149714606663
2024-02-14 20:58:00+00:00,-59.99999999998806,short,is,,76.545,76.60499999999999,1,20,103390.00000000003,-3.2562926920558866
2024-02-14 21:10:00+00:00,34.99999999999659,long,is,,76.6,76.63499999999999,1,6,103425.00000000001,-3.2235426218771783
2024-02-14 21:19:00+00:00,14.999999999986358,long,is,,76.59,76.60499999999999,1,5,103440.0,-3.2095068775148823
2024-02-14 21:53:00+00:00,-19.99999999998181,long,is,,76.57499999999999,76.555,1,22,103420.00000000003,-3.228221203331268
2024-02-14 21:58:00+00:00,4.9999999999954525,short,is,,76.555,76.55000000000001,1,1,103425.00000000001,-3.2235426218771783
2024-02-14 23:01:00+00:00,54.99999999999261,short,is,,76.6,76.545,1,6,103480.00000000001,-3.172078225882044
2024-02-14 23:26:00+00:00,19.99999999999602,long,is,,76.515,76.535,1,1,103500.0,-3.153363900065645
2024-02-14 23:35:00+00:00,10.000000000005116,long,is,,76.515,76.525,1,4,103510.00000000001,-3.1440067371574254
2024-02-14 23:55:00+00:00,5.000000000009663,long,is,,76.50999999999999,76.515,1,3,103515.00000000001,-3.139328155703322
2024-02-14 23:57:00+00:00,0.0,long,is,,76.515,76.515,1,1,103515.00000000001,-3.139328155703322
2024-02-15 00:26:00+00:00,90.00000000000341,short,is,,76.53999999999999,76.44999999999999,1,28,103605.00000000003,-3.0551136895294526
2024-02-15 00:34:00+00:00,19.99999999998181,long,is,,76.42500000000001,76.445,1,1,103625.0,-3.0363993637130675
2024-02-15 00:45:00+00:00,10.000000000005116,short,is,,76.455,76.445,1,9,103635.00000000001,-3.0270422008048476
2024-02-15 01:11:00+00:00,-85.00000000000796,long,is,,76.42500000000001,76.34,1,10,103550.0,-3.1065780855246143
2024-02-15 01:22:00+00:00,25.000000000005684,long,is,,76.25999999999999,76.285,1,7,103575.00000000001,-3.0831851782540847
2024-02-15 01:41:00+00:00,24.999999999991473,long,is,,76.265,76.28999999999999,1,3,103600.0,-3.059792270983583
2024-02-15 02:12:00+00:00,54.99999999999261,short,is,,76.32,76.265,1,22,103655.0,-3.008327874988449
2024-02-15 02:24:00+00:00,9.999999999990905,short,is,,76.28999999999999,76.28,1,8,103664.99999999999,-2.9989707120802565
2024-02-15 02:51:00+00:00,4.9999999999954525,short,is,,76.32,76.315,1,11,103669.99999999999,-2.994292130626153
2024-02-15 02:56:00+00:00,4.9999999999954525,short,is,,76.35,76.345,1,4,103674.99999999997,-2.9896135491720637
2024-02-15 03:16:00+00:00,-39.99999999999204,long,is,,76.32,76.28,1,10,103634.99999999999,-3.0270422008048747
2024-02-15 03:30:00+00:00,34.99999999999659,long,is,,76.22,76.255,1,7,103669.99999999999,-2.994292130626153
2024-02-15 04:17:00+00:00,-25.000000000005684,long,is,,76.22,76.195,1,36,103644.99999999997,-3.017685037896682
2024-02-15 04:34:00+00:00,14.999999999986358,long,is,,76.185,76.19999999999999,1,3,103659.99999999996,-3.003649293534387
2024-02-15 04:44:00+00:00,25.000000000005684,short,is,,76.24000000000001,76.215,1,6,103684.99999999997,-2.980256386263857
2024-02-15 05:06:00+00:00,20.000000000010232,long,is,,76.19,76.21000000000001,1,8,103704.99999999997,-2.961542060447445
2024-02-15 05:24:00+00:00,-50.00000000001137,short,is,,76.22999999999999,76.28,1,15,103654.99999999997,-3.008327874988476
2024-02-15 06:05:00+00:00,-20.000000000010232,long,is,,76.275,76.255,1,17,103634.99999999996,-3.0270422008049023
2024-02-15 06:25:00+00:00,-9.999999999990905,short,is,,76.275,76.285,1,8,103624.99999999996,-3.0363993637131084
2024-02-15 06:53:00+00:00,-50.00000000001137,short,is,,76.32499999999999,76.375,1,18,103574.99999999996,-3.0831851782541393
2024-02-15 07:12:00+00:00,0.0,long,is,,76.31,76.31,1,10,103574.99999999996,-3.0831851782541393
2024-02-15 07:27:00+00:00,14.999999999986358,short,is,,76.41,76.39500000000001,1,10,103589.99999999994,-3.0691494338918437
2024-02-15 08:07:00+00:00,-280.00000000000114,long,is,,76.38,76.1,1,27,103309.99999999994,-3.331149995321618
2024-02-15 09:08:00+00:00,445.0000000000074,long,is,,76.03999999999999,76.485,1,43,103754.99999999994,-2.914756245906441
2024-02-15 09:19:00+00:00,60.000000000002274,short,is,,76.595,76.535,1,5,103814.99999999994,-2.8586132684572036
2024-02-15 09:32:00+00:00,90.00000000000341,long,is,,76.47999999999999,76.57,1,6,103904.99999999994,-2.774398802283348
2024-02-15 09:36:00+00:00,54.99999999999261,long,is,,76.485,76.53999999999999,1,2,103959.99999999994,-2.7229344062882137
2024-02-15 09:50:00+00:00,99.99999999999432,long,is,,76.41,76.50999999999999,1,3,104059.99999999994,-2.6293627772061514
2024-02-15 10:09:00+00:00,-190.00000000001194,long,is,,76.42,76.22999999999999,1,16,103869.99999999993,-2.8071488724620832
2024-02-15 10:24:00+00:00,30.000000000001137,long,is,,76.13,76.16,1,6,103899.99999999993,-2.7790773837374645
2024-02-15 10:44:00+00:00,144.9999999999818,short,is,,76.22999999999999,76.08500000000001,1,19,104044.99999999991,-2.643398521568488
2024-02-15 10:52:00+00:00,30.000000000001137,long,is,,76.03,76.06,1,1,104074.99999999991,-2.615327032843869
2024-02-15 10:59:00+00:00,100.00000000000853,short,is,,76.17,76.07,1,2,104174.99999999991,-2.5217554037618073
2024-02-15 11:09:00+00:00,69.99999999999318,long,is,,75.97,76.03999999999999,1,8,104244.99999999991,-2.4562552634043633
2024-02-15 11:40:00+00:00,-115.0000000000091,long,is,,75.96000000000001,75.845,1,15,104129.9999999999,-2.5638626368487487
2024-02-15 12:05:00+00:00,-85.00000000000796,short,is,,75.94,76.025,1,19,104044.9999999999,-2.6433985215685016
2024-02-15 12:19:00+00:00,109.99999999998522,long,is,,75.96000000000001,76.07,1,5,104154.99999999988,-2.540469729578247
2024-02-15 12:33:00+00:00,50.00000000001137,short,is,,76.09,76.03999999999999,1,4,104204.99999999988,-2.4936839150372156
2024-02-15 13:21:00+00:00,-384.9999999999909,short,is,,76.09,76.475,1,47,103819.9999999999,-2.8539346870031417
2024-02-15 13:37:00+00:00,34.99999999999659,short,is,,76.535,76.5,1,5,103854.9999999999,-2.8211846168244197
2024-02-15 13:51:00+00:00,34.99999999999659,long,is,,76.405,76.44,1,9,103889.99999999988,-2.788434546645712
2024-02-15 14:15:00+00:00,-284.9999999999966,short,is,,76.625,76.91,1,16,103604.9999999999,-3.055113689529575
2024-02-15 14:45:00+00:00,0.0,short,is,,77.00999999999999,77.00999999999999,1,9,103604.9999999999,-3.055113689529575
2024-02-15 14:52:00+00:00,145.00000000001023,short,is,,77.28,77.13499999999999,1,5,103749.9999999999,-2.9194348273605852
2024-02-15 15:01:00+00:00,185.00000000000227,long,is,,76.97,77.155,1,3,103934.99999999991,-2.7463273135587567
2024-02-15 15:16:00+00:00,64.99999999999773,short,is,,77.34,77.275,1,9,103999.9999999999,-2.6855057546554297
2024-02-15 15:44:00+00:00,-254.99999999999545,short,is,,77.465,77.72,1,21,103744.99999999991,-2.9241134088146747
2024-02-15 16:00:00+00:00,120.00000000000455,long,is,,77.60499999999999,77.725,1,6,103864.99999999991,-2.8118274539162
2024-02-15 16:34:00+00:00,-30.000000000001137,short,is,,77.83500000000001,77.86500000000001,1,32,103834.99999999991,-2.8398989426408185
2024-02-15 17:04:00+00:00,-325.00000000001705,short,is,,77.975,78.30000000000001,1,27,103509.9999999999,-3.144006737157534
2024-02-15 17:11:00+00:00,75.00000000000284,long,is,,78.265,78.34,1,2,103584.9999999999,-3.073828015345988
2024-02-15 17:24:00+00:00,-40.00000000000625,long,is,,78.235,78.195,1,11,103544.9999999999,-3.1112566669788126
2024-02-15 17:34:00+00:00,104.99999999998977,short,is,,78.32,78.215,1,2,103649.99999999988,-3.013006456442661
2024-02-15 17:53:00+00:00,4.9999999999954525,long,is,,78.12,78.125,1,14,103654.99999999988,-3.008327874988558
2024-02-15 18:10:00+00:00,45.000000000015916,long,is,,78.07499999999999,78.12,1,2,103699.9999999999,-2.966220641901616
2024-02-15 18:30:00+00:00,135.00000000001933,short,is,,78.21000000000001,78.07499999999999,1,17,103834.99999999991,-2.8398989426408185
2024-02-15 19:00:00+00:00,44.999999999987494,short,is,,78.10499999999999,78.06,1,5,103879.9999999999,-2.797791709553904
2024-02-15 19:08:00+00:00,9.999999999990905,short,is,,78.10499999999999,78.095,1,6,103889.99999999988,-2.788434546645712
2024-02-15 19:18:00+00:00,49.99999999998295,long,is,,78.025,78.07499999999999,1,7,103939.99999999987,-2.7416487321046943
2024-02-15 19:27:00+00:00,75.00000000000284,long,is,,77.955,78.03,1,1,104014.99999999988,-2.6714700102931337
2024-02-15 19:35:00+00:00,69.99999999999318,long,is,,77.965,78.035,1,2,104084.99999999987,-2.605969869935704
2024-02-15 19:52:00+00:00,-50.00000000001137,short,is,,78.07499999999999,78.125,1,14,104034.99999999985,-2.6527556844767486
2024-02-15 20:03:00+00:00,-4.9999999999954525,short,oos,,78.215,78.22,1,7,104029.99999999987,-2.657434265930838
2024-02-15 20:28:00+00:00,50.00000000001137,short,oos,,78.30000000000001,78.25,1,16,104079.99999999987,-2.610648451389807
2024-02-15 21:00:00+00:00,-5.000000000009663,long,oos,,78.17500000000001,78.17,1,20,104074.99999999987,-2.61532703284391
2024-02-15 21:08:00+00:00,9.999999999990905,long,oos,,78.15,78.16,1,1,104084.99999999985,-2.6059698699357177
2024-02-15 21:30:00+00:00,14.999999999986358,short,oos,,78.19999999999999,78.185,1,7,104099.99999999984,-2.591934125573422
2024-02-15 22:55:00+00:00,-70.00000000000739,long,oos,,78.17,78.1,1,25,104029.99999999984,-2.657434265930865
2024-02-15 23:01:00+00:00,125.0,long,oos,,77.965,78.09,1,4,104154.99999999984,-2.540469729578288
2024-02-15 23:54:00+00:00,10.000000000005116,short,oos,,78.17,78.16,1,13,104164.99999999984,-2.5311125666700818
2024-02-16 00:20:00+00:00,-24.999999999991473,long,oos,,78.14,78.11500000000001,1,19,104139.99999999985,-2.5545054739405835
2024-02-16 01:09:00+00:00,-79.9999999999983,long,oos,,78.06,77.98,1,9,104059.99999999985,-2.629362777206233
2024-02-16 01:31:00+00:00,0.0,short,oos,,78.025,78.025,1,8,104059.99999999985,-2.629362777206233
2024-02-16 01:45:00+00:00,30.000000000001137,long,oos,,78.0,78.03,1,1,104089.99999999985,-2.601291288481615
2024-02-16 02:03:00+00:00,5.000000000009663,short,oos,,78.045,78.03999999999999,1,10,104094.99999999985,-2.5966127070275116
2024-02-16 03:04:00+00:00,-49.99999999999716,short,oos,,78.09,78.14,1,29,104044.99999999987,-2.6433985215685287
2024-02-16 03:58:00+00:00,-94.99999999999886,long,oos,,78.12,78.025,1,30,103949.99999999987,-2.732291569196488
2024-02-16 04:13:00+00:00,40.00000000000625,short,oos,,78.08,78.03999999999999,1,1,103989.99999999987,-2.6948629175636634
2024-02-16 04:43:00+00:00,-9.999999999990905,short,oos,,78.065,78.07499999999999,1,6,103979.99999999988,-2.7042200804718557
2024-02-16 05:07:00+00:00,-30.000000000001137,short,oos,,78.07499999999999,78.10499999999999,1,17,103949.99999999988,-2.7322915691964744
2024-02-16 05:31:00+00:00,55.00000000000682,short,oos,,78.14,78.085,1,16,104004.99999999988,-2.6808271732013402
2024-02-16 05:44:00+00:00,0.0,short,oos,,78.115,78.115,1,2,104004.99999999988,-2.6808271732013402
2024-02-16 06:01:00+00:00,-24.999999999991473,short,oos,,78.12,78.145,1,9,103979.9999999999,-2.704220080471842
2024-02-16 06:30:00+00:00,4.9999999999954525,long,oos,,78.12,78.125,1,10,103984.99999999988,-2.6995414990177524
2024-02-16 06:45:00+00:00,49.99999999999716,long,oos,,78.06,78.11,1,9,104034.99999999988,-2.6527556844767215
2024-02-16 06:59:00+00:00,19.99999999999602,short,oos,,78.135,78.11500000000001,1,2,104054.99999999988,-2.634041358660309
2024-02-16 07:10:00+00:00,79.9999999999983,short,oos,,78.175,78.095,1,6,104134.99999999988,-2.5591840553946597
2024-02-16 07:36:00+00:00,30.000000000001137,long,oos,,77.99000000000001,78.02000000000001,1,12,104164.99999999988,-2.531112566670041
2024-02-16 07:45:00+00:00,9.999999999990905,short,oos,,78.04499999999999,78.035,1,3,104174.99999999987,-2.521755403761848
2024-02-16 07:55:00+00:00,30.000000000001137,long,oos,,78.00999999999999,78.03999999999999,1,9,104204.99999999987,-2.4936839150372294
2024-02-16 08:00:00+00:00,49.99999999999716,short,oos,,78.11,78.06,1,1,104254.99999999987,-2.4468981004961985
2024-02-16 08:02:00+00:00,25.000000000005684,long,oos,,77.995,78.02000000000001,1,1,104279.99999999988,-2.4235051932256693
2024-02-16 08:06:00+00:00,60.000000000002274,long,oos,,77.96000000000001,78.02000000000001,1,3,104339.99999999988,-2.367362215776432
2024-02-16 08:29:00+00:00,54.99999999999261,long,oos,,77.95,78.005,1,8,104394.99999999987,-2.3158978197813114
2024-02-16 09:04:00+00:00,-144.99999999999602,long,oos,,77.89,77.745,1,29,104249.99999999988,-2.4515766819502876
2024-02-16 09:57:00+00:00,-355.000000000004,long,oos,,77.665,77.31,1,44,103894.99999999987,-2.783755965191622
2024-02-16 10:11:00+00:00,74.99999999998863,short,oos,,77.44,77.36500000000001,1,8,103969.99999999985,-2.713577243380089
2024-02-16 10:35:00+00:00,34.99999999999659,long,oos,,77.27000000000001,77.305,1,4,104004.99999999985,-2.6808271732013673
2024-02-16 10:51:00+00:00,35.0000000000108,short,oos,,77.4,77.365,1,15,104039.99999999987,-2.648077103022632
2024-02-16 11:09:00+00:00,-9.999999999990905,long,oos,,77.345,77.33500000000001,1,8,104029.99999999988,-2.6574342659308243
2024-02-16 11:44:00+00:00,10.000000000005116,short,oos,,77.4,77.39,1,20,104039.99999999988,-2.6480771030226182
2024-02-16 11:55:00+00:00,139.99999999998636,long,oos,,77.24000000000001,77.38,1,7,104179.99999999987,-2.517076822307745
2024-02-16 12:09:00+00:00,30.000000000001137,short,oos,,77.47,77.44,1,11,104209.99999999987,-2.4890053335831266
2024-02-16 12:18:00+00:00,60.000000000002274,short,oos,,77.61,77.55,1,6,104269.99999999987,-2.432862356133889
2024-02-16 12:38:00+00:00,24.999999999991473,long,oos,,77.465,77.49,1,6,104294.99999999987,-2.409469448863373
2024-02-16 12:52:00+00:00,-24.999999999991473,long,oos,,77.445,77.42,1,12,104269.99999999987,-2.432862356133889
2024-02-16 12:58:00+00:00,45.000000000001705,short,oos,,77.495,77.45,1,2,104314.99999999987,-2.390755123046961
2024-02-16 13:06:00+00:00,30.000000000001137,short,oos,,77.5,77.47,1,7,104344.99999999987,-2.3626836343223423
2024-02-16 13:13:00+00:00,75.00000000000284,short,oos,,77.58,77.505,1,1,104419.99999999988,-2.292504912510782
2024-02-16 13:27:00+00:00,-175.00000000001137,short,oos,,77.66499999999999,77.84,1,12,104244.99999999987,-2.4562552634044046
2024-02-16 14:17:00+00:00,-570.0000000000074,short,oos,,78.005,78.575,1,35,103674.99999999985,-2.9896135491721725
2024-02-16 14:24:00+00:00,145.00000000001023,short,oos,,78.81,78.66499999999999,1,3,103819.99999999987,-2.8539346870031688
2024-02-16 14:32:00+00:00,150.00000000000568,long,oos,,78.5,78.65,1,5,103969.99999999987,-2.7135772433800756
2024-02-16 14:36:00+00:00,125.0,short,oos,,78.805,78.68,1,2,104094.99999999987,-2.596612707027498
2024-02-16 14:44:00+00:00,159.9999999999966,long,oos,,78.46000000000001,78.62,1,5,104254.99999999987,-2.4468981004961985
2024-02-16 14:58:00+00:00,-90.00000000000341,long,oos,,78.32,78.22999999999999,1,8,104164.99999999987,-2.5311125666700542
2024-02-16 15:18:00+00:00,109.99999999999943,short,oos,,78.515,78.405,1,10,104274.99999999987,-2.428183774679786
2024-02-16 15:37:00+00:00,-109.99999999998522,long,oos,,78.16999999999999,78.06,1,17,104164.99999999988,-2.531112566670041
2024-02-16 15:54:00+00:00,50.00000000001137,short,oos,,78.18,78.13,1,10,104214.9999999999,-2.484326752128996
2024-02-16 16:15:00+00:00,130.00000000000966,long,oos,,78.085,78.215,1,11,104344.9999999999,-2.3626836343223148
2024-02-16 16:31:00+00:00,-15.000000000000568,short,oos,,78.365,78.38,1,12,104329.9999999999,-2.376719378684624
2024-02-16 16:51:00+00:00,15.000000000000568,short,oos,,78.515,78.5,1,13,104344.9999999999,-2.3626836343223148
2024-02-16 17:19:00+00:00,-180.00000000000682,short,oos,,78.615,78.795,1,22,104164.9999999999,-2.531112566670027
2024-02-16 17:44:00+00:00,-15.000000000000568,short,oos,,79.065,79.08,1,12,104149.9999999999,-2.545148311032336
2024-02-16 18:12:00+00:00,-229.99999999998977,long,oos,,78.94999999999999,78.72,1,22,103919.99999999991,-2.760363057921066
2024-02-16 18:38:00+00:00,-5.000000000009663,short,oos,,78.78999999999999,78.795,1,7,103914.9999999999,-2.765041639375182
2024-02-16 18:52:00+00:00,0.0,short,oos,,78.915,78.915,1,9,103914.9999999999,-2.765041639375182
2024-02-16 19:02:00+00:00,235.00000000001364,long,oos,,78.72999999999999,78.965,1,8,104149.99999999991,-2.5451483110323228
2024-02-16 19:19:00+00:00,139.99999999998636,long,oos,,78.81,78.94999999999999,1,2,104289.9999999999,-2.4141480303174494
2024-02-16 19:34:00+00:00,-74.99999999998863,short,oos,,79.025,79.1,1,12,104214.99999999991,-2.4843267521289825
2024-02-16 20:11:00+00:00,49.99999999999716,short,oos,,79.225,79.175,1,10,104264.9999999999,-2.437540937587965
2024-02-16 20:28:00+00:00,19.99999999999602,short,oos,,79.235,79.215,1,7,104284.9999999999,-2.4188266117715527
2024-02-16 20:49:00+00:00,-25.000000000005684,long,oos,,79.14,79.115,1,17,104259.9999999999,-2.442219519042068
2024-02-16 21:00:00+00:00,50.00000000001137,short,oos,,79.18,79.13,1,7,104309.99999999991,-2.395433704501023
2024-02-16 21:22:00+00:00,0.0,short,oos,,79.21000000000001,79.21000000000001,1,6,104309.99999999991,-2.395433704501023
2024-02-16 21:44:00+00:00,9.999999999990905,short,oos,,79.28,79.27000000000001,1,9,104319.9999999999,-2.3860765415928307
2024-02-16 22:00:00+00:00,-55.00000000000682,long,oos,,79.18,79.125,1,5,104264.99999999988,-2.4375409375879786
2024-02-18 23:15:00+00:00,265.00000000000057,long,oos,,78.86,79.125,1,7,104529.9999999999,-2.1895761205205
2024-02-19 00:49:00+00:00,10.000000000005116,short,oos,,79.05,79.03999999999999,1,8,104539.9999999999,-2.180218957612294
2024-02-19 01:08:00+00:00,-165.00000000000625,long,oos,,78.98,78.815,1,8,104374.99999999988,-2.3346121455977102
2024-02-19 02:52:00+00:00,-1.4210854715202004e-11,long,oos,,78.73500000000001,78.735,1,8,104374.99999999988,-2.3346121455977102
2024-02-19 03:31:00+00:00,39.99999999999204,short,oos,,78.78999999999999,78.75,1,5,104414.99999999987,-2.2971834939648987
2024-02-19 05:12:00+00:00,45.000000000001705,short,oos,,78.795,78.75,1,14,104459.99999999987,-2.255076260877971
2024-02-19 05:35:00+00:00,-15.00000000001478,long,oos,,78.74000000000001,78.725,1,2,104444.99999999985,-2.2691120052402938
2024-02-19 05:41:00+00:00,-15.00000000001478,long,oos,,78.74000000000001,78.725,1,2,104429.99999999984,-2.283147749602617
2024-02-19 06:41:00+00:00,-9.999999999990905,short,oos,,78.745,78.755,1,14,104419.99999999985,-2.2925049125108092
2024-02-19 08:28:00+00:00,-30.000000000001137,short,oos,,78.85,78.88,1,12,104389.99999999985,-2.320576401235428
2024-02-19 10:01:00+00:00,185.00000000000227,long,oos,,78.68,78.86500000000001,1,43,104574.99999999985,-2.147468887433613
2024-02-19 10:35:00+00:00,34.99999999999659,short,oos,,78.925,78.89,1,1,104609.99999999985,-2.114718817254891
2024-02-19 10:49:00+00:00,40.00000000000625,short,oos,,78.95,78.91,1,3,104649.99999999985,-2.0772901656220664
2024-02-19 11:05:00+00:00,4.9999999999954525,short,oos,,78.945,78.94,1,2,104654.99999999985,-2.072611584167963
2024-02-19 11:19:00+00:00,204.9999999999983,short,oos,,79.01,78.805,1,11,104859.99999999985,-1.880789744549736
2024-02-19 11:56:00+00:00,-245.00000000000455,short,oos,,78.905,79.15,1,13,104614.99999999984,-2.1100402358008017
2024-02-19 13:01:00+00:00,-39.99999999999204,short,oos,,79.185,79.225,1,13,104574.99999999985,-2.147468887433613
2024-02-19 13:23:00+00:00,64.99999999998352,long,oos,,79.105,79.16999999999999,1,12,104639.99999999984,-2.0866473285302862
2024-02-19 13:55:00+00:00,39.99999999999204,long,oos,,79.23,79.27,1,4,104679.99999999983,-2.0492186768974747
2024-02-19 14:09:00+00:00,-99.99999999999432,long,oos,,79.22,79.12,1,8,104579.99999999983,-2.142790305979537
2024-02-19 14:52:00+00:00,-50.00000000001137,short,oos,,79.41,79.46000000000001,1,14,104529.99999999983,-2.1895761205205684
2024-02-19 15:19:00+00:00,-124.99999999998579,short,oos,,79.55000000000001,79.675,1,15,104404.99999999984,-2.3065406568731324
2024-02-19 15:35:00+00:00,40.00000000000625,short,oos,,79.68,79.64,1,1,104444.99999999984,-2.2691120052403075
2024-02-19 15:44:00+00:00,45.000000000001705,short,oos,,79.68,79.635,1,4,104489.99999999984,-2.2270047721533794
2024-02-19 16:04:00+00:00,-34.99999999999659,short,oos,,79.68,79.715,1,14,104454.99999999984,-2.259754842332101
2024-02-19 16:38:00+00:00,-134.9999999999909,long,oos,,79.645,79.51,1,11,104319.99999999985,-2.3860765415928715
2024-02-19 17:50:00+00:00,-115.0000000000091,short,oos,,79.5,79.61500000000001,1,14,104204.99999999984,-2.493683915037257
2024-02-19 18:52:00+00:00,10.000000000005116,long,oos,,79.5,79.51,1,18,104214.99999999985,-2.4843267521290366
2024-02-19 19:23:00+00:00,-34.99999999999659,long,oos,,79.38499999999999,79.35,1,9,104179.99999999985,-2.517076822307758
2024-02-19 23:01:00+00:00,85.00000000000796,long,oos,,79.19,79.275,1,5,104264.99999999987,-2.437540937587992
2024-02-19 23:44:00+00:00,109.99999999999943,long,oos,,79.14,79.25,1,3,104374.99999999987,-2.3346121455977236
2024-02-20 00:55:00+00:00,5.000000000009663,short,oos,,79.26,79.255,1,11,104379.99999999987,-2.3299335641436207
2024-02-20 02:37:00+00:00,-180.00000000000682,short,oos,,79.41999999999999,79.6,1,10,104199.99999999987,-2.4983624964913327
2024-02-20 03:13:00+00:00,4.9999999999954525,short,oos,,79.6,79.595,1,1,104204.99999999985,-2.4936839150372427
2024-02-20 07:16:00+00:00,129.99999999999545,short,oos,,79.59,79.46000000000001,1,12,104334.99999999985,-2.372040797230562
2024-02-20 08:48:00+00:00,225.00000000000853,long,oos,,79.2,79.42500000000001,1,3,104559.99999999987,-2.1615046317959083
2024-02-20 10:16:00+00:00,0.0,long,oos,,79.19,79.19,1,6,104559.99999999987,-2.1615046317959083
2024-02-20 12:34:00+00:00,-379.99999999999545,long,oos,,78.81,78.43,1,17,104179.99999999987,-2.517076822307745
2024-02-20 12:52:00+00:00,514.9999999999864,long,oos,,78.46000000000001,78.975,1,3,104694.99999999985,-2.0351829325351383
2024-02-20 13:35:00+00:00,594.9999999999989,long,oos,,78.5,79.095,1,21,105289.99999999985,-1.4784317394968685
2024-02-20 14:15:00+00:00,-409.9999999999966,short,oos,,79.31,79.72,1,25,104879.99999999985,-1.8620754187333233
2024-02-20 14:31:00+00:00,-4.9999999999954525,short,oos,,79.75,79.755,1,8,104874.99999999987,-1.866754000187413
2024-02-20 14:38:00+00:00,145.00000000001023,long,oos,,79.6,79.745,1,6,105019.99999999987,-1.7310751380184226
2024-02-20 14:49:00+00:00,79.99999999998408,long,oos,,79.46000000000001,79.53999999999999,1,9,105099.99999999985,-1.6562178347527865
2024-02-20 15:18:00+00:00,-405.00000000000114,long,oos,,79.345,78.94,1,21,104694.99999999985,-2.0351829325351383
2024-02-20 15:31:00+00:00,54.99999999999261,long,oos,,78.855,78.91,1,2,104749.99999999985,-1.983718536540004
2024-02-20 15:55:00+00:00,19.99999999999602,long,oos,,78.625,78.645,1,15,104769.99999999984,-1.9650042107236052
2024-02-20 16:10:00+00:00,140.00000000001478,short,oos,,78.685,78.54499999999999,1,3,104909.99999999985,-1.8340039300087048
2024-02-20 16:14:00+00:00,164.99999999999204,long,oos,,78.435,78.6,1,2,105074.99999999985,-1.679610742023302
2024-02-20 16:28:00+00:00,69.99999999999318,long,oos,,78.46000000000001,78.53,1,9,105144.99999999984,-1.6141106016658722
2024-02-20 16:57:00+00:00,-299.99999999999716,short,oos,,78.595,78.895,1,26,104844.99999999984,-1.8948254889120588
2024-02-20 17:37:00+00:00,-189.99999999999773,short,oos,,79.03,79.22,1,26,104654.99999999985,-2.072611584167963
2024-02-20 17:46:00+00:00,79.9999999999983,long,oos,,79.115,79.195,1,2,104734.99999999985,-1.9977542809023134
2024-02-20 18:17:00+00:00,9.999999999990905,short,oos,,79.345,79.33500000000001,1,16,104744.99999999984,-1.9883971179941209
2024-02-20 18:31:00+00:00,64.99999999999773,short,oos,,79.475,79.41,1,10,104809.99999999984,-1.9275755590907804
2024-02-21 00:17:00+00:00,-2024.9999999999914,long,oos,,79.22999999999999,77.205,1,50,102784.99999999984,-3.82240104800254
2024-02-21 00:37:00+00:00,-19.99999999999602,long,oos,,77.19,77.17,1,16,102764.99999999985,-3.8411153738189383
2024-02-21 00:53:00+00:00,9.999999999990905,long,oos,,77.155,77.16499999999999,1,7,102774.99999999984,-3.8317582109107455
2024-02-21 01:04:00+00:00,-10.000000000019327,long,oos,,77.14500000000001,77.13499999999999,1,6,102764.99999999983,-3.841115373818966
2024-02-21 01:11:00+00:00,39.99999999999204,long,oos,,77.08500000000001,77.125,1,1,102804.99999999981,-3.8036867221861543
2024-02-21 01:50:00+00:00,-69.99999999999318,short,oos,,77.17500000000001,77.245,1,33,102734.99999999983,-3.869186862543584
2024-02-21 02:01:00+00:00,19.99999999999602,long,oos,,77.235,77.255,1,3,102754.99999999981,-3.8504725367271857
2024-02-21 02:11:00+00:00,9.999999999990905,short,oos,,77.285,77.275,1,6,102764.99999999981,-3.841115373818979
2024-02-21 02:43:00+00:00,30.000000000001137,long,oos,,77.225,77.255,1,11,102794.99999999981,-3.8130438850943604
2024-02-21 03:01:00+00:00,49.99999999999716,short,oos,,77.295,77.245,1,16,102844.99999999981,-3.766258070553329
2024-02-21 03:19:00+00:00,0.0,short,oos,,77.315,77.315,1,11,102844.99999999981,-3.766258070553329
2024-02-21 03:29:00+00:00,29.999999999986926,long,oos,,77.295,77.32499999999999,1,3,102874.9999999998,-3.7381865818287245
2024-02-21 03:44:00+00:00,19.99999999999602,long,oos,,77.295,77.315,1,3,102894.99999999978,-3.7194722560123252
2024-02-21 03:50:00+00:00,10.000000000005116,long,oos,,77.295,77.305,1,4,102904.9999999998,-3.710115093104106
2024-02-21 04:23:00+00:00,-14.999999999986358,long,oos,,77.285,77.27000000000001,1,21,102889.99999999981,-3.7241508374664014
2024-02-21 04:36:00+00:00,10.000000000005116,long,oos,,77.265,77.275,1,11,102899.99999999981,-3.714793674558195
2024-02-21 04:59:00+00:00,-20.000000000010232,short,oos,,77.285,77.305,1,18,102879.9999999998,-3.7335080003746213
2024-02-21 05:45:00+00:00,64.99999999999773,long,oos,,77.28999999999999,77.35499999999999,1,28,102944.9999999998,-3.672686441471281
2024-02-21 06:31:00+00:00,240.0000000000091,short,oos,,77.375,77.13499999999999,1,42,103184.99999999981,-3.448114531674318
2024-02-21 06:49:00+00:00,30.000000000001137,short,oos,,77.215,77.185,1,13,103214.99999999981,-3.4200430429496995
2024-02-21 07:17:00+00:00,9.999999999990905,short,oos,,77.255,77.245,1,12,103224.9999999998,-3.410685880041507
2024-02-21 07:22:00+00:00,20.000000000010232,short,oos,,77.275,77.255,1,3,103244.99999999981,-3.391971554225081
2024-02-21 07:48:00+00:00,99.99999999999432,short,oos,,77.285,77.185,1,22,103344.99999999981,-3.298399925143019
2024-02-21 07:54:00+00:00,9.999999999990905,long,oos,,77.14500000000001,77.155,1,3,103354.9999999998,-3.289042762234826
2024-02-21 08:08:00+00:00,-204.9999999999983,long,oos,,77.14,76.935,1,12,103149.9999999998,-3.4808646018530536
2024-02-21 08:48:00+00:00,-269.999999999996,long,oos,,76.815,76.545,1,29,102879.9999999998,-3.7335080003746213
2024-02-21 09:03:00+00:00,90.00000000000341,long,oos,,76.375,76.465,1,3,102969.99999999981,-3.6492935342007518
2024-02-21 09:13:00+00:00,69.99999999999318,short,oos,,76.595,76.525,1,9,103039.9999999998,-3.5837933938433215
2024-02-21 09:29:00+00:00,39.99999999999204,short,oos,,76.625,76.58500000000001,1,9,103079.9999999998,-3.546364742210497
2024-02-21 09:55:00+00:00,20.000000000010232,short,oos,,76.715,76.695,1,14,103099.9999999998,-3.527650416394085
2024-02-21 10:04:00+00:00,40.00000000000625,long,oos,,76.66499999999999,76.705,1,4,103139.99999999981,-3.4902217647612463
2024-02-21 10:16:00+00:00,-9.999999999990905,short,oos,,76.775,76.785,1,11,103129.99999999981,-3.499578927669452
2024-02-21 10:42:00+00:00,-109.99999999999943,long,oos,,76.705,76.595,1,14,103019.99999999981,-3.602507719659721
2024-02-21 11:23:00+00:00,159.9999999999966,short,oos,,76.625,76.465,1,29,103179.99999999981,-3.452793113128421
2024-02-21 11:35:00+00:00,70.00000000000739,short,oos,,76.545,76.475,1,8,103249.99999999983,-3.3872929727709638
2024-02-21 11:47:00+00:00,30.000000000001137,short,oos,,76.555,76.525,1,1,103279.99999999983,-3.359221484046345
2024-02-21 12:07:00+00:00,-79.9999999999983,short,oos,,76.545,76.625,1,17,103199.99999999983,-3.4340787873119947
2024-02-21 12:13:00+00:00,75.00000000000284,short,oos,,76.735,76.66,1,2,103274.99999999983,-3.3639000655004483
2024-02-21 12:24:00+00:00,69.99999999999318,long,oos,,76.58500000000001,76.655,1,5,103344.99999999983,-3.298399925143005
2024-02-21 12:30:00+00:00,40.000000000020464,long,oos,,76.60499999999999,76.64500000000001,1,1,103384.99999999984,-3.2609712735101666
2024-02-21 12:54:00+00:00,-120.00000000000455,short,oos,,76.725,76.845,1,22,103264.99999999984,-3.373257228408641
2024-02-21 12:58:00+00:00,39.99999999999204,long,oos,,76.805,76.845,1,2,103304.99999999983,-3.3358285767758296
2024-02-21 13:16:00+00:00,-125.0,short,oos,,76.905,77.03,1,15,103179.99999999983,-3.4527931131284078
2024-02-21 13:36:00+00:00,-50.00000000001137,long,oos,,76.905,76.85499999999999,1,17,103129.99999999981,-3.499578927669452
2024-02-21 13:42:00+00:00,55.00000000000682,short,oos,,76.93,76.875,1,4,103184.99999999983,-3.4481145316743045
2024-02-21 14:03:00+00:00,-10.000000000005116,short,oos,,76.945,76.955,1,16,103174.99999999981,-3.4574716945825243
2024-02-21 14:15:00+00:00,0.0,long,oos,,76.86500000000001,76.86500000000001,1,9,103174.99999999981,-3.4574716945825243
2024-02-21 14:31:00+00:00,70.00000000000739,short,oos,,77.055,76.985,1,9,103244.99999999983,-3.391971554225067
2024-02-21 14:37:00+00:00,90.00000000000341,short,oos,,77.11500000000001,77.025,1,3,103334.99999999983,-3.3077570880512117
2024-02-21 14:54:00+00:00,-149.99999999999147,short,oos,,77.11500000000001,77.265,1,16,103184.99999999984,-3.4481145316742907
2024-02-21 15:18:00+00:00,-60.000000000002274,long,oos,,77.11500000000001,77.055,1,16,103124.99999999984,-3.504257509123528
2024-02-21 15:35:00+00:00,-125.0,short,oos,,77.19,77.315,1,15,102999.99999999984,-3.621222045476106
2024-02-21 16:02:00+00:00,40.00000000000625,short,oos,,77.515,77.475,1,2,103039.99999999984,-3.583793393843281
2024-02-21 16:09:00+00:00,70.00000000000739,short,oos,,77.545,77.475,1,3,103109.99999999985,-3.5182932534858242
2024-02-21 16:31:00+00:00,180.00000000000682,long,oos,,77.35499999999999,77.535,1,20,103289.99999999985,-3.3498643211381123
2024-02-21 16:48:00+00:00,60.000000000002274,long,oos,,77.475,77.535,1,2,103349.99999999985,-3.293721343688875
2024-02-21 16:55:00+00:00,40.000000000020464,short,oos,,77.61500000000001,77.57499999999999,1,5,103389.99999999988,-3.2562926920560225
2024-02-21 17:13:00+00:00,-79.9999999999983,short,oos,,77.655,77.735,1,17,103309.99999999988,-3.331149995321672
2024-02-21 17:16:00+00:00,145.00000000001023,long,oos,,77.57499999999999,77.72,1,1,103454.99999999988,-3.195471133152682
2024-02-21 17:21:00+00:00,159.9999999999966,long,oos,,77.555,77.715,1,3,103614.99999999988,-3.045756526621383
2024-02-21 17:40:00+00:00,69.99999999999318,short,oos,,77.88499999999999,77.815,1,6,103684.99999999988,-2.9802563862639393
2024-02-21 17:49:00+00:00,60.000000000002274,short,oos,,77.905,77.845,1,3,103744.99999999988,-2.924113408814702
2024-02-21 18:05:00+00:00,-39.99999999999204,long,oos,,77.815,77.775,1,15,103704.99999999988,-2.9615420604475267
2024-02-21 18:24:00+00:00,-155.00000000000114,long,oos,,77.685,77.53,1,10,103549.99999999988,-3.106578085524723
2024-02-21 18:44:00+00:00,49.99999999998295,short,oos,,77.63499999999999,77.58500000000001,1,9,103599.99999999987,-3.0597922709837055
2024-02-21 19:02:00+00:00,-30.000000000001137,short,oos,,77.725,77.755,1,15,103569.99999999987,-3.0878637597083243
2024-02-21 19:08:00+00:00,49.99999999998295,short,oos,,77.85499999999999,77.805,1,4,103619.99999999985,-3.0410779451673067
2024-02-21 19:28:00+00:00,-9.999999999990905,short,oos,,77.875,77.88499999999999,1,10,103609.99999999985,-3.050435108075513
2024-02-21 19:45:00+00:00,10.000000000019327,long,oos,,77.85499999999999,77.86500000000001,1,9,103619.99999999988,-3.0410779451672796
2024-02-21 20:01:00+00:00,-20.000000000010232,short,oos,,77.91499999999999,77.935,1,11,103599.99999999987,-3.0597922709837055
2024-02-21 20:24:00+00:00,20.000000000010232,long,oos,,77.82499999999999,77.845,1,15,103619.99999999988,-3.0410779451672796
2024-02-21 21:02:00+00:00,-129.99999999999545,short,oos,,77.875,78.005,1,35,103489.99999999988,-3.16272106297396
2024-02-21 21:11:00+00:00,39.99999999999204,short,oos,,78.065,78.025,1,3,103529.99999999988,-3.125292411341136
2024-02-21 21:21:00+00:00,39.99999999999204,long,oos,,77.995,78.035,1,7,103569.99999999987,-3.0878637597083243
2024-02-21 21:33:00+00:00,49.99999999999716,long,oos,,77.955,78.005,1,2,103619.99999999987,-3.041077945167293
2024-02-21 21:38:00+00:00,19.99999999999602,short,oos,,78.045,78.025,1,4,103639.99999999987,-3.0223636193508807
2024-02-21 23:07:00+00:00,-39.99999999999204,short,oos,,78.035,78.07499999999999,1,19,103599.99999999987,-3.0597922709837055
2024-02-21 23:21:00+00:00,14.999999999986358,long,oos,,78.055,78.07,1,2,103614.99999999985,-3.04575652662141
2024-02-21 23:36:00+00:00,10.000000000005116,long,oos,,78.045,78.055,1,4,103624.99999999985,-3.036399363713204
2024-02-22 00:12:00+00:00,94.99999999999886,long,oos,,78.03999999999999,78.13499999999999,1,34,103719.99999999985,-2.9475063160852444
2024-02-22 00:50:00+00:00,0.0,long,oos,,78.11500000000001,78.11500000000001,1,10,103719.99999999985,-2.9475063160852444
2024-02-22 00:58:00+00:00,20.000000000010232,short,oos,,78.14500000000001,78.125,1,3,103739.99999999987,-2.9287919902688184
2024-02-22 01:03:00+00:00,40.00000000000625,long,oos,,78.045,78.08500000000001,1,1,103779.99999999988,-2.89136333863598
2024-02-22 01:32:00+00:00,0.0,long,oos,,78.005,78.005,1,16,103779.99999999988,-2.89136333863598
2024-02-22 01:43:00+00:00,19.99999999999602,short,oos,,78.035,78.015,1,5,103799.99999999987,-2.8726490128195814
2024-02-22 01:55:00+00:00,0.0,short,oos,,78.055,78.055,1,8,103799.99999999987,-2.8726490128195814
2024-02-22 02:19:00+00:00,-64.99999999999773,long,oos,,77.99000000000001,77.92500000000001,1,20,103734.99999999987,-2.9334705717229217
2024-02-22 02:31:00+00:00,20.000000000010232,short,oos,,77.935,77.91499999999999,1,4,103754.99999999988,-2.9147562459064953
2024-02-22 03:06:00+00:00,-119.99999999999034,short,oos,,77.955,78.07499999999999,1,34,103634.9999999999,-3.0270422008049565
2024-02-22 03:21:00+00:00,9.999999999990905,long,oos,,78.055,78.065,1,7,103644.99999999988,-3.017685037896764
2024-02-22 03:32:00+00:00,34.99999999999659,short,oos,,78.13,78.095,1,8,103679.99999999988,-2.9849349677180426
2024-02-22 03:53:00+00:00,9.999999999990905,long,oos,,78.055,78.065,1,15,103689.99999999987,-2.97557780480985
2024-02-22 03:58:00+00:00,9.999999999990905,short,oos,,78.07499999999999,78.065,1,2,103699.99999999987,-2.9662206419016433
2024-02-22 04:06:00+00:00,15.000000000000568,short,oos,,78.08,78.065,1,3,103714.99999999987,-2.9521848975393343
2024-02-22 04:18:00+00:00,-19.99999999999602,long,oos,,78.045,78.025,1,11,103694.99999999987,-2.9708992233557465
2024-02-22 04:32:00+00:00,10.000000000019327,short,oos,,78.08500000000001,78.07499999999999,1,11,103704.99999999988,-2.9615420604475267
2024-02-22 04:50:00+00:00,-4.9999999999954525,short,oos,,78.09,78.095,1,10,103699.9999999999,-2.966220641901616
2024-02-22 05:05:00+00:00,0.0,short,oos,,78.11500000000001,78.11500000000001,1,8,103699.9999999999,-2.966220641901616
2024-02-22 05:17:00+00:00,9.999999999990905,short,oos,,78.125,78.11500000000001,1,1,103709.99999999988,-2.9568634789934234
2024-02-22 05:37:00+00:00,-74.99999999998863,short,oos,,78.125,78.19999999999999,1,10,103634.9999999999,-3.0270422008049565
2024-02-22 05:58:00+00:00,5.000000000009663,long,oos,,78.17,78.17500000000001,1,6,103639.9999999999,-3.022363619350853
2024-02-22 06:07:00+00:00,30.000000000001137,long,oos,,78.13499999999999,78.16499999999999,1,1,103669.9999999999,-2.994292130626235
2024-02-22 06:18:00+00:00,0.0,short,oos,,78.185,78.185,1,9,103669.9999999999,-2.994292130626235
2024-02-22 06:37:00+00:00,20.000000000010232,long,oos,,78.155,78.17500000000001,1,3,103689.99999999991,-2.975577804809809
2024-02-22 06:55:00+00:00,0.0,short,oos,,78.195,78.195,1,6,103689.99999999991,-2.975577804809809
2024-02-22 07:04:00+00:00,30.000000000001137,long,oos,,78.16,78.19,1,3,103719.99999999991,-2.94750631608519
2024-02-22 07:10:00+00:00,20.000000000010232,long,oos,,78.16499999999999,78.185,1,2,103739.99999999993,-2.928791990268764
2024-02-22 07:22:00+00:00,-10.000000000005116,short,oos,,78.205,78.215,1,3,103729.99999999993,-2.9381491531769703
2024-02-22 07:44:00+00:00,0.0,short,oos,,78.265,78.265,1,11,103729.99999999993,-2.9381491531769703
2024-02-22 08:07:00+00:00,-80.0000000000125,long,oos,,78.245,78.16499999999999,1,11,103649.99999999991,-3.0130064564426338
2024-02-22 08:28:00+00:00,-59.99999999998806,short,oos,,78.265,78.32499999999999,1,18,103589.99999999991,-3.069149433891871
2024-02-22 08:51:00+00:00,-45.000000000015916,long,oos,,78.27000000000001,78.225,1,21,103544.9999999999,-3.1112566669788126
2024-02-22 09:15:00+00:00,130.00000000000966,long,oos,,78.10499999999999,78.235,1,15,103674.99999999991,-2.9896135491721183
2024-02-22 09:32:00+00:00,140.00000000000057,long,oos,,78.015,78.155,1,11,103814.99999999991,-2.8586132684572307
2024-02-22 09:41:00+00:00,60.000000000002274,short,oos,,78.17500000000001,78.11500000000001,1,6,103874.99999999991,-2.8024702910079937
2024-02-22 10:17:00+00:00,-139.99999999998636,short,oos,,78.215,78.35499999999999,1,29,103734.99999999993,-2.933470571722867
2024-02-22 10:58:00+00:00,-170.0000000000017,long,oos,,78.295,78.125,1,23,103564.99999999993,-3.092542341162373
2024-02-22 11:21:00+00:00,34.99999999999659,short,oos,,78.125,78.09,1,4,103599.99999999993,-3.0597922709836514
2024-02-22 11:28:00+00:00,60.000000000002274,long,oos,,77.935,77.995,1,6,103659.99999999993,-3.003649293534414
2024-02-22 11:36:00+00:00,70.00000000000739,long,oos,,77.88499999999999,77.955,1,4,103729.99999999993,-2.9381491531769703
2024-02-22 11:49:00+00:00,10.000000000019327,long,oos,,77.85499999999999,77.86500000000001,1,5,103739.99999999996,-2.9287919902687367
2024-02-22 11:56:00+00:00,64.99999999999773,long,oos,,77.765,77.83,1,4,103804.99999999996,-2.8679704313653964
2024-02-22 12:15:00+00:00,-19.99999999999602,long,oos,,77.755,77.735,1,12,103784.99999999996,-2.8866847571818086
2024-02-22 12:29:00+00:00,29.999999999986926,long,oos,,77.67500000000001,77.705,1,7,103814.99999999994,-2.8586132684572036
2024-02-22 12:47:00+00:00,0.0,short,oos,,77.765,77.765,1,15,103814.99999999994,-2.8586132684572036
2024-02-22 13:00:00+00:00,40.00000000000625,long,oos,,77.705,77.745,1,8,103854.99999999994,-2.821184616824379
2024-02-22 13:08:00+00:00,40.00000000000625,short,oos,,77.795,77.755,1,3,103894.99999999996,-2.7837559651915407
2024-02-22 13:25:00+00:00,10.000000000005116,long,oos,,77.695,77.705,1,9,103904.99999999996,-2.7743988022833346
2024-02-22 13:33:00+00:00,50.00000000001137,long,oos,,77.63499999999999,77.685,1,5,103954.99999999997,-2.7276129877422894
2024-02-22 13:40:00+00:00,19.99999999999602,short,oos,,77.765,77.745,1,6,103974.99999999997,-2.7088986619258772
2024-02-22 14:02:00+00:00,-219.99999999999886,long,oos,,77.625,77.405,1,15,103754.99999999997,-2.914756245906414
2024-02-22 14:08:00+00:00,120.00000000000455,long,oos,,77.285,77.405,1,1,103874.99999999997,-2.802470291007939
2024-02-22 14:53:00+00:00,-530.0000000000011,short,oos,,77.465,77.995,1,29,103344.99999999997,-3.298399925142869
2024-02-22 15:06:00+00:00,120.00000000000455,long,oos,,77.91499999999999,78.035,1,5,103464.99999999997,-3.186113970244394
2024-02-22 15:21:00+00:00,100.00000000000853,short,oos,,78.14500000000001,78.045,1,14,103564.99999999999,-3.0925423411623183
2024-02-22 16:07:00+00:00,-409.9999999999966,short,oos,,78.095,78.505,1,17,103154.99999999999,-3.4761860203987736
2024-02-22 16:28:00+00:00,139.99999999998636,long,oos,,78.305,78.445,1,9,103294.99999999997,-3.3451857396839
2024-02-22 16:46:00+00:00,30.000000000001137,short,oos,,78.545,78.515,1,8,103324.99999999997,-3.3171142509592815
2024-02-22 16:50:00+00:00,50.00000000001137,short,oos,,78.58500000000001,78.535,1,2,103374.99999999999,-3.2703284364182363
2024-02-22 17:11:00+00:00,-69.99999999999318,short,oos,,78.64500000000001,78.715,1,19,103305.0,-3.3358285767756666
2024-02-22 17:27:00+00:00,49.99999999999716,long,oos,,78.715,78.765,1,4,103354.99999999999,-3.2890427622346485
2024-02-22 17:40:00+00:00,-9.999999999990905,short,oos,,78.805,78.815,1,8,103345.0,-3.2983999251428413
2024-02-22 17:47:00+00:00,70.0000000000216,short,oos,,78.89500000000001,78.82499999999999,1,4,103415.00000000003,-3.232899784785371
2024-02-22 18:06:00+00:00,30.000000000001137,short,oos,,78.905,78.875,1,11,103445.00000000003,-3.204828296060752
2024-02-22 18:24:00+00:00,-19.99999999999602,long,oos,,78.795,78.775,1,13,103425.00000000003,-3.2235426218771646
2024-02-22 18:32:00+00:00,79.9999999999983,short,oos,,78.875,78.795,1,4,103505.00000000003,-3.1486853186115145
2024-02-22 18:56:00+00:00,39.99999999999204,long,oos,,78.625,78.66499999999999,1,8,103545.00000000001,-3.1112566669787034
2024-02-22 19:16:00+00:00,80.0000000000125,short,oos,,78.715,78.63499999999999,1,14,103625.00000000003,-3.0363993637130404
2024-02-22 19:25:00+00:00,79.9999999999983,long,oos,,78.515,78.595,1,5,103705.00000000003,-2.9615420604473903
2024-02-22 19:29:00+00:00,90.00000000000341,short,oos,,78.685,78.595,1,1,103795.00000000003,-2.8773275942735346
2024-02-22 19:59:00+00:00,-20.000000000010232,long,oos,,78.525,78.505,1,26,103775.00000000003,-2.8960419200899468
2024-02-22 20:08:00+00:00,0.0,short,oos,,78.525,78.525,1,8,103775.00000000003,-2.8960419200899468
2024-02-22 20:31:00+00:00,0.0,long,oos,,78.515,78.515,1,10,103775.00000000003,-2.8960419200899468
2024-02-22 20:44:00+00:00,19.99999999999602,short,oos,,78.545,78.525,1,9,103795.00000000001,-2.877327594273548
2024-02-22 21:02:00+00:00,-40.00000000000625,long,oos,,78.495,78.455,1,15,103755.00000000001,-2.914756245906373
2024-02-22 21:18:00+00:00,9.999999999990905,long,oos,,78.42500000000001,78.435,1,2,103765.0,-2.9053990829981804
2024-02-22 21:27:00+00:00,9.999999999990905,long,oos,,78.42500000000001,78.435,1,7,103775.0,-2.8960419200899743
2024-02-22 21:35:00+00:00,19.99999999999602,short,oos,,78.455,78.435,1,4,103794.99999999999,-2.8773275942735754
2024-02-22 21:58:00+00:00,-60.000000000002274,long,oos,,78.41499999999999,78.35499999999999,1,22,103734.99999999999,-2.933470571722813
2024-02-22 23:01:00+00:00,4.9999999999954525,long,oos,,78.32,78.32499999999999,1,7,103739.99999999999,-2.9287919902687096
2024-02-22 23:23:00+00:00,10.000000000005116,long,oos,,78.285,78.295,1,3,103749.99999999999,-2.919434827360503
2024-02-22 23:31:00+00:00,10.000000000005116,long,oos,,78.265,78.275,1,6,103759.99999999999,-2.910077664452297
2024-02-22 23:55:00+00:00,19.99999999999602,short,oos,,78.295,78.275,1,6,103779.99999999999,-2.891363338635885
2024-02-23 00:03:00+00:00,5.000000000009663,long,oos,,78.25999999999999,78.265,1,6,103785.0,-2.886684757181768
2024-02-23 00:17:00+00:00,19.99999999999602,short,oos,,78.295,78.275,1,4,103805.0,-2.8679704313653556
2024-02-23 00:22:00+00:00,39.99999999999204,long,oos,,78.22,78.25999999999999,1,3,103844.99999999999,-2.8305417797325445
2024-02-23 00:48:00+00:00,9.999999999990905,long,oos,,78.215,78.225,1,9,103854.99999999997,-2.8211846168243517
2024-02-23 01:02:00+00:00,-34.99999999999659,short,oos,,78.255,78.28999999999999,1,10,103819.99999999999,-2.85393468700306
2024-02-23 01:26:00+00:00,20.000000000010232,long,oos,,78.255,78.275,1,15,103839.99999999999,-2.8352203611866473
2024-02-23 02:09:00+00:00,-69.99999999999318,short,oos,,78.285,78.35499999999999,1,39,103770.0,-2.9007205015440776
2024-02-23 02:36:00+00:00,4.9999999999954525,long,oos,,78.30000000000001,78.305,1,17,103774.99999999999,-2.8960419200899876
2024-02-23 02:54:00+00:00,19.99999999998181,short,oos,,78.32499999999999,78.305,1,3,103794.99999999997,-2.877327594273589
2024-02-23 03:16:00+00:00,-60.000000000002274,long,oos,,78.295,78.235,1,20,103734.99999999997,-2.933470571722826
2024-02-23 03:24:00+00:00,10.000000000005116,short,oos,,78.245,78.235,1,1,103744.99999999997,-2.92411340881462
2024-02-23 03:33:00+00:00,0.0,short,oos,,78.245,78.245,1,7,103744.99999999997,-2.92411340881462
2024-02-23 04:02:00+00:00,-49.99999999998295,long,oos,,78.225,78.17500000000001,1,27,103695.0,-2.970899223355624
2024-02-23 04:24:00+00:00,0.0,short,oos,,78.195,78.195,1,15,103695.0,-2.970899223355624
2024-02-23 04:28:00+00:00,10.000000000005116,short,oos,,78.215,78.205,1,2,103705.0,-2.961542060447418
2024-02-23 04:48:00+00:00,-10.000000000005116,short,oos,,78.225,78.235,1,18,103695.0,-2.970899223355624
2024-02-23 04:59:00+00:00,10.000000000005116,long,oos,,78.225,78.235,1,2,103705.0,-2.961542060447418
2024-02-23 05:02:00+00:00,10.000000000005116,short,oos,,78.245,78.235,1,2,103715.0,-2.9521848975392113
2024-02-23 05:21:00+00:00,-9.999999999990905,long,oos,,78.225,78.215,1,14,103705.00000000001,-2.961542060447404
2024-02-23 05:31:00+00:00,30.000000000001137,long,oos,,78.185,78.215,1,4,103735.00000000001,-2.933470571722786
2024-02-23 05:50:00+00:00,9.999999999990905,long,oos,,78.17500000000001,78.185,1,17,103745.0,-2.924113408814593
2024-02-23 06:04:00+00:00,9.999999999990905,long,oos,,78.125,78.13499999999999,1,7,103755.0,-2.9147562459063865
2024-02-23 06:20:00+00:00,49.99999999998295,short,oos,,78.195,78.14500000000001,1,5,103804.99999999997,-2.867970431365383
2024-02-23 06:32:00+00:00,10.000000000019327,long,oos,,78.10499999999999,78.11500000000001,1,10,103815.0,-2.8586132684571495
2024-02-23 06:49:00+00:00,20.000000000010232,short,oos,,78.14500000000001,78.125,1,6,103835.0,-2.8398989426407373
2024-02-23 07:07:00+00:00,10.000000000019327,short,oos,,78.17500000000001,78.16499999999999,1,9,103845.00000000003,-2.8305417797325036
2024-02-23 07:18:00+00:00,20.000000000010232,long,oos,,78.13499999999999,78.155,1,3,103865.00000000003,-2.811827453916091
2024-02-23 07:43:00+00:00,-49.99999999998295,long,oos,,78.13499999999999,78.08500000000001,1,21,103815.00000000006,-2.858613268457095
2024-02-23 08:01:00+00:00,-40.000000000020464,short,oos,,78.13499999999999,78.17500000000001,1,16,103775.00000000003,-2.8960419200899468
2024-02-23 08:15:00+00:00,20.000000000010232,long,oos,,78.065,78.08500000000001,1,7,103795.00000000004,-2.8773275942735212
2024-02-23 08:54:00+00:00,-129.99999999999545,long,oos,,77.975,77.845,1,22,103665.00000000004,-2.998970712080202
2024-02-23 09:00:00+00:00,99.99999999999432,short,oos,,77.945,77.845,1,3,103765.00000000004,-2.9053990829981395
2024-02-23 09:11:00+00:00,49.99999999999716,long,oos,,77.765,77.815,1,10,103815.00000000004,-2.8586132684571086
2024-02-23 09:27:00+00:00,-69.99999999999318,long,oos,,77.715,77.64500000000001,1,12,103745.00000000004,-2.924113408814552
2024-02-23 09:37:00+00:00,49.99999999999716,long,oos,,77.545,77.595,1,4,103795.00000000004,-2.8773275942735212
2024-02-23 09:59:00+00:00,-30.000000000001137,long,oos,,77.495,77.465,1,16,103765.00000000004,-2.9053990829981395
2024-02-23 10:06:00+00:00,39.99999999999204,long,oos,,77.39500000000001,77.435,1,4,103805.00000000003,-2.8679704313653285
2024-02-23 10:21:00+00:00,-39.99999999999204,short,oos,,77.565,77.60499999999999,1,14,103765.00000000004,-2.9053990829981395
2024-02-23 10:32:00+00:00,44.999999999987494,long,oos,,77.555,77.6,1,5,103810.00000000003,-2.863291849911225
2024-02-23 10:39:00+00:00,60.000000000002274,short,oos,,77.66499999999999,77.60499999999999,1,2,103870.00000000003,-2.807148872461988
2024-02-23 10:51:00+00:00,9.999999999990905,short,oos,,77.695,77.685,1,9,103880.00000000003,-2.7977917095537816
2024-02-23 11:10:00+00:00,-20.000000000010232,long,oos,,77.58500000000001,77.565,1,16,103860.00000000001,-2.8165060353702076
2024-02-23 11:30:00+00:00,-60.000000000002274,short,oos,,77.61500000000001,77.67500000000001,1,14,103800.00000000001,-2.872649012819445
2024-02-23 12:00:00+00:00,-240.0000000000091,long,oos,,77.595,77.35499999999999,1,28,103560.0,-3.097220922616408
2024-02-23 12:24:00+00:00,99.99999999999432,long,oos,,77.285,77.38499999999999,1,20,103660.0,-3.0036492935343455
2024-02-23 12:36:00+00:00,59.99999999998806,short,oos,,77.485,77.42500000000001,1,3,103719.99999999999,-2.9475063160851223
2024-02-23 13:00:00+00:00,-64.99999999999773,long,oos,,77.35,77.285,1,16,103654.99999999999,-3.0083278749884625
2024-02-23 13:14:00+00:00,90.00000000000341,long,oos,,77.205,77.295,1,1,103744.99999999999,-2.9241134088146064
2024-02-23 14:01:00+00:00,230.00000000000398,long,oos,,77.235,77.465,1,41,103975.0,-2.7088986619258497
2024-02-23 14:15:00+00:00,90.00000000000341,long,oos,,77.305,77.39500000000001,1,6,104065.0,-2.624684195751994
2024-02-23 14:38:00+00:00,-310.0000000000023,long,oos,,77.285,76.975,1,20,103755.0,-2.9147562459063865
2024-02-23 14:47:00+00:00,130.00000000000966,long,oos,,76.735,76.86500000000001,1,6,103885.0,-2.793113128099706
2024-02-23 15:01:00+00:00,129.99999999999545,short,oos,,77.005,76.875,1,5,104015.0,-2.671470010293025
2024-02-23 15:12:00+00:00,90.00000000000341,short,oos,,77.035,76.945,1,4,104105.0,-2.587255544119169
2024-02-23 15:19:00+00:00,50.00000000001137,long,oos,,76.845,76.89500000000001,1,4,104155.00000000001,-2.5404697295781244
2024-02-23 15:27:00+00:00,74.99999999998863,long,oos,,76.775,76.85,1,3,104230.0,-2.4702910077665914
2024-02-23 16:04:00+00:00,-280.00000000000114,short,oos,,77.015,77.295,1,30,103950.0,-2.732291569196365
2024-02-23 16:20:00+00:00,-30.000000000001137,long,oos,,77.235,77.205,1,10,103920.0,-2.760363057920984
2024-02-23 16:34:00+00:00,159.9999999999966,short,oos,,77.35499999999999,77.195,1,9,104080.0,-2.6106484513896846
2024-02-23 17:22:00+00:00,-520.0000000000102,long,oos,,77.095,76.57499999999999,1,43,103559.99999999999,-3.0972209226164216
2024-02-23 17:45:00+00:00,4.9999999999954525,short,oos,,76.65,76.64500000000001,1,10,103564.99999999999,-3.0925423411623183
2024-02-23 18:01:00+00:00,20.000000000010232,long,oos,,76.535,76.555,1,6,103585.0,-3.0738280153458923
2024-02-23 18:12:00+00:00,69.99999999999318,long,oos,,76.405,76.475,1,5,103654.99999999999,-3.0083278749884625
2024-02-23 18:28:00+00:00,90.00000000000341,short,oos,,76.535,76.445,1,5,103744.99999999999,-2.9241134088146064
2024-02-23 18:32:00+00:00,90.00000000000341,long,oos,,76.35499999999999,76.445,1,1,103835.0,-2.8398989426407373
2024-02-23 18:58:00+00:00,-10.000000000019327,short,oos,,76.57499999999999,76.58500000000001,1,14,103824.99999999997,-2.8492561055489705
2024-02-23 19:11:00+00:00,-50.00000000001137,short,oos,,76.66499999999999,76.715,1,11,103774.99999999996,-2.896041920090015
2024-02-23 19:33:00+00:00,-79.9999999999983,long,oos,,76.625,76.545,1,10,103694.99999999997,-2.970899223355651
2024-02-23 20:06:00+00:00,-60.000000000002274,short,oos,,76.625,76.685,1,22,103634.99999999996,-3.0270422008049023
2024-02-23 20:23:00+00:00,0.0,long,oos,,76.66499999999999,76.66499999999999,1,7,103634.99999999996,-3.0270422008049023
2024-02-23 20:35:00+00:00,9.999999999990905,long,oos,,76.61500000000001,76.625,1,7,103644.99999999996,-3.017685037896696
2024-02-23 20:37:00+00:00,39.99999999999204,long,oos,,76.595,76.63499999999999,1,1,103684.99999999994,-2.9802563862638847
2024-02-23 20:50:00+00:00,40.000000000020464,short,oos,,76.67500000000001,76.63499999999999,1,3,103724.99999999997,-2.9428277346310328
2024-02-23 21:13:00+00:00,-30.000000000001137,long,oos,,76.595,76.565,1,18,103694.99999999997,-2.970899223355651
2024-02-23 21:21:00+00:00,20.000000000010232,long,oos,,76.535,76.555,1,4,103714.99999999997,-2.952184897539239
2024-02-23 21:27:00+00:00,14.999999999986358,short,oos,,76.57,76.555,1,3,103729.99999999996,-2.938149153176943
2024-02-23 21:35:00+00:00,14.999999999986358,short,oos,,76.57499999999999,76.56,1,4,103744.99999999994,-2.9241134088146477
2024-02-23 21:49:00+00:00,15.00000000001478,long,oos,,76.53999999999999,76.555,1,3,103759.99999999996,-2.910077664452324
2024-02-23 22:00:00+00:00,-15.00000000001478,short,oos,,76.57499999999999,76.59,1,8,103744.99999999994,-2.9241134088146477
2024-02-25 22:56:00+00:00,140.00000000000057,short,oos,,76.68,76.54,1,3,103884.99999999994,-2.79311312809976
2024-02-25 23:02:00+00:00,-10.000000000019327,long,oos,,76.58000000000001,76.57,1,3,103874.99999999993,-2.80247029100798
2024-02-25 23:18:00+00:00,90.00000000000341,long,oos,,76.435,76.525,1,3,103964.99999999993,-2.718255824834124
2024-02-25 23:31:00+00:00,45.000000000015916,long,oos,,76.44999999999999,76.495,1,2,104009.99999999994,-2.676148591747183
2024-02-25 23:38:00+00:00,25.000000000005684,long,oos,,76.44999999999999,76.475,1,3,104034.99999999996,-2.6527556844766536
2024-02-26 00:14:00+00:00,-69.99999999999318,long,oos,,76.435,76.36500000000001,1,15,103964.99999999996,-2.7182558248340967
2024-02-26 00:55:00+00:00,-69.99999999999318,long,oos,,76.315,76.245,1,23,103894.99999999997,-2.783755965191527
2024-02-26 01:12:00+00:00,-35.0000000000108,long,oos,,76.17,76.13499999999999,1,11,103859.99999999996,-2.8165060353702622
2024-02-26 01:30:00+00:00,20.000000000010232,short,oos,,76.17500000000001,76.155,1,10,103879.99999999997,-2.797791709553836
2024-02-26 01:49:00+00:00,-25.000000000005684,short,oos,,76.19,76.215,1,18,103854.99999999996,-2.8211846168243655
2024-02-26 02:07:00+00:00,-39.99999999999204,long,oos,,76.16499999999999,76.125,1,17,103814.99999999997,-2.8586132684571766
2024-02-26 02:20:00+00:00,4.9999999999954525,short,oos,,76.155,76.15,1,8,103819.99999999997,-2.8539346870030737
2024-02-26 02:35:00+00:00,20.000000000010232,long,oos,,76.125,76.14500000000001,1,4,103839.99999999997,-2.835220361186661
2024-02-26 02:51:00+00:00,9.999999999990905,short,oos,,76.16499999999999,76.155,1,6,103849.99999999997,-2.8258631982784546
2024-02-26 03:06:00+00:00,19.99999999998181,long,oos,,76.14500000000001,76.16499999999999,1,2,103869.99999999994,-2.8071488724620695
2024-02-26 03:26:00+00:00,0.0,long,oos,,76.10499999999999,76.10499999999999,1,18,103869.99999999994,-2.8071488724620695
2024-02-26 03:51:00+00:00,-9.999999999990905,long,oos,,76.07499999999999,76.065,1,18,103859.99999999996,-2.8165060353702622
2024-02-26 04:01:00+00:00,9.999999999990905,long,oos,,76.055,76.065,1,8,103869.99999999994,-2.8071488724620695
2024-02-26 04:27:00+00:00,-20.000000000010232,short,oos,,76.10499999999999,76.125,1,24,103849.99999999994,-2.825863198278482
2024-02-26 04:38:00+00:00,10.000000000019327,short,oos,,76.14500000000001,76.13499999999999,1,7,103859.99999999996,-2.8165060353702622
2024-02-26 04:54:00+00:00,9.999999999990905,long,oos,,76.11500000000001,76.125,1,13,103869.99999999994,-2.8071488724620695
2024-02-26 05:05:00+00:00,0.0,short,oos,,76.16499999999999,76.16499999999999,1,6,103869.99999999994,-2.8071488724620695
2024-02-26 05:24:00+00:00,0.0,long,oos,,76.14500000000001,76.14500000000001,1,6,103869.99999999994,-2.8071488724620695
2024-02-26 05:39:00+00:00,14.999999999986358,long,oos,,76.08500000000001,76.1,1,7,103884.99999999993,-2.793113128099774
2024-02-26 05:56:00+00:00,9.999999999990905,short,oos,,76.125,76.11500000000001,1,6,103894.99999999993,-2.7837559651915678
2024-02-26 06:28:00+00:00,-49.99999999999716,short,oos,,76.155,76.205,1,22,103844.99999999993,-2.830541779732599
2024-02-26 06:37:00+00:00,14.999999999986358,short,oos,,76.25999999999999,76.245,1,7,103859.99999999991,-2.816506035370303
2024-02-26 06:52:00+00:00,-4.9999999999954525,short,oos,,76.285,76.28999999999999,1,7,103854.99999999991,-2.8211846168244064
2024-02-26 07:07:00+00:00,34.99999999999659,long,oos,,76.245,76.28,1,6,103889.99999999991,-2.7884345466456844
2024-02-26 07:14:00+00:00,45.000000000001705,long,oos,,76.22,76.265,1,4,103934.99999999991,-2.7463273135587567
2024-02-26 07:37:00+00:00,19.99999999999602,long,oos,,76.245,76.265,1,4,103954.99999999991,-2.727612987742344
2024-02-26 07:46:00+00:00,10.000000000005116,long,oos,,76.225,76.235,1,5,103964.99999999991,-2.718255824834138
2024-02-26 08:14:00+00:00,-215.0000000000034,long,oos,,76.19,75.975,1,24,103749.99999999991,-2.9194348273605715
2024-02-26 08:41:00+00:00,79.99999999998408,short,oos,,76.10499999999999,76.025,1,9,103829.9999999999,-2.8445775240949356
2024-02-26 08:51:00+00:00,64.99999999999773,short,oos,,76.125,76.06,1,5,103894.9999999999,-2.783755965191595
2024-02-26 09:03:00+00:00,60.000000000002274,short,oos,,76.155,76.095,1,6,103954.9999999999,-2.7276129877423574
2024-02-26 09:08:00+00:00,80.0000000000125,short,oos,,76.17500000000001,76.095,1,4,104034.99999999991,-2.652755684476694
2024-02-26 09:25:00+00:00,0.0,long,oos,,76.035,76.035,1,16,104034.99999999991,-2.652755684476694
2024-02-26 09:32:00+00:00,60.000000000002274,short,oos,,76.095,76.035,1,6,104094.99999999991,-2.596612707027457
2024-02-26 09:54:00+00:00,49.99999999998295,short,oos,,76.10499999999999,76.055,1,5,104144.9999999999,-2.5498268924864393
2024-02-26 10:03:00+00:00,9.999999999990905,short,oos,,76.125,76.11500000000001,1,7,104154.99999999988,-2.540469729578247
2024-02-26 10:13:00+00:00,59.99999999998806,short,oos,,76.205,76.14500000000001,1,8,104214.99999999987,-2.4843267521290233
2024-02-26 10:22:00+00:00,39.99999999999204,long,oos,,76.095,76.13499999999999,1,7,104254.99999999987,-2.4468981004961985
2024-02-26 11:01:00+00:00,-120.00000000000455,short,oos,,76.185,76.305,1,31,104134.99999999985,-2.5591840553946863
2024-02-26 11:12:00+00:00,49.99999999999716,long,oos,,76.235,76.285,1,8,104184.99999999985,-2.5123982408536554
2024-02-26 11:35:00+00:00,30.000000000001137,long,oos,,76.245,76.275,1,8,104214.99999999985,-2.4843267521290366
2024-02-26 11:39:00+00:00,24.999999999991473,long,oos,,76.235,76.25999999999999,1,2,104239.99999999985,-2.460933844858521
2024-02-26 12:15:00+00:00,125.0,short,oos,,76.285,76.16,1,33,104364.99999999985,-2.3439693085059434
2024-02-26 12:24:00+00:00,39.99999999999204,long,oos,,76.065,76.10499999999999,1,4,104404.99999999984,-2.3065406568731324
2024-02-26 12:47:00+00:00,20.000000000010232,long,oos,,76.035,76.055,1,6,104424.99999999985,-2.287826331056706
2024-02-26 12:57:00+00:00,60.000000000002274,short,oos,,76.155,76.095,1,2,104484.99999999985,-2.231683353607469
2024-02-26 13:42:00+00:00,-245.00000000000455,short,oos,,76.16,76.405,1,37,104239.99999999985,-2.460933844858521
2024-02-26 13:50:00+00:00,60.000000000002274,short,oos,,76.465,76.405,1,7,104299.99999999985,-2.404790867409284
2024-02-26 14:03:00+00:00,0.0,long,oos,,76.38499999999999,76.38499999999999,1,8,104299.99999999985,-2.404790867409284
2024-02-26 14:13:00+00:00,110.00000000001364,short,oos,,76.58500000000001,76.475,1,7,104409.99999999987,-2.301862075419002
2024-02-26 14:33:00+00:00,69.99999999999318,long,oos,,76.245,76.315,1,5,104479.99999999985,-2.236361935061572
2024-02-26 15:03:00+00:00,-379.99999999999545,short,oos,,76.42500000000001,76.805,1,28,104099.99999999987,-2.5919341255733945
2024-02-26 15:13:00+00:00,90.00000000000341,short,oos,,76.975,76.88499999999999,1,2,104189.99999999987,-2.507719659399539
2024-02-26 15:20:00+00:00,99.99999999999432,long,oos,,76.775,76.875,1,2,104289.99999999987,-2.4141480303174765
2024-02-26 15:36:00+00:00,30.000000000001137,short,oos,,77.005,76.975,1,9,104319.99999999987,-2.3860765415928578
2024-02-26 15:57:00+00:00,59.99999999998806,short,oos,,77.07499999999999,77.015,1,5,104379.99999999985,-2.329933564143634
2024-02-26 16:08:00+00:00,30.000000000001137,long,oos,,76.985,77.015,1,4,104409.99999999985,-2.3018620754190153
2024-02-26 16:30:00+00:00,329.9999999999841,long,oos,,76.89500000000001,77.225,1,20,104739.99999999984,-1.993075699448224
2024-02-26 16:37:00+00:00,60.000000000002274,long,oos,,77.185,77.245,1,1,104799.99999999984,-1.9369327219989865
2024-02-26 16:54:00+00:00,39.99999999999204,long,oos,,77.185,77.225,1,11,104839.99999999983,-1.8995040703661754
2024-02-26 17:09:00+00:00,19.99999999999602,short,oos,,77.295,77.275,1,5,104859.99999999983,-1.8807897445497628
2024-02-26 17:27:00+00:00,-189.99999999999773,short,oos,,77.33500000000001,77.525,1,16,104669.99999999983,-2.0585758398056813
2024-02-26 18:19:00+00:00,-310.0000000000023,short,oos,,77.66499999999999,77.975,1,43,104359.99999999983,-2.348647889960074
2024-02-26 18:31:00+00:00,-19.99999999998181,long,oos,,77.88499999999999,77.86500000000001,1,11,104339.99999999985,-2.3673622157764593
2024-02-26 19:08:00+00:00,-99.99999999999432,long,oos,,77.785,77.685,1,13,104239.99999999985,-2.460933844858521
2024-02-26 19:19:00+00:00,25.000000000005684,long,oos,,77.57499999999999,77.6,1,7,104264.99999999985,-2.4375409375880057
2024-02-26 19:28:00+00:00,40.00000000000625,long,oos,,77.515,77.555,1,6,104304.99999999987,-2.400112285955167
2024-02-26 20:08:00+00:00,-64.99999999999773,short,oos,,77.625,77.69,1,21,104239.99999999987,-2.460933844858508
2024-02-26 20:25:00+00:00,-49.99999999999716,short,oos,,77.715,77.765,1,11,104189.99999999987,-2.507719659399539
2024-02-26 21:17:00+00:00,-120.00000000000455,long,oos,,77.695,77.57499999999999,1,37,104069.99999999987,-2.6200056142980133
2024-02-26 21:29:00+00:00,20.000000000010232,short,oos,,77.595,77.57499999999999,1,4,104089.99999999987,-2.6012912884816006
2024-02-26 21:41:00+00:00,30.000000000001137,long,oos,,77.555,77.58500000000001,1,10,104119.99999999988,-2.5732197997569686
2024-02-26 21:50:00+00:00,4.9999999999954525,short,oos,,77.6,77.595,1,5,104124.99999999987,-2.568541218302879
2024-02-26 21:59:00+00:00,30.000000000001137,long,oos,,77.565,77.595,1,6,104154.99999999987,-2.5404697295782603
2024-02-26 23:37:00+00:00,50.00000000001137,long,oos,,77.57499999999999,77.625,1,27,104204.99999999988,-2.4936839150372156
2024-02-26 23:50:00+00:00,9.999999999990905,short,oos,,77.655,77.64500000000001,1,6,104214.99999999987,-2.4843267521290233
2024-02-26 23:59:00+00:00,10.000000000019327,long,oos,,77.63499999999999,77.64500000000001,1,1,104224.9999999999,-2.4749695892207897
2024-02-27 00:18:00+00:00,-30.000000000001137,long,oos,,77.63499999999999,77.60499999999999,1,13,104194.9999999999,-2.5030410779454084
2024-02-27 00:38:00+00:00,0.0,short,oos,,77.64500000000001,77.64500000000001,1,14,104194.9999999999,-2.5030410779454084
2024-02-27 00:42:00+00:00,20.000000000010232,long,oos,,77.625,77.64500000000001,1,2,104214.9999999999,-2.484326752128996
2024-02-27 00:55:00+00:00,20.000000000010232,short,oos,,77.67500000000001,77.655,1,4,104234.99999999991,-2.46561242631257
2024-02-27 01:07:00+00:00,0.0,short,oos,,77.735,77.735,1,6,104234.99999999991,-2.46561242631257
2024-02-27 01:32:00+00:00,-15.000000000000568,long,oos,,77.64,77.625,1,18,104219.99999999991,-2.479648170674879
2024-02-27 01:57:00+00:00,30.000000000001137,short,oos,,77.655,77.625,1,14,104249.99999999991,-2.4515766819502605
2024-02-27 02:35:00+00:00,-60.000000000002274,long,oos,,77.565,77.505,1,18,104189.99999999991,-2.507719659399498
2024-02-27 02:51:00+00:00,0.0,short,oos,,77.535,77.535,1,14,104189.99999999991,-2.507719659399498
2024-02-27 02:58:00+00:00,24.999999999991473,short,oos,,77.57,77.545,1,4,104214.9999999999,-2.484326752128996
2024-02-27 03:08:00+00:00,-10.000000000005116,long,oos,,77.525,77.515,1,8,104204.9999999999,-2.4936839150372023
2024-02-27 03:37:00+00:00,-19.99999999999602,short,oos,,77.545,77.565,1,19,104184.9999999999,-2.5123982408536145
2024-02-27 04:02:00+00:00,-30.000000000001137,long,oos,,77.545,77.515,1,19,104154.9999999999,-2.5404697295782332
2024-02-27 04:18:00+00:00,-9.999999999990905,short,oos,,77.525,77.535,1,12,104144.99999999991,-2.549826892486426
2024-02-27 04:35:00+00:00,-30.000000000001137,short,oos,,77.555,77.58500000000001,1,15,104114.99999999991,-2.5778983812110448
2024-02-27 05:01:00+00:00,-9.999999999990905,long,oos,,77.565,77.555,1,18,104104.99999999991,-2.587255544119251
2024-02-27 05:27:00+00:00,-39.99999999999204,short,oos,,77.565,77.60499999999999,1,17,104064.99999999993,-2.624684195752062
2024-02-27 05:38:00+00:00,14.999999999986358,short,oos,,77.63499999999999,77.62,1,6,104079.99999999991,-2.6106484513897663
2024-02-27 06:07:00+00:00,-60.000000000002274,short,oos,,77.655,77.715,1,19,104019.99999999991,-2.6667914288390033
2024-02-27 06:35:00+00:00,0.0,short,oos,,77.755,77.755,1,11,104019.99999999991,-2.6667914288390033
2024-02-27 06:49:00+00:00,19.99999999999602,short,oos,,77.785,77.765,1,13,104039.99999999991,-2.648077103022591
2024-02-27 07:02:00+00:00,20.000000000010232,long,oos,,77.725,77.745,1,3,104059.99999999991,-2.6293627772061785
2024-02-27 07:10:00+00:00,25.000000000005684,long,oos,,77.72,77.745,1,1,104084.99999999993,-2.6059698699356497
2024-02-27 07:19:00+00:00,-19.99999999999602,short,oos,,77.765,77.785,1,7,104064.99999999993,-2.624684195752062
2024-02-27 07:54:00+00:00,-50.00000000001137,short,oos,,77.845,77.89500000000001,1,23,104014.99999999991,-2.6714700102931066
2024-02-27 08:07:00+00:00,-10.000000000019327,long,oos,,77.83500000000001,77.82499999999999,1,9,104004.9999999999,-2.6808271732013265
2024-02-27 08:20:00+00:00,39.99999999999204,short,oos,,77.88499999999999,77.845,1,5,104044.99999999988,-2.6433985215685154
2024-02-27 08:28:00+00:00,50.00000000001137,long,oos,,77.755,77.805,1,3,104094.9999999999,-2.5966127070274703
2024-02-27 08:34:00+00:00,50.00000000001137,long,oos,,77.725,77.775,1,2,104144.99999999991,-2.549826892486426
2024-02-27 08:43:00+00:00,40.00000000000625,long,oos,,77.735,77.775,1,3,104184.99999999991,-2.512398240853601
2024-02-27 09:06:00+00:00,-170.00000000001592,long,oos,,77.745,77.57499999999999,1,20,104014.9999999999,-2.6714700102931204
2024-02-27 09:20:00+00:00,30.000000000001137,long,oos,,77.485,77.515,1,10,104044.9999999999,-2.6433985215685016
2024-02-27 09:53:00+00:00,-120.00000000000455,short,oos,,77.565,77.685,1,26,103924.9999999999,-2.755684476466976
2024-02-27 09:55:00+00:00,50.00000000001137,long,oos,,77.63499999999999,77.685,1,1,103974.99999999991,-2.7088986619259314
2024-02-27 10:03:00+00:00,40.00000000000625,short,oos,,77.765,77.725,1,4,104014.99999999991,-2.6714700102931066
2024-02-27 10:15:00+00:00,64.99999999999773,long,oos,,77.655,77.72,1,1,104079.99999999991,-2.6106484513897663
2024-02-27 10:38:00+00:00,-109.99999999998522,long,oos,,77.66499999999999,77.555,1,16,103969.99999999993,-2.713577243380021
2024-02-27 10:57:00+00:00,169.9999999999875,short,oos,,77.595,77.42500000000001,1,13,104139.99999999991,-2.554505473940529
2024-02-27 11:24:00+00:00,-40.00000000000625,long,oos,,77.305,77.265,1,15,104099.99999999991,-2.5919341255733537
2024-02-27 11:42:00+00:00,40.00000000000625,short,oos,,77.295,77.255,1,4,104139.99999999991,-2.554505473940529
2024-02-27 11:48:00+00:00,50.00000000001137,long,oos,,77.195,77.245,1,2,104189.99999999993,-2.507719659399484
2024-02-27 12:11:00+00:00,120.00000000000455,long,oos,,77.195,77.315,1,18,104309.99999999993,-2.3954337045010097
2024-02-27 12:48:00+00:00,60.000000000002274,short,oos,,77.435,77.375,1,20,104369.99999999993,-2.339290727051772
2024-02-27 13:14:00+00:00,-110.00000000001364,short,oos,,77.38499999999999,77.495,1,21,104259.99999999991,-2.4422195190420544
2024-02-27 13:25:00+00:00,75.00000000001705,long,oos,,77.44999999999999,77.525,1,1,104334.99999999994,-2.3720407972304804
2024-02-27 13:44:00+00:00,-40.00000000000625,long,oos,,77.455,77.41499999999999,1,13,104294.99999999993,-2.409469448863319
2024-02-27 14:15:00+00:00,-510.0000000000051,short,oos,,77.515,78.025,1,27,103784.99999999993,-2.886684757181836
2024-02-27 14:55:00+00:00,250.0,long,oos,,77.975,78.225,1,25,104034.99999999993,-2.6527556844766806
2024-02-27 15:26:00+00:00,99.99999999999432,short,oos,,78.315,78.215,1,16,104134.99999999991,-2.559184055394632
2024-02-27 15:40:00+00:00,145.00000000001023,short,oos,,78.345,78.19999999999999,1,5,104279.99999999993,-2.4235051932256284
2024-02-27 16:08:00+00:00,-10.000000000019327,short,oos,,78.35499999999999,78.36500000000001,1,12,104269.99999999991,-2.432862356133848
2024-02-27 16:37:00+00:00,60.000000000002274,short,oos,,78.465,78.405,1,16,104329.99999999991,-2.376719378684611
2024-02-27 16:46:00+00:00,49.99999999998295,short,oos,,78.475,78.42500000000001,1,7,104379.9999999999,-2.329933564143593
2024-02-27 17:06:00+00:00,20.000000000010232,long,oos,,78.35499999999999,78.375,1,10,104399.99999999991,-2.3112192383271672
2024-02-27 17:13:00+00:00,0.0,long,oos,,78.285,78.285,1,6,104399.99999999991,-2.3112192383271672
2024-02-27 17:29:00+00:00,25.000000000005684,short,oos,,78.405,78.38,1,9,104424.99999999991,-2.287826331056652
2024-02-27 17:58:00+00:00,-130.00000000000966,long,oos,,78.235,78.10499999999999,1,22,104294.9999999999,-2.409469448863346
2024-02-27 18:13:00+00:00,-149.99999999997726,short,oos,,78.42500000000001,78.57499999999999,1,13,104144.99999999993,-2.5498268924864123
2024-02-27 18:26:00+00:00,79.9999999999983,short,oos,,78.785,78.705,1,2,104224.99999999993,-2.4749695892207626
2024-02-27 18:34:00+00:00,49.99999999999716,short,oos,,78.765,78.715,1,1,104274.99999999991,-2.428183774679745
2024-02-27 18:54:00+00:00,-39.99999999999204,short,oos,,78.775,78.815,1,13,104234.99999999993,-2.465612426312556
2024-02-27 19:03:00+00:00,119.99999999999034,long,oos,,78.705,78.82499999999999,1,2,104354.99999999991,-2.3533264714140953
2024-02-27 19:27:00+00:00,90.00000000000341,long,oos,,78.695,78.785,1,8,104444.99999999993,-2.269112005240226
2024-02-27 19:51:00+00:00,10.000000000005116,long,oos,,78.735,78.745,1,11,104454.99999999993,-2.2597548423320193
2024-02-27 19:56:00+00:00,39.99999999999204,short,oos,,78.785,78.745,1,3,104494.99999999991,-2.2223261906992082
2024-02-27 20:13:00+00:00,19.99999999998181,long,oos,,78.67500000000001,78.695,1,9,104514.9999999999,-2.2036118648828094
2024-02-27 20:27:00+00:00,19.99999999998181,long,oos,,78.64500000000001,78.66499999999999,1,5,104534.99999999988,-2.1848975390664105
2024-02-27 20:33:00+00:00,19.99999999999602,short,oos,,78.705,78.685,1,4,104554.99999999988,-2.1661832132499983
2024-02-27 21:06:00+00:00,-20.000000000010232,long,oos,,78.67500000000001,78.655,1,13,104534.99999999987,-2.1848975390664243
2024-02-27 21:16:00+00:00,9.999999999990905,long,oos,,78.625,78.63499999999999,1,3,104544.99999999985,-2.175540376158232
2024-02-27 21:36:00+00:00,-110.00000000001364,long,oos,,78.61500000000001,78.505,1,7,104434.99999999984,-2.2784691681485136
2024-02-27 22:00:00+00:00,15.000000000000568,long,oos,,78.505,78.52,1,2,104449.99999999984,-2.2644334237862043
2024-02-27 22:58:00+00:00,-10.000000000005116,long,oos,,78.515,78.505,1,4,104439.99999999984,-2.273790586694411
2024-02-27 23:11:00+00:00,345.0000000000131,short,oos,,78.73,78.38499999999999,1,11,104784.99999999985,-1.9509684663612823
2024-02-27 23:30:00+00:00,19.99999999998181,short,oos,,78.445,78.42500000000001,1,8,104804.99999999984,-1.9322541405448836
2024-02-27 23:35:00+00:00,9.999999999990905,long,oos,,78.39500000000001,78.405,1,4,104814.99999999983,-1.922896977636691
2024-02-27 23:55:00+00:00,9.999999999990905,short,oos,,78.41499999999999,78.405,1,3,104824.99999999981,-1.9135398147284983
2024-02-27 23:59:00+00:00,9.999999999990905,short,oos,,78.41499999999999,78.405,1,2,104834.99999999981,-1.9041826518202922
2024-02-28 00:09:00+00:00,0.0,long,oos,,78.39500000000001,78.39500000000001,1,8,104834.99999999981,-1.9041826518202922
2024-02-28 00:27:00+00:00,-20.000000000010232,short,oos,,78.41499999999999,78.435,1,12,104814.9999999998,-1.9228969776367182
2024-02-28 00:58:00+00:00,-40.00000000000625,short,oos,,78.505,78.545,1,23,104774.9999999998,-1.960325629269543
2024-02-28 01:14:00+00:00,40.00000000000625,short,oos,,78.555,78.515,1,1,104814.9999999998,-1.9228969776367182
2024-02-28 01:24:00+00:00,30.000000000001137,short,oos,,78.565,78.535,1,6,104844.9999999998,-1.8948254889120997
2024-02-28 01:39:00+00:00,30.000000000001137,long,oos,,78.475,78.505,1,7,104874.9999999998,-1.866754000187481
2024-02-28 01:56:00+00:00,-10.000000000005116,short,oos,,78.545,78.555,1,12,104864.9999999998,-1.876111163095687
2024-02-28 02:10:00+00:00,30.000000000001137,long,oos,,78.525,78.555,1,4,104894.9999999998,-1.8480396743710683
2024-02-28 02:36:00+00:00,-20.000000000010232,short,oos,,78.595,78.61500000000001,1,12,104874.99999999978,-1.8667540001874945
2024-02-28 02:49:00+00:00,20.000000000010232,long,oos,,78.595,78.61500000000001,1,3,104894.9999999998,-1.8480396743710683
2024-02-28 02:58:00+00:00,-9.999999999990905,long,oos,,78.595,78.58500000000001,1,7,104884.99999999981,-1.8573968372792609
2024-02-28 03:11:00+00:00,40.00000000000625,long,oos,,78.515,78.555,1,1,104924.99999999981,-1.819968185646436
2024-02-28 03:22:00+00:00,19.99999999999602,long,oos,,78.495,78.515,1,6,104944.99999999981,-1.8012538598300236
2024-02-28 03:53:00+00:00,-39.99999999999204,short,oos,,78.555,78.595,1,21,104904.99999999981,-1.8386825114628487
2024-02-28 03:59:00+00:00,20.000000000010232,short,oos,,78.61500000000001,78.595,1,1,104924.99999999983,-1.8199681856464225
2024-02-28 04:30:00+00:00,0.0,long,oos,,78.565,78.565,1,12,104924.99999999983,-1.8199681856464225
2024-02-28 04:55:00+00:00,-20.000000000010232,long,oos,,78.555,78.535,1,12,104904.99999999981,-1.8386825114628487
2024-02-28 05:09:00+00:00,10.000000000005116,short,oos,,78.545,78.535,1,4,104914.99999999983,-1.8293253485546286
2024-02-28 05:27:00+00:00,-40.00000000000625,short,oos,,78.545,78.58500000000001,1,17,104874.99999999981,-1.8667540001874674
2024-02-28 05:38:00+00:00,9.999999999990905,long,oos,,78.555,78.565,1,5,104884.99999999981,-1.8573968372792609
2024-02-28 05:48:00+00:00,20.000000000010232,short,oos,,78.595,78.57499999999999,1,4,104904.99999999981,-1.8386825114628487
2024-02-28 05:51:00+00:00,30.000000000001137,short,oos,,78.60499999999999,78.57499999999999,1,1,104934.99999999981,-1.81061102273823
2024-02-28 06:10:00+00:00,10.000000000005116,long,oos,,78.545,78.555,1,6,104944.99999999983,-1.8012538598300103
2024-02-28 06:14:00+00:00,20.000000000010232,long,oos,,78.535,78.555,1,2,104964.99999999983,-1.7825395340135977
2024-02-28 06:33:00+00:00,-10.000000000005116,long,oos,,78.515,78.505,1,13,104954.99999999983,-1.791896696921804
2024-02-28 06:56:00+00:00,-60.000000000002274,long,oos,,78.475,78.41499999999999,1,13,104894.99999999983,-1.8480396743710412
2024-02-28 07:23:00+00:00,19.99999999998181,long,oos,,78.36500000000001,78.38499999999999,1,16,104914.99999999981,-1.8293253485546426
2024-02-28 07:43:00+00:00,-79.9999999999983,short,oos,,78.405,78.485,1,15,104834.99999999981,-1.9041826518202922
2024-02-28 08:01:00+00:00,10.000000000005116,long,oos,,78.445,78.455,1,9,104844.99999999981,-1.894825488912086
2024-02-28 09:00:00+00:00,-389.99999999998636,long,oos,,78.38499999999999,77.995,1,47,104454.99999999983,-2.2597548423321148
2024-02-28 09:18:00+00:00,-49.99999999999716,long,oos,,77.955,77.905,1,10,104404.99999999983,-2.3065406568731457
2024-02-28 09:35:00+00:00,-80.0000000000125,short,oos,,78.005,78.08500000000001,1,14,104324.99999999981,-2.381397960138809
2024-02-28 09:53:00+00:00,0.0,long,oos,,78.015,78.015,1,12,104324.99999999981,-2.381397960138809
2024-02-28 09:59:00+00:00,69.99999999999318,short,oos,,78.07499999999999,78.005,1,3,104394.99999999981,-2.315897819781366
2024-02-28 10:18:00+00:00,80.0000000000125,short,oos,,78.11500000000001,78.035,1,3,104474.99999999983,-2.2410405165157026
2024-02-28 10:35:00+00:00,-19.99999999999602,long,oos,,78.015,77.995,1,7,104454.99999999983,-2.2597548423321148
2024-02-28 10:56:00+00:00,19.99999999999602,short,oos,,78.035,78.015,1,4,104474.99999999983,-2.2410405165157026
2024-02-28 11:02:00+00:00,30.000000000001137,long,oos,,77.985,78.015,1,1,104504.99999999983,-2.212969027791084
2024-02-28 11:10:00+00:00,40.00000000000625,short,oos,,78.08500000000001,78.045,1,6,104544.99999999983,-2.175540376158259
2024-02-28 11:25:00+00:00,0.0,short,oos,,78.11500000000001,78.11500000000001,1,11,104544.99999999983,-2.175540376158259
2024-02-28 11:39:00+00:00,34.99999999999659,long,oos,,78.08500000000001,78.12,1,1,104579.99999999983,-2.142790305979537
2024-02-28 12:00:00+00:00,-49.99999999999716,long,oos,,78.065,78.015,1,15,104529.99999999983,-2.1895761205205684
2024-02-28 12:13:00+00:00,80.0000000000125,short,oos,,78.11500000000001,78.035,1,8,104609.99999999984,-2.114718817254905
2024-02-28 12:37:00+00:00,60.000000000002274,long,oos,,77.975,78.035,1,13,104669.99999999984,-2.0585758398056675
2024-02-28 12:48:00+00:00,0.0,short,oos,,78.11500000000001,78.11500000000001,1,9,104669.99999999984,-2.0585758398056675
2024-02-28 13:28:00+00:00,579.9999999999841,long,oos,,78.08500000000001,78.66499999999999,1,31,105249.99999999983,-1.5158603911297204
2024-02-28 13:36:00+00:00,30.000000000001137,short,oos,,78.775,78.745,1,5,105279.99999999983,-1.4877889024051019
2024-02-28 13:42:00+00:00,49.99999999998295,short,oos,,78.82499999999999,78.775,1,4,105329.99999999981,-1.4410030878640843
2024-02-28 13:58:00+00:00,-130.00000000000966,short,oos,,78.85499999999999,78.985,1,13,105199.9999999998,-1.5626462056707788
2024-02-28 14:12:00+00:00,19.99999999999602,short,oos,,79.205,79.185,1,9,105219.9999999998,-1.5439318798543664
2024-02-28 14:22:00+00:00,69.99999999999318,short,oos,,79.32499999999999,79.255,1,2,105289.9999999998,-1.4784317394969229
2024-02-28 14:25:00+00:00,69.99999999999318,short,oos,,79.35499999999999,79.285,1,2,105359.99999999978,-1.412931599139493
2024-02-28 14:34:00+00:00,79.9999999999983,short,oos,,79.375,79.295,1,5,105439.99999999978,-1.3380742958738432
2024-02-28 14:56:00+00:00,-69.99999999999318,short,oos,,79.42500000000001,79.495,1,13,105369.9999999998,-1.4035744362312732
2024-02-28 15:13:00+00:00,-10.000000000019327,long,oos,,79.42500000000001,79.41499999999999,1,9,105359.99999999977,-1.4129315991395064
2024-02-28 15:39:00+00:00,-210.00000000000796,long,oos,,79.275,79.065,1,21,105149.99999999977,-1.6094320202118373
2024-02-28 16:00:00+00:00,80.0000000000125,short,oos,,79.155,79.07499999999999,1,6,105229.99999999977,-1.5345747169461874
2024-02-28 16:35:00+00:00,-609.9999999999852,long,oos,,78.91499999999999,78.305,1,30,104619.9999999998,-2.1053616543467393
2024-02-28 16:52:00+00:00,99.99999999999432,short,oos,,78.435,78.33500000000001,1,7,104719.99999999978,-2.0117900252646908
2024-02-28 17:04:00+00:00,70.00000000000739,long,oos,,78.205,78.275,1,9,104789.9999999998,-1.9462898849072336
2024-02-28 17:33:00+00:00,-439.9999999999977,short,oos,,78.39500000000001,78.83500000000001,1,24,104349.9999999998,-2.3580050528683074
2024-02-28 17:51:00+00:00,40.00000000000625,long,oos,,78.725,78.765,1,12,104389.9999999998,-2.3205764012354826
2024-02-28 18:09:00+00:00,119.99999999999034,long,oos,,78.58500000000001,78.705,1,6,104509.9999999998,-2.208290446337008
2024-02-28 18:32:00+00:00,49.99999999998295,long,oos,,78.61500000000001,78.66499999999999,1,6,104559.99999999977,-2.161504631796004
2024-02-28 18:47:00+00:00,20.000000000010232,long,oos,,78.565,78.58500000000001,1,8,104579.99999999978,-2.142790305979578
2024-02-28 19:03:00+00:00,-35.0000000000108,long,oos,,78.485,78.44999999999999,1,8,104544.99999999977,-2.175540376158313
2024-02-28 19:16:00+00:00,54.99999999999261,long,oos,,78.33500000000001,78.39,1,3,104599.99999999977,-2.124075980163179
2024-02-28 19:31:00+00:00,129.99999999999545,long,oos,,78.305,78.435,1,11,104729.99999999975,-2.0024328623565117
2024-02-28 19:59:00+00:00,-19.99999999998181,long,oos,,78.41499999999999,78.39500000000001,1,13,104709.99999999978,-2.021147188172897
2024-02-28 20:13:00+00:00,49.99999999999716,short,oos,,78.455,78.405,1,7,104759.99999999977,-1.9743613736318797
2024-02-28 20:22:00+00:00,50.00000000001137,long,oos,,78.345,78.39500000000001,1,5,104809.99999999978,-1.9275755590908348
2024-02-28 20:41:00+00:00,9.999999999990905,short,oos,,78.41499999999999,78.405,1,4,104819.99999999978,-1.9182183961826287
2024-02-28 20:45:00+00:00,30.000000000001137,long,oos,,78.36500000000001,78.39500000000001,1,1,104849.99999999978,-1.89014690745801
2024-02-28 20:55:00+00:00,30.000000000001137,long,oos,,78.35499999999999,78.38499999999999,1,3,104879.99999999978,-1.8620754187333914
2024-02-28 21:07:00+00:00,19.99999999998181,short,oos,,78.41499999999999,78.39500000000001,1,9,104899.99999999977,-1.8433610929169926
2024-02-28 21:29:00+00:00,-5.000000000009663,long,oos,,78.33500000000001,78.33,1,17,104894.99999999975,-1.8480396743711092
2024-02-28 21:53:00+00:00,-34.99999999999659,long,oos,,78.305,78.27000000000001,1,19,104859.99999999975,-1.880789744549831
2024-02-28 22:59:00+00:00,55.00000000000682,short,oos,,78.305,78.25,1,6,104914.99999999977,-1.829325348554683
2024-02-28 23:17:00+00:00,120.00000000000455,short,oos,,78.305,78.185,1,17,105034.99999999977,-1.7170393936562087
2024-02-28 23:32:00+00:00,30.000000000001137,short,oos,,78.215,78.185,1,4,105064.99999999977,-1.68896790493159
2024-02-28 23:35:00+00:00,20.000000000010232,long,oos,,78.16499999999999,78.185,1,1,105084.99999999978,-1.6702535791151638
2024-02-28 23:52:00+00:00,5.000000000009663,long,oos,,78.17,78.17500000000001,1,12,105089.99999999978,-1.665574997661061
2024-02-29 00:16:00+00:00,-39.99999999999204,long,oos,,78.155,78.11500000000001,1,23,105049.9999999998,-1.703003649293872
2024-02-29 00:42:00+00:00,0.0,short,oos,,78.125,78.125,1,17,105049.9999999998,-1.703003649293872
2024-02-29 01:10:00+00:00,280.00000000000114,long,oos,,78.11500000000001,78.39500000000001,1,18,105329.9999999998,-1.441003087864098
2024-02-29 01:31:00+00:00,30.000000000001137,long,oos,,78.275,78.305,1,9,105359.9999999998,-1.4129315991394793
2024-02-29 01:53:00+00:00,-90.00000000000341,short,oos,,78.33500000000001,78.42500000000001,1,17,105269.9999999998,-1.4971460653133353
2024-02-29 02:14:00+00:00,10.000000000005116,short,oos,,78.495,78.485,1,10,105279.9999999998,-1.487788902405129
2024-02-29 02:35:00+00:00,19.99999999999602,long,oos,,78.455,78.475,1,4,105299.9999999998,-1.4690745765887165
2024-02-29 02:43:00+00:00,10.000000000019327,long,oos,,78.41499999999999,78.42500000000001,1,7,105309.99999999981,-1.4597174136804967
2024-02-29 03:07:00+00:00,19.99999999998181,long,oos,,78.39500000000001,78.41499999999999,1,4,105329.9999999998,-1.441003087864098
2024-02-29 03:22:00+00:00,39.99999999999204,long,oos,,78.375,78.41499999999999,1,14,105369.99999999978,-1.4035744362312867
2024-02-29 03:41:00+00:00,15.00000000001478,short,oos,,78.43,78.41499999999999,1,1,105384.9999999998,-1.3895386918689638
2024-02-29 04:01:00+00:00,-39.99999999999204,short,oos,,78.435,78.475,1,16,105344.99999999981,-1.426967343501775
2024-02-29 04:07:00+00:00,20.000000000010232,long,oos,,78.445,78.465,1,2,105364.99999999983,-1.408253017685349
2024-02-29 04:24:00+00:00,20.000000000010232,short,oos,,78.495,78.475,1,5,105384.99999999983,-1.3895386918689365
2024-02-29 04:36:00+00:00,30.000000000001137,long,oos,,78.445,78.475,1,5,105414.99999999983,-1.361467203144318
2024-02-29 05:00:00+00:00,-19.99999999999602,short,oos,,78.485,78.505,1,18,105394.99999999984,-1.3801815289607167
2024-02-29 05:15:00+00:00,20.000000000010232,long,oos,,78.475,78.495,1,5,105414.99999999984,-1.3614672031443042
2024-02-29 05:27:00+00:00,0.0,short,oos,,78.505,78.505,1,4,105414.99999999984,-1.3614672031443042
2024-02-29 05:38:00+00:00,19.99999999999602,long,oos,,78.485,78.505,1,6,105434.99999999984,-1.3427528773278918
2024-02-29 05:57:00+00:00,-30.000000000001137,short,oos,,78.525,78.555,1,15,105404.99999999984,-1.3708243660525106
2024-02-29 06:11:00+00:00,19.99999999999602,long,oos,,78.515,78.535,1,11,105424.99999999984,-1.3521100402360982
2024-02-29 06:21:00+00:00,19.99999999999602,short,oos,,78.545,78.525,1,3,105444.99999999983,-1.333395714419699
2024-02-29 06:28:00+00:00,10.000000000005116,short,oos,,78.555,78.545,1,4,105454.99999999984,-1.3240385515114794
2024-02-29 06:38:00+00:00,-9.999999999990905,short,oos,,78.565,78.57499999999999,1,8,105444.99999999984,-1.3333957144196855
2024-02-29 07:12:00+00:00,-120.00000000000455,long,oos,,78.535,78.41499999999999,1,28,105324.99999999984,-1.4456816693181602
2024-02-29 07:40:00+00:00,-60.000000000002274,long,oos,,78.36500000000001,78.305,1,20,105264.99999999984,-1.5018246467673975
2024-02-29 07:53:00+00:00,24.999999999991473,short,oos,,78.33,78.305,1,5,105289.99999999983,-1.4784317394968958
2024-02-29 08:06:00+00:00,-19.99999999999602,long,oos,,78.255,78.235,1,12,105269.99999999984,-1.4971460653132944
2024-02-29 08:37:00+00:00,189.99999999999773,long,oos,,78.08500000000001,78.275,1,14,105459.99999999983,-1.31935997005739
2024-02-29 08:55:00+00:00,39.99999999999204,long,oos,,78.035,78.07499999999999,1,10,105499.99999999983,-1.281931318424565
2024-02-29 09:16:00+00:00,-129.99999999999545,short,oos,,78.195,78.32499999999999,1,13,105369.99999999983,-1.403574436231246
2024-02-29 09:50:00+00:00,-49.99999999999716,short,oos,,78.405,78.455,1,15,105319.99999999983,-1.4503602507722768
2024-02-29 10:03:00+00:00,60.000000000002274,short,oos,,78.565,78.505,1,3,105379.99999999984,-1.394217273323026
2024-02-29 10:11:00+00:00,59.99999999998806,long,oos,,78.39500000000001,78.455,1,6,105439.99999999983,-1.3380742958738023
2024-02-29 10:38:00+00:00,-9.999999999990905,short,oos,,78.555,78.565,1,9,105429.99999999983,-1.3474314587820087
2024-02-29 11:04:00+00:00,-25.000000000005684,long,oos,,78.475,78.44999999999999,1,18,105404.99999999983,-1.3708243660525241
2024-02-29 11:09:00+00:00,40.00000000000625,short,oos,,78.485,78.445,1,2,105444.99999999983,-1.333395714419699
2024-02-29 11:16:00+00:00,69.99999999999318,short,oos,,78.495,78.42500000000001,1,3,105514.99999999983,-1.2678955740622557
2024-02-29 11:44:00+00:00,-150.00000000000568,long,oos,,78.375,78.225,1,26,105364.99999999983,-1.408253017685349
2024-02-29 12:23:00+00:00,404.9999999999869,long,oos,,78.17500000000001,78.58,1,36,105769.99999999981,-1.0292879199030107
2024-02-29 12:33:00+00:00,-10.000000000019327,short,oos,,78.66499999999999,78.67500000000001,1,5,105759.99999999978,-1.0386450828112441
2024-02-29 12:47:00+00:00,19.99999999999602,short,oos,,78.785,78.765,1,9,105779.99999999978,-1.0199307569948317
2024-02-29 13:01:00+00:00,79.99999999998408,long,oos,,78.64500000000001,78.725,1,12,105859.99999999977,-0.9450734537291956
2024-02-29 13:50:00+00:00,280.00000000000114,long,oos,,78.57499999999999,78.85499999999999,1,31,106139.99999999977,-0.6830728922994215
2024-02-29 13:57:00+00:00,39.99999999999204,long,oos,,78.805,78.845,1,2,106179.99999999977,-0.6456442406665968
2024-02-29 14:15:00+00:00,-215.0000000000034,long,oos,,78.805,78.59,1,11,105964.99999999975,-0.846823243193044
2024-02-29 14:34:00+00:00,-40.00000000000625,short,oos,,78.755,78.795,1,8,105924.99999999975,-0.884251894825869
2024-02-29 14:51:00+00:00,64.99999999999773,long,oos,,78.50999999999999,78.57499999999999,1,9,105989.99999999975,-0.8234303359225285
2024-02-29 15:12:00+00:00,70.00000000000739,short,oos,,78.795,78.725,1,6,106059.99999999975,-0.7579301955650849
2024-02-29 15:31:00+00:00,9.999999999990905,long,oos,,78.465,78.475,1,13,106069.99999999975,-0.7485730326568787
2024-02-29 15:50:00+00:00,9.999999999990905,short,oos,,78.505,78.495,1,8,106079.99999999974,-0.7392158697486861
2024-02-29 16:08:00+00:00,104.99999999998977,short,oos,,78.695,78.59,1,10,106184.99999999972,-0.6409656592125345
2024-02-29 16:16:00+00:00,69.99999999999318,short,oos,,78.755,78.685,1,4,106254.99999999972,-0.5754655188550909
2024-02-29 16:29:00+00:00,-10.000000000005116,short,oos,,78.785,78.795,1,11,106244.99999999971,-0.5848226817633108
2024-02-29 16:35:00+00:00,20.000000000010232,short,oos,,78.875,78.85499999999999,1,5,106264.99999999972,-0.5661083559468847
2024-02-29 16:38:00+00:00,90.00000000000341,short,oos,,78.935,78.845,1,2,106354.99999999972,-0.48189388977302866
2024-02-29 17:07:00+00:00,-189.99999999999773,short,oos,,79.005,79.195,1,25,106164.99999999974,-0.6596799850289332
2024-02-29 17:39:00+00:00,-409.9999999999966,long,oos,,78.975,78.565,1,29,105754.99999999974,-1.0433236642653883
2024-02-29 18:03:00+00:00,70.00000000000739,long,oos,,78.445,78.515,1,4,105824.99999999974,-0.9778235239079447
2024-02-29 18:26:00+00:00,-20.000000000010232,short,oos,,78.595,78.61500000000001,1,14,105804.99999999974,-0.9965378497243571
2024-02-29 18:34:00+00:00,100.00000000000853,long,oos,,78.485,78.58500000000001,1,2,105904.99999999974,-0.9029662206422949
2024-02-29 19:04:00+00:00,70.00000000000739,long,oos,,78.455,78.525,1,3,105974.99999999975,-0.8374660802848377
2024-02-29 19:07:00+00:00,49.99999999998295,short,oos,,78.57499999999999,78.525,1,1,106024.99999999974,-0.7906802657438202
2024-02-29 19:26:00+00:00,290.00000000000625,short,oos,,78.58500000000001,78.295,1,17,106314.99999999974,-0.51932254140584
2024-02-29 19:57:00+00:00,-120.00000000000455,long,oos,,78.185,78.065,1,18,106194.99999999974,-0.6316084963043146
2024-02-29 20:08:00+00:00,10.000000000005116,long,oos,,78.005,78.015,1,7,106204.99999999974,-0.6222513333961084
2024-02-29 20:19:00+00:00,30.000000000001137,long,oos,,77.945,77.975,1,9,106234.99999999974,-0.5941798446714897
2024-02-29 21:02:00+00:00,-239.99999999999488,short,oos,,78.015,78.255,1,39,105994.99999999974,-0.818751754468439
2024-02-29 21:25:00+00:00,15.00000000001478,short,oos,,78.305,78.28999999999999,1,10,106009.99999999977,-0.8047160101061024
2024-02-29 21:41:00+00:00,0.0,long,oos,,78.285,78.285,1,10,106009.99999999977,-0.8047160101061024
2024-02-29 23:01:00+00:00,59.99999999998806,long,oos,,78.23,78.28999999999999,1,5,106069.99999999975,-0.7485730326568787
2024-02-29 23:22:00+00:00,0.0,long,oos,,78.245,78.245,1,2,106069.99999999975,-0.7485730326568787
2024-02-29 23:36:00+00:00,9.999999999990905,long,oos,,78.245,78.255,1,5,106079.99999999974,-0.7392158697486861
2024-02-29 23:42:00+00:00,10.000000000005116,long,oos,,78.235,78.245,1,4,106089.99999999974,-0.7298587068404799
2024-02-29 23:48:00+00:00,20.000000000010232,long,oos,,78.225,78.245,1,5,106109.99999999975,-0.7111443810240539
2024-02-29 23:53:00+00:00,15.00000000001478,long,oos,,78.225,78.24000000000001,1,1,106124.99999999977,-0.697108636661731
2024-03-01 00:00:00+00:00,-30.000000000001137,short,oos,end_of_data,78.255,78.285,1,2,106094.99999999977,-0.7251801253863495
