date,trade_return,direction,regime,exit_reason,entry_price,exit_price,quantity,bars_held,equity,drawdown
2024-01-01 23:52:00+00:00,-101.80000000000852,long,is,,71.98,71.88,1,28,99899.99999999999,0.0
2024-01-02 00:16:00+00:00,-122.49999999999034,short,is,,71.9,72.02,1,22,99780.0,-0.12012012012010556
2024-01-02 00:21:00+00:00,7.499999999990905,short,is,,72.05,72.04,1,3,99789.99999999999,-0.11011011011011011
2024-01-02 00:51:00+00:00,-52.49999999999716,long,is,,72.02,71.97,1,26,99740.0,-0.16016016016014561
2024-01-02 01:11:00+00:00,-571.7999999999931,short,is,,72.12,72.69,1,10,99170.0,-0.7307307307307163
2024-01-02 01:30:00+00:00,28.199999999986925,long,is,,72.46000000000001,72.49,1,9,99199.99999999999,-0.7007007007007008
2024-01-02 02:01:00+00:00,78.1999999999983,short,is,,72.56,72.48,1,7,99279.99999999999,-0.6206206206206207
2024-01-02 02:17:00+00:00,38.199999999992045,short,is,,72.58,72.54,1,5,99319.99999999999,-0.5805805805805806
2024-01-02 02:44:00+00:00,-141.80000000000058,short,is,,72.59,72.73,1,10,99179.99999999999,-0.7207207207207208
2024-01-02 03:02:00+00:00,28.200000000001136,long,is,,72.64,72.67,1,6,99209.99999999999,-0.6906906906906908
2024-01-02 03:42:00+00:00,8.200000000005115,short,is,,72.75,72.74,1,38,99219.99999999999,-0.6806806806806808
2024-01-02 04:08:00+00:00,8.200000000005115,long,is,,72.67,72.68,1,5,99229.99999999999,-0.6706706706706708
2024-01-02 04:36:00+00:00,-21.79999999999602,long,is,,72.66,72.64,1,11,99210.0,-0.6906906906906762
2024-01-02 05:20:00+00:00,-151.79999999999148,short,is,,72.68,72.83,1,40,99060.0,-0.8408408408408264
2024-01-02 05:32:00+00:00,-21.800000000010233,long,is,,72.82000000000001,72.8,1,9,99039.99999999999,-0.860860860860861
2024-01-02 05:48:00+00:00,48.19999999999716,long,is,,72.72,72.77,1,6,99089.99999999999,-0.8108108108108109
2024-01-02 06:03:00+00:00,-71.80000000000739,short,is,,72.77,72.84,1,4,99019.99999999999,-0.8808808808808809
2024-01-02 06:21:00+00:00,-1.8,short,is,,72.92,72.92,1,2,99019.99999999999,-0.8808808808808809
2024-01-02 06:35:00+00:00,-21.800000000010233,short,is,,72.94,72.96000000000001,1,8,98999.99999999997,-0.9009009009009157
2024-01-02 06:42:00+00:00,8.200000000005115,long,is,,72.92,72.93,1,3,99009.99999999997,-0.8908908908909056
2024-01-02 06:44:00+00:00,8.199999999990904,short,is,,72.97,72.96000000000001,1,1,99019.99999999997,-0.8808808808808956
2024-01-02 06:52:00+00:00,-11.800000000005117,short,is,,72.97,72.98,1,6,99009.99999999996,-0.8908908908909201
2024-01-02 07:17:00+00:00,-91.7999999999892,long,is,,72.94,72.85000000000001,1,15,98919.99999999997,-0.9809809809809956
2024-01-02 07:25:00+00:00,18.19999999999602,long,is,,72.81,72.83,1,4,98939.99999999997,-0.9609609609609757
2024-01-02 07:32:00+00:00,8.199999999990904,short,is,,72.86,72.85000000000001,1,4,98949.99999999996,-0.9509509509509801
2024-01-02 07:57:00+00:00,-121.79999999999033,long,is,,72.8,72.68,1,21,98829.99999999997,-1.0710710710710858
2024-01-02 08:07:00+00:00,-21.79999999999602,short,is,,72.72,72.74,1,6,98809.99999999997,-1.0910910910911058
2024-01-02 08:24:00+00:00,-71.79999999999318,long,is,,72.63,72.56,1,14,98739.99999999999,-1.1611611611611612
2024-01-02 08:32:00+00:00,78.1999999999983,long,is,,72.48,72.56,1,1,98819.99999999999,-1.0810810810810814
2024-01-02 09:01:00+00:00,-181.80000000000683,short,is,,72.66,72.84,1,26,98639.99999999997,-1.261261261261276
2024-01-02 09:20:00+00:00,88.20000000000341,short,is,,72.93,72.84,1,9,98729.99999999997,-1.1711711711711859
2024-01-02 09:37:00+00:00,-31.800000000001138,short,is,,73.07000000000001,73.10000000000001,1,13,98699.99999999997,-1.2012012012012159
2024-01-02 09:50:00+00:00,88.20000000000341,long,is,,72.94,73.03,1,8,98789.99999999997,-1.1111111111111258
2024-01-02 09:57:00+00:00,78.1999999999983,short,is,,73.16,73.08,1,2,98869.99999999997,-1.0310310310310458
2024-01-02 10:20:00+00:00,-81.79999999999829,short,is,,73.26,73.34,1,18,98789.99999999997,-1.1111111111111258
2024-01-02 10:53:00+00:00,38.199999999992045,short,is,,73.44,73.4,1,10,98829.99999999997,-1.0710710710710858
2024-01-02 11:04:00+00:00,8.199999999990904,short,is,,73.47,73.46000000000001,1,4,98839.99999999996,-1.0610610610610904
2024-01-02 11:22:00+00:00,-121.79999999999033,long,is,,73.38,73.26,1,16,98719.99999999997,-1.181181181181196
2024-01-02 11:42:00+00:00,-61.80000000000227,long,is,,73.19,73.13,1,11,98659.99999999997,-1.241241241241256
2024-01-02 12:02:00+00:00,8.200000000005115,short,is,,73.23,73.22,1,5,98669.99999999997,-1.231231231231246
2024-01-02 12:04:00+00:00,48.19999999999716,short,is,,73.27,73.22,1,1,98719.99999999997,-1.181181181181196
2024-01-02 12:52:00+00:00,298.19999999999715,short,is,,73.36,73.06,1,42,99019.99999999997,-0.8808808808808956
2024-01-02 13:05:00+00:00,-91.7999999999892,short,is,,73.10000000000001,73.19,1,11,98929.99999999999,-0.9709709709709712
2024-01-02 13:16:00+00:00,128.20000000000965,long,is,,73.02,73.15,1,6,99059.99999999999,-0.840840840840841
2024-01-02 13:27:00+00:00,128.19999999999544,short,is,,73.28,73.15,1,4,99189.99999999999,-0.7107107107107108
2024-01-02 13:37:00+00:00,38.200000000006256,short,is,,73.28,73.24,1,6,99229.99999999999,-0.6706706706706708
2024-01-02 13:49:00+00:00,78.1999999999983,short,is,,73.4,73.32000000000001,1,5,99309.99999999999,-0.5905905905905907
2024-01-02 14:21:00+00:00,638.2000000000006,short,is,,73.42,72.78,1,23,99949.99999999999,0.0
2024-01-02 14:53:00+00:00,-901.8000000000056,long,is,,72.54,71.64,1,31,99049.99999999999,-0.9004502251125565
2024-01-02 14:59:00+00:00,158.19999999999658,long,is,,71.39,71.55,1,4,99209.99999999999,-0.7403701850925464
2024-01-02 15:10:00+00:00,198.19999999998862,short,is,,71.8,71.60000000000001,1,8,99409.99999999997,-0.5402701350675484
2024-01-02 15:19:00+00:00,148.20000000000567,long,is,,71.5,71.65,1,1,99559.99999999997,-0.390195097548789
2024-01-02 15:25:00+00:00,108.19999999999943,short,is,,71.8,71.69,1,3,99669.99999999997,-0.2801400700350321
2024-01-02 15:38:00+00:00,98.19999999999432,short,is,,71.83,71.73,1,2,99769.99999999997,-0.18009004502252585
2024-01-02 15:46:00+00:00,78.20000000001251,short,is,,71.96000000000001,71.88,1,6,99849.99999999999,-0.10005002501250626
2024-01-02 16:01:00+00:00,68.20000000000739,long,is,,71.61,71.68,1,11,99919.99999999999,-0.03001500750375188
2024-01-02 16:45:00+00:00,-681.8000000000068,long,is,,71.29,70.61,1,34,99239.99999999999,-0.7103551775887945
2024-01-02 16:56:00+00:00,68.20000000000739,short,is,,70.7,70.63,1,10,99309.99999999999,-0.6403201600800401
2024-01-02 17:07:00+00:00,88.20000000000341,short,is,,70.87,70.78,1,7,99399.99999999999,-0.5502751375687844
2024-01-02 17:29:00+00:00,-41.79999999999204,long,is,,70.74,70.7,1,10,99360.0,-0.5902951475737724
2024-01-02 17:37:00+00:00,68.19999999999318,short,is,,70.83,70.76,1,2,99429.99999999999,-0.5202601300650326
2024-01-02 18:01:00+00:00,-221.80000000001309,short,is,,70.88,71.10000000000001,1,18,99209.99999999999,-0.7403701850925464
2024-01-02 18:18:00+00:00,98.20000000000853,long,is,,71.02,71.12,1,5,99309.99999999999,-0.6403201600800401
2024-01-02 18:22:00+00:00,58.20000000000228,long,is,,71.02,71.08,1,1,99369.99999999999,-0.5802901450725363
2024-01-02 18:33:00+00:00,-21.79999999999602,long,is,,70.95,70.93,1,7,99350.0,-0.600300150075023
2024-01-02 18:52:00+00:00,-191.79999999999774,long,is,,70.67,70.48,1,14,99160.0,-0.7903951975987848
2024-01-02 19:12:00+00:00,-141.80000000000058,long,is,,70.38,70.24,1,15,99020.0,-0.9304652326162937
2024-01-02 19:17:00+00:00,148.20000000000567,short,is,,70.43,70.28,1,3,99170.0,-0.7803901950975343
2024-01-02 19:50:00+00:00,-11.800000000005117,short,is,,70.53,70.54,1,19,99160.0,-0.7903951975987848
2024-01-02 20:03:00+00:00,18.19999999999602,long,is,,70.5,70.52,1,4,99179.99999999999,-0.7703851925962982
2024-01-02 20:12:00+00:00,38.200000000006256,short,is,,70.62,70.58,1,7,99220.0,-0.7303651825912811
2024-01-02 20:30:00+00:00,8.199999999990904,short,is,,70.61,70.60000000000001,1,1,99229.99999999999,-0.7203601800900451
2024-01-02 20:54:00+00:00,-101.80000000000852,long,is,,70.54,70.44,1,21,99129.99999999999,-0.8204102051025514
2024-01-02 21:16:00+00:00,48.19999999999716,long,is,,70.42,70.47,1,16,99179.99999999999,-0.7703851925962982
2024-01-02 21:22:00+00:00,8.200000000005115,short,is,,70.53,70.52,1,4,99189.99999999999,-0.7603801900950476
2024-01-02 21:35:00+00:00,-41.80000000000625,short,is,,70.53,70.57000000000001,1,8,99149.99999999997,-0.8004002001000647
2024-01-02 21:56:00+00:00,-1.8,long,is,,70.54,70.54,1,2,99149.99999999997,-0.8004002001000647
2024-01-02 23:02:00+00:00,18.19999999999602,long,is,,70.5,70.52,1,13,99169.99999999997,-0.7803901950975635
2024-01-02 23:32:00+00:00,-41.79999999999204,long,is,,70.5,70.46000000000001,1,12,99129.99999999999,-0.8204102051025514
2024-01-02 23:50:00+00:00,-1.8,long,is,,70.46000000000001,70.46000000000001,1,13,99129.99999999999,-0.8204102051025514
2024-01-03 00:11:00+00:00,7.499999999990905,long,is,,70.46000000000001,70.47,1,4,99139.99999999997,-0.8104052026013154
2024-01-03 00:23:00+00:00,-12.499999999990905,long,is,,70.47,70.46000000000001,1,3,99129.99999999999,-0.8204102051025514
2024-01-03 00:47:00+00:00,-42.49999999999204,short,is,,70.48,70.52,1,20,99089.99999999999,-0.8604302151075539
2024-01-03 00:58:00+00:00,-22.49999999999602,long,is,,70.52,70.5,1,4,99070.0,-0.8804402201100406
2024-01-03 01:02:00+00:00,18.20000000001023,short,is,,70.54,70.52,1,1,99090.0,-0.8604302151075393
2024-01-03 01:11:00+00:00,-21.79999999999602,short,is,,70.59,70.61,1,8,99070.00000000001,-0.8804402201100261
2024-01-03 01:27:00+00:00,-51.799999999997155,long,is,,70.47,70.42,1,15,99020.00000000001,-0.9304652326162791
2024-01-03 01:33:00+00:00,58.20000000000228,long,is,,70.36,70.42,1,3,99080.00000000001,-0.8704352176087754
2024-01-03 02:05:00+00:00,28.200000000001136,long,is,,70.36,70.39,1,25,99110.00000000001,-0.8404202101050235
2024-01-03 02:33:00+00:00,-1.8,short,is,,70.42,70.42,1,5,99110.00000000001,-0.8404202101050235
2024-01-03 02:47:00+00:00,-1.8,short,is,,70.42,70.42,1,4,99110.00000000001,-0.8404202101050235
2024-01-03 02:54:00+00:00,-11.799999999990906,short,is,,70.43,70.44,1,3,99100.00000000003,-0.8504252126062597
2024-01-03 03:07:00+00:00,-21.800000000010233,short,is,,70.44,70.46000000000001,1,4,99080.00000000001,-0.8704352176087754
2024-01-03 03:22:00+00:00,-11.799999999990906,long,is,,70.38,70.37,1,12,99070.00000000001,-0.8804402201100261
2024-01-03 03:32:00+00:00,-11.799999999990906,long,is,,70.33,70.32000000000001,1,7,99060.00000000003,-0.8904452226112622
2024-01-03 03:52:00+00:00,-41.80000000000625,short,is,,70.33,70.37,1,9,99020.00000000003,-0.9304652326162646
2024-01-03 04:13:00+00:00,-21.79999999999602,long,is,,70.36,70.34,1,5,99000.00000000003,-0.950475237618766
2024-01-03 04:29:00+00:00,-21.79999999999602,long,is,,70.36,70.34,1,14,98980.00000000003,-0.9704852426212671
2024-01-03 04:58:00+00:00,-31.800000000001138,long,is,,70.36,70.33,1,15,98950.00000000003,-1.0005002501250189
2024-01-03 05:26:00+00:00,-41.80000000000625,long,is,,70.32000000000001,70.28,1,15,98910.00000000003,-1.0405202601300214
2024-01-03 05:32:00+00:00,-1.8,long,is,,70.12,70.12,1,2,98910.00000000003,-1.0405202601300214
2024-01-03 05:52:00+00:00,-1.8,short,is,,70.2,70.2,1,2,98910.00000000003,-1.0405202601300214
2024-01-03 06:06:00+00:00,-21.800000000010233,short,is,,70.24,70.26,1,8,98890.00000000001,-1.0605302651325372
2024-01-03 06:21:00+00:00,48.19999999999716,short,is,,70.4,70.35000000000001,1,5,98940.00000000001,-1.010505252626284
2024-01-03 06:41:00+00:00,8.199999999990904,long,is,,70.35000000000001,70.36,1,5,98950.0,-1.0005002501250482
2024-01-03 07:01:00+00:00,-21.79999999999602,short,is,,70.36,70.38,1,6,98930.0,-1.0205102551275493
2024-01-03 07:11:00+00:00,-1.8,long,is,,70.32000000000001,70.32000000000001,1,5,98930.0,-1.0205102551275493
2024-01-03 07:23:00+00:00,8.199999999990904,long,is,,70.29,70.3,1,5,98940.0,-1.0105052526262988
2024-01-03 07:34:00+00:00,-11.800000000005117,long,is,,70.29,70.28,1,4,98930.0,-1.0205102551275493
2024-01-03 07:51:00+00:00,-1.8,long,is,,70.24,70.24,1,2,98930.0,-1.0205102551275493
2024-01-03 08:07:00+00:00,-121.80000000000454,long,is,,70.18,70.06,1,15,98809.99999999999,-1.1405702851425714
2024-01-03 08:26:00+00:00,28.200000000001136,long,is,,69.88,69.91,1,15,98839.99999999999,-1.1105552776388197
2024-01-03 08:42:00+00:00,58.20000000000228,long,is,,69.8,69.86,1,15,98899.99999999999,-1.050525262631316
2024-01-03 08:58:00+00:00,38.199999999992045,short,is,,70.0,69.96000000000001,1,11,98939.99999999999,-1.0105052526263134
2024-01-03 09:08:00+00:00,68.20000000000739,long,is,,69.78,69.85000000000001,1,7,99009.99999999999,-0.9404702351175589
2024-01-03 09:30:00+00:00,-181.80000000000683,long,is,,69.65,69.47,1,16,98829.99999999999,-1.12056028014007
2024-01-03 09:56:00+00:00,-321.8000000000074,short,is,,69.66,69.98,1,23,98509.99999999997,-1.4407203601801049
2024-01-03 10:07:00+00:00,88.1999999999892,short,is,,70.13,70.04,1,2,98599.99999999997,-1.3506753376688492
2024-01-03 10:15:00+00:00,68.19999999999318,long,is,,69.87,69.94,1,4,98669.99999999996,-1.2806403201601093
2024-01-03 10:18:00+00:00,78.1999999999983,long,is,,69.86,69.94,1,2,98749.99999999996,-1.2006003001501044
2024-01-03 10:43:00+00:00,78.1999999999983,long,is,,69.98,70.06,1,4,98829.99999999996,-1.1205602801400993
2024-01-03 10:46:00+00:00,78.1999999999983,short,is,,70.14,70.06,1,1,98909.99999999996,-1.0405202601300945
2024-01-03 10:53:00+00:00,88.1999999999892,long,is,,69.96000000000001,70.05,1,3,98999.99999999994,-0.9504752376188532
2024-01-03 11:04:00+00:00,48.20000000001137,long,is,,69.91,69.96000000000001,1,8,99049.99999999996,-0.9004502251125855
2024-01-03 11:30:00+00:00,-131.79999999999546,short,is,,70.09,70.22,1,24,98919.99999999996,-1.0305152576288437
2024-01-03 11:33:00+00:00,38.199999999992045,long,is,,70.18,70.22,1,2,98959.99999999996,-0.9904952476238411
2024-01-03 11:47:00+00:00,38.200000000006256,short,is,,70.32000000000001,70.28,1,3,98999.99999999996,-0.9504752376188386
2024-01-03 12:02:00+00:00,188.19999999999771,long,is,,70.19,70.38,1,10,99189.99999999996,-0.7603801900950767
2024-01-03 12:26:00+00:00,8.200000000005115,long,is,,70.36,70.37,1,10,99199.99999999996,-0.7503751875938262
2024-01-03 12:43:00+00:00,-351.7999999999943,short,is,,70.46000000000001,70.81,1,10,98849.99999999997,-1.1005502751375835
2024-01-03 13:07:00+00:00,-61.80000000000227,short,is,,71.0,71.06,1,9,98789.99999999996,-1.160580290145102
2024-01-03 13:18:00+00:00,118.19999999999034,long,is,,70.9,71.02,1,5,98909.99999999996,-1.0405202601300945
2024-01-03 13:32:00+00:00,-21.79999999999602,long,is,,70.88,70.86,1,11,98889.99999999996,-1.0605302651325956
2024-01-03 13:41:00+00:00,138.20000000000056,short,is,,71.06,70.92,1,4,99029.99999999996,-0.9204602301150867
2024-01-03 14:35:00+00:00,668.2000000000018,long,is,,70.79,71.46000000000001,1,46,99699.99999999996,-0.2501250625312948
2024-01-03 14:41:00+00:00,128.19999999999544,short,is,,71.78,71.65,1,2,99829.99999999996,-0.12006003001503664
2024-01-03 15:16:00+00:00,-581.7999999999982,short,is,,71.8,72.38,1,17,99249.99999999996,-0.700350175087573
2024-01-03 15:22:00+00:00,118.19999999999034,long,is,,72.26,72.38,1,1,99369.99999999994,-0.58029014507258
2024-01-03 15:30:00+00:00,118.20000000000455,short,is,,72.57000000000001,72.45,1,4,99489.99999999996,-0.46023011505755795
2024-01-03 15:37:00+00:00,158.19999999999658,short,is,,72.72,72.56,1,5,99649.99999999994,-0.30015007503756247
2024-01-03 16:07:00+00:00,-41.80000000000625,short,is,,72.74,72.78,1,15,99609.99999999994,-0.34017008504256496
2024-01-03 16:22:00+00:00,-11.800000000005117,long,is,,72.67,72.66,1,13,99599.99999999994,-0.3501750875438156
2024-01-03 17:00:00+00:00,-21.800000000010233,long,is,,72.4,72.38,1,12,99579.99999999993,-0.3701850925463314
2024-01-03 17:28:00+00:00,98.19999999999432,short,is,,72.5,72.4,1,4,99679.99999999993,-0.27013506753382516
2024-01-03 17:51:00+00:00,118.20000000000455,short,is,,72.62,72.5,1,8,99799.99999999993,-0.15007503751881765
2024-01-03 17:58:00+00:00,118.20000000000455,long,is,,72.44,72.56,1,2,99919.99999999993,-0.03001500750381012
2024-01-03 18:28:00+00:00,-191.79999999999774,short,is,,72.62,72.81,1,24,99729.99999999993,-0.220110055027572
2024-01-03 18:48:00+00:00,8.200000000005115,long,is,,72.74,72.75,1,14,99739.99999999994,-0.21010505252630685
2024-01-03 19:04:00+00:00,78.1999999999983,short,is,,72.78,72.7,1,13,99819.99999999994,-0.13006503251630183
2024-01-03 19:24:00+00:00,38.199999999992045,long,is,,72.62,72.66,1,8,99859.99999999993,-0.09004502251131388
2024-01-03 19:29:00+00:00,78.1999999999983,short,is,,72.74,72.66,1,1,99939.99999999993,-0.010005002501308863
2024-01-03 19:33:00+00:00,98.20000000000853,short,is,,72.82000000000001,72.72,1,2,100039.99999999994,0.0
2024-01-03 20:04:00+00:00,-1.8,short,is,,72.82000000000001,72.82000000000001,1,16,100039.99999999994,0.0
2024-01-03 20:38:00+00:00,-221.79999999999887,short,is,,72.84,73.06,1,32,99819.99999999994,-0.21991203518592575
2024-01-03 20:58:00+00:00,18.19999999999602,long,is,,73.0,73.02,1,4,99839.99999999993,-0.19992003198721978
2024-01-03 21:21:00+00:00,-11.800000000005117,long,is,,72.98,72.97,1,12,99829.99999999993,-0.20991603358658006
2024-01-03 21:34:00+00:00,118.20000000000455,short,is,,72.98,72.86,1,5,99949.99999999993,-0.0899640143942569
2024-01-03 21:46:00+00:00,-11.800000000005117,short,is,,73.0,73.01,1,5,99939.99999999993,-0.09996001599361717
2024-01-03 23:01:00+00:00,18.19999999999602,long,is,,73.0,73.02,1,9,99959.99999999993,-0.07996801279489664
2024-01-03 23:30:00+00:00,-21.79999999999602,long,is,,73.02,73.0,1,10,99939.99999999993,-0.09996001599361717
2024-01-03 23:46:00+00:00,-11.800000000005117,short,is,,73.03,73.04,1,9,99929.99999999993,-0.10995601759297743
2024-01-03 23:53:00+00:00,-11.800000000005117,short,is,,73.05,73.06,1,1,99919.99999999991,-0.11995201919235224
2024-01-04 00:22:00+00:00,-92.50000000000341,long,is,,73.01,72.92,1,21,99829.99999999991,-0.20991603358659458
2024-01-04 00:30:00+00:00,-2.5,short,is,,72.96000000000001,72.96000000000001,1,4,99829.99999999991,-0.20991603358659458
2024-01-04 01:02:00+00:00,-141.80000000000058,short,is,,72.96000000000001,73.10000000000001,1,16,99689.99999999991,-0.34986005597763825
2024-01-04 01:07:00+00:00,68.20000000000739,long,is,,72.99,73.06,1,2,99759.99999999991,-0.27988804478211643
2024-01-04 01:19:00+00:00,28.200000000001136,long,is,,73.02,73.05,1,10,99789.99999999993,-0.24990003998402108
2024-01-04 01:34:00+00:00,-21.79999999999602,long,is,,72.98,72.96000000000001,1,11,99769.99999999993,-0.2698920431827416
2024-01-04 01:57:00+00:00,-71.79999999999318,short,is,,73.12,73.19,1,17,99699.99999999993,-0.33986405437826345
2024-01-04 02:19:00+00:00,-31.800000000001138,long,is,,73.11,73.08,1,15,99669.99999999993,-0.36985205917634423
2024-01-04 02:24:00+00:00,-11.800000000005117,long,is,,73.06,73.05,1,1,99659.99999999993,-0.3798480607757045
2024-01-04 02:40:00+00:00,-71.80000000000739,long,is,,73.06,72.99,1,10,99589.99999999991,-0.44982007197124085
2024-01-04 02:48:00+00:00,8.199999999990904,long,is,,72.96000000000001,72.97,1,2,99599.99999999991,-0.4398240703718806
2024-01-04 02:52:00+00:00,-1.8,long,is,,72.96000000000001,72.96000000000001,1,1,99599.99999999991,-0.4398240703718806
2024-01-04 02:56:00+00:00,38.199999999992045,short,is,,73.02,72.98,1,1,99639.9999999999,-0.39984006397445415
2024-01-04 03:01:00+00:00,8.199999999990904,long,is,,72.96000000000001,72.97,1,3,99649.9999999999,-0.38984406237509384
2024-01-04 03:19:00+00:00,38.199999999992045,short,is,,73.02,72.98,1,17,99689.99999999988,-0.34986005597766734
2024-01-04 04:01:00+00:00,-61.80000000000227,short,is,,72.98,73.04,1,28,99629.99999999988,-0.4098360655738289
2024-01-04 04:10:00+00:00,-21.79999999999602,short,is,,73.06,73.08,1,8,99609.99999999988,-0.4298280687725494
2024-01-04 04:47:00+00:00,-131.79999999999546,short,is,,73.09,73.22,1,33,99479.99999999988,-0.5597760895642329
2024-01-04 05:05:00+00:00,-21.79999999999602,long,is,,73.2,73.18,1,6,99459.9999999999,-0.5797680927629388
2024-01-04 05:23:00+00:00,-41.79999999999204,short,is,,73.18,73.22,1,8,99419.9999999999,-0.6197520991603799
2024-01-04 05:31:00+00:00,-11.799999999990906,short,is,,73.23,73.24,1,5,99409.99999999991,-0.6297481007597255
2024-01-04 05:40:00+00:00,8.200000000005115,long,is,,73.2,73.21000000000001,1,4,99419.99999999991,-0.6197520991603653
2024-01-04 05:47:00+00:00,18.20000000001023,short,is,,73.26,73.24,1,5,99439.99999999993,-0.5997600959616303
2024-01-04 06:15:00+00:00,-161.7999999999966,short,is,,73.25,73.41,1,23,99279.99999999993,-0.7596961215513944
2024-01-04 06:21:00+00:00,-1.8,short,is,,73.42,73.42,1,2,99279.99999999993,-0.7596961215513944
2024-01-04 06:30:00+00:00,-1.8,short,is,,73.42,73.42,1,2,99279.99999999993,-0.7596961215513944
2024-01-04 06:35:00+00:00,-1.8,short,is,,73.42,73.42,1,2,99279.99999999993,-0.7596961215513944
2024-01-04 06:44:00+00:00,-1.8,short,is,,73.44,73.44,1,1,99279.99999999993,-0.7596961215513944
2024-01-04 06:56:00+00:00,-41.79999999999204,long,is,,73.41,73.37,1,10,99239.99999999994,-0.799680127948821
2024-01-04 07:00:00+00:00,28.199999999986925,long,is,,73.35000000000001,73.38,1,2,99269.99999999993,-0.7696921231507547
2024-01-04 07:07:00+00:00,28.200000000001136,short,is,,73.42,73.39,1,4,99299.99999999993,-0.7397041183526739
2024-01-04 07:16:00+00:00,18.19999999999602,long,is,,73.32000000000001,73.34,1,7,99319.99999999993,-0.7197121151539534
2024-01-04 07:36:00+00:00,18.20000000001023,short,is,,73.4,73.38,1,4,99339.99999999993,-0.6997201119552329
2024-01-04 07:41:00+00:00,-1.8,long,is,,73.32000000000001,73.32000000000001,1,4,99339.99999999993,-0.6997201119552329
2024-01-04 08:09:00+00:00,128.19999999999544,long,is,,73.31,73.44,1,9,99469.99999999993,-0.5697720911635494
2024-01-04 08:35:00+00:00,28.200000000001136,long,is,,73.43,73.46000000000001,1,7,99499.99999999993,-0.5397840863654687
2024-01-04 08:50:00+00:00,38.199999999992045,short,is,,73.58,73.54,1,6,99539.99999999993,-0.49980007996802767
2024-01-04 09:15:00+00:00,-121.80000000000454,short,is,,73.72,73.84,1,19,99419.99999999991,-0.6197520991603653
2024-01-04 09:44:00+00:00,-131.79999999999546,long,is,,73.78,73.65,1,18,99289.99999999993,-0.7497001199520342
2024-01-04 10:17:00+00:00,178.1999999999926,long,is,,73.46000000000001,73.64,1,24,99469.99999999991,-0.569772091163564
2024-01-04 10:43:00+00:00,-81.79999999999829,long,is,,73.52,73.44,1,23,99389.99999999991,-0.6497401039584462
2024-01-04 10:54:00+00:00,28.200000000001136,long,is,,73.38,73.41,1,2,99419.99999999991,-0.6197520991603653
2024-01-04 11:12:00+00:00,-1.8,short,is,,73.44,73.44,1,4,99419.99999999991,-0.6197520991603653
2024-01-04 11:21:00+00:00,8.199999999990904,short,is,,73.47,73.46000000000001,1,1,99429.99999999991,-0.609756097561005
2024-01-04 11:26:00+00:00,38.199999999992045,long,is,,73.4,73.44,1,3,99469.9999999999,-0.5697720911635786
2024-01-04 11:30:00+00:00,8.199999999990904,short,is,,73.47,73.46000000000001,1,3,99479.99999999988,-0.5597760895642329
2024-01-04 11:44:00+00:00,18.19999999999602,short,is,,73.48,73.46000000000001,1,3,99499.99999999988,-0.5397840863655123
2024-01-04 11:54:00+00:00,-11.800000000005117,short,is,,73.49,73.5,1,6,99489.99999999988,-0.5497800879648727
2024-01-04 12:05:00+00:00,38.199999999992045,long,is,,73.43,73.47,1,3,99529.99999999987,-0.509796081567446
2024-01-04 12:11:00+00:00,48.20000000001137,long,is,,73.41,73.46000000000001,1,4,99579.99999999988,-0.4598160735706302
2024-01-04 12:31:00+00:00,38.200000000006256,short,is,,73.56,73.52,1,4,99619.99999999988,-0.41983206717318916
2024-01-04 12:47:00+00:00,18.19999999999602,long,is,,73.5,73.52,1,2,99639.99999999988,-0.3998400639744687
2024-01-04 12:51:00+00:00,28.200000000001136,long,is,,73.47,73.5,1,3,99669.99999999988,-0.36985205917638786
2024-01-04 12:57:00+00:00,8.199999999990904,long,is,,73.48,73.49,1,3,99679.99999999988,-0.3598560575770276
2024-01-04 13:05:00+00:00,-281.80000000000115,long,is,,73.48,73.2,1,7,99399.99999999988,-0.6397441023591149
2024-01-04 13:24:00+00:00,128.19999999999544,short,is,,73.41,73.28,1,6,99529.99999999987,-0.509796081567446
2024-01-04 13:37:00+00:00,68.19999999999318,short,is,,73.39,73.32000000000001,1,9,99599.99999999987,-0.4398240703719242
2024-01-04 13:56:00+00:00,-1.8,short,is,,73.48,73.48,1,17,99599.99999999987,-0.4398240703719242
2024-01-04 14:07:00+00:00,258.1999999999909,short,is,,73.52,73.26,1,9,99859.99999999985,-0.179928028788572
2024-01-04 14:12:00+00:00,198.20000000000283,long,is,,72.97,73.17,1,2,100059.99999999985,0.0
2024-01-04 14:27:00+00:00,68.20000000000739,long,is,,73.02,73.09,1,5,100129.99999999987,0.0
2024-01-04 14:32:00+00:00,158.19999999999658,long,is,,72.95,73.11,1,3,100289.99999999987,0.0
2024-01-04 14:53:00+00:00,-21.79999999999602,long,is,,72.74,72.72,1,13,100269.99999999987,-0.0199421677136305
2024-01-04 15:11:00+00:00,8.200000000005115,short,is,,72.9,72.89,1,13,100279.99999999987,-0.00997108385681525
2024-01-04 15:19:00+00:00,108.19999999999943,long,is,,72.76,72.87,1,4,100389.99999999987,0.0
2024-01-04 15:33:00+00:00,-61.80000000000227,long,is,,72.68,72.62,1,12,100329.99999999987,-0.0597669090546868
2024-01-04 15:44:00+00:00,158.19999999999658,long,is,,72.22,72.38,1,7,100489.99999999987,0.0
2024-01-04 16:11:00+00:00,-241.7999999999949,long,is,,72.2,71.96000000000001,1,13,100249.99999999987,-0.23882973430192092
2024-01-04 16:23:00+00:00,118.20000000000455,long,is,,71.66,71.78,1,5,100369.99999999988,-0.11941486715094597
2024-01-04 16:39:00+00:00,-121.80000000000454,long,is,,71.43,71.31,1,12,100249.99999999987,-0.23882973430192092
2024-01-04 16:53:00+00:00,88.1999999999892,short,is,,71.41,71.32000000000001,1,6,100339.99999999985,-0.14926858393871503
2024-01-04 16:59:00+00:00,138.20000000000056,short,is,,71.48,71.34,1,3,100479.99999999985,-0.009951238929261185
2024-01-04 17:10:00+00:00,48.19999999999716,short,is,,71.47,71.42,1,2,100529.99999999985,0.0
2024-01-04 17:58:00+00:00,878.2000000000097,long,is,,71.24,72.12,1,47,101409.99999999987,0.0
2024-01-04 18:16:00+00:00,118.19999999999034,long,is,,72.10000000000001,72.22,1,11,101529.99999999985,0.0
2024-01-04 18:45:00+00:00,58.20000000000228,long,is,,72.26,72.32000000000001,1,7,101589.99999999985,0.0
2024-01-04 19:07:00+00:00,-1.8,long,is,,72.2,72.2,1,13,101589.99999999985,0.0
2024-01-04 19:13:00+00:00,88.1999999999892,long,is,,72.07000000000001,72.16,1,2,101679.99999999985,0.0
2024-01-04 19:25:00+00:00,38.200000000006256,long,is,,72.08,72.12,1,8,101719.99999999985,0.0
2024-01-04 19:30:00+00:00,148.20000000000567,short,is,,72.28,72.13,1,2,101869.99999999987,0.0
2024-01-04 19:41:00+00:00,78.1999999999983,short,is,,72.3,72.22,1,8,101949.99999999985,0.0
2024-01-04 20:06:00+00:00,-41.79999999999204,long,is,,72.16,72.12,1,13,101909.99999999987,-0.03923491907796518
2024-01-04 20:27:00+00:00,-61.80000000000227,short,is,,72.24,72.3,1,18,101849.99999999987,-0.09808729769493438
2024-01-04 20:42:00+00:00,-1.8,short,is,,72.33,72.33,1,7,101849.99999999987,-0.09808729769493438
2024-01-04 20:52:00+00:00,18.19999999999602,short,is,,72.37,72.35000000000001,1,4,101869.99999999987,-0.07846983815594463
2024-01-04 20:59:00+00:00,28.199999999986925,short,is,,72.38,72.35000000000001,1,6,101899.99999999985,-0.04904364884747432
2024-01-04 21:28:00+00:00,-11.800000000005117,short,is,,72.38,72.39,1,3,101889.99999999984,-0.05885237861698346
2024-01-04 21:36:00+00:00,-1.8,long,is,,72.34,72.34,1,3,101889.99999999984,-0.05885237861698346
2024-01-04 21:49:00+00:00,18.20000000001023,short,is,,72.4,72.38,1,8,101909.99999999985,-0.039234919077979456
2024-01-04 21:51:00+00:00,18.20000000001023,long,is,,72.33,72.35000000000001,1,1,101929.99999999987,-0.019617459538975455
2024-01-04 23:05:00+00:00,38.200000000006256,short,is,,72.42,72.38,1,10,101969.99999999987,0.0
2024-01-04 23:08:00+00:00,28.200000000001136,long,is,,72.33,72.36,1,2,101999.99999999987,0.0
2024-01-04 23:25:00+00:00,8.200000000005115,long,is,,72.3,72.31,1,9,102009.99999999988,0.0
2024-01-05 00:00:00+00:00,-12.500000000005116,long,is,,72.31,72.3,1,5,101999.99999999987,-0.009802960494083485
2024-01-05 00:17:00+00:00,7.499999999990905,long,is,,72.23,72.24,1,2,102009.99999999987,-1.4265185009672452e-14
2024-01-05 00:51:00+00:00,-122.50000000000455,short,is,,72.27,72.39,1,29,101889.99999999985,-0.11763552592885917
2024-01-05 00:59:00+00:00,-12.499999999990905,long,is,,72.38,72.37,1,7,101879.99999999987,-0.12743848642291414
2024-01-05 01:11:00+00:00,-141.80000000000058,short,is,,72.47,72.61,1,8,101739.99999999987,-0.2646799333398832
2024-01-05 01:40:00+00:00,-51.800000000011366,long,is,,72.54,72.49,1,18,101689.99999999985,-0.3136947358102436
2024-01-05 01:52:00+00:00,8.200000000005115,short,is,,72.54,72.53,1,6,101699.99999999985,-0.30389177531617434
2024-01-05 02:11:00+00:00,-51.799999999997155,short,is,,72.58,72.63,1,16,101649.99999999987,-0.3529065777865062
2024-01-05 02:22:00+00:00,18.19999999999602,long,is,,72.60000000000001,72.62,1,7,101669.99999999985,-0.333300656798382
2024-01-05 02:37:00+00:00,18.20000000001023,short,is,,72.68,72.66,1,11,101689.99999999987,-0.31369473581022933
2024-01-05 02:52:00+00:00,-1.8,long,is,,72.64,72.64,1,7,101689.99999999987,-0.31369473581022933
2024-01-05 02:57:00+00:00,18.19999999999602,short,is,,72.74,72.72,1,4,101709.99999999987,-0.29408881482209087
2024-01-05 03:19:00+00:00,-1.8,short,is,,72.74,72.74,1,4,101709.99999999987,-0.29408881482209087
2024-01-05 03:47:00+00:00,-121.80000000000454,long,is,,72.71000000000001,72.59,1,25,101589.99999999985,-0.4117243407509357
2024-01-05 04:31:00+00:00,38.199999999992045,long,is,,72.60000000000001,72.64,1,34,101629.99999999985,-0.37251249877465886
2024-01-05 04:45:00+00:00,-11.800000000005117,short,is,,72.67,72.68,1,4,101619.99999999985,-0.3823154592687281
2024-01-05 05:04:00+00:00,-61.80000000000227,short,is,,72.67,72.73,1,15,101559.99999999984,-0.4411332222331577
2024-01-05 05:24:00+00:00,-11.800000000005117,long,is,,72.71000000000001,72.7,1,4,101549.99999999984,-0.4509361827272269
2024-01-05 05:34:00+00:00,-31.800000000001138,short,is,,72.74,72.77,1,7,101519.99999999984,-0.48034506420943457
2024-01-05 06:00:00+00:00,-121.79999999999033,long,is,,72.74,72.62,1,18,101399.99999999985,-0.597980590138251
2024-01-05 06:25:00+00:00,-51.800000000011366,short,is,,72.74,72.79,1,24,101349.99999999984,-0.6469953926086113
2024-01-05 06:37:00+00:00,48.19999999999716,long,is,,72.72,72.77,1,6,101399.99999999984,-0.5979805901382652
2024-01-05 06:49:00+00:00,-21.79999999999602,long,is,,72.74,72.72,1,9,101379.99999999984,-0.6175865111264036
2024-01-05 07:13:00+00:00,-21.79999999999602,long,is,,72.67,72.65,1,11,101359.99999999984,-0.6371924321145421
2024-01-05 07:33:00+00:00,108.19999999999943,short,is,,72.71000000000001,72.60000000000001,1,13,101469.99999999984,-0.5293598666797807
2024-01-05 08:01:00+00:00,58.20000000000228,short,is,,72.68,72.62,1,8,101529.99999999984,-0.47054210371536537
2024-01-05 08:14:00+00:00,18.19999999999602,short,is,,72.74,72.72,1,9,101549.99999999984,-0.4509361827272269
2024-01-05 08:19:00+00:00,58.20000000000228,short,is,,72.82000000000001,72.76,1,3,101609.99999999984,-0.39211841976281153
2024-01-05 08:31:00+00:00,108.19999999999943,short,is,,72.81,72.7,1,8,101719.99999999984,-0.2842858543280502
2024-01-05 08:45:00+00:00,8.199999999990904,long,is,,72.54,72.55,1,13,101729.99999999984,-0.27448289383398095
2024-01-05 09:12:00+00:00,-241.7999999999949,short,is,,72.64,72.88,1,21,101489.99999999984,-0.5097539456916422
2024-01-05 09:32:00+00:00,-101.79999999999431,short,is,,72.96000000000001,73.06,1,16,101389.99999999984,-0.6077835506323345
2024-01-05 09:41:00+00:00,38.200000000006256,long,is,,73.02,73.06,1,2,101429.99999999985,-0.5685717086560433
2024-01-05 09:56:00+00:00,18.19999999999602,long,is,,73.0,73.02,1,6,101449.99999999985,-0.5489657876679048
2024-01-05 10:19:00+00:00,-11.799999999990906,long,is,,72.91,72.9,1,9,101439.99999999985,-0.5587687481619741
2024-01-05 10:51:00+00:00,-141.80000000000058,long,is,,72.76,72.62,1,19,101299.99999999985,-0.6960101950789431
2024-01-05 11:07:00+00:00,38.200000000006256,long,is,,72.52,72.56,1,5,101339.99999999987,-0.656798353102652
2024-01-05 11:29:00+00:00,8.200000000005115,short,is,,72.7,72.69,1,16,101349.99999999987,-0.6469953926085829
2024-01-05 11:37:00+00:00,8.200000000005115,long,is,,72.61,72.62,1,6,101359.99999999987,-0.6371924321145136
2024-01-05 11:58:00+00:00,-11.799999999990906,short,is,,72.71000000000001,72.72,1,11,101349.99999999988,-0.6469953926085685
2024-01-05 12:12:00+00:00,-1.8,long,is,,72.68,72.68,1,6,101349.99999999988,-0.6469953926085685
2024-01-05 12:32:00+00:00,-71.80000000000739,short,is,,72.74,72.81,1,11,101279.99999999987,-0.7156161160670673
2024-01-05 12:58:00+00:00,18.19999999999602,short,is,,72.94,72.92,1,15,101299.99999999987,-0.6960101950789289
2024-01-05 13:04:00+00:00,178.2000000000068,long,is,,72.86,73.04,1,4,101479.99999999988,-0.5195569061856687
2024-01-05 13:15:00+00:00,128.19999999999544,long,is,,72.89,73.02,1,1,101609.99999999987,-0.3921184197627831
2024-01-05 13:26:00+00:00,98.20000000000853,short,is,,73.21000000000001,73.11,1,4,101709.99999999988,-0.2940888148220766
2024-01-05 13:43:00+00:00,-21.79999999999602,long,is,,72.98,72.96000000000001,1,7,101689.99999999988,-0.31369473581021506
2024-01-05 14:03:00+00:00,-291.79999999999205,short,is,,73.09,73.38,1,10,101399.9999999999,-0.5979805901382081
2024-01-05 14:36:00+00:00,118.19999999999034,short,is,,73.8,73.68,1,5,101519.99999999988,-0.48034506420939177
2024-01-05 14:47:00+00:00,68.20000000000739,long,is,,73.5,73.57000000000001,1,10,101589.99999999988,-0.4117243407509072
2024-01-05 15:10:00+00:00,-241.7999999999949,short,is,,73.76,74.0,1,16,101349.9999999999,-0.6469953926085543
2024-01-05 15:35:00+00:00,-121.80000000000454,long,is,,73.9,73.78,1,21,101229.99999999988,-0.7646309185373992
2024-01-05 15:46:00+00:00,-1.8,long,is,,73.60000000000001,73.60000000000001,1,9,101229.99999999988,-0.7646309185373992
2024-01-05 15:59:00+00:00,148.20000000000567,short,is,,73.71000000000001,73.56,1,4,101379.9999999999,-0.6175865111263467
2024-01-05 16:23:00+00:00,-221.80000000001309,short,is,,73.74,73.96000000000001,1,20,101159.99999999988,-0.8332516419958836
2024-01-05 16:35:00+00:00,158.19999999999658,short,is,,74.16,74.0,1,4,101319.99999999988,-0.6764042740907762
2024-01-05 16:52:00+00:00,28.200000000001136,long,is,,73.82000000000001,73.85000000000001,1,11,101349.99999999988,-0.6469953926085685
2024-01-05 17:02:00+00:00,78.20000000001251,short,is,,73.96000000000001,73.88,1,4,101429.9999999999,-0.5685717086560005
2024-01-05 17:15:00+00:00,158.19999999999658,long,is,,73.68,73.84,1,6,101589.99999999988,-0.4117243407509072
2024-01-05 17:24:00+00:00,78.1999999999983,short,is,,73.88,73.8,1,1,101669.99999999988,-0.33330065679835347
2024-01-05 17:49:00+00:00,-161.7999999999966,long,is,,73.69,73.53,1,20,101509.9999999999,-0.4901480247034467
2024-01-05 18:04:00+00:00,18.19999999999602,short,is,,73.58,73.56,1,9,101529.99999999988,-0.4705421037153225
2024-01-05 18:15:00+00:00,88.20000000000341,long,is,,73.56,73.65,1,2,101619.9999999999,-0.3823154592686853
2024-01-05 18:20:00+00:00,78.20000000001251,long,is,,73.52,73.60000000000001,1,2,101699.9999999999,-0.3038917753161316
2024-01-05 18:43:00+00:00,-121.79999999999033,short,is,,73.68,73.8,1,17,101579.99999999991,-0.4215273012449479
2024-01-05 18:49:00+00:00,28.200000000001136,short,is,,73.84,73.81,1,3,101609.99999999991,-0.39211841976274026
2024-01-05 19:01:00+00:00,78.20000000001251,short,is,,73.96000000000001,73.88,1,8,101689.99999999993,-0.31369473581017226
2024-01-05 19:13:00+00:00,58.20000000000228,long,is,,73.78,73.84,1,5,101749.99999999993,-0.25487697284575694
2024-01-05 19:25:00+00:00,28.200000000001136,short,is,,73.94,73.91,1,6,101779.99999999993,-0.22546809136354926
2024-01-05 19:44:00+00:00,-1.8,long,is,,73.75,73.75,1,14,101779.99999999993,-0.22546809136354926
2024-01-05 19:57:00+00:00,58.199999999988066,long,is,,73.68,73.74,1,3,101839.99999999991,-0.16665032839914823
2024-01-05 20:33:00+00:00,-81.8000000000125,short,is,,73.74,73.82000000000001,1,23,101759.99999999991,-0.24507401235170198
2024-01-05 20:52:00+00:00,-31.800000000001138,short,is,,73.83,73.86,1,10,101729.9999999999,-0.27448289383392394
2024-01-05 21:06:00+00:00,-41.79999999999204,short,is,,73.87,73.91,1,9,101689.99999999991,-0.31369473581018653
2024-01-05 21:33:00+00:00,-1.8,short,is,,73.92,73.92,1,4,101689.99999999991,-0.31369473581018653
2024-01-05 21:48:00+00:00,-31.800000000001138,long,is,,73.91,73.88,1,12,101659.99999999991,-0.3431036172923942
2024-01-07 22:02:00+00:00,-22.49999999999602,short,is,,73.9,73.92,1,11,101639.99999999991,-0.3627095382805326
2024-01-07 23:02:00+00:00,-272.50000000001023,short,is,,73.52,73.79,1,7,101369.99999999991,-0.6273894716204016
2024-01-07 23:28:00+00:00,-21.79999999999602,short,is,,73.86,73.88,1,8,101349.99999999991,-0.64699539260854
2024-01-07 23:49:00+00:00,-51.800000000011366,long,is,,73.82000000000001,73.77,1,14,101299.9999999999,-0.6960101950789004
2024-01-08 00:15:00+00:00,-12.500000000005116,short,is,,73.8,73.81,1,5,101289.9999999999,-0.7058131555729696
2024-01-08 00:26:00+00:00,-12.500000000005116,short,is,,73.81,73.82000000000001,1,6,101279.99999999988,-0.7156161160670531
2024-01-08 00:55:00+00:00,-132.49999999999545,long,is,,73.8,73.67,1,22,101149.9999999999,-0.8430546024899387
2024-01-08 01:03:00+00:00,98.20000000000853,short,is,,73.71000000000001,73.61,1,5,101249.9999999999,-0.7450249975492464
2024-01-08 01:24:00+00:00,38.199999999992045,short,is,,73.69,73.65,1,4,101289.9999999999,-0.7058131555729696
2024-01-08 01:36:00+00:00,-21.79999999999602,long,is,,73.53,73.51,1,10,101269.9999999999,-0.725419076561108
2024-01-08 01:46:00+00:00,18.19999999999602,long,is,,73.46000000000001,73.48,1,2,101289.9999999999,-0.7058131555729696
2024-01-08 02:17:00+00:00,-211.79999999999376,long,is,,73.41,73.2,1,28,101079.9999999999,-0.9116753259484233
2024-01-08 02:43:00+00:00,8.200000000005115,long,is,,73.14,73.15,1,12,101089.9999999999,-0.901872365454354
2024-01-08 03:07:00+00:00,-191.79999999999774,long,is,,73.13,72.94,1,14,100899.99999999991,-1.088128614841655
2024-01-08 03:23:00+00:00,48.19999999999716,long,is,,72.89,72.94,1,7,100949.9999999999,-1.039113812371323
2024-01-08 03:49:00+00:00,-11.800000000005117,short,is,,72.97,72.98,1,10,100939.9999999999,-1.0489167728653923
2024-01-08 03:55:00+00:00,-1.8,short,is,,72.98,72.98,1,3,100939.9999999999,-1.0489167728653923
2024-01-08 04:06:00+00:00,-1.8,long,is,,72.96000000000001,72.96000000000001,1,1,100939.9999999999,-1.0489167728653923
2024-01-08 04:29:00+00:00,-41.80000000000625,long,is,,72.96000000000001,72.92,1,20,100899.9999999999,-1.0881286148416691
2024-01-08 04:39:00+00:00,-1.8,short,is,,72.92,72.92,1,3,100899.9999999999,-1.0881286148416691
2024-01-08 04:58:00+00:00,-81.79999999999829,long,is,,72.91,72.83,1,13,100819.9999999999,-1.166552298794223
2024-01-08 05:53:00+00:00,-211.80000000000797,long,is,,72.85000000000001,72.64,1,31,100609.99999999988,-1.372414469169691
2024-01-08 06:11:00+00:00,-41.80000000000625,short,is,,72.69,72.73,1,10,100569.99999999988,-1.4116263111459677
2024-01-08 06:19:00+00:00,18.20000000001023,short,is,,72.76,72.74,1,5,100589.99999999988,-1.3920203901578292
2024-01-08 06:37:00+00:00,8.200000000005115,long,is,,72.7,72.71000000000001,1,2,100599.9999999999,-1.3822174296637457
2024-01-08 06:43:00+00:00,-1.8,long,is,,72.7,72.7,1,2,100599.9999999999,-1.3822174296637457
2024-01-08 06:49:00+00:00,8.199999999990904,short,is,,72.74,72.73,1,2,100609.99999999988,-1.372414469169691
2024-01-08 07:09:00+00:00,-61.80000000000227,short,is,,72.75,72.81,1,17,100549.99999999988,-1.4312322321341062
2024-01-08 07:24:00+00:00,8.199999999990904,long,is,,72.79,72.8,1,1,100559.99999999987,-1.4214292716400512
2024-01-08 07:59:00+00:00,278.2000000000011,long,is,,72.74,73.02,1,27,100839.99999999987,-1.146946377806113
2024-01-08 08:09:00+00:00,88.20000000000341,long,is,,72.87,72.96000000000001,1,7,100929.99999999988,-1.0587197333594758
2024-01-08 08:23:00+00:00,58.20000000000228,short,is,,73.06,73.0,1,8,100989.99999999988,-0.9999019703950605
2024-01-08 08:31:00+00:00,88.1999999999892,short,is,,73.13,73.04,1,6,101079.99999999987,-0.9116753259484517
2024-01-08 08:43:00+00:00,48.19999999999716,short,is,,73.14,73.09,1,9,101129.99999999987,-0.8626605234781056
2024-01-08 09:06:00+00:00,88.20000000000341,long,is,,73.0,73.09,1,3,101219.99999999987,-0.7744338790314826
2024-01-08 09:28:00+00:00,-91.80000000000341,long,is,,72.98,72.89,1,19,101129.99999999987,-0.8626605234781056
2024-01-08 09:33:00+00:00,88.1999999999892,short,is,,73.02,72.93,1,3,101219.99999999985,-0.7744338790314969
2024-01-08 09:59:00+00:00,18.19999999999602,short,is,,72.92,72.9,1,5,101239.99999999985,-0.7548279580433584
2024-01-08 10:36:00+00:00,-661.7999999999965,long,is,,72.81,72.15,1,35,100579.99999999985,-1.401823350651927
2024-01-08 11:22:00+00:00,-431.7999999999926,long,is,,72.03,71.60000000000001,1,33,100149.99999999987,-1.8233506518968892
2024-01-08 11:36:00+00:00,-51.799999999997155,short,is,,71.67,71.72,1,12,100099.99999999987,-1.8723654543672352
2024-01-08 12:18:00+00:00,168.2000000000017,short,is,,71.78,71.61,1,21,100269.99999999987,-1.7057151259680585
2024-01-08 12:43:00+00:00,-61.80000000000227,short,is,,71.72,71.78,1,21,100209.99999999987,-1.7645328889324736
2024-01-08 12:59:00+00:00,8.199999999990904,short,is,,71.83,71.82000000000001,1,6,100219.99999999985,-1.7547299284384188
2024-01-08 13:24:00+00:00,-421.8000000000017,long,is,,71.66,71.24,1,22,99799.99999999985,-2.1664542691893263
2024-01-08 13:41:00+00:00,-21.800000000010233,short,is,,71.27,71.29,1,5,99779.99999999984,-2.1860601901774785
2024-01-08 13:43:00+00:00,88.20000000000341,short,is,,71.39,71.3,1,1,99869.99999999985,-2.097833545730842
2024-01-08 13:50:00+00:00,78.1999999999983,short,is,,71.41,71.33,1,3,99949.99999999984,-2.019409861778302
2024-01-08 14:07:00+00:00,118.19999999999034,long,is,,70.96000000000001,71.08,1,6,100069.99999999984,-1.9017743358494714
2024-01-08 14:26:00+00:00,98.19999999999432,long,is,,70.76,70.86,1,1,100169.99999999983,-1.8037447309087935
2024-01-08 14:45:00+00:00,-361.79999999999944,long,is,,70.74,70.38,1,15,99809.99999999983,-2.1566513086952854
2024-01-08 15:02:00+00:00,68.19999999999318,short,is,,70.47,70.4,1,5,99879.99999999983,-2.0880305852368006
2024-01-08 15:21:00+00:00,128.20000000000965,short,is,,70.62,70.49,1,5,100009.99999999984,-1.9605920988138867
2024-01-08 15:35:00+00:00,-61.80000000000227,short,is,,70.62,70.68,1,10,99949.99999999983,-2.0194098617783167
2024-01-08 15:55:00+00:00,38.200000000006256,short,is,,70.92,70.88,1,12,99989.99999999984,-1.9801980198020253
2024-01-08 16:11:00+00:00,78.1999999999983,long,is,,70.72,70.8,1,13,100069.99999999984,-1.9017743358494714
2024-01-08 16:23:00+00:00,-81.79999999999829,long,is,,70.7,70.62,1,10,99989.99999999984,-1.9801980198020253
2024-01-08 16:33:00+00:00,168.2000000000017,long,is,,70.39,70.56,1,2,100159.99999999984,-1.8135476914028485
2024-01-08 16:39:00+00:00,88.20000000000341,long,is,,70.38,70.47,1,3,100249.99999999984,-1.7253210469562255
2024-01-08 16:50:00+00:00,48.20000000001137,short,is,,70.57000000000001,70.52,1,3,100299.99999999985,-1.6763062444858652
2024-01-08 17:11:00+00:00,-31.800000000001138,long,is,,70.34,70.31,1,13,100269.99999999985,-1.7057151259680727
2024-01-08 17:31:00+00:00,-31.800000000001138,short,is,,70.38,70.41,1,15,100239.99999999985,-1.7351240074502803
2024-01-08 17:48:00+00:00,48.20000000001137,long,is,,70.27,70.32000000000001,1,8,100289.99999999987,-1.68610920497992
2024-01-08 18:07:00+00:00,18.20000000001023,short,is,,70.4,70.38,1,7,100309.99999999987,-1.6665032839917815
2024-01-08 18:29:00+00:00,38.199999999992045,long,is,,70.34,70.38,1,7,100349.99999999987,-1.627291442015505
2024-01-08 18:50:00+00:00,-51.799999999997155,short,is,,70.47,70.52,1,12,100299.99999999987,-1.676306244485851
2024-01-08 19:27:00+00:00,-331.7999999999983,short,is,,70.56,70.89,1,26,99969.99999999987,-1.9998039407901351
2024-01-08 20:02:00+00:00,-51.799999999997155,short,is,,70.97,71.02,1,17,99919.99999999987,-2.048818743260481
2024-01-08 20:09:00+00:00,-1.8,long,is,,71.02,71.02,1,1,99919.99999999987,-2.048818743260481
2024-01-08 20:16:00+00:00,-31.800000000001138,long,is,,71.02,70.99,1,6,99889.99999999987,-2.078227624742689
2024-01-08 20:33:00+00:00,8.200000000005115,long,is,,70.97,70.98,1,1,99899.99999999988,-2.0684246642486053
2024-01-08 21:12:00+00:00,-41.80000000000625,short,is,,71.0,71.04,1,36,99859.99999999987,-2.1076365062248965
2024-01-08 21:27:00+00:00,-11.800000000005117,short,is,,71.02,71.03,1,4,99849.99999999987,-2.1174394667189658
2024-01-08 22:52:00+00:00,-111.79999999999943,long,is,,71.0,70.89,1,34,99739.99999999987,-2.225272032153727
2024-01-08 23:05:00+00:00,-161.8000000000108,short,is,,70.8,70.96000000000001,1,7,99579.99999999985,-2.382119400058849
2024-01-08 23:58:00+00:00,-121.80000000000454,long,is,,70.86,70.74,1,27,99459.99999999985,-2.4997549259876797
2024-01-09 00:06:00+00:00,-22.500000000010232,short,is,,70.74,70.76,1,2,99439.99999999984,-2.5193608469758324
2024-01-09 00:09:00+00:00,-12.500000000005116,short,is,,70.75,70.76,1,2,99429.99999999984,-2.5291638074699017
2024-01-09 00:15:00+00:00,-2.5,long,is,,70.74,70.74,1,1,99429.99999999984,-2.5291638074699017
2024-01-09 00:46:00+00:00,-102.50000000000853,short,is,,70.86,70.96000000000001,1,14,99329.99999999983,-2.627193412410608
2024-01-09 01:14:00+00:00,-151.8000000000057,long,is,,70.89,70.74,1,21,99179.99999999983,-2.7742378198216464
2024-01-09 01:47:00+00:00,-81.79999999999829,short,is,,70.86,70.94,1,22,99099.99999999983,-2.8526615037742
2024-01-09 02:29:00+00:00,128.19999999999544,long,is,,70.89,71.02,1,26,99229.99999999983,-2.7252230173513
2024-01-09 02:59:00+00:00,-81.79999999999829,long,is,,70.98,70.9,1,21,99149.99999999983,-2.803646701303854
2024-01-09 03:25:00+00:00,-91.80000000000341,short,is,,70.97,71.06,1,22,99059.99999999981,-2.8918733457504913
2024-01-09 03:53:00+00:00,138.20000000000056,short,is,,71.05,70.91,1,24,99199.99999999983,-2.754631898833508
2024-01-09 04:32:00+00:00,-71.80000000000739,long,is,,70.85000000000001,70.78,1,29,99129.99999999981,-2.823252622292007
2024-01-09 04:51:00+00:00,-31.800000000001138,short,is,,70.8,70.83,1,14,99099.99999999981,-2.8526615037742142
2024-01-09 04:57:00+00:00,-1.8,short,is,,70.83,70.83,1,3,99099.99999999981,-2.8526615037742142
2024-01-09 05:08:00+00:00,-11.800000000005117,long,is,,70.82000000000001,70.81,1,1,99089.99999999981,-2.8624644642682835
2024-01-09 05:13:00+00:00,-11.800000000005117,long,is,,70.82000000000001,70.81,1,4,99079.9999999998,-2.872267424762367
2024-01-09 05:33:00+00:00,-141.80000000000058,long,is,,70.82000000000001,70.68,1,12,98939.9999999998,-3.009508871679336
2024-01-09 05:48:00+00:00,38.200000000006256,long,is,,70.52,70.56,1,6,98979.99999999981,-2.970297029703045
2024-01-09 06:03:00+00:00,28.200000000001136,short,is,,70.59,70.56,1,2,99009.99999999981,-2.9408881482208376
2024-01-09 06:10:00+00:00,18.19999999999602,long,is,,70.54,70.56,1,3,99029.9999999998,-2.9212822272327132
2024-01-09 06:18:00+00:00,18.20000000001023,long,is,,70.52,70.54,1,3,99049.99999999981,-2.9016763062445605
2024-01-09 06:25:00+00:00,-11.800000000005117,long,is,,70.54,70.53,1,3,99039.99999999981,-2.91147926673863
2024-01-09 06:30:00+00:00,-1.8,long,is,,70.53,70.53,1,1,99039.99999999981,-2.91147926673863
2024-01-09 06:46:00+00:00,-51.799999999997155,short,is,,70.56,70.61,1,14,98989.99999999981,-2.9604940692089756
2024-01-09 06:58:00+00:00,48.20000000001137,long,is,,70.55,70.60000000000001,1,4,99039.99999999983,-2.9114792667386156
2024-01-09 07:18:00+00:00,-151.79999999999148,short,is,,70.65,70.8,1,17,98889.99999999983,-3.0585236741496535
2024-01-09 07:42:00+00:00,128.19999999999544,long,is,,70.75,70.88,1,20,99019.99999999983,-2.931085187726754
2024-01-09 07:52:00+00:00,28.200000000001136,long,is,,70.83,70.86,1,2,99049.99999999983,-2.9016763062445463
2024-01-09 08:09:00+00:00,348.2000000000085,long,is,,70.83,71.18,1,15,99399.99999999984,-2.558572688952109
2024-01-09 08:23:00+00:00,48.19999999999716,short,is,,71.31,71.26,1,3,99449.99999999983,-2.5095578864817774
2024-01-09 08:57:00+00:00,-121.80000000000454,short,is,,71.34,71.46000000000001,1,30,99329.99999999983,-2.627193412410608
2024-01-09 09:10:00+00:00,-1.8,short,is,,71.54,71.54,1,11,99329.99999999983,-2.627193412410608
2024-01-09 09:46:00+00:00,-311.8000000000023,short,is,,71.62,71.93,1,27,99019.99999999983,-2.931085187726754
2024-01-09 09:57:00+00:00,48.20000000001137,long,is,,71.88,71.93,1,4,99069.99999999984,-2.8820703852563936
2024-01-09 10:14:00+00:00,-71.79999999999318,short,is,,72.06,72.13,1,15,98999.99999999984,-2.950691108714878
2024-01-09 10:40:00+00:00,38.200000000006256,short,is,,72.2,72.16,1,12,99039.99999999985,-2.9114792667385867
2024-01-09 10:55:00+00:00,-31.800000000001138,long,is,,72.10000000000001,72.07000000000001,1,13,99009.99999999985,-2.9408881482207945
2024-01-09 11:02:00+00:00,58.20000000000228,short,is,,72.14,72.08,1,1,99069.99999999985,-2.8820703852563794
2024-01-09 11:19:00+00:00,-71.80000000000739,short,is,,72.16,72.23,1,11,98999.99999999984,-2.950691108714878
2024-01-09 11:36:00+00:00,-31.800000000001138,long,is,,72.17,72.14,1,8,98969.99999999984,-2.9800999901970857
2024-01-09 11:53:00+00:00,-41.80000000000625,short,is,,72.28,72.32000000000001,1,13,98929.99999999984,-3.0193118321733627
2024-01-09 12:01:00+00:00,78.20000000001251,short,is,,72.46000000000001,72.38,1,3,99009.99999999985,-2.9408881482207945
2024-01-09 12:29:00+00:00,-21.800000000010233,short,is,,72.44,72.46000000000001,1,16,98989.99999999984,-2.960494069208947
2024-01-09 12:43:00+00:00,28.200000000001136,long,is,,72.43,72.46000000000001,1,10,99019.99999999984,-2.9310851877267394
2024-01-09 12:57:00+00:00,18.20000000001023,short,is,,72.54,72.52,1,9,99039.99999999985,-2.9114792667385867
2024-01-09 13:16:00+00:00,-71.79999999999318,short,is,,72.68,72.75,1,10,98969.99999999985,-2.9800999901970715
2024-01-09 13:37:00+00:00,128.19999999999544,long,is,,72.62,72.75,1,8,99099.99999999985,-2.8526615037741716
2024-01-09 14:02:00+00:00,-351.7999999999943,long,is,,72.5,72.15,1,16,98749.99999999985,-3.195765121066594
2024-01-09 14:49:00+00:00,-341.8000000000034,long,is,,71.96000000000001,71.62,1,18,98409.99999999985,-3.5290657778649472
2024-01-09 15:15:00+00:00,-91.80000000000341,short,is,,71.8,71.89,1,16,98319.99999999985,-3.617292422311571
2024-01-09 15:26:00+00:00,188.20000000001193,long,is,,71.63,71.82000000000001,1,5,98509.99999999987,-3.4310361729242413
2024-01-09 15:46:00+00:00,298.19999999999715,long,is,,71.5,71.8,1,10,98809.99999999985,-3.1369473581021787
2024-01-09 16:40:00+00:00,-751.8,short,is,,71.78,72.53,1,34,98059.99999999985,-3.8721693951573704
2024-01-09 16:51:00+00:00,108.19999999999943,long,is,,72.51,72.62,1,5,98169.99999999985,-3.764336829722609
2024-01-09 17:07:00+00:00,68.19999999999318,short,is,,72.69,72.62,1,10,98239.99999999985,-3.695716106264124
2024-01-09 17:24:00+00:00,-81.79999999999829,long,is,,72.52,72.44,1,15,98159.99999999985,-3.7741397902166782
2024-01-09 17:30:00+00:00,78.1999999999983,short,is,,72.53,72.45,1,2,98239.99999999985,-3.695716106264124
2024-01-09 17:53:00+00:00,-91.80000000000341,short,is,,72.53,72.62,1,17,98149.99999999985,-3.7839427507107475
2024-01-09 18:05:00+00:00,48.19999999999716,long,is,,72.57000000000001,72.62,1,3,98199.99999999985,-3.734927948240401
2024-01-09 18:22:00+00:00,-131.80000000000967,long,is,,72.60000000000001,72.47,1,16,98069.99999999984,-3.8623664346633153
2024-01-09 18:47:00+00:00,-41.80000000000625,short,is,,72.52,72.56,1,19,98029.99999999983,-3.9015782766396065
2024-01-09 19:01:00+00:00,178.1999999999926,long,is,,72.48,72.66,1,12,98209.99999999983,-3.725124987746361
2024-01-09 19:23:00+00:00,-161.7999999999966,long,is,,72.48,72.32000000000001,1,18,98049.99999999983,-3.881972355651468
2024-01-09 19:47:00+00:00,-11.800000000005117,long,is,,72.18,72.17,1,18,98039.99999999983,-3.8917753161455377
2024-01-09 20:01:00+00:00,8.200000000005115,short,is,,72.2,72.19,1,12,98049.99999999983,-3.881972355651468
2024-01-09 20:16:00+00:00,8.200000000005115,long,is,,72.14,72.15,1,10,98059.99999999983,-3.8721693951573988
2024-01-09 20:20:00+00:00,28.200000000001136,long,is,,72.12,72.15,1,2,98089.99999999984,-3.8427605136751772
2024-01-09 20:25:00+00:00,18.19999999999602,short,is,,72.19,72.17,1,4,98109.99999999983,-3.823154592687053
2024-01-09 20:30:00+00:00,-1.8,short,is,,72.18,72.18,1,3,98109.99999999983,-3.823154592687053
2024-01-09 20:40:00+00:00,-1.8,long,is,,72.10000000000001,72.10000000000001,1,9,98109.99999999983,-3.823154592687053
2024-01-09 21:18:00+00:00,-111.79999999999943,short,is,,72.11,72.22,1,26,97999.99999999983,-3.9309871581218148
2024-01-09 21:35:00+00:00,-1.8,long,is,,72.2,72.2,1,5,97999.99999999983,-3.9309871581218148
2024-01-09 21:56:00+00:00,-11.800000000005117,short,is,,72.24,72.25,1,13,97989.99999999983,-3.940790118615883
2024-01-09 23:15:00+00:00,-61.80000000000227,long,is,,72.21000000000001,72.15,1,21,97929.99999999983,-3.999607881580299
2024-01-09 23:21:00+00:00,-1.8,long,is,,72.15,72.15,1,1,97929.99999999983,-3.999607881580299
2024-01-09 23:40:00+00:00,-1.8,long,is,,72.14,72.14,1,2,97929.99999999983,-3.999607881580299
2024-01-09 23:59:00+00:00,-41.80000000000625,short,is,,72.14,72.18,1,12,97889.99999999981,-4.03881972355659
2024-01-10 00:17:00+00:00,-22.49999999999602,long,is,,72.17,72.15,1,8,97869.99999999983,-4.058425644544714
2024-01-10 00:24:00+00:00,-12.499999999990905,long,is,,72.16,72.15,1,2,97859.99999999983,-4.068228605038783
2024-01-10 00:36:00+00:00,-32.50000000000114,short,is,,72.16,72.19,1,6,97829.99999999983,-4.097637486520991
2024-01-10 00:56:00+00:00,-42.50000000000625,short,is,,72.19,72.23,1,14,97789.99999999983,-4.136849328497267
2024-01-10 01:21:00+00:00,-101.79999999999431,short,is,,72.35000000000001,72.45,1,20,97689.99999999983,-4.23487893343796
2024-01-10 01:35:00+00:00,-1.8,long,is,,72.42,72.42,1,10,97689.99999999983,-4.23487893343796
2024-01-10 01:44:00+00:00,18.20000000001023,short,is,,72.54,72.52,1,6,97709.99999999984,-4.215273012449807
2024-01-10 02:32:00+00:00,-121.80000000000454,short,is,,72.52,72.64,1,29,97589.99999999983,-4.3329085383786525
2024-01-10 02:53:00+00:00,-1.8,short,is,,72.64,72.64,1,8,97589.99999999983,-4.3329085383786525
2024-01-10 03:18:00+00:00,-131.79999999999546,long,is,,72.61,72.48,1,24,97459.99999999984,-4.460347024801538
2024-01-10 03:40:00+00:00,-1.8,long,is,,72.46000000000001,72.46000000000001,1,6,97459.99999999984,-4.460347024801538
2024-01-10 04:49:00+00:00,-131.80000000000967,short,is,,72.47,72.60000000000001,1,53,97329.99999999983,-4.587785511224452
2024-01-10 05:01:00+00:00,-1.8,long,is,,72.58,72.58,1,8,97329.99999999983,-4.587785511224452
2024-01-10 05:10:00+00:00,8.199999999990904,short,is,,72.61,72.60000000000001,1,6,97339.99999999983,-4.577982550730383
2024-01-10 05:33:00+00:00,-1.8,long,is,,72.58,72.58,1,5,97339.99999999983,-4.577982550730383
2024-01-10 05:43:00+00:00,18.19999999999602,long,is,,72.54,72.56,1,8,97359.99999999981,-4.558376629742258
2024-01-10 06:05:00+00:00,-11.800000000005117,short,is,,72.59,72.60000000000001,1,6,97349.99999999981,-4.568179590236328
2024-01-10 06:13:00+00:00,8.200000000005115,short,is,,72.62,72.61,1,1,97359.99999999981,-4.558376629742258
2024-01-10 06:32:00+00:00,-21.79999999999602,short,is,,72.62,72.64,1,7,97339.99999999983,-4.577982550730383
2024-01-10 06:52:00+00:00,-51.799999999997155,long,is,,72.58,72.53,1,18,97289.99999999983,-4.626997353200729
2024-01-10 07:09:00+00:00,-91.80000000000341,short,is,,72.55,72.64,1,10,97199.99999999983,-4.715223997647352
2024-01-10 07:25:00+00:00,-11.800000000005117,long,is,,72.53,72.52,1,10,97189.99999999981,-4.725026958141435
2024-01-10 07:36:00+00:00,38.200000000006256,short,is,,72.60000000000001,72.56,1,4,97229.99999999983,-4.685815116165144
2024-01-10 08:06:00+00:00,-201.80000000000285,long,is,,72.51,72.31,1,24,97029.99999999981,-4.881874326046543
2024-01-10 08:09:00+00:00,58.20000000000228,short,is,,72.4,72.34,1,2,97089.99999999983,-4.823056563082114
2024-01-10 08:28:00+00:00,28.200000000001136,short,is,,72.46000000000001,72.43,1,6,97119.99999999983,-4.793647681599906
2024-01-10 08:53:00+00:00,-31.800000000001138,long,is,,72.33,72.3,1,16,97089.99999999983,-4.823056563082114
2024-01-10 09:05:00+00:00,-11.799999999990906,long,is,,72.13,72.12,1,8,97079.99999999983,-4.832859523576182
2024-01-10 09:16:00+00:00,98.19999999999432,long,is,,71.96000000000001,72.06,1,8,97179.99999999983,-4.73482991863549
2024-01-10 09:20:00+00:00,68.19999999999318,long,is,,71.96000000000001,72.03,1,1,97249.99999999981,-4.66620919517702
2024-01-10 09:37:00+00:00,-11.800000000005117,short,is,,72.06,72.07000000000001,1,8,97239.99999999981,-4.676012155671089
2024-01-10 09:50:00+00:00,-91.80000000000341,long,is,,71.96000000000001,71.87,1,8,97149.99999999981,-4.764238800117712
2024-01-10 10:12:00+00:00,8.200000000005115,long,is,,71.7,71.71000000000001,1,1,97159.99999999981,-4.754435839623643
2024-01-10 10:16:00+00:00,98.19999999999432,short,is,,71.88,71.78,1,3,97259.99999999981,-4.656406234682951
2024-01-10 10:33:00+00:00,-101.79999999999431,short,is,,71.89,71.99,1,15,97159.99999999981,-4.754435839623643
2024-01-10 10:59:00+00:00,-81.79999999999829,short,is,,72.10000000000001,72.18,1,19,97079.99999999981,-4.832859523576197
2024-01-10 11:13:00+00:00,8.199999999990904,long,is,,72.18,72.19,1,7,97089.99999999981,-4.823056563082127
2024-01-10 11:25:00+00:00,8.199999999990904,short,is,,72.3,72.29,1,8,97099.9999999998,-4.813253602588072
2024-01-10 11:41:00+00:00,-41.80000000000625,short,is,,72.36,72.4,1,11,97059.9999999998,-4.852465444564349
2024-01-10 12:02:00+00:00,48.19999999999716,short,is,,72.47,72.42,1,5,97109.99999999978,-4.803450642094018
2024-01-10 12:10:00+00:00,38.199999999992045,long,is,,72.35000000000001,72.39,1,5,97149.99999999978,-4.764238800117741
2024-01-10 12:28:00+00:00,-81.79999999999829,short,is,,72.42,72.5,1,7,97069.99999999978,-4.842662484070295
2024-01-10 12:37:00+00:00,88.1999999999892,short,is,,72.66,72.57000000000001,1,4,97159.99999999977,-4.754435839623686
2024-01-10 12:46:00+00:00,78.1999999999983,short,is,,72.66,72.58,1,3,97239.99999999977,-4.676012155671132
2024-01-10 13:06:00+00:00,-521.799999999996,short,is,,72.68,73.2,1,11,96719.99999999977,-5.185766101362732
2024-01-10 13:37:00+00:00,-21.79999999999602,short,is,,73.12,73.14,1,10,96699.99999999978,-5.205372022350856
2024-01-10 13:50:00+00:00,18.20000000001023,short,is,,73.26,73.24,1,5,96719.99999999978,-5.185766101362717
2024-01-10 14:21:00+00:00,-331.7999999999983,long,is,,73.26,72.93,1,16,96389.99999999978,-5.509263797667002
2024-01-10 14:39:00+00:00,-61.80000000000227,short,is,,73.06,73.12,1,12,96329.99999999978,-5.568081560631417
2024-01-10 14:57:00+00:00,58.20000000000228,short,is,,73.32000000000001,73.26,1,11,96389.99999999978,-5.509263797667002
2024-01-10 15:12:00+00:00,-21.800000000010233,short,is,,73.38,73.4,1,6,96369.99999999978,-5.52886971865514
2024-01-10 15:35:00+00:00,-271.80000000001024,long,is,,73.15,72.88,1,15,96099.99999999977,-5.793549651995023
2024-01-10 16:06:00+00:00,-301.79999999999717,long,is,,72.56,72.26,1,19,95799.99999999977,-6.0876384668171
2024-01-10 16:18:00+00:00,58.20000000000228,long,is,,72.06,72.12,1,5,95859.99999999977,-6.028820703852684
2024-01-10 16:39:00+00:00,18.20000000001023,short,is,,72.26,72.24,1,8,95879.99999999978,-6.0092147828645315
2024-01-10 16:59:00+00:00,78.1999999999983,short,is,,72.4,72.32000000000001,1,5,95959.99999999978,-5.930791098911977
2024-01-10 18:10:00+00:00,-811.799999999988,long,is,,72.13,71.32000000000001,1,58,95149.9999999998,-6.724830898931571
2024-01-10 18:30:00+00:00,48.19999999999716,long,is,,71.17,71.22,1,7,95199.9999999998,-6.675816096461225
2024-01-10 18:47:00+00:00,138.20000000000056,long,is,,71.04,71.18,1,12,95339.9999999998,-6.538574649544255
2024-01-10 19:07:00+00:00,-1.8,short,is,,71.38,71.38,1,13,95339.9999999998,-6.538574649544255
2024-01-10 19:18:00+00:00,8.200000000005115,long,is,,71.33,71.34,1,5,95349.9999999998,-6.528771689050187
2024-01-10 19:33:00+00:00,58.20000000000228,short,is,,71.4,71.34,1,2,95409.9999999998,-6.469953926085771
2024-01-10 19:54:00+00:00,-61.80000000000227,long,is,,71.3,71.24,1,17,95349.9999999998,-6.528771689050187
2024-01-10 20:03:00+00:00,8.199999999990904,short,is,,71.3,71.29,1,6,95359.99999999978,-6.518968728556131
2024-01-10 20:31:00+00:00,-1.8,short,is,,71.3,71.3,1,5,95359.99999999978,-6.518968728556131
2024-01-10 20:48:00+00:00,-21.800000000010233,short,is,,71.3,71.32000000000001,1,13,95339.99999999978,-6.53857464954427
2024-01-10 21:13:00+00:00,38.200000000006256,short,is,,71.34,71.3,1,19,95379.99999999978,-6.4993628075679934
2024-01-10 21:17:00+00:00,-21.79999999999602,long,is,,71.28,71.26,1,2,95359.99999999978,-6.518968728556131
2024-01-10 21:43:00+00:00,-81.79999999999829,short,is,,71.28,71.36,1,24,95279.9999999998,-6.597392412508671
2024-01-10 21:57:00+00:00,-11.800000000005117,long,is,,71.32000000000001,71.31,1,5,95269.99999999978,-6.607195373002754
2024-01-10 23:01:00+00:00,-1.8,long,is,,71.32000000000001,71.32000000000001,1,6,95269.99999999978,-6.607195373002754
2024-01-10 23:22:00+00:00,28.199999999986925,long,is,,71.21000000000001,71.24,1,2,95299.99999999977,-6.577786491520561
2024-01-10 23:38:00+00:00,-1.8,short,is,,71.28,71.28,1,6,95299.99999999977,-6.577786491520561
2024-01-10 23:52:00+00:00,-1.8,long,is,,71.24,71.24,1,9,95299.99999999977,-6.577786491520561
2024-01-11 00:17:00+00:00,37.49999999999204,short,is,,71.25,71.21000000000001,1,15,95339.99999999977,-6.538574649544284
2024-01-11 00:33:00+00:00,-22.49999999999602,short,is,,71.22,71.24,1,7,95319.99999999977,-6.558180570532422
2024-01-11 00:46:00+00:00,-12.500000000005116,short,is,,71.27,71.28,1,3,95309.99999999977,-6.567983531026492
2024-01-11 01:07:00+00:00,-111.79999999999943,short,is,,71.4,71.51,1,6,95199.99999999977,-6.6758160964612525
2024-01-11 01:33:00+00:00,-21.800000000010233,short,is,,71.58,71.60000000000001,1,13,95179.99999999975,-6.695422017449405
2024-01-11 01:38:00+00:00,28.200000000001136,short,is,,71.66,71.63,1,2,95209.99999999975,-6.666013135967199
2024-01-11 01:52:00+00:00,-11.800000000005117,long,is,,71.60000000000001,71.59,1,13,95199.99999999975,-6.675816096461268
2024-01-11 02:05:00+00:00,28.200000000001136,long,is,,71.56,71.59,1,7,95229.99999999975,-6.646407214979059
2024-01-11 02:14:00+00:00,28.200000000001136,long,is,,71.54,71.57000000000001,1,3,95259.99999999975,-6.616998333496851
2024-01-11 02:25:00+00:00,-1.8,short,is,,71.64,71.64,1,8,95259.99999999975,-6.616998333496851
2024-01-11 02:40:00+00:00,18.19999999999602,long,is,,71.57000000000001,71.59,1,6,95279.99999999974,-6.597392412508728
2024-01-11 03:07:00+00:00,-101.79999999999431,long,is,,71.56,71.46000000000001,1,17,95179.99999999975,-6.695422017449405
2024-01-11 03:52:00+00:00,-141.80000000000058,short,is,,71.52,71.66,1,32,95039.99999999975,-6.832663464366375
2024-01-11 03:58:00+00:00,-1.8,long,is,,71.64,71.64,1,2,95039.99999999975,-6.832663464366375
2024-01-11 04:06:00+00:00,-11.799999999990906,long,is,,71.63,71.62,1,7,95029.99999999975,-6.842466424860444
2024-01-11 04:16:00+00:00,-1.8,short,is,,71.64,71.64,1,3,95029.99999999975,-6.842466424860444
2024-01-11 04:43:00+00:00,-21.79999999999602,short,is,,71.61,71.63,1,5,95009.99999999977,-6.862072345848569
2024-01-11 05:01:00+00:00,-51.799999999997155,short,is,,71.61,71.66,1,15,94959.99999999977,-6.911087148318915
2024-01-11 05:56:00+00:00,-201.79999999998864,short,is,,71.68,71.88,1,47,94759.99999999978,-7.107146358200285
2024-01-11 06:13:00+00:00,-31.800000000001138,long,is,,71.84,71.81,1,15,94729.99999999978,-7.136555239682492
2024-01-11 06:37:00+00:00,-31.800000000001138,short,is,,71.86,71.89,1,12,94699.99999999977,-7.1659641211647145
2024-01-11 06:52:00+00:00,-1.8,short,is,,71.93,71.93,1,7,94699.99999999977,-7.1659641211647145
2024-01-11 06:56:00+00:00,28.200000000001136,long,is,,71.89,71.92,1,1,94729.99999999978,-7.136555239682492
2024-01-11 07:05:00+00:00,28.200000000001136,long,is,,71.9,71.93,1,5,94759.99999999978,-7.107146358200285
2024-01-11 07:10:00+00:00,8.200000000005115,long,is,,71.89,71.9,1,2,94769.99999999978,-7.097343397706216
2024-01-11 07:22:00+00:00,18.19999999999602,short,is,,71.98,71.96000000000001,1,7,94789.99999999978,-7.0777374767180765
2024-01-11 07:36:00+00:00,18.19999999999602,long,is,,71.92,71.94,1,3,94809.99999999977,-7.058131555729953
2024-01-11 08:00:00+00:00,-121.80000000000454,long,is,,71.92,71.8,1,20,94689.99999999977,-7.175767081658783
2024-01-11 08:02:00+00:00,48.20000000001137,long,is,,71.74,71.79,1,1,94739.99999999978,-7.126752279188422
2024-01-11 08:09:00+00:00,48.19999999999716,short,is,,71.89,71.84,1,6,94789.99999999978,-7.0777374767180765
2024-01-11 08:21:00+00:00,88.20000000000341,long,is,,71.7,71.79,1,4,94879.99999999978,-6.989510832271454
2024-01-11 08:48:00+00:00,-181.80000000000683,long,is,,71.68,71.5,1,21,94699.99999999978,-7.1659641211647
2024-01-11 09:36:00+00:00,-901.7999999999914,short,is,,71.60000000000001,72.5,1,43,93799.99999999978,-8.048230565630929
2024-01-11 10:06:00+00:00,8.199999999990904,short,is,,72.66,72.65,1,16,93809.99999999978,-8.03842760513686
2024-01-11 10:19:00+00:00,68.20000000000739,short,is,,72.82000000000001,72.75,1,7,93879.99999999978,-7.969806881678377
2024-01-11 10:40:00+00:00,-111.79999999999943,long,is,,72.66,72.55,1,11,93769.99999999978,-8.077639447113137
2024-01-11 10:58:00+00:00,48.19999999999716,short,is,,72.58,72.53,1,3,93819.99999999978,-8.028624644642791
2024-01-11 11:17:00+00:00,-111.79999999999943,long,is,,72.48,72.37,1,12,93709.99999999978,-8.136457210077552
2024-01-11 11:52:00+00:00,-201.79999999998864,short,is,,72.54,72.74,1,31,93509.9999999998,-8.332516419958923
2024-01-11 12:12:00+00:00,18.19999999999602,long,is,,72.72,72.74,1,10,93529.9999999998,-8.312910498970783
2024-01-11 12:32:00+00:00,-61.80000000000227,short,is,,72.75,72.81,1,9,93469.99999999978,-8.371728261935214
2024-01-11 12:45:00+00:00,18.19999999999602,long,is,,72.79,72.81,1,1,93489.99999999978,-8.352122340947075
2024-01-11 12:54:00+00:00,48.19999999999716,short,is,,72.87,72.82000000000001,1,3,93539.99999999978,-8.30310753847673
2024-01-11 13:20:00+00:00,68.20000000000739,long,is,,72.74,72.81,1,23,93609.99999999978,-8.234486815018245
2024-01-11 13:34:00+00:00,18.20000000001023,long,is,,72.63,72.65,1,3,93629.9999999998,-8.214880894030092
2024-01-11 13:44:00+00:00,208.20000000000795,long,is,,72.49,72.7,1,4,93839.99999999981,-8.009018723654625
2024-01-11 14:03:00+00:00,68.19999999999318,long,is,,72.57000000000001,72.64,1,3,93909.9999999998,-7.940398000196154
2024-01-11 14:36:00+00:00,-251.8,short,is,,72.85000000000001,73.10000000000001,1,28,93659.9999999998,-8.185472012547883
2024-01-11 14:50:00+00:00,8.200000000005115,long,is,,72.95,72.96000000000001,1,13,93669.99999999981,-8.1756690520538
2024-01-11 15:05:00+00:00,38.199999999992045,short,is,,73.02,72.98,1,8,93709.9999999998,-8.136457210077538
2024-01-11 15:16:00+00:00,78.1999999999983,short,is,,73.18,73.10000000000001,1,8,93789.9999999998,-8.058033526124984
2024-01-11 16:03:00+00:00,-381.8000000000097,short,is,,73.22,73.60000000000001,1,41,93409.99999999978,-8.430546024899629
2024-01-11 16:17:00+00:00,28.200000000001136,long,is,,73.53,73.56,1,9,93439.99999999978,-8.40113714341742
2024-01-11 16:29:00+00:00,28.200000000001136,short,is,,73.65,73.62,1,7,93469.99999999978,-8.371728261935214
2024-01-11 16:56:00+00:00,-151.8000000000057,long,is,,73.53,73.38,1,20,93319.99999999978,-8.518772669346252
2024-01-11 17:35:00+00:00,-621.7999999999903,long,is,,73.22,72.60000000000001,1,35,92699.9999999998,-9.126556219978529
2024-01-11 17:59:00+00:00,-21.800000000010233,long,is,,72.35000000000001,72.33,1,17,92679.99999999978,-9.146162140966682
2024-01-11 18:03:00+00:00,128.19999999999544,long,is,,72.18,72.31,1,2,92809.99999999978,-9.018723654543782
2024-01-11 18:08:00+00:00,178.2000000000068,short,is,,72.46000000000001,72.28,1,2,92989.99999999978,-8.842270365650537
2024-01-11 18:27:00+00:00,-91.7999999999892,long,is,,72.16,72.07000000000001,1,17,92899.9999999998,-8.930497010097145
2024-01-11 18:43:00+00:00,48.20000000001137,short,is,,72.07000000000001,72.02,1,4,92949.99999999981,-8.881482207626783
2024-01-11 18:59:00+00:00,88.20000000000341,long,is,,71.87,71.96000000000001,1,11,93039.99999999981,-8.793255563180162
2024-01-11 19:11:00+00:00,38.200000000006256,short,is,,72.06,72.02,1,8,93079.99999999981,-8.754043721203884
2024-01-11 19:21:00+00:00,98.20000000000853,long,is,,71.94,72.04,1,2,93179.99999999983,-8.65601411626318
2024-01-11 19:34:00+00:00,88.20000000000341,long,is,,71.91,72.0,1,4,93269.99999999983,-8.567787471816555
2024-01-11 19:57:00+00:00,-41.79999999999204,short,is,,72.04,72.08,1,8,93229.99999999984,-8.606999313792818
2024-01-11 20:05:00+00:00,38.199999999992045,long,is,,72.04,72.08,1,1,93269.99999999983,-8.567787471816555
2024-01-11 20:08:00+00:00,28.200000000001136,long,is,,72.04,72.07000000000001,1,1,93299.99999999983,-8.538378590334347
2024-01-11 20:39:00+00:00,-191.79999999999774,short,is,,72.10000000000001,72.29,1,22,93109.99999999983,-8.724634839721663
2024-01-11 20:52:00+00:00,-1.8,short,is,,72.33,72.33,1,2,93109.99999999983,-8.724634839721663
2024-01-11 21:11:00+00:00,-241.7999999999949,short,is,,72.34,72.58,1,16,92869.99999999984,-8.95990589157931
2024-01-11 22:57:00+00:00,-191.79999999999774,short,is,,72.65,72.84,1,27,92679.99999999984,-9.146162140966625
2024-01-11 23:05:00+00:00,-111.79999999999943,short,is,,72.81,72.92,1,6,92569.99999999984,-9.253994706401386
2024-01-11 23:31:00+00:00,-11.799999999990906,short,is,,73.10000000000001,73.11,1,11,92559.99999999985,-9.263797666895442
2024-01-11 23:45:00+00:00,-11.800000000005117,short,is,,73.17,73.18,1,5,92549.99999999984,-9.273600627389525
2024-01-12 00:08:00+00:00,-292.50000000000625,short,is,,73.22,73.51,1,22,92259.99999999984,-9.557886481717533
2024-01-12 00:31:00+00:00,-61.80000000000227,long,is,,73.36,73.3,1,16,92199.99999999984,-9.616704244681948
2024-01-12 00:41:00+00:00,-31.800000000001138,short,is,,73.39,73.42,1,7,92169.99999999984,-9.646113126164154
2024-01-12 01:17:00+00:00,-1.8,short,is,,73.46000000000001,73.46000000000001,1,13,92169.99999999984,-9.646113126164154
2024-01-12 01:49:00+00:00,-241.8000000000091,short,is,,73.52,73.76,1,28,91929.99999999983,-9.88138417802183
2024-01-12 02:14:00+00:00,-181.79999999999262,long,is,,73.77,73.59,1,10,91749.99999999983,-10.057837466915078
2024-01-12 03:06:00+00:00,-211.80000000000797,short,is,,73.58,73.79,1,31,91539.99999999983,-10.26369963729053
2024-01-12 03:28:00+00:00,-91.80000000000341,long,is,,73.7,73.61,1,20,91449.99999999983,-10.351926281737153
2024-01-12 04:01:00+00:00,-161.7999999999966,long,is,,73.58,73.42,1,28,91289.99999999983,-10.508773649642261
2024-01-12 04:32:00+00:00,-121.79999999999033,long,is,,73.38,73.26,1,27,91169.99999999984,-10.626409175571078
2024-01-12 04:40:00+00:00,8.199999999990904,long,is,,73.23,73.24,1,4,91179.99999999983,-10.616606215077022
2024-01-12 05:01:00+00:00,-81.79999999999829,short,is,,73.3,73.38,1,19,91099.99999999983,-10.695029899029576
2024-01-12 05:42:00+00:00,-141.80000000000058,short,is,,73.4,73.54,1,24,90959.99999999983,-10.832271345946545
2024-01-12 05:51:00+00:00,8.199999999990904,short,is,,73.58,73.57000000000001,1,1,90969.99999999983,-10.822468385452476
2024-01-12 06:01:00+00:00,8.199999999990904,short,is,,73.58,73.57000000000001,1,3,90979.99999999981,-10.812665424958421
2024-01-12 06:20:00+00:00,-21.800000000010233,short,is,,73.58,73.60000000000001,1,9,90959.9999999998,-10.832271345946575
2024-01-12 06:41:00+00:00,-51.799999999997155,short,is,,73.68,73.73,1,6,90909.9999999998,-10.88128614841692
2024-01-12 07:02:00+00:00,8.200000000005115,long,is,,73.7,73.71000000000001,1,8,90919.99999999981,-10.871483187922838
2024-01-12 07:06:00+00:00,8.200000000005115,short,is,,73.75,73.74,1,3,90929.99999999981,-10.861680227428767
2024-01-12 07:31:00+00:00,-151.8000000000057,long,is,,73.67,73.52,1,13,90779.99999999981,-11.008724634839806
2024-01-12 07:55:00+00:00,58.20000000000228,short,is,,73.72,73.66,1,5,90839.99999999981,-10.94990687187539
2024-01-12 08:10:00+00:00,-81.8000000000125,short,is,,73.74,73.82000000000001,1,8,90759.9999999998,-11.028330555827958
2024-01-12 08:27:00+00:00,58.20000000000228,short,is,,73.94,73.88,1,6,90819.9999999998,-10.969512792863542
2024-01-12 08:33:00+00:00,78.1999999999983,long,is,,73.78,73.86,1,4,90899.9999999998,-10.89108910891099
2024-01-12 08:38:00+00:00,118.20000000000455,long,is,,73.72,73.84,1,2,91019.9999999998,-10.773453582982158
2024-01-12 09:01:00+00:00,38.199999999992045,short,is,,73.91,73.87,1,4,91059.9999999998,-10.734241741005881
2024-01-12 09:21:00+00:00,-111.79999999999943,long,is,,73.72,73.61,1,18,90949.9999999998,-10.842074306440642
2024-01-12 09:37:00+00:00,-161.7999999999966,short,is,,73.72,73.88,1,15,90789.9999999998,-10.99892167434575
2024-01-12 09:47:00+00:00,58.199999999988066,short,is,,74.02,73.96000000000001,1,3,90849.99999999978,-10.94010391138135
2024-01-12 10:56:00+00:00,-751.8,short,is,,74.09,74.84,1,61,90099.99999999978,-11.67532594843654
2024-01-12 11:08:00+00:00,98.19999999999432,short,is,,75.06,74.96000000000001,1,1,90199.99999999978,-11.57729634349585
2024-01-12 11:44:00+00:00,28.200000000001136,short,is,,75.12,75.09,1,13,90229.99999999978,-11.547887462013641
2024-01-12 12:21:00+00:00,-281.80000000000115,long,is,,74.97,74.69,1,34,89949.99999999978,-11.82237035584758
2024-01-12 12:35:00+00:00,118.20000000000455,short,is,,74.81,74.69,1,7,90069.99999999978,-11.704734829918749
2024-01-12 12:51:00+00:00,-21.79999999999602,long,is,,74.58,74.56,1,11,90049.99999999978,-11.724340750906887
2024-01-12 13:08:00+00:00,-21.79999999999602,long,is,,74.42,74.4,1,7,90029.9999999998,-11.743946671895012
2024-01-12 13:34:00+00:00,-111.79999999999943,long,is,,74.33,74.22,1,14,89919.9999999998,-11.851779237329772
2024-01-12 14:09:00+00:00,-31.800000000001138,long,is,,74.08,74.05,1,8,89889.99999999978,-11.881188118811995
2024-01-12 14:19:00+00:00,148.19999999999146,long,is,,73.82000000000001,73.97,1,5,90039.99999999978,-11.734143711400955
2024-01-12 14:47:00+00:00,-311.7999999999881,short,is,,74.07000000000001,74.38,1,24,89729.9999999998,-12.038035486717087
2024-01-12 15:07:00+00:00,-71.80000000000739,long,is,,74.26,74.19,1,13,89659.99999999978,-12.106656210175586
2024-01-12 15:20:00+00:00,-21.800000000010233,long,is,,74.04,74.02,1,10,89639.99999999977,-12.12626213116374
2024-01-12 15:44:00+00:00,-421.7999999999875,long,is,,73.88,73.46000000000001,1,18,89219.99999999978,-12.537986471914634
2024-01-12 15:58:00+00:00,-11.800000000005117,short,is,,73.67,73.68,1,8,89209.99999999978,-12.5477894324087
2024-01-12 16:25:00+00:00,-331.7999999999983,long,is,,73.41,73.08,1,17,88879.99999999978,-12.871287128712986
2024-01-12 16:33:00+00:00,88.20000000000341,short,is,,73.18,73.09,1,1,88969.99999999978,-12.783060484266361
2024-01-12 16:38:00+00:00,98.20000000000853,long,is,,72.94,73.04,1,2,89069.9999999998,-12.685030879325657
2024-01-12 16:46:00+00:00,68.19999999999318,short,is,,73.19,73.12,1,4,89139.99999999978,-12.616410155867186
2024-01-12 17:03:00+00:00,18.19999999999602,long,is,,72.93,72.95,1,14,89159.99999999978,-12.596804234879047
2024-01-12 17:08:00+00:00,38.200000000006256,long,is,,72.8,72.84,1,3,89199.9999999998,-12.557592392902755
2024-01-12 17:32:00+00:00,-101.79999999999431,long,is,,72.74,72.64,1,12,89099.9999999998,-12.65562199784345
2024-01-12 17:46:00+00:00,78.20000000001251,long,is,,72.49,72.57000000000001,1,5,89179.99999999981,-12.57719831389088
2024-01-12 17:51:00+00:00,98.19999999999432,short,is,,72.72,72.62,1,3,89279.9999999998,-12.479168708950203
2024-01-12 18:00:00+00:00,88.1999999999892,long,is,,72.46000000000001,72.55,1,3,89369.9999999998,-12.39094206450358
2024-01-12 18:27:00+00:00,-121.80000000000454,short,is,,72.72,72.84,1,17,89249.99999999978,-12.508577590432424
2024-01-12 18:38:00+00:00,68.20000000000739,long,is,,72.78,72.85000000000001,1,2,89319.9999999998,-12.439956866973926
2024-01-12 18:50:00+00:00,68.19999999999318,short,is,,72.94,72.87,1,9,89389.99999999978,-12.371336143515457
2024-01-12 19:02:00+00:00,68.19999999999318,short,is,,72.97,72.9,1,4,89459.99999999978,-12.302715420056971
2024-01-12 19:15:00+00:00,28.200000000001136,long,is,,72.81,72.84,1,6,89489.99999999978,-12.273306538574763
2024-01-12 19:26:00+00:00,118.20000000000455,short,is,,72.96000000000001,72.84,1,3,89609.99999999978,-12.155671012645932
2024-01-12 19:43:00+00:00,-1.8,long,is,,72.65,72.65,1,15,89609.99999999978,-12.155671012645932
2024-01-12 19:54:00+00:00,48.19999999999716,long,is,,72.60000000000001,72.65,1,2,89659.99999999978,-12.106656210175586
2024-01-12 19:57:00+00:00,38.200000000006256,short,is,,72.68,72.64,1,2,89699.99999999978,-12.06744436819931
2024-01-12 20:07:00+00:00,-21.79999999999602,short,is,,72.72,72.74,1,6,89679.9999999998,-12.087050289187435
2024-01-12 20:34:00+00:00,-11.800000000005117,short,is,,72.8,72.81,1,11,89669.99999999978,-12.096853249681518
2024-01-12 20:43:00+00:00,8.199999999990904,long,is,,72.76,72.77,1,5,89679.99999999978,-12.087050289187449
2024-01-12 20:51:00+00:00,8.199999999990904,short,is,,72.8,72.79,1,2,89689.99999999977,-12.077247328693392
2024-01-12 21:01:00+00:00,-1.8,long,is,,72.75,72.75,1,1,89689.99999999977,-12.077247328693392
2024-01-12 21:07:00+00:00,8.200000000005115,long,is,,72.74,72.75,1,4,89699.99999999977,-12.067444368199325
2024-01-12 21:30:00+00:00,-31.800000000001138,short,is,,72.77,72.8,1,15,89669.99999999977,-12.096853249681532
2024-01-12 21:36:00+00:00,8.200000000005115,long,is,,72.74,72.75,1,5,89679.99999999978,-12.087050289187449
2024-01-12 21:46:00+00:00,-11.799999999990906,long,is,,72.72,72.71000000000001,1,8,89669.99999999978,-12.096853249681518
2024-01-12 22:00:00+00:00,-1.8,short,is,,72.76,72.76,1,4,89669.99999999978,-12.096853249681518
2024-01-14 23:10:00+00:00,-532.5000000000011,long,is,,72.8,72.27,1,14,89139.99999999978,-12.616410155867186
2024-01-14 23:42:00+00:00,-21.800000000010233,long,is,,72.32000000000001,72.3,1,10,89119.99999999977,-12.636016076855338
2024-01-15 00:13:00+00:00,-142.50000000000057,short,is,,72.4,72.54,1,26,88979.99999999977,-12.773257523772308
2024-01-15 00:32:00+00:00,47.49999999999716,short,is,,72.58,72.53,1,7,89029.99999999977,-12.724242721301962
2024-01-15 00:42:00+00:00,17.500000000010232,short,is,,72.60000000000001,72.58,1,2,89049.99999999978,-12.704636800313809
2024-01-15 00:48:00+00:00,-2.5,short,is,,72.60000000000001,72.60000000000001,1,2,89049.99999999978,-12.704636800313809
2024-01-15 01:12:00+00:00,38.200000000006256,long,is,,72.58,72.62,1,13,89089.99999999978,-12.665424958337532
2024-01-15 01:26:00+00:00,-111.79999999999943,long,is,,72.51,72.4,1,12,88979.99999999978,-12.773257523772294
2024-01-15 02:17:00+00:00,-191.79999999999774,short,is,,72.48,72.67,1,26,88789.99999999978,-12.959513773159609
2024-01-15 02:28:00+00:00,-1.8,long,is,,72.68,72.68,1,4,88789.99999999978,-12.959513773159609
2024-01-15 02:37:00+00:00,-51.799999999997155,short,is,,72.7,72.75,1,8,88739.9999999998,-13.00852857562994
2024-01-15 03:01:00+00:00,-21.79999999999602,short,is,,72.81,72.83,1,14,88719.9999999998,-13.02813449661808
2024-01-15 03:07:00+00:00,8.200000000005115,long,is,,72.81,72.82000000000001,1,3,88729.9999999998,-13.018331536124009
2024-01-15 03:21:00+00:00,-11.800000000005117,short,is,,72.86,72.87,1,13,88719.9999999998,-13.02813449661808
2024-01-15 03:47:00+00:00,8.199999999990904,long,is,,72.85000000000001,72.86,1,14,88729.99999999978,-13.018331536124025
2024-01-15 04:16:00+00:00,-111.79999999999943,long,is,,72.82000000000001,72.71000000000001,1,26,88619.99999999978,-13.126164101558786
2024-01-15 04:30:00+00:00,-1.8,short,is,,72.74,72.74,1,11,88619.99999999978,-13.126164101558786
2024-01-15 04:49:00+00:00,8.199999999990904,long,is,,72.73,72.74,1,15,88629.99999999978,-13.116361141064717
2024-01-15 05:08:00+00:00,-61.80000000000227,short,is,,72.75,72.81,1,16,88569.99999999977,-13.175178904029147
2024-01-15 05:29:00+00:00,-51.799999999997155,long,is,,72.8,72.75,1,16,88519.99999999978,-13.224193706499479
2024-01-15 05:38:00+00:00,8.200000000005115,short,is,,72.81,72.8,1,6,88529.99999999978,-13.214390746005408
2024-01-15 05:49:00+00:00,-1.8,long,is,,72.74,72.74,1,7,88529.99999999978,-13.214390746005408
2024-01-15 05:59:00+00:00,-1.8,long,is,,72.7,72.7,1,3,88529.99999999978,-13.214390746005408
2024-01-15 06:17:00+00:00,-41.79999999999204,long,is,,72.66,72.62,1,13,88489.9999999998,-13.253602587981671
2024-01-15 06:37:00+00:00,-41.79999999999204,short,is,,72.68,72.72,1,6,88449.9999999998,-13.292814429957946
2024-01-15 06:47:00+00:00,48.20000000001137,long,is,,72.63,72.68,1,2,88499.99999999981,-13.243799627487588
2024-01-15 06:56:00+00:00,-1.8,long,is,,72.64,72.64,1,6,88499.99999999981,-13.243799627487588
2024-01-15 07:00:00+00:00,8.200000000005115,long,is,,72.61,72.62,1,2,88509.99999999981,-13.23399666699352
2024-01-15 07:13:00+00:00,58.20000000000228,long,is,,72.61,72.67,1,12,88569.99999999981,-13.175178904029103
2024-01-15 07:30:00+00:00,-71.79999999999318,short,is,,72.79,72.86,1,10,88499.99999999983,-13.243799627487574
2024-01-15 07:47:00+00:00,-21.800000000010233,long,is,,72.82000000000001,72.8,1,6,88479.99999999981,-13.263405548475726
2024-01-15 07:54:00+00:00,28.200000000001136,long,is,,72.74,72.77,1,2,88509.99999999981,-13.23399666699352
2024-01-15 08:07:00+00:00,68.19999999999318,short,is,,72.83,72.76,1,9,88579.99999999981,-13.165375943535034
2024-01-15 08:21:00+00:00,38.199999999992045,long,is,,72.65,72.69,1,4,88619.9999999998,-13.126164101558771
2024-01-15 08:33:00+00:00,-21.79999999999602,long,is,,72.56,72.54,1,10,88599.9999999998,-13.145770022546909
2024-01-15 08:46:00+00:00,88.20000000000341,short,is,,72.68,72.59,1,9,88689.99999999981,-13.057543378100272
2024-01-15 09:06:00+00:00,-81.79999999999829,long,is,,72.54,72.46000000000001,1,14,88609.99999999981,-13.135967062052826
2024-01-15 09:17:00+00:00,78.1999999999983,long,is,,72.28,72.36,1,5,88689.99999999981,-13.057543378100272
2024-01-15 09:33:00+00:00,18.19999999999602,short,is,,72.44,72.42,1,6,88709.9999999998,-13.037937457112147
2024-01-15 10:01:00+00:00,-101.79999999999431,long,is,,72.28,72.18,1,18,88609.99999999981,-13.135967062052826
2024-01-15 10:19:00+00:00,88.20000000000341,long,is,,72.03,72.12,1,4,88699.99999999981,-13.047740417606205
2024-01-15 10:40:00+00:00,38.200000000006256,long,is,,72.08,72.12,1,1,88739.99999999983,-13.008528575629914
2024-01-15 10:43:00+00:00,8.200000000005115,short,is,,72.14,72.13,1,1,88749.99999999983,-12.998725615135843
2024-01-15 10:53:00+00:00,28.200000000001136,short,is,,72.15,72.12,1,5,88779.99999999983,-12.969316733653635
2024-01-15 11:01:00+00:00,48.19999999999716,long,is,,72.07000000000001,72.12,1,5,88829.99999999983,-12.920301931183289
2024-01-15 11:21:00+00:00,38.199999999992045,long,is,,72.04,72.08,1,2,88869.99999999981,-12.881090089207026
2024-01-15 11:34:00+00:00,18.19999999999602,long,is,,72.04,72.06,1,2,88889.99999999981,-12.861484168218887
2024-01-15 11:45:00+00:00,18.19999999999602,long,is,,72.0,72.02,1,9,88909.99999999981,-12.84187824723075
2024-01-15 12:17:00+00:00,-241.8000000000091,long,is,,71.98,71.74,1,27,88669.9999999998,-13.077149299088425
2024-01-15 12:37:00+00:00,-1.8,long,is,,71.60000000000001,71.60000000000001,1,9,88669.9999999998,-13.077149299088425
2024-01-15 13:26:00+00:00,88.20000000000341,long,is,,71.52,71.61,1,40,88759.9999999998,-12.988922654641803
2024-01-15 13:38:00+00:00,68.19999999999318,long,is,,71.62,71.69,1,2,88829.9999999998,-12.920301931183317
2024-01-15 13:51:00+00:00,38.199999999992045,long,is,,71.60000000000001,71.64,1,5,88869.99999999978,-12.881090089207056
2024-01-15 14:15:00+00:00,-241.8000000000091,short,is,,71.72,71.96000000000001,1,23,88629.99999999978,-13.116361141064717
2024-02-01 00:36:00+00:00,7.500000000005116,short,is,,75.87,75.86,1,36,88639.99999999978,-13.106558180570646
2024-02-01 01:26:00+00:00,318.2000000000074,long,is,,75.86,76.18,1,30,88959.9999999998,-12.79286344476042
2024-02-01 02:02:00+00:00,-91.80000000000341,short,is,,76.3,76.39,1,28,88869.99999999978,-12.881090089207056
2024-02-01 02:07:00+00:00,48.19999999999716,long,is,,76.35000000000001,76.4,1,4,88919.99999999978,-12.832075286736707
2024-02-01 02:30:00+00:00,28.200000000001136,long,is,,76.37,76.4,1,3,88949.99999999978,-12.8026664052545
2024-02-01 02:46:00+00:00,18.19999999999602,short,is,,76.47,76.45,1,3,88969.99999999978,-12.783060484266361
2024-02-01 02:51:00+00:00,8.199999999990904,short,is,,76.47,76.46000000000001,1,2,88979.99999999977,-12.773257523772308
2024-02-01 03:22:00+00:00,-131.79999999999546,long,is,,76.44,76.31,1,25,88849.99999999978,-12.900696010195192
2024-02-01 03:41:00+00:00,-1.8,long,is,,76.3,76.3,1,1,88849.99999999978,-12.900696010195192
2024-02-01 03:58:00+00:00,-61.79999999998806,short,is,,76.32000000000001,76.38,1,15,88789.9999999998,-12.959513773159594
2024-02-01 04:28:00+00:00,-151.8000000000057,long,is,,76.35000000000001,76.2,1,25,88639.99999999978,-13.106558180570646
2024-02-01 04:51:00+00:00,-31.800000000001138,long,is,,76.17,76.14,1,18,88609.99999999978,-13.135967062052856
2024-02-01 05:07:00+00:00,-31.800000000001138,short,is,,76.15,76.18,1,7,88579.99999999978,-13.165375943535063
2024-02-01 05:19:00+00:00,-1.8,long,is,,76.14,76.14,1,2,88579.99999999978,-13.165375943535063
2024-02-01 05:40:00+00:00,-31.800000000001138,long,is,,76.14,76.11,1,16,88549.99999999978,-13.194784825017269
2024-02-01 06:03:00+00:00,-31.800000000001138,long,is,,76.02,75.99,1,17,88519.99999999978,-13.224193706499479
2024-02-01 06:08:00+00:00,18.20000000001023,short,is,,76.04,76.02,1,3,88539.9999999998,-13.204587785511327
2024-02-01 06:37:00+00:00,-1.8,long,is,,75.96000000000001,75.96000000000001,1,8,88539.9999999998,-13.204587785511327
2024-02-01 06:53:00+00:00,-61.80000000000227,long,is,,75.95,75.89,1,13,88479.99999999978,-13.263405548475754
2024-02-01 07:06:00+00:00,8.200000000005115,long,is,,75.88,75.89,1,4,88489.9999999998,-13.253602587981671
2024-02-01 07:19:00+00:00,-21.79999999999602,short,is,,75.92,75.94,1,6,88469.9999999998,-13.27320850896981
2024-02-01 07:33:00+00:00,-21.79999999999602,long,is,,75.88,75.86,1,10,88449.9999999998,-13.292814429957946
2024-02-01 07:49:00+00:00,-41.79999999999204,short,is,,75.9,75.94,1,5,88409.99999999981,-13.332026271934211
2024-02-01 08:08:00+00:00,38.200000000006256,long,is,,75.72,75.76,1,7,88449.99999999981,-13.292814429957932
2024-02-01 08:16:00+00:00,118.20000000000455,long,is,,75.5,75.62,1,4,88569.99999999983,-13.175178904029089
2024-02-01 08:38:00+00:00,28.200000000001136,short,is,,75.66,75.63,1,7,88599.99999999983,-13.145770022546882
2024-02-01 08:45:00+00:00,78.1999999999983,long,is,,75.5,75.58,1,3,88679.99999999983,-13.067346338594326
2024-02-01 09:14:00+00:00,-351.7999999999943,short,is,,75.9,76.25,1,20,88329.99999999983,-13.41044995588675
2024-02-01 09:26:00+00:00,-21.79999999999602,short,is,,76.4,76.42,1,7,88309.99999999983,-13.430055876874889
2024-02-01 09:45:00+00:00,118.20000000000455,short,is,,76.53,76.41,1,3,88429.99999999983,-13.312420350946057
2024-02-01 09:56:00+00:00,58.20000000000228,short,is,,76.57000000000001,76.51,1,6,88489.99999999984,-13.253602587981629
2024-02-01 10:16:00+00:00,48.20000000001137,long,is,,76.38,76.43,1,8,88539.99999999984,-13.204587785511283
2024-02-01 10:28:00+00:00,108.19999999999943,short,is,,76.55,76.44,1,10,88649.99999999984,-13.09675522007652
2024-02-01 10:48:00+00:00,48.19999999999716,short,is,,76.59,76.54,1,5,88699.99999999984,-13.047740417606175
2024-02-01 11:06:00+00:00,18.19999999999602,long,is,,76.46000000000001,76.48,1,10,88719.99999999984,-13.028134496618035
2024-02-01 11:23:00+00:00,8.200000000005115,short,is,,76.53,76.52,1,9,88729.99999999984,-13.018331536123966
2024-02-01 11:36:00+00:00,58.20000000000228,long,is,,76.4,76.46000000000001,1,7,88789.99999999984,-12.95951377315955
2024-02-01 11:49:00+00:00,-11.799999999990906,short,is,,76.57000000000001,76.58,1,8,88779.99999999985,-12.969316733653608
2024-02-01 12:05:00+00:00,8.199999999990904,long,is,,76.48,76.49,1,6,88789.99999999984,-12.95951377315955
2024-02-01 12:33:00+00:00,-41.79999999999204,long,is,,76.3,76.26,1,11,88749.99999999985,-12.998725615135815
2024-02-01 13:00:00+00:00,8.200000000005115,long,is,,76.17,76.18,1,10,88759.99999999985,-12.988922654641746
2024-02-01 13:42:00+00:00,-341.8000000000034,short,is,,76.3,76.64,1,41,88419.99999999985,-13.322223311440098
2024-02-01 13:46:00+00:00,78.1999999999983,long,is,,76.58,76.66,1,3,88499.99999999985,-13.243799627487546
2024-02-01 13:56:00+00:00,68.20000000000739,long,is,,76.52,76.59,1,7,88569.99999999985,-13.17517890402906
2024-02-01 14:01:00+00:00,28.200000000001136,short,is,,76.68,76.65,1,2,88599.99999999985,-13.145770022546852
2024-02-01 14:05:00+00:00,78.1999999999983,short,is,,76.74,76.66,1,1,88679.99999999985,-13.067346338594298
2024-02-01 14:28:00+00:00,-111.79999999999943,long,is,,76.5,76.39,1,19,88569.99999999985,-13.17517890402906
2024-02-01 14:45:00+00:00,-31.800000000001138,short,is,,76.65,76.68,1,14,88539.99999999985,-13.204587785511269
2024-02-01 15:03:00+00:00,-51.800000000011366,long,is,,76.57000000000001,76.52,1,13,88489.99999999985,-13.253602587981614
2024-02-01 15:16:00+00:00,-1.8,short,is,,76.78,76.78,1,10,88489.99999999985,-13.253602587981614
2024-02-01 15:31:00+00:00,18.19999999999602,long,is,,76.76,76.78,1,5,88509.99999999984,-13.23399666699349
2024-02-01 15:44:00+00:00,-151.8000000000057,long,is,,76.68,76.53,1,11,88359.99999999984,-13.381041074404529
2024-02-01 16:10:00+00:00,-101.80000000000852,long,is,,76.34,76.24,1,16,88259.99999999983,-13.479070679345234
2024-02-01 16:27:00+00:00,8.200000000005115,short,is,,76.43,76.42,1,12,88269.99999999984,-13.469267718851153
2024-02-01 16:35:00+00:00,78.20000000001251,short,is,,76.60000000000001,76.52,1,6,88349.99999999985,-13.390844034898583
2024-02-01 16:45:00+00:00,78.1999999999983,short,is,,76.74,76.66,1,6,88429.99999999984,-13.312420350946045
2024-02-01 17:00:00+00:00,118.20000000000455,long,is,,76.52,76.64,1,8,88549.99999999985,-13.1947848250172
2024-02-01 17:13:00+00:00,18.20000000001023,short,is,,76.76,76.74,1,12,88569.99999999985,-13.17517890402906
2024-02-01 17:24:00+00:00,38.199999999992045,long,is,,76.68,76.72,1,2,88609.99999999985,-13.135967062052783
2024-02-01 17:35:00+00:00,78.20000000001251,short,is,,76.82000000000001,76.74,1,3,88689.99999999987,-13.057543378100215
2024-02-01 17:55:00+00:00,-2011.800000000005,long,is,,76.7,74.69,1,18,86679.99999999985,-15.027938437408142
2024-02-01 18:32:00+00:00,-571.7999999999931,short,is,,74.62,75.19,1,16,86109.99999999987,-15.586707185570074
2024-02-01 18:44:00+00:00,28.200000000001136,short,is,,75.60000000000001,75.57000000000001,1,8,86139.99999999987,-15.557298304087865
2024-02-01 19:34:00+00:00,-1241.799999999995,long,is,,75.14,73.9,1,40,84899.99999999988,-16.772865405352437
2024-02-01 19:51:00+00:00,-181.80000000000683,short,is,,74.02,74.2,1,16,84719.99999999987,-16.949318694245697
2024-02-01 20:05:00+00:00,98.20000000000853,long,is,,74.08,74.18,1,11,84819.99999999988,-16.851289089304988
2024-02-01 20:11:00+00:00,58.20000000000228,short,is,,74.23,74.17,1,2,84879.99999999988,-16.792471326340575
2024-02-01 20:41:00+00:00,-61.80000000000227,long,is,,74.06,74.0,1,19,84819.99999999988,-16.851289089304988
2024-02-01 20:48:00+00:00,38.200000000006256,short,is,,74.09,74.05,1,2,84859.99999999988,-16.812077247328713
2024-02-01 21:03:00+00:00,-1.8,long,is,,73.86,73.86,1,12,84859.99999999988,-16.812077247328713
2024-02-01 21:21:00+00:00,-21.79999999999602,short,is,,73.96000000000001,73.98,1,13,84839.99999999988,-16.831683168316854
2024-02-01 21:37:00+00:00,8.199999999990904,long,is,,73.96000000000001,73.97,1,5,84849.99999999988,-16.82188020782278
2024-02-01 21:42:00+00:00,28.200000000001136,long,is,,73.92,73.95,1,3,84879.99999999988,-16.792471326340575
2024-02-01 21:57:00+00:00,18.19999999999602,short,is,,73.98,73.96000000000001,1,2,84899.99999999988,-16.772865405352437
2024-02-01 22:51:00+00:00,68.20000000000739,long,is,,73.91,73.98,1,5,84969.99999999988,-16.70424468189395
2024-02-01 23:10:00+00:00,68.19999999999318,long,is,,73.96000000000001,74.03,1,11,85039.99999999988,-16.635623958435467
2024-02-01 23:33:00+00:00,-101.79999999999431,short,is,,74.12,74.22,1,13,84939.99999999988,-16.73365356337616
2024-02-02 00:06:00+00:00,-62.500000000002274,short,is,,74.22,74.28,1,12,84879.99999999988,-16.792471326340575
2024-02-02 00:28:00+00:00,-12.500000000005116,long,is,,74.21000000000001,74.2,1,18,84869.99999999987,-16.802274286834656
2024-02-02 00:33:00+00:00,-22.49999999999602,short,is,,74.21000000000001,74.23,1,3,84849.99999999988,-16.82188020782278
2024-02-02 00:35:00+00:00,-12.500000000005116,short,is,,74.22,74.23,1,1,84839.99999999987,-16.831683168316864
2024-02-02 00:44:00+00:00,7.499999999990905,short,is,,74.24,74.23,1,6,84849.99999999987,-16.821880207822794
2024-02-02 00:56:00+00:00,-22.49999999999602,long,is,,74.19,74.17,1,10,84829.99999999987,-16.841486128810935
2024-02-02 01:07:00+00:00,-161.7999999999966,short,is,,74.22,74.38,1,9,84669.99999999987,-16.998333496716043
2024-02-02 01:22:00+00:00,38.200000000006256,short,is,,74.42,74.38,1,3,84709.99999999988,-16.95912165473975
2024-02-02 01:56:00+00:00,-51.800000000011366,long,is,,74.29,74.24,1,24,84659.99999999987,-17.00813645721011
2024-02-02 02:11:00+00:00,-11.800000000005117,short,is,,74.31,74.32000000000001,1,12,84649.99999999985,-17.017939417704195
2024-02-02 02:39:00+00:00,-21.800000000010233,long,is,,74.26,74.24,1,19,84629.99999999985,-17.037545338692333
2024-02-02 02:42:00+00:00,8.199999999990904,short,is,,74.27,74.26,1,1,84639.99999999984,-17.027742378198276
2024-02-02 02:53:00+00:00,-41.80000000000625,short,is,,74.28,74.32000000000001,1,9,84599.99999999984,-17.066954220174555
2024-02-02 03:41:00+00:00,-21.800000000010233,short,is,,74.27,74.29,1,8,84579.99999999983,-17.086560141162707
2024-02-02 04:18:00+00:00,-121.80000000000454,long,is,,74.26,74.14,1,29,84459.99999999983,-17.204195667091536
2024-02-02 04:36:00+00:00,-21.79999999999602,short,is,,74.14,74.16,1,4,84439.99999999983,-17.223801588079677
2024-02-02 04:44:00+00:00,-1.8,short,is,,74.17,74.17,1,3,84439.99999999983,-17.223801588079677
2024-02-02 04:56:00+00:00,8.200000000005115,long,is,,74.13,74.14,1,9,84449.99999999983,-17.213998627585607
2024-02-02 05:03:00+00:00,8.200000000005115,short,is,,74.17,74.16,1,4,84459.99999999983,-17.204195667091536
2024-02-02 05:15:00+00:00,8.200000000005115,long,is,,74.13,74.14,1,8,84469.99999999984,-17.194392706597455
2024-02-02 05:32:00+00:00,-11.800000000005117,short,is,,74.19,74.2,1,9,84459.99999999983,-17.204195667091536
2024-02-02 06:10:00+00:00,-161.7999999999966,long,is,,74.14,73.98,1,29,84299.99999999984,-17.36104303499663
2024-02-02 06:26:00+00:00,38.200000000006256,long,is,,73.92,73.96000000000001,1,7,84339.99999999984,-17.321831193020355
2024-02-02 06:44:00+00:00,-71.79999999999318,short,is,,74.04,74.11,1,14,84269.99999999985,-17.390451916478824
2024-02-02 07:07:00+00:00,-1.8,long,is,,74.11,74.11,1,6,84269.99999999985,-17.390451916478824
2024-02-02 07:10:00+00:00,8.199999999990904,long,is,,74.10000000000001,74.11,1,2,84279.99999999984,-17.38064895598477
2024-02-02 07:31:00+00:00,-51.799999999997155,short,is,,74.19,74.24,1,14,84229.99999999984,-17.429663758455117
2024-02-02 08:05:00+00:00,-141.80000000000058,long,is,,74.18,74.04,1,9,84089.99999999984,-17.566905205372084
2024-02-02 08:25:00+00:00,18.19999999999602,short,is,,74.11,74.09,1,5,84109.99999999984,-17.547299284383946
2024-02-02 08:34:00+00:00,48.20000000001137,short,is,,74.18,74.13,1,1,84159.99999999985,-17.498284481913586
2024-02-02 08:55:00+00:00,-211.79999999999376,long,is,,74.02,73.81,1,13,83949.99999999985,-17.70414665228904
2024-02-02 09:16:00+00:00,108.19999999999943,long,is,,73.7,73.81,1,10,84059.99999999985,-17.596314086854278
2024-02-02 09:31:00+00:00,-161.7999999999966,short,is,,73.93,74.09,1,12,83899.99999999985,-17.753161454759386
2024-02-02 09:51:00+00:00,-11.800000000005117,short,is,,74.25,74.26,1,12,83889.99999999985,-17.762964415253453
2024-02-02 10:05:00+00:00,58.199999999988066,long,is,,74.18,74.24,1,7,83949.99999999984,-17.704146652289054
2024-02-02 10:21:00+00:00,-41.80000000000625,short,is,,74.31,74.35000000000001,1,13,83909.99999999984,-17.743358494265333
2024-02-02 10:50:00+00:00,-51.800000000011366,long,is,,74.35000000000001,74.3,1,19,83859.99999999983,-17.792373296735693
2024-02-02 11:02:00+00:00,-31.800000000001138,long,is,,74.22,74.19,1,6,83829.99999999983,-17.821782178217898
2024-02-02 11:30:00+00:00,18.19999999999602,short,is,,74.24,74.22,1,8,83849.99999999983,-17.80217625722976
2024-02-02 11:41:00+00:00,18.20000000001023,short,is,,74.26,74.24,1,2,83869.99999999983,-17.78257033624162
2024-02-02 11:57:00+00:00,-21.79999999999602,long,is,,74.12,74.10000000000001,1,6,83849.99999999984,-17.802176257229746
2024-02-02 12:52:00+00:00,-241.7999999999949,long,is,,74.02,73.78,1,36,83609.99999999984,-18.037447309087405
2024-02-02 12:58:00+00:00,68.20000000000739,short,is,,73.82000000000001,73.75,1,5,83679.99999999985,-17.968826585628907
2024-02-02 13:09:00+00:00,-251.8,long,is,,73.72,73.47,1,10,83429.99999999985,-18.21390059798064
2024-02-02 13:34:00+00:00,58.20000000000228,long,is,,73.26,73.32000000000001,1,13,83489.99999999985,-18.155082835016223
2024-02-02 13:40:00+00:00,148.20000000000567,long,is,,73.13,73.28,1,1,83639.99999999985,-18.008038427605186
2024-02-02 13:50:00+00:00,-81.8000000000125,short,is,,73.38,73.46000000000001,1,8,83559.99999999984,-18.086462111557754
2024-02-02 14:06:00+00:00,48.19999999999716,long,is,,73.23,73.28,1,5,83609.99999999984,-18.037447309087405
2024-02-02 14:15:00+00:00,118.19999999999034,long,is,,73.10000000000001,73.22,1,5,83729.99999999983,-17.91981178315859
2024-02-02 14:26:00+00:00,-91.80000000000341,long,is,,73.09,73.0,1,9,83639.99999999983,-18.008038427605214
2024-02-02 14:54:00+00:00,-591.8000000000034,long,is,,72.81,72.22,1,27,83049.99999999983,-18.586413096755297
2024-02-02 15:05:00+00:00,-1.8,long,is,,72.08,72.08,1,6,83049.99999999983,-18.586413096755297
2024-02-02 15:12:00+00:00,118.20000000000455,short,is,,72.4,72.28,1,5,83169.99999999983,-18.468777570826468
2024-02-02 15:32:00+00:00,-101.79999999999431,short,is,,72.7,72.8,1,15,83069.99999999984,-18.566807175767146
2024-02-02 15:54:00+00:00,-61.80000000000227,long,is,,72.54,72.48,1,19,83009.99999999983,-18.625624938731576
2024-02-02 16:02:00+00:00,58.20000000000228,long,is,,72.22,72.28,1,6,83069.99999999984,-18.566807175767146
2024-02-02 16:23:00+00:00,48.19999999999716,long,is,,72.12,72.17,1,10,83119.99999999983,-18.517792373296814
2024-02-02 16:28:00+00:00,98.19999999999432,long,is,,71.98,72.08,1,2,83219.99999999983,-18.419762768356122
2024-02-02 17:09:00+00:00,108.19999999999943,short,is,,72.31,72.2,1,39,83329.99999999983,-18.31193020292136
2024-02-02 17:31:00+00:00,-131.80000000000967,short,is,,72.27,72.4,1,14,83199.99999999981,-18.439368689344274
2024-02-02 18:14:00+00:00,88.1999999999892,long,is,,72.32000000000001,72.41,1,35,83289.9999999998,-18.351142044897667
2024-02-02 18:22:00+00:00,78.1999999999983,short,is,,72.56,72.48,1,4,83369.9999999998,-18.272718360945113
2024-02-02 18:33:00+00:00,-11.799999999990906,long,is,,72.41,72.4,1,6,83359.99999999981,-18.282521321439166
2024-02-02 18:39:00+00:00,108.19999999999943,long,is,,72.32000000000001,72.43,1,5,83469.99999999981,-18.174688756004407
2024-02-02 19:06:00+00:00,28.200000000001136,short,is,,72.47,72.44,1,6,83499.99999999981,-18.145279874522195
2024-02-02 19:25:00+00:00,78.1999999999983,long,is,,72.28,72.36,1,2,83579.99999999981,-18.066856190569645
2024-02-02 19:45:00+00:00,-141.80000000000058,long,is,,72.29,72.15,1,18,83439.99999999981,-18.204097637486612
2024-02-02 20:05:00+00:00,58.20000000000228,long,is,,72.0,72.06,1,4,83499.99999999981,-18.145279874522195
2024-02-02 20:27:00+00:00,-41.79999999999204,short,is,,72.10000000000001,72.14,1,12,83459.99999999983,-18.18449171649846
2024-02-02 20:32:00+00:00,18.19999999999602,short,is,,72.19,72.17,1,3,83479.99999999983,-18.164885795510322
2024-02-02 20:47:00+00:00,-1.8,long,is,,72.10000000000001,72.10000000000001,1,10,83479.99999999983,-18.164885795510322
2024-02-02 20:51:00+00:00,48.19999999999716,short,is,,72.19,72.14,1,1,83529.99999999981,-18.11587099303999
2024-02-02 21:14:00+00:00,8.200000000005115,long,is,,72.11,72.12,1,8,83539.99999999983,-18.106068032545906
2024-02-02 21:23:00+00:00,-1.8,short,is,,72.15,72.15,1,8,83539.99999999983,-18.106068032545906
2024-02-02 21:52:00+00:00,-141.80000000000058,short,is,,72.18,72.32000000000001,1,25,83399.99999999983,-18.243309479462877
2024-02-04 23:05:00+00:00,-402.5000000000057,short,is,,72.38,72.78,1,11,82999.99999999981,-18.63542789922566
2024-02-04 23:43:00+00:00,-21.800000000010233,long,is,,72.82000000000001,72.8,1,14,82979.9999999998,-18.655033820213813
2024-02-04 23:49:00+00:00,-11.800000000005117,short,is,,72.84,72.85000000000001,1,5,82969.9999999998,-18.66483678070788
2024-02-05 00:14:00+00:00,-122.49999999999034,long,is,,72.8,72.68,1,16,82849.99999999981,-18.782472306636695
2024-02-05 00:58:00+00:00,-211.79999999999376,long,is,,72.63,72.42,1,38,82639.99999999981,-18.98833447701215
2024-02-05 01:07:00+00:00,68.20000000000739,long,is,,72.3,72.37,1,5,82709.99999999983,-18.91971375355365
2024-02-05 01:14:00+00:00,18.20000000001023,short,is,,72.43,72.41,1,4,82729.99999999983,-18.900107832565514
2024-02-05 01:40:00+00:00,-1.8,long,is,,72.31,72.31,1,8,82729.99999999983,-18.900107832565514
2024-02-05 01:49:00+00:00,8.200000000005115,short,is,,72.39,72.38,1,7,82739.99999999984,-18.890304872071432
2024-02-05 02:07:00+00:00,18.20000000001023,short,is,,72.43,72.41,1,6,82759.99999999985,-18.870698951083277
2024-02-05 02:46:00+00:00,-81.79999999999829,long,is,,72.38,72.3,1,20,82679.99999999985,-18.94912263503583
2024-02-05 02:59:00+00:00,-71.80000000000739,long,is,,72.29,72.22,1,11,82609.99999999984,-19.01774335849433
2024-02-05 03:24:00+00:00,-71.79999999999318,short,is,,72.32000000000001,72.39,1,20,82539.99999999985,-19.0863640819528
2024-02-05 03:36:00+00:00,-11.799999999990906,short,is,,72.4,72.41,1,2,82529.99999999985,-19.09616704244687
2024-02-05 03:49:00+00:00,-21.79999999999602,short,is,,72.4,72.42,1,9,82509.99999999985,-19.115772963435006
2024-02-05 03:56:00+00:00,-1.8,short,is,,72.44,72.44,1,3,82509.99999999985,-19.115772963435006
2024-02-05 04:09:00+00:00,-11.799999999990906,long,is,,72.41,72.4,1,7,82499.99999999987,-19.125575923929063
2024-02-05 04:22:00+00:00,-1.8,long,is,,72.38,72.38,1,6,82499.99999999987,-19.125575923929063
2024-02-05 04:38:00+00:00,-21.79999999999602,short,is,,72.39,72.41,1,7,82479.99999999987,-19.1451818449172
2024-02-05 05:03:00+00:00,-91.7999999999892,short,is,,72.43,72.52,1,20,82389.99999999988,-19.23340848936381
2024-02-05 05:34:00+00:00,-181.80000000000683,short,is,,72.52,72.7,1,23,82209.99999999988,-19.409861778257056
2024-02-05 05:47:00+00:00,-41.80000000000625,long,is,,72.65,72.61,1,12,82169.99999999987,-19.44907362023335
2024-02-05 05:58:00+00:00,8.200000000005115,short,is,,72.62,72.61,1,1,82179.99999999987,-19.43927065973928
2024-02-05 06:11:00+00:00,18.19999999999602,short,is,,72.62,72.60000000000001,1,12,82199.99999999987,-19.419664738751138
2024-02-05 06:30:00+00:00,-1.8,long,is,,72.52,72.52,1,7,82199.99999999987,-19.419664738751138
2024-02-05 06:38:00+00:00,8.200000000005115,long,is,,72.5,72.51,1,1,82209.99999999987,-19.40986177825707
2024-02-05 07:09:00+00:00,-81.79999999999829,long,is,,72.48,72.4,1,25,82129.99999999987,-19.488285462209625
2024-02-05 07:34:00+00:00,-21.800000000010233,long,is,,72.32000000000001,72.3,1,16,82109.99999999985,-19.507891383197776
2024-02-05 07:47:00+00:00,8.199999999990904,short,is,,72.33,72.32000000000001,1,10,82119.99999999985,-19.49808842270371
2024-02-05 08:05:00+00:00,178.1999999999926,long,is,,72.26,72.44,1,7,82299.99999999985,-19.32163513381046
2024-02-05 08:30:00+00:00,-1.8,long,is,,72.35000000000001,72.35000000000001,1,9,82299.99999999985,-19.32163513381046
2024-02-05 08:53:00+00:00,-1.8,long,is,,72.18,72.18,1,11,82299.99999999985,-19.32163513381046
2024-02-05 09:18:00+00:00,-61.79999999998806,long,is,,72.02,71.96000000000001,1,14,82239.99999999985,-19.380452896774877
2024-02-05 09:40:00+00:00,138.20000000000056,short,is,,72.0,71.86,1,15,82379.99999999985,-19.24321144985791
2024-02-05 10:08:00+00:00,-71.80000000000739,short,is,,71.88,71.95,1,17,82309.99999999985,-19.311832173316393
2024-02-05 10:24:00+00:00,18.20000000001023,long,is,,71.94,71.96000000000001,1,9,82329.99999999985,-19.292226252328255
2024-02-05 10:55:00+00:00,-31.800000000001138,long,is,,71.85000000000001,71.82000000000001,1,16,82299.99999999985,-19.32163513381046
2024-02-05 11:08:00+00:00,38.199999999992045,long,is,,71.76,71.8,1,3,82339.99999999985,-19.282423291834185
2024-02-05 11:10:00+00:00,88.20000000000341,long,is,,71.69,71.78,1,1,82429.99999999985,-19.194196647387564
2024-02-05 11:18:00+00:00,78.1999999999983,short,is,,71.88,71.8,1,3,82509.99999999985,-19.115772963435006
2024-02-05 11:30:00+00:00,38.199999999992045,long,is,,71.68,71.72,1,8,82549.99999999985,-19.07656112145873
2024-02-05 11:43:00+00:00,-11.799999999990906,short,is,,71.85000000000001,71.86,1,9,82539.99999999985,-19.0863640819528
2024-02-05 12:08:00+00:00,-141.80000000000058,long,is,,71.82000000000001,71.68,1,16,82399.99999999985,-19.22360552886977
2024-02-05 12:23:00+00:00,58.20000000000228,short,is,,71.82000000000001,71.76,1,11,82459.99999999987,-19.164787765905338
2024-02-05 12:39:00+00:00,-61.80000000000227,short,is,,71.88,71.94,1,9,82399.99999999985,-19.22360552886977
2024-02-05 13:00:00+00:00,-61.80000000000227,short,is,,72.06,72.12,1,13,82339.99999999985,-19.282423291834185
2024-02-05 13:09:00+00:00,58.20000000000228,short,is,,72.19,72.13,1,3,82399.99999999985,-19.22360552886977
2024-02-05 13:23:00+00:00,-51.800000000011366,long,is,,72.07000000000001,72.02,1,12,82349.99999999985,-19.272620331340114
2024-02-05 13:33:00+00:00,28.200000000001136,long,is,,71.93,71.96000000000001,1,5,82379.99999999985,-19.24321144985791
2024-02-05 14:11:00+00:00,-241.7999999999949,short,is,,72.10000000000001,72.34,1,35,82139.99999999985,-19.47848250171557
2024-02-05 14:55:00+00:00,818.2000000000074,short,is,,72.45,71.63,1,26,82959.99999999985,-18.674639741201894
2024-02-05 15:12:00+00:00,108.19999999999943,short,is,,71.75,71.64,1,7,83069.99999999985,-18.56680717576713
2024-02-05 15:57:00+00:00,98.19999999999432,short,is,,71.7,71.60000000000001,1,10,83169.99999999985,-18.46877757082644
2024-02-05 16:22:00+00:00,-281.80000000000115,short,is,,71.74,72.02,1,23,82889.99999999985,-18.743260464660377
2024-02-05 16:29:00+00:00,198.20000000000283,long,is,,71.78,71.98,1,4,83089.99999999985,-18.54720125477899
2024-02-05 16:49:00+00:00,88.1999999999892,short,is,,72.19,72.10000000000001,1,1,83179.99999999985,-18.458974610332373
2024-02-05 16:59:00+00:00,78.1999999999983,short,is,,72.27,72.19,1,3,83259.99999999985,-18.380550926379815
2024-02-05 17:35:00+00:00,-481.800000000004,short,is,,72.36,72.84,1,35,82779.99999999984,-18.851093030095154
2024-02-05 17:48:00+00:00,-1.8,short,is,,72.96000000000001,72.96000000000001,1,11,82779.99999999984,-18.851093030095154
2024-02-05 17:57:00+00:00,118.20000000000455,long,is,,72.84,72.96000000000001,1,4,82899.99999999985,-18.73345750416631
2024-02-05 18:16:00+00:00,-31.799999999986927,short,is,,73.10000000000001,73.13,1,15,82869.99999999985,-18.762866385648515
2024-02-05 18:21:00+00:00,58.20000000000228,long,is,,73.08,73.14,1,1,82929.99999999987,-18.704048622684084
2024-02-05 18:30:00+00:00,58.20000000000228,short,is,,73.22,73.16,1,4,82989.99999999987,-18.64523085971967
2024-02-05 19:06:00+00:00,-91.80000000000341,long,is,,73.06,72.97,1,11,82899.99999999987,-18.733457504166292
2024-02-05 19:29:00+00:00,218.19999999999885,short,is,,73.0,72.78,1,10,83119.99999999987,-18.51779237329677
2024-02-05 20:06:00+00:00,8.200000000005115,long,is,,72.74,72.75,1,5,83129.99999999987,-18.507989412802704
2024-02-05 20:44:00+00:00,-91.80000000000341,short,is,,72.76,72.85000000000001,1,24,83039.99999999987,-18.596216057249322
2024-02-05 20:55:00+00:00,-11.799999999990906,long,is,,72.83,72.82000000000001,1,6,83029.99999999988,-18.60601901774338
2024-02-05 21:07:00+00:00,18.19999999999602,long,is,,72.81,72.83,1,5,83049.99999999987,-18.586413096755255
2024-02-05 21:31:00+00:00,-11.800000000005117,long,is,,72.81,72.8,1,10,83039.99999999987,-18.596216057249322
2024-02-05 21:57:00+00:00,8.200000000005115,short,is,,72.81,72.8,1,17,83049.99999999987,-18.586413096755255
2024-02-05 23:06:00+00:00,38.199999999992045,short,is,,72.8,72.76,1,14,83089.99999999987,-18.547201254778976
2024-02-05 23:27:00+00:00,-31.800000000001138,long,is,,72.73,72.7,1,7,83059.99999999987,-18.576610136261188
2024-02-05 23:37:00+00:00,-1.8,long,is,,72.7,72.7,1,4,83059.99999999987,-18.576610136261188
2024-02-06 00:02:00+00:00,-32.50000000000114,long,is,,72.7,72.67,1,17,83029.99999999987,-18.606019017743396
2024-02-06 00:10:00+00:00,-12.500000000005116,short,is,,72.69,72.7,1,4,83019.99999999985,-18.615821978237477
2024-02-06 00:39:00+00:00,-32.50000000000114,short,is,,72.7,72.73,1,5,82989.99999999985,-18.645230859719685
2024-02-06 01:02:00+00:00,7.499999999990905,long,is,,72.73,72.74,1,4,82999.99999999985,-18.635427899225615
2024-02-06 01:08:00+00:00,-11.800000000005117,long,is,,72.7,72.69,1,5,82989.99999999985,-18.645230859719685
2024-02-06 01:16:00+00:00,8.199999999990904,short,is,,72.74,72.73,1,2,82999.99999999984,-18.63542789922563
2024-02-06 01:41:00+00:00,-131.79999999999546,short,is,,72.75,72.88,1,19,82869.99999999984,-18.76286638564853
2024-02-06 02:03:00+00:00,8.200000000005115,short,is,,72.93,72.92,1,6,82879.99999999985,-18.753063425154444
2024-02-06 02:11:00+00:00,8.200000000005115,short,is,,72.93,72.92,1,3,82889.99999999985,-18.743260464660377
2024-02-06 02:28:00+00:00,-11.800000000005117,short,is,,72.95,72.96000000000001,1,10,82879.99999999985,-18.753063425154444
2024-02-06 03:22:00+00:00,-91.7999999999892,long,is,,72.91,72.82000000000001,1,48,82789.99999999985,-18.84129006960107
2024-02-06 03:31:00+00:00,-1.8,long,is,,72.82000000000001,72.82000000000001,1,6,82789.99999999985,-18.84129006960107
2024-02-06 03:55:00+00:00,-11.800000000005117,long,is,,72.82000000000001,72.81,1,9,82779.99999999985,-18.85109303009514
2024-02-06 04:47:00+00:00,-181.79999999999262,short,is,,72.82000000000001,73.0,1,41,82599.99999999985,-19.027546318988385
2024-02-06 05:04:00+00:00,-1.8,long,is,,72.96000000000001,72.96000000000001,1,6,82599.99999999985,-19.027546318988385
2024-02-06 05:22:00+00:00,-41.80000000000625,long,is,,72.96000000000001,72.92,1,13,82559.99999999985,-19.06675816096466
2024-02-06 05:37:00+00:00,18.19999999999602,short,is,,72.99,72.97,1,6,82579.99999999985,-19.047152239976523
2024-02-06 05:41:00+00:00,-1.8,long,is,,72.94,72.94,1,1,82579.99999999985,-19.047152239976523
2024-02-06 05:55:00+00:00,-41.79999999999204,long,is,,72.94,72.9,1,10,82539.99999999985,-19.0863640819528
2024-02-06 06:10:00+00:00,-1.8,long,is,,72.86,72.86,1,2,82539.99999999985,-19.0863640819528
2024-02-06 06:18:00+00:00,-21.800000000010233,long,is,,72.85000000000001,72.83,1,7,82519.99999999985,-19.10597000294094
2024-02-06 06:33:00+00:00,8.200000000005115,long,is,,72.81,72.82000000000001,1,3,82529.99999999985,-19.09616704244687
2024-02-06 06:43:00+00:00,-11.800000000005117,long,is,,72.82000000000001,72.81,1,1,82519.99999999985,-19.10597000294094
2024-02-06 06:54:00+00:00,-21.79999999999602,short,is,,72.84,72.86,1,5,82499.99999999985,-19.125575923929077
2024-02-06 07:10:00+00:00,-81.79999999999829,short,is,,72.86,72.94,1,14,82419.99999999985,-19.20399960788163
2024-02-06 07:27:00+00:00,-1.8,long,is,,72.92,72.92,1,3,82419.99999999985,-19.20399960788163
2024-02-06 07:43:00+00:00,-1.8,short,is,,72.96000000000001,72.96000000000001,1,1,82419.99999999985,-19.20399960788163
2024-02-06 07:56:00+00:00,-51.799999999997155,short,is,,72.97,73.02,1,11,82369.99999999985,-19.253014410351977
2024-02-06 08:20:00+00:00,58.20000000000228,long,is,,73.02,73.08,1,11,82429.99999999985,-19.194196647387564
2024-02-06 08:27:00+00:00,78.1999999999983,long,is,,72.96000000000001,73.04,1,2,82509.99999999985,-19.115772963435006
2024-02-06 08:50:00+00:00,58.20000000000228,long,is,,72.94,73.0,1,13,82569.99999999985,-19.056955200470593
2024-02-06 09:09:00+00:00,-191.79999999999774,long,is,,72.87,72.68,1,15,82379.99999999987,-19.243211449857895
2024-02-06 09:25:00+00:00,18.19999999999602,long,is,,72.60000000000001,72.62,1,2,82399.99999999985,-19.22360552886977
2024-02-06 09:44:00+00:00,28.200000000001136,long,is,,72.59,72.62,1,15,82429.99999999985,-19.194196647387564
2024-02-06 10:01:00+00:00,78.20000000001251,long,is,,72.52,72.60000000000001,1,4,82509.99999999987,-19.115772963434992
2024-02-06 10:29:00+00:00,-121.80000000000454,short,is,,72.66,72.78,1,23,82389.99999999987,-19.233408489363825
2024-02-06 10:56:00+00:00,-31.800000000001138,short,is,,72.91,72.94,1,18,82359.99999999987,-19.26281737084603
2024-02-06 11:38:00+00:00,278.2000000000011,long,is,,72.9,73.18,1,40,82639.99999999987,-18.988334477012096
2024-02-06 12:07:00+00:00,18.20000000001023,long,is,,73.16,73.18,1,9,82659.99999999988,-18.968728556023944
2024-02-06 12:22:00+00:00,18.19999999999602,short,is,,73.24,73.22,1,8,82679.99999999988,-18.949122635035803
2024-02-06 12:36:00+00:00,58.20000000000228,long,is,,73.2,73.26,1,7,82739.99999999988,-18.890304872071386
2024-02-06 13:00:00+00:00,-11.800000000005117,long,is,,73.28,73.27,1,4,82729.99999999988,-18.900107832565457
2024-02-06 13:06:00+00:00,58.20000000000228,short,is,,73.47,73.41,1,5,82789.99999999988,-18.84129006960104
2024-02-06 13:26:00+00:00,68.20000000000739,long,is,,73.28,73.35000000000001,1,10,82859.99999999988,-18.772669346142557
2024-02-06 13:38:00+00:00,18.19999999999602,short,is,,73.38,73.36,1,4,82879.99999999988,-18.75306342515442
2024-02-06 13:45:00+00:00,78.1999999999983,long,is,,73.16,73.24,1,6,82959.99999999988,-18.674639741201865
2024-02-06 14:05:00+00:00,78.1999999999983,short,is,,73.31,73.23,1,8,83039.99999999988,-18.59621605724931
2024-02-06 14:11:00+00:00,128.20000000000965,long,is,,73.13,73.26,1,3,83169.9999999999,-18.468777570826397
2024-02-06 14:30:00+00:00,48.19999999999716,short,is,,73.37,73.32000000000001,1,7,83219.99999999988,-18.419762768356065
2024-02-06 14:39:00+00:00,98.19999999999432,short,is,,73.47,73.37,1,1,83319.99999999988,-18.32173316341537
2024-02-06 14:56:00+00:00,-41.79999999999204,short,is,,73.48,73.52,1,13,83279.99999999988,-18.36094500539165
2024-02-06 15:06:00+00:00,48.20000000001137,long,is,,73.38,73.43,1,6,83329.9999999999,-18.31193020292129
2024-02-06 15:14:00+00:00,158.19999999999658,short,is,,73.66,73.5,1,4,83489.9999999999,-18.15508283501618
2024-02-06 15:33:00+00:00,98.19999999999432,long,is,,73.46000000000001,73.56,1,5,83589.99999999988,-18.057053230075503
2024-02-06 15:47:00+00:00,-51.799999999997155,long,is,,73.3,73.25,1,12,83539.9999999999,-18.106068032545835
2024-02-06 16:09:00+00:00,38.199999999992045,long,is,,73.07000000000001,73.11,1,12,83579.99999999988,-18.06685619056957
2024-02-06 17:01:00+00:00,-361.80000000001365,short,is,,73.24,73.60000000000001,1,44,83219.99999999987,-18.41976276835608
2024-02-06 17:16:00+00:00,88.1999999999892,short,is,,73.74,73.65,1,3,83309.99999999985,-18.33153612390947
2024-02-06 17:31:00+00:00,-121.80000000000454,long,is,,73.37,73.25,1,6,83189.99999999985,-18.4491716498383
2024-02-06 17:56:00+00:00,138.20000000000056,short,is,,73.52,73.38,1,9,83329.99999999985,-18.31193020292133
2024-02-06 18:14:00+00:00,-51.800000000011366,long,is,,73.18,73.13,1,12,83279.99999999985,-18.360945005391677
2024-02-06 18:26:00+00:00,168.2000000000017,long,is,,72.93,73.10000000000001,1,9,83449.99999999985,-18.194294676992502
2024-02-06 18:46:00+00:00,38.200000000006256,short,is,,73.28,73.24,1,14,83489.99999999985,-18.155082835016223
2024-02-06 18:53:00+00:00,58.20000000000228,short,is,,73.44,73.38,1,4,83549.99999999985,-18.09626507205181
2024-02-06 18:59:00+00:00,38.200000000006256,short,is,,73.46000000000001,73.42,1,2,83589.99999999987,-18.057053230075518
2024-02-06 19:08:00+00:00,48.19999999999716,long,is,,73.31,73.36,1,2,83639.99999999985,-18.008038427605186
2024-02-06 19:25:00+00:00,-171.80000000000172,long,is,,73.26,73.09,1,16,83469.99999999985,-18.17468875600436
2024-02-06 19:52:00+00:00,-201.80000000000285,short,is,,73.34,73.54,1,23,83269.99999999985,-18.370747965885748
2024-02-06 20:04:00+00:00,8.199999999990904,short,is,,73.58,73.57000000000001,1,2,83279.99999999985,-18.360945005391677
2024-02-06 20:09:00+00:00,18.19999999999602,short,is,,73.59,73.57000000000001,1,1,83299.99999999984,-18.341339084403554
2024-02-06 20:31:00+00:00,-71.80000000000739,long,is,,73.54,73.47,1,14,83229.99999999984,-18.409959807862037
2024-02-06 20:55:00+00:00,-21.79999999999602,short,is,,73.48,73.5,1,5,83209.99999999984,-18.429565728850175
2024-02-06 21:13:00+00:00,-11.800000000005117,long,is,,73.48,73.47,1,3,83199.99999999984,-18.439368689344246
2024-02-06 21:27:00+00:00,-11.800000000005117,short,is,,73.49,73.5,1,4,83189.99999999983,-18.449171649838327
2024-02-06 21:55:00+00:00,8.200000000005115,short,is,,73.5,73.49,1,19,83199.99999999984,-18.439368689344246
2024-02-06 23:08:00+00:00,-31.800000000001138,long,is,,73.46000000000001,73.43,1,19,83169.99999999984,-18.468777570826454
2024-02-06 23:47:00+00:00,8.200000000005115,long,is,,73.41,73.42,1,12,83179.99999999984,-18.458974610332383
2024-02-07 00:15:00+00:00,-22.49999999999602,short,is,,73.43,73.45,1,10,83159.99999999984,-18.478580531320524
2024-02-07 00:40:00+00:00,-42.50000000000625,short,is,,73.47,73.51,1,17,83119.99999999984,-18.5177923732968
2024-02-07 00:58:00+00:00,-22.49999999999602,short,is,,73.5,73.52,1,2,83099.99999999984,-18.537398294284937
2024-02-07 01:19:00+00:00,-161.7999999999966,short,is,,73.51,73.67,1,18,82939.99999999984,-18.694245662190045
2024-02-07 01:35:00+00:00,8.200000000005115,long,is,,73.63,73.64,1,9,82949.99999999985,-18.68444270169596
2024-02-07 01:53:00+00:00,-31.800000000001138,long,is,,73.58,73.55,1,13,82919.99999999985,-18.71385158317817
2024-02-07 02:10:00+00:00,-31.800000000001138,short,is,,73.58,73.61,1,13,82889.99999999985,-18.743260464660377
2024-02-07 02:22:00+00:00,-11.800000000005117,long,is,,73.60000000000001,73.59,1,5,82879.99999999984,-18.753063425154462
2024-02-07 02:45:00+00:00,88.20000000000341,short,is,,73.61,73.52,1,16,82969.99999999985,-18.664836780707823
2024-02-07 03:17:00+00:00,-41.79999999999204,long,is,,73.5,73.46000000000001,1,15,82929.99999999985,-18.7040486226841
2024-02-07 03:34:00+00:00,-31.800000000001138,short,is,,73.47,73.5,1,13,82899.99999999985,-18.73345750416631
2024-02-07 03:46:00+00:00,-31.800000000001138,short,is,,73.49,73.52,1,10,82869.99999999985,-18.762866385648515
2024-02-07 04:10:00+00:00,-31.800000000001138,long,is,,73.5,73.47,1,15,82839.99999999985,-18.792275267130723
2024-02-07 04:25:00+00:00,-41.79999999999204,short,is,,73.48,73.52,1,11,82799.99999999985,-18.831487109107
2024-02-07 04:43:00+00:00,-41.80000000000625,short,is,,73.52,73.56,1,4,82759.99999999985,-18.870698951083277
2024-02-07 05:06:00+00:00,-61.79999999998806,long,is,,73.52,73.46000000000001,1,16,82699.99999999987,-18.92951671404768
2024-02-07 05:27:00+00:00,-51.799999999997155,long,is,,73.44,73.39,1,15,82649.99999999987,-18.978531516518025
2024-02-07 05:33:00+00:00,-1.8,long,is,,73.39,73.39,1,2,82649.99999999987,-18.978531516518025
2024-02-07 05:39:00+00:00,-11.800000000005117,long,is,,73.39,73.38,1,1,82639.99999999987,-18.988334477012096
2024-02-07 05:45:00+00:00,-1.8,long,is,,73.38,73.38,1,3,82639.99999999987,-18.988334477012096
2024-02-07 05:51:00+00:00,-1.8,short,is,,73.42,73.42,1,4,82639.99999999987,-18.988334477012096
2024-02-07 05:57:00+00:00,8.200000000005115,short,is,,73.43,73.42,1,3,82649.99999999987,-18.978531516518025
2024-02-07 06:09:00+00:00,8.200000000005115,long,is,,73.38,73.39,1,5,82659.99999999987,-18.968728556023954
2024-02-07 06:31:00+00:00,-41.79999999999204,long,is,,73.38,73.34,1,16,82619.99999999988,-19.007940398000216
2024-02-07 06:35:00+00:00,8.200000000005115,short,is,,73.39,73.38,1,2,82629.99999999988,-18.99813743750615
2024-02-07 06:48:00+00:00,-21.79999999999602,short,is,,73.39,73.41,1,12,82609.99999999988,-19.017743358494286
2024-02-07 06:58:00+00:00,8.200000000005115,short,is,,73.43,73.42,1,5,82619.99999999988,-19.007940398000216
2024-02-07 07:02:00+00:00,8.200000000005115,long,is,,73.39,73.4,1,2,82629.9999999999,-18.998137437506134
2024-02-07 07:13:00+00:00,-41.79999999999204,long,is,,73.38,73.34,1,9,82589.9999999999,-19.03734927948241
2024-02-07 07:30:00+00:00,-21.79999999999602,short,is,,73.39,73.41,1,7,82569.99999999991,-19.056955200470536
2024-02-07 07:50:00+00:00,-1.8,long,is,,73.26,73.26,1,11,82569.99999999991,-19.056955200470536
2024-02-07 08:20:00+00:00,-251.8,short,is,,73.31,73.56,1,22,82319.99999999991,-19.302029212822266
2024-02-07 08:32:00+00:00,48.19999999999716,long,is,,73.47,73.52,1,5,82369.9999999999,-19.253014410351934
2024-02-07 08:37:00+00:00,38.199999999992045,long,is,,73.46000000000001,73.5,1,3,82409.9999999999,-19.213802568375655
2024-02-07 08:43:00+00:00,28.200000000001136,long,is,,73.44,73.47,1,5,82439.9999999999,-19.18439368689345
2024-02-07 08:58:00+00:00,-61.79999999998806,short,is,,73.60000000000001,73.66,1,13,82379.99999999991,-19.24321144985785
2024-02-07 09:05:00+00:00,48.19999999999716,short,is,,73.75,73.7,1,1,82429.9999999999,-19.194196647387518
2024-02-07 09:22:00+00:00,-101.79999999999431,long,is,,73.64,73.54,1,16,82329.99999999991,-19.292226252328195
2024-02-07 09:39:00+00:00,-61.80000000000227,short,is,,73.74,73.8,1,13,82269.99999999991,-19.35104401529261
2024-02-07 09:53:00+00:00,38.200000000006256,long,is,,73.74,73.78,1,7,82309.99999999991,-19.311832173316333
2024-02-07 10:11:00+00:00,-111.79999999999943,short,is,,73.82000000000001,73.93,1,14,82199.99999999991,-19.419664738751095
2024-02-07 10:48:00+00:00,-101.79999999999431,long,is,,73.88,73.78,1,25,82099.99999999991,-19.517694343691787
2024-02-07 10:55:00+00:00,-1.8,short,is,,73.78,73.78,1,3,82099.99999999991,-19.517694343691787
2024-02-07 11:01:00+00:00,-21.79999999999602,short,is,,73.78,73.8,1,4,82079.99999999993,-19.537300264679914
2024-02-07 11:16:00+00:00,58.199999999988066,long,is,,73.68,73.74,1,6,82139.99999999991,-19.47848250171551
2024-02-07 11:31:00+00:00,18.19999999999602,short,is,,73.81,73.79,1,6,82159.99999999991,-19.458876580727374
2024-02-07 11:41:00+00:00,-171.80000000000172,short,is,,73.83,74.0,1,6,81989.99999999991,-19.62552690912655
2024-02-07 12:03:00+00:00,-11.800000000005117,long,is,,73.87,73.86,1,8,81979.99999999991,-19.63532986962062
2024-02-07 12:23:00+00:00,88.20000000000341,short,is,,73.97,73.88,1,5,82069.99999999991,-19.547103225173995
2024-02-07 12:46:00+00:00,-1.8,short,is,,73.96000000000001,73.96000000000001,1,9,82069.99999999991,-19.547103225173995
2024-02-07 13:03:00+00:00,-11.800000000005117,long,is,,73.85000000000001,73.84,1,14,82059.99999999991,-19.556906185668065
2024-02-07 13:20:00+00:00,8.200000000005115,short,is,,73.89,73.88,1,12,82069.99999999991,-19.547103225173995
2024-02-07 13:47:00+00:00,-121.80000000000454,long,is,,73.86,73.74,1,16,81949.99999999991,-19.664738751102828
2024-02-07 14:06:00+00:00,-111.79999999999943,short,is,,73.8,73.91,1,13,81839.99999999991,-19.772571316537586
2024-02-07 14:31:00+00:00,28.200000000001136,long,is,,73.72,73.75,1,11,81869.99999999991,-19.743162435055382
2024-02-07 14:39:00+00:00,168.2000000000017,short,is,,73.92,73.75,1,4,82039.99999999991,-19.576512106656203
2024-02-07 14:47:00+00:00,128.19999999999544,short,is,,73.89,73.76,1,5,82169.9999999999,-19.449073620233317
2024-02-07 15:05:00+00:00,-41.79999999999204,long,is,,73.66,73.62,1,17,82129.99999999991,-19.488285462209582
2024-02-07 15:14:00+00:00,48.19999999999716,short,is,,73.65,73.60000000000001,1,2,82179.99999999991,-19.439270659739236
2024-02-07 15:24:00+00:00,88.20000000000341,short,is,,73.72,73.63,1,6,82269.99999999991,-19.35104401529261
2024-02-07 15:35:00+00:00,78.1999999999983,short,is,,73.81,73.73,1,4,82349.99999999991,-19.272620331340057
2024-02-07 15:39:00+00:00,288.19999999999203,short,is,,74.13,73.84,1,3,82639.9999999999,-18.988334477012064
2024-02-07 15:59:00+00:00,-121.80000000000454,long,is,,73.64,73.52,1,14,82519.9999999999,-19.105970002940893
2024-02-07 16:19:00+00:00,-111.79999999999943,short,is,,73.68,73.79,1,16,82409.9999999999,-19.213802568375655
2024-02-07 16:26:00+00:00,118.19999999999034,long,is,,73.57000000000001,73.69,1,5,82529.99999999988,-19.09616704244684
2024-02-07 16:51:00+00:00,68.19999999999318,long,is,,73.62,73.69,1,4,82599.99999999988,-19.027546318988357
2024-02-07 16:54:00+00:00,58.199999999988066,long,is,,73.60000000000001,73.66,1,1,82659.99999999987,-18.968728556023954
2024-02-07 17:02:00+00:00,48.19999999999716,long,is,,73.57000000000001,73.62,1,2,82709.99999999987,-18.91971375355361
2024-02-07 17:17:00+00:00,98.19999999999432,short,is,,73.72,73.62,1,7,82809.99999999985,-18.82168414861293
2024-02-07 17:39:00+00:00,18.19999999999602,short,is,,73.72,73.7,1,6,82829.99999999985,-18.802078227624794
2024-02-07 17:51:00+00:00,78.1999999999983,long,is,,73.58,73.66,1,1,82909.99999999985,-18.72365454367224
2024-02-07 18:07:00+00:00,48.19999999999716,short,is,,73.81,73.76,1,9,82959.99999999985,-18.674639741201894
2024-02-07 18:19:00+00:00,38.199999999992045,short,is,,73.88,73.84,1,3,82999.99999999984,-18.63542789922563
2024-02-07 18:24:00+00:00,58.20000000000228,short,is,,73.9,73.84,1,3,83059.99999999985,-18.576610136261202
2024-02-07 18:51:00+00:00,-121.80000000000454,long,is,,73.78,73.66,1,23,82939.99999999984,-18.694245662190045
2024-02-07 19:04:00+00:00,48.19999999999716,long,is,,73.57000000000001,73.62,1,2,82989.99999999984,-18.6452308597197
2024-02-07 19:26:00+00:00,-161.8000000000108,short,is,,73.66,73.82000000000001,1,19,82829.99999999983,-18.802078227624822
2024-02-07 19:42:00+00:00,28.200000000001136,long,is,,73.78,73.81,1,11,82859.99999999983,-18.772669346142614
2024-02-07 19:58:00+00:00,8.199999999990904,short,is,,73.86,73.85000000000001,1,8,82869.99999999983,-18.762866385648543
2024-02-07 20:31:00+00:00,-151.79999999999148,short,is,,73.87,74.02,1,25,82719.99999999983,-18.909910793059584
2024-02-07 20:51:00+00:00,-41.79999999999204,short,is,,74.04,74.08,1,13,82679.99999999983,-18.94912263503586
2024-02-07 21:02:00+00:00,48.19999999999716,short,is,,74.15,74.10000000000001,1,2,82729.99999999983,-18.900107832565514
2024-02-07 21:23:00+00:00,-31.800000000001138,long,is,,74.08,74.05,1,18,82699.99999999983,-18.92951671404772
2024-02-07 21:26:00+00:00,-1.8,short,is,,74.08,74.08,1,2,82699.99999999983,-18.92951671404772
2024-02-07 21:47:00+00:00,-1.8,short,is,,74.08,74.08,1,11,82699.99999999983,-18.92951671404772
2024-02-07 21:56:00+00:00,-11.800000000005117,long,is,,74.06,74.05,1,1,82689.99999999983,-18.939319674541792
2024-02-07 23:11:00+00:00,58.20000000000228,short,is,,74.07000000000001,74.01,1,21,82749.99999999983,-18.880501911577376
2024-02-07 23:46:00+00:00,-31.800000000001138,short,is,,73.99,74.02,1,11,82719.99999999983,-18.909910793059584
2024-02-07 23:57:00+00:00,-1.8,long,is,,73.97,73.97,1,9,82719.99999999983,-18.909910793059584
2024-02-08 00:13:00+00:00,-12.500000000005116,short,is,,73.99,74.0,1,5,82709.99999999983,-18.91971375355365
2024-02-08 00:26:00+00:00,-42.50000000000625,long,is,,73.96000000000001,73.92,1,8,82669.99999999983,-18.95892559552993
2024-02-08 00:41:00+00:00,17.500000000010232,short,is,,73.96000000000001,73.94,1,2,82689.99999999983,-18.939319674541792
2024-02-08 01:09:00+00:00,-1.8,short,is,,73.98,73.98,1,4,82689.99999999983,-18.939319674541792
2024-02-08 01:38:00+00:00,-51.800000000011366,short,is,,74.02,74.07000000000001,1,27,82639.99999999983,-18.98833447701214
2024-02-08 01:58:00+00:00,-41.80000000000625,short,is,,74.08,74.12,1,9,82599.99999999981,-19.027546318988428
2024-02-08 02:09:00+00:00,8.200000000005115,long,is,,74.08,74.09,1,1,82609.99999999981,-19.017743358494357
2024-02-08 02:23:00+00:00,-11.799999999990906,short,is,,74.12,74.13,1,8,82599.99999999983,-19.027546318988414
2024-02-08 02:52:00+00:00,-101.79999999999431,short,is,,74.14,74.24,1,23,82499.99999999983,-19.125575923929105
2024-02-08 03:19:00+00:00,-81.79999999999829,long,is,,74.22,74.14,1,21,82419.99999999983,-19.20399960788166
2024-02-08 03:30:00+00:00,8.200000000005115,short,is,,74.15,74.14,1,7,82429.99999999984,-19.194196647387578
2024-02-08 03:46:00+00:00,-21.79999999999602,long,is,,74.14,74.12,1,3,82409.99999999984,-19.213802568375716
2024-02-08 03:54:00+00:00,-11.799999999990906,long,is,,74.13,74.12,1,4,82399.99999999985,-19.22360552886977
2024-02-08 04:09:00+00:00,-21.79999999999602,short,is,,74.12,74.14,1,7,82379.99999999985,-19.24321144985791
2024-02-08 04:28:00+00:00,-1.8,short,is,,74.14,74.14,1,12,82379.99999999985,-19.24321144985791
2024-02-08 04:39:00+00:00,-21.79999999999602,short,is,,74.14,74.16,1,2,82359.99999999985,-19.262817370846047
2024-02-08 04:49:00+00:00,-31.800000000001138,short,is,,74.14,74.17,1,8,82329.99999999985,-19.292226252328255
2024-02-08 05:25:00+00:00,-101.79999999999431,long,is,,74.16,74.06,1,27,82229.99999999985,-19.390255857268947
2024-02-08 05:33:00+00:00,-1.8,long,is,,74.04,74.04,1,1,82229.99999999985,-19.390255857268947
2024-02-08 06:04:00+00:00,-111.79999999999943,short,is,,74.06,74.17,1,26,82119.99999999985,-19.49808842270371
2024-02-08 06:15:00+00:00,-1.8,short,is,,74.2,74.2,1,9,82119.99999999985,-19.49808842270371
2024-02-08 06:25:00+00:00,-11.799999999990906,short,is,,74.21000000000001,74.22,1,6,82109.99999999987,-19.507891383197762
2024-02-08 06:38:00+00:00,-11.800000000005117,long,is,,74.2,74.19,1,4,82099.99999999987,-19.517694343691833
2024-02-08 06:43:00+00:00,-11.799999999990906,short,is,,74.21000000000001,74.22,1,1,82089.99999999988,-19.527497304185886
2024-02-08 06:58:00+00:00,-31.799999999986927,short,is,,74.21000000000001,74.24,1,14,82059.99999999988,-19.556906185668094
2024-02-08 07:11:00+00:00,-51.799999999997155,long,is,,74.23,74.18,1,12,82009.9999999999,-19.605920988138426
2024-02-08 07:25:00+00:00,8.200000000005115,long,is,,74.17,74.18,1,7,82019.9999999999,-19.59611802764436
2024-02-08 07:41:00+00:00,-51.799999999997155,long,is,,74.16,74.11,1,10,81969.9999999999,-19.645132830114704
2024-02-08 07:52:00+00:00,-1.8,short,is,,74.18,74.18,1,8,81969.9999999999,-19.645132830114704
2024-02-08 08:08:00+00:00,-11.800000000005117,long,is,,74.10000000000001,74.09,1,11,81959.9999999999,-19.65493579060877
2024-02-08 08:17:00+00:00,78.1999999999983,long,is,,73.98,74.06,1,6,82039.9999999999,-19.576512106656217
2024-02-08 08:40:00+00:00,-1.8,short,is,,74.10000000000001,74.10000000000001,1,12,82039.9999999999,-19.576512106656217
2024-02-08 08:48:00+00:00,78.1999999999983,long,is,,74.0,74.08,1,2,82119.9999999999,-19.498088422703663
2024-02-08 09:05:00+00:00,-51.799999999997155,long,is,,73.98,73.93,1,15,82069.9999999999,-19.547103225174013
2024-02-08 09:37:00+00:00,278.2000000000011,short,is,,73.96000000000001,73.68,1,26,82349.9999999999,-19.27262033134007
2024-02-08 10:48:00+00:00,-671.8000000000017,short,is,,73.69,74.36,1,58,81679.9999999999,-19.92941868444271
2024-02-08 11:06:00+00:00,-11.799999999990906,short,is,,74.43,74.44,1,16,81669.99999999991,-19.939221644936765
2024-02-08 11:13:00+00:00,58.199999999988066,short,is,,74.52,74.46000000000001,1,6,81729.9999999999,-19.880403881972363
2024-02-08 12:02:00+00:00,-101.80000000000852,short,is,,74.5,74.60000000000001,1,26,81629.9999999999,-19.978433486913055
2024-02-08 12:34:00+00:00,98.19999999999432,long,is,,74.54,74.64,1,29,81729.99999999988,-19.880403881972377
2024-02-08 12:42:00+00:00,-1.8,long,is,,74.63,74.63,1,5,81729.99999999988,-19.880403881972377
2024-02-08 13:07:00+00:00,-131.79999999999546,short,is,,74.71000000000001,74.84,1,19,81599.99999999988,-20.00784236839528
2024-02-08 13:26:00+00:00,-11.800000000005117,long,is,,74.81,74.8,1,8,81589.99999999988,-20.017645328889348
2024-02-08 13:37:00+00:00,38.199999999992045,short,is,,74.88,74.84,1,5,81629.99999999988,-19.97843348691307
2024-02-08 13:47:00+00:00,58.20000000000228,short,is,,74.96000000000001,74.9,1,4,81689.99999999988,-19.919615723948656
2024-02-08 14:03:00+00:00,-101.79999999999431,long,is,,74.86,74.76,1,11,81589.99999999988,-20.017645328889348
2024-02-08 14:23:00+00:00,-91.80000000000341,short,is,,74.88,74.97,1,10,81499.99999999988,-20.10587197333597
2024-02-08 14:36:00+00:00,148.20000000000567,short,is,,75.28,75.13,1,4,81649.9999999999,-19.958827565924917
2024-02-08 15:18:00+00:00,-161.7999999999966,short,is,,75.28,75.44,1,25,81489.9999999999,-20.115674933830025
2024-02-08 15:34:00+00:00,78.1999999999983,short,is,,75.56,75.48,1,2,81569.9999999999,-20.03725124987747
2024-02-08 15:37:00+00:00,78.1999999999983,long,is,,75.34,75.42,1,1,81649.9999999999,-19.958827565924917
2024-02-08 15:47:00+00:00,-51.799999999997155,short,is,,75.53,75.58,1,9,81599.9999999999,-20.007842368395266
2024-02-08 16:03:00+00:00,28.199999999986925,long,is,,75.35000000000001,75.38,1,12,81629.99999999988,-19.97843348691307
2024-02-08 16:33:00+00:00,-201.79999999998864,short,is,,75.46000000000001,75.66,1,20,81429.9999999999,-20.17449269679444
2024-02-08 17:08:00+00:00,-61.79999999998806,short,is,,75.82000000000001,75.88,1,17,81369.99999999991,-20.23331045975884
2024-02-08 17:17:00+00:00,68.20000000000739,short,is,,75.98,75.91,1,5,81439.99999999991,-20.164689736300357
2024-02-08 17:25:00+00:00,58.20000000000228,long,is,,75.84,75.9,1,6,81499.99999999991,-20.105871973335944
2024-02-08 17:31:00+00:00,38.199999999992045,long,is,,75.84,75.88,1,2,81539.99999999991,-20.066660131359665
2024-02-08 17:50:00+00:00,-1.8,short,is,,75.96000000000001,75.96000000000001,1,10,81539.99999999991,-20.066660131359665
2024-02-08 18:06:00+00:00,18.19999999999602,short,is,,76.12,76.10000000000001,1,8,81559.99999999991,-20.047054210371527
2024-02-08 18:12:00+00:00,98.20000000000853,long,is,,76.0,76.10000000000001,1,2,81659.99999999991,-19.949024605430836
2024-02-08 18:18:00+00:00,68.20000000000739,long,is,,76.0,76.07000000000001,1,3,81729.99999999993,-19.880403881972335
2024-02-08 18:28:00+00:00,38.199999999992045,long,is,,75.98,76.02,1,7,81769.99999999991,-19.841192039996074
2024-02-08 18:36:00+00:00,88.20000000000341,long,is,,75.91,76.0,1,3,81859.99999999991,-19.75296539554945
2024-02-08 18:41:00+00:00,58.20000000000228,short,is,,76.06,76.0,1,2,81919.99999999993,-19.69414763258502
2024-02-08 18:54:00+00:00,-41.80000000000625,short,is,,76.05,76.09,1,8,81879.99999999991,-19.73335947456131
2024-02-08 19:19:00+00:00,38.200000000006256,short,is,,76.2,76.16,1,9,81919.99999999993,-19.69414763258502
2024-02-08 20:01:00+00:00,-171.80000000000172,short,is,,76.34,76.51,1,27,81749.99999999993,-19.860797960984197
2024-02-08 20:17:00+00:00,-1.8,long,is,,76.47,76.47,1,8,81749.99999999993,-19.860797960984197
2024-02-08 20:32:00+00:00,-21.800000000010233,long,is,,76.46000000000001,76.44,1,6,81729.99999999991,-19.88040388197235
2024-02-08 20:40:00+00:00,-11.800000000005117,long,is,,76.45,76.44,1,2,81719.99999999991,-19.89020684246642
2024-02-08 20:56:00+00:00,-31.799999999986927,short,is,,76.46000000000001,76.49,1,12,81689.99999999993,-19.919615723948613
2024-02-08 21:16:00+00:00,-1.8,short,is,,76.52,76.52,1,11,81689.99999999993,-19.919615723948613
2024-02-08 21:25:00+00:00,8.199999999990904,short,is,,76.55,76.54,1,6,81699.99999999991,-19.909812763454557
2024-02-08 21:43:00+00:00,-11.800000000005117,long,is,,76.5,76.49,1,11,81689.99999999991,-19.919615723948628
2024-02-08 21:51:00+00:00,18.19999999999602,short,is,,76.53,76.51,1,3,81709.99999999991,-19.90000980296049
2024-02-08 23:08:00+00:00,-51.800000000011366,long,is,,76.46000000000001,76.41,1,18,81659.9999999999,-19.94902460543085
2024-02-09 00:01:00+00:00,27.500000000001137,long,is,,76.39,76.42,1,33,81689.9999999999,-19.91961572394864
2024-02-09 00:13:00+00:00,7.500000000005116,long,is,,76.41,76.42,1,9,81699.9999999999,-19.90981276345457
2024-02-09 00:23:00+00:00,17.500000000010232,short,is,,76.46000000000001,76.44,1,4,81719.99999999991,-19.89020684246642
2024-02-09 00:40:00+00:00,-2.5,long,is,,76.43,76.43,1,3,81719.99999999991,-19.89020684246642
2024-02-09 00:48:00+00:00,-2.5,short,is,,76.46000000000001,76.46000000000001,1,7,81719.99999999991,-19.89020684246642
2024-02-09 01:01:00+00:00,-12.500000000005116,long,is,,76.39,76.38,1,11,81709.99999999991,-19.90000980296049
2024-02-09 01:33:00+00:00,28.200000000001136,long,is,,76.33,76.36,1,3,81739.99999999991,-19.87060092147828
2024-02-09 01:42:00+00:00,-1.8,long,is,,76.3,76.3,1,3,81739.99999999991,-19.87060092147828
2024-02-09 02:33:00+00:00,-201.80000000000285,long,is,,76.26,76.06,1,37,81539.9999999999,-20.06666013135968
2024-02-09 02:59:00+00:00,-61.79999999998806,short,is,,76.10000000000001,76.16,1,21,81479.99999999991,-20.12547789432408
2024-02-09 03:07:00+00:00,8.200000000005115,short,is,,76.2,76.19,1,4,81489.99999999991,-20.11567493383001
2024-02-09 03:31:00+00:00,-71.79999999999318,short,is,,76.21000000000001,76.28,1,18,81419.99999999993,-20.18429565728848
2024-02-09 03:39:00+00:00,-11.800000000005117,long,is,,76.26,76.25,1,3,81409.99999999991,-20.194098617782565
2024-02-09 03:51:00+00:00,-1.8,long,is,,76.24,76.24,1,6,81409.99999999991,-20.194098617782565
2024-02-09 03:57:00+00:00,-1.8,long,is,,76.21000000000001,76.21000000000001,1,3,81409.99999999991,-20.194098617782565
2024-02-09 04:08:00+00:00,18.19999999999602,short,is,,76.3,76.28,1,9,81429.99999999991,-20.174492696794427
2024-02-09 04:28:00+00:00,18.19999999999602,long,is,,76.2,76.22,1,13,81449.99999999991,-20.15488677580629
2024-02-09 04:53:00+00:00,-61.80000000000227,long,is,,76.17,76.11,1,17,81389.99999999991,-20.213704538770703
2024-02-09 05:14:00+00:00,-11.799999999990906,long,is,,76.08,76.07000000000001,1,12,81379.99999999991,-20.223507499264773
2024-02-09 05:30:00+00:00,-11.800000000005117,short,is,,76.08,76.09,1,6,81369.99999999991,-20.23331045975884
2024-02-09 05:39:00+00:00,-51.799999999997155,short,is,,76.12,76.17,1,8,81319.99999999991,-20.282325262229186
2024-02-09 06:18:00+00:00,-51.799999999997155,short,is,,76.12,76.17,1,16,81269.99999999993,-20.331340064699518
2024-02-09 06:32:00+00:00,28.200000000001136,long,is,,76.14,76.17,1,4,81299.99999999993,-20.301931183217313
2024-02-09 06:36:00+00:00,-11.800000000005117,short,is,,76.19,76.2,1,2,81289.99999999991,-20.311734143711398
2024-02-09 06:56:00+00:00,-31.800000000001138,short,is,,76.19,76.22,1,5,81259.99999999991,-20.341143025193603
2024-02-09 07:04:00+00:00,-11.799999999990906,short,is,,76.21000000000001,76.22,1,3,81249.99999999993,-20.35094598568766
2024-02-09 07:10:00+00:00,-11.799999999990906,short,is,,76.21000000000001,76.22,1,1,81239.99999999994,-20.360748946181715
2024-02-09 07:13:00+00:00,8.200000000005115,long,is,,76.19,76.2,1,2,81249.99999999994,-20.350945985687645
2024-02-09 07:30:00+00:00,-31.799999999986927,short,is,,76.21000000000001,76.24,1,14,81219.99999999996,-20.380354867169835
2024-02-09 07:34:00+00:00,48.19999999999716,long,is,,76.14,76.19,1,1,81269.99999999994,-20.331340064699504
2024-02-09 07:36:00+00:00,38.200000000006256,short,is,,76.28,76.24,1,1,81309.99999999996,-20.292128222723214
2024-02-09 07:47:00+00:00,8.200000000005115,long,is,,76.17,76.18,1,9,81319.99999999996,-20.282325262229143
2024-02-09 07:59:00+00:00,28.200000000001136,short,is,,76.25,76.22,1,1,81349.99999999996,-20.25291638074694
2024-02-09 08:03:00+00:00,38.199999999992045,short,is,,76.27,76.23,1,2,81389.99999999996,-20.21370453877066
2024-02-09 08:10:00+00:00,-1.8,short,is,,76.26,76.26,1,1,81389.99999999996,-20.21370453877066
2024-02-09 08:28:00+00:00,-101.79999999999431,short,is,,76.28,76.38,1,15,81289.99999999996,-20.31173414371135
2024-02-09 08:35:00+00:00,98.19999999999432,short,is,,76.5,76.4,1,4,81389.99999999996,-20.21370453877066
2024-02-09 08:43:00+00:00,68.20000000000739,long,is,,76.36,76.43,1,3,81459.99999999996,-20.145083815312177
2024-02-09 08:50:00+00:00,68.20000000000739,short,is,,76.54,76.47,1,6,81529.99999999997,-20.07646309185368
2024-02-09 09:17:00+00:00,58.20000000000228,long,is,,76.38,76.44,1,8,81589.99999999997,-20.017645328889262
2024-02-09 09:31:00+00:00,68.20000000000739,long,is,,76.3,76.37,1,8,81659.99999999997,-19.949024605430775
2024-02-09 09:40:00+00:00,138.20000000000056,short,is,,76.52,76.38,1,4,81799.99999999997,-19.81178315851381
2024-02-09 09:57:00+00:00,68.20000000000739,short,is,,76.60000000000001,76.53,1,7,81869.99999999999,-19.743162435055307
2024-02-09 10:14:00+00:00,8.199999999990904,long,is,,76.43,76.44,1,6,81879.99999999997,-19.733359474561254
2024-02-09 10:26:00+00:00,48.19999999999716,long,is,,76.32000000000001,76.37,1,6,81929.99999999997,-19.68434467209091
2024-02-09 10:39:00+00:00,28.200000000001136,long,is,,76.29,76.32000000000001,1,2,81959.99999999997,-19.6549357906087
2024-02-09 10:50:00+00:00,-11.800000000005117,short,is,,76.36,76.37,1,10,81949.99999999997,-19.66473875110277
2024-02-09 11:02:00+00:00,68.19999999999318,short,is,,76.44,76.37,1,3,82019.99999999997,-19.596118027644284
2024-02-09 11:16:00+00:00,-11.799999999990906,long,is,,76.3,76.29,1,6,82009.99999999997,-19.605920988138354
2024-02-09 11:33:00+00:00,38.200000000006256,short,is,,76.37,76.33,1,11,82049.99999999997,-19.56670914616208
2024-02-09 11:37:00+00:00,58.20000000000228,long,is,,76.26,76.32000000000001,1,2,82109.99999999999,-19.50789138319765
2024-02-09 11:58:00+00:00,-21.800000000010233,long,is,,76.26,76.24,1,14,82089.99999999997,-19.5274973041858
2024-02-09 12:19:00+00:00,38.199999999992045,short,is,,76.3,76.26,1,4,82129.99999999997,-19.48828546220952
2024-02-09 12:27:00+00:00,78.20000000001251,long,is,,76.13,76.21000000000001,1,6,82209.99999999997,-19.40986177825697
2024-02-09 12:50:00+00:00,-11.799999999990906,long,is,,76.13,76.12,1,6,82199.99999999999,-19.419664738751024
2024-02-09 13:06:00+00:00,-71.80000000000739,long,is,,76.07000000000001,76.0,1,14,82129.99999999997,-19.48828546220952
2024-02-09 13:15:00+00:00,78.20000000001251,short,is,,76.10000000000001,76.02,1,5,82209.99999999999,-19.409861778256957
2024-02-09 13:38:00+00:00,-1.8,short,is,,76.12,76.12,1,9,82209.99999999999,-19.409861778256957
2024-02-09 13:48:00+00:00,88.1999999999892,long,is,,76.04,76.13,1,4,82299.99999999997,-19.321635133810346
2024-02-09 14:03:00+00:00,-141.80000000000058,short,is,,76.24,76.38,1,11,82159.99999999997,-19.458876580727317
2024-02-09 14:33:00+00:00,-271.80000000001024,short,is,,76.63,76.9,1,21,81889.99999999997,-19.723556514067187
2024-02-09 14:53:00+00:00,-101.80000000000852,short,is,,77.0,77.10000000000001,1,18,81789.99999999996,-19.821586119007893
2024-02-09 15:01:00+00:00,88.1999999999892,long,is,,77.07000000000001,77.16,1,3,81879.99999999994,-19.733359474561283
2024-02-09 15:28:00+00:00,-211.80000000000797,long,is,,77.01,76.8,1,11,81669.99999999994,-19.939221644936737
2024-02-09 15:37:00+00:00,118.19999999999034,long,is,,76.60000000000001,76.72,1,3,81789.99999999993,-19.821586119007918
2024-02-09 15:49:00+00:00,28.200000000001136,long,is,,76.56,76.59,1,6,81819.99999999993,-19.792177237525713
2024-02-09 16:05:00+00:00,-21.79999999999602,long,is,,76.48,76.46000000000001,1,15,81799.99999999994,-19.811783158513837
2024-02-09 16:19:00+00:00,198.20000000000283,short,is,,76.64,76.44,1,9,81999.99999999994,-19.615723948632453
2024-02-09 16:40:00+00:00,88.1999999999892,long,is,,76.18,76.27,1,8,82089.99999999993,-19.527497304185843
2024-02-09 17:06:00+00:00,-261.7999999999909,short,is,,76.46000000000001,76.72,1,22,81829.99999999994,-19.78237427703163
2024-02-09 17:26:00+00:00,58.20000000000228,long,is,,76.66,76.72,1,8,81889.99999999994,-19.723556514067216
2024-02-09 17:29:00+00:00,28.200000000001136,long,is,,76.67,76.7,1,1,81919.99999999994,-19.694147632585008
2024-02-09 17:35:00+00:00,38.200000000006256,long,is,,76.66,76.7,1,1,81959.99999999994,-19.65493579060873
2024-02-09 17:49:00+00:00,8.199999999990904,long,is,,76.62,76.63,1,12,81969.99999999994,-19.645132830114658
2024-02-09 18:10:00+00:00,18.19999999999602,short,is,,76.7,76.68,1,15,81989.99999999993,-19.62552690912654
2024-02-09 18:23:00+00:00,48.19999999999716,long,is,,76.60000000000001,76.65,1,4,82039.99999999993,-19.576512106656192
2024-02-09 18:45:00+00:00,48.20000000001137,short,is,,76.68,76.63,1,1,82089.99999999994,-19.52749730418583
2024-02-09 18:55:00+00:00,38.200000000006256,short,is,,76.67,76.63,1,5,82129.99999999994,-19.488285462209554
2024-02-09 19:07:00+00:00,8.199999999990904,short,is,,76.69,76.68,1,9,82139.99999999994,-19.478482501715483
2024-02-09 19:35:00+00:00,-81.8000000000125,short,is,,76.74,76.82000000000001,1,27,82059.99999999993,-19.55690618566805
2024-02-09 20:12:00+00:00,-161.7999999999966,long,is,,76.72,76.56,1,31,81899.99999999993,-19.71375355357316
2024-02-09 20:26:00+00:00,-11.800000000005117,long,is,,76.56,76.55,1,9,81889.99999999993,-19.723556514067226
2024-02-09 20:54:00+00:00,-51.800000000011366,long,is,,76.54,76.49,1,19,81839.99999999991,-19.772571316537586
2024-02-09 21:02:00+00:00,-11.800000000005117,short,is,,76.55,76.56,1,6,81829.99999999991,-19.782374277031657
2024-02-09 21:39:00+00:00,-1.8,short,is,,76.54,76.54,1,17,81829.99999999991,-19.782374277031657
2024-02-09 21:51:00+00:00,-1.8,short,is,,76.54,76.54,1,1,81829.99999999991,-19.782374277031657
2024-02-11 23:07:00+00:00,217.49999999999886,short,is,,76.54,76.32000000000001,1,25,82049.99999999991,-19.566709146162133
2024-02-11 23:37:00+00:00,-101.80000000000852,short,is,,76.36,76.46000000000001,1,16,81949.9999999999,-19.664738751102842
2024-02-11 23:54:00+00:00,-11.799999999990906,long,is,,76.44,76.43,1,7,81939.99999999991,-19.674541711596895
2024-02-12 00:00:00+00:00,7.500000000005116,short,is,,76.46000000000001,76.45,1,4,81949.99999999991,-19.664738751102828
2024-02-12 00:17:00+00:00,7.499999999990905,short,is,,76.49,76.48,1,4,81959.99999999991,-19.654935790608757
2024-02-12 00:31:00+00:00,17.49999999999602,long,is,,76.46000000000001,76.48,1,6,81979.9999999999,-19.635329869620634
2024-02-12 00:57:00+00:00,-2.5,long,is,,76.46000000000001,76.46000000000001,1,12,81979.9999999999,-19.635329869620634
2024-02-12 01:04:00+00:00,-2.5,long,is,,76.42,76.42,1,3,81979.9999999999,-19.635329869620634
2024-02-12 01:32:00+00:00,-22.49999999999602,long,is,,76.39,76.37,1,12,81959.99999999991,-19.654935790608757
2024-02-12 01:40:00+00:00,-2.5,short,is,,76.39,76.39,1,5,81959.99999999991,-19.654935790608757
2024-02-12 01:49:00+00:00,-1.8,short,is,,76.39,76.39,1,4,81959.99999999991,-19.654935790608757
2024-02-12 01:58:00+00:00,8.200000000005115,short,is,,76.42,76.41,1,6,81969.99999999991,-19.64513283011469
2024-02-12 02:04:00+00:00,-11.799999999990906,short,is,,76.43,76.44,1,2,81959.99999999991,-19.654935790608757
2024-02-12 02:21:00+00:00,-1.8,short,is,,76.46000000000001,76.46000000000001,1,6,81959.99999999991,-19.654935790608757
2024-02-12 02:36:00+00:00,-1.8,long,is,,76.44,76.44,1,6,81959.99999999991,-19.654935790608757
2024-02-12 02:54:00+00:00,-11.800000000005117,long,is,,76.43,76.42,1,3,81949.99999999991,-19.664738751102828
2024-02-12 03:02:00+00:00,-21.79999999999602,short,is,,76.42,76.44,1,2,81929.99999999991,-19.684344672090965
2024-02-12 03:22:00+00:00,-11.799999999990906,long,is,,76.38,76.37,1,7,81919.99999999993,-19.69414763258502
2024-02-12 04:31:00+00:00,-161.7999999999966,short,is,,76.36,76.52,1,45,81759.99999999993,-19.85099500049013
2024-02-12 04:49:00+00:00,-51.799999999997155,long,is,,76.51,76.46000000000001,1,9,81709.99999999994,-19.90000980296046
2024-02-12 05:32:00+00:00,98.19999999999432,long,is,,76.46000000000001,76.56,1,26,81809.99999999993,-19.80198019801978
2024-02-12 06:12:00+00:00,-61.80000000000227,long,is,,76.58,76.52,1,20,81749.99999999993,-19.860797960984197
2024-02-12 06:22:00+00:00,-1.8,short,is,,76.56,76.56,1,7,81749.99999999993,-19.860797960984197
2024-02-12 06:33:00+00:00,-21.79999999999602,short,is,,76.56,76.58,1,1,81729.99999999993,-19.880403881972335
2024-02-12 06:45:00+00:00,-11.800000000005117,long,is,,76.56,76.55,1,4,81719.99999999993,-19.890206842466405
2024-02-12 06:56:00+00:00,8.199999999990904,long,is,,76.54,76.55,1,4,81729.99999999991,-19.88040388197235
2024-02-12 07:03:00+00:00,-21.800000000010233,short,is,,76.58,76.60000000000001,1,6,81709.9999999999,-19.900009802960504
2024-02-12 07:27:00+00:00,-41.80000000000625,long,is,,76.54,76.5,1,15,81669.9999999999,-19.93922164493678
2024-02-12 07:38:00+00:00,-11.800000000005117,long,is,,76.51,76.5,1,1,81659.99999999988,-19.94902460543086
2024-02-12 07:58:00+00:00,18.19999999999602,long,is,,76.5,76.52,1,13,81679.99999999988,-19.929418684442723
2024-02-12 08:16:00+00:00,-181.80000000000683,long,is,,76.4,76.22,1,15,81499.99999999988,-20.10587197333597
2024-02-12 08:55:00+00:00,158.19999999999658,long,is,,76.15,76.31,1,33,81659.99999999988,-19.94902460543086
2024-02-12 09:00:00+00:00,18.19999999999602,short,is,,76.36,76.34,1,3,81679.99999999987,-19.929418684442737
2024-02-12 09:08:00+00:00,-1.8,short,is,,76.4,76.4,1,7,81679.99999999987,-19.929418684442737
2024-02-12 09:22:00+00:00,38.199999999992045,long,is,,76.32000000000001,76.36,1,9,81719.99999999987,-19.890206842466462
2024-02-12 09:43:00+00:00,-21.79999999999602,short,is,,76.46000000000001,76.48,1,11,81699.99999999987,-19.9098127634546
2024-02-12 10:30:00+00:00,-271.79999999999603,long,is,,76.42,76.15,1,29,81429.99999999987,-20.17449269679447
2024-02-12 10:57:00+00:00,8.200000000005115,long,is,,76.08,76.09,1,8,81439.99999999988,-20.164689736300385
2024-02-12 11:15:00+00:00,-81.79999999999829,short,is,,76.16,76.24,1,17,81359.99999999988,-20.24311342025294
2024-02-12 11:29:00+00:00,-51.800000000011366,long,is,,76.18,76.13,1,12,81309.99999999987,-20.2921282227233
2024-02-12 11:40:00+00:00,8.200000000005115,short,is,,76.14,76.13,1,4,81319.99999999987,-20.282325262229232
2024-02-12 11:45:00+00:00,-1.8,long,is,,76.0,76.0,1,4,81319.99999999987,-20.282325262229232
2024-02-12 12:06:00+00:00,48.20000000001137,long,is,,75.88,75.93,1,3,81369.99999999988,-20.233310459758872
2024-02-12 12:11:00+00:00,38.200000000006256,short,is,,75.96000000000001,75.92,1,2,81409.99999999988,-20.194098617782593
2024-02-12 12:19:00+00:00,38.199999999992045,short,is,,76.0,75.96000000000001,1,3,81449.99999999988,-20.154886775806315
2024-02-12 12:28:00+00:00,8.199999999990904,short,is,,75.99,75.98,1,1,81459.99999999987,-20.145083815312262
2024-02-12 12:37:00+00:00,-11.800000000005117,long,is,,75.95,75.94,1,6,81449.99999999987,-20.15488677580633
2024-02-12 12:41:00+00:00,18.19999999999602,short,is,,76.0,75.98,1,2,81469.99999999985,-20.13528085481821
2024-02-12 13:03:00+00:00,88.1999999999892,long,is,,75.93,76.02,1,21,81559.99999999985,-20.047054210371584
2024-02-12 13:18:00+00:00,68.20000000000739,short,is,,76.2,76.13,1,2,81629.99999999985,-19.9784334869131
2024-02-12 13:29:00+00:00,38.200000000006256,long,is,,76.06,76.10000000000001,1,5,81669.99999999987,-19.939221644936808
2024-02-12 13:37:00+00:00,68.20000000000739,long,is,,76.03,76.10000000000001,1,1,81739.99999999987,-19.870600921478324
2024-02-12 13:45:00+00:00,78.1999999999983,short,is,,76.18,76.10000000000001,1,3,81819.99999999987,-19.79217723752577
2024-02-12 14:00:00+00:00,-111.79999999999943,long,is,,75.96000000000001,75.85000000000001,1,5,81709.99999999987,-19.90000980296053
2024-02-12 14:30:00+00:00,-181.80000000000683,short,is,,76.28,76.46000000000001,1,27,81529.99999999987,-20.07646309185378
2024-02-12 14:47:00+00:00,-141.80000000000058,short,is,,76.68,76.82000000000001,1,15,81389.99999999987,-20.213704538770745
2024-02-12 15:09:00+00:00,158.19999999999658,long,is,,76.68,76.84,1,14,81549.99999999985,-20.05685717086565
2024-02-12 15:30:00+00:00,28.200000000001136,long,is,,76.84,76.87,1,3,81579.99999999985,-20.027448289383447
2024-02-12 15:46:00+00:00,68.19999999999318,long,is,,76.81,76.88,1,2,81649.99999999985,-19.95882756592496
2024-02-12 16:05:00+00:00,-161.7999999999966,long,is,,76.81,76.65,1,15,81489.99999999985,-20.115674933830068
2024-02-12 16:26:00+00:00,-61.80000000000227,short,is,,76.76,76.82000000000001,1,14,81429.99999999985,-20.174492696794484
2024-02-12 16:49:00+00:00,-71.79999999999318,long,is,,76.69,76.62,1,17,81359.99999999985,-20.243113420252968
2024-02-12 16:57:00+00:00,88.20000000000341,short,is,,76.72,76.63,1,6,81449.99999999987,-20.15488677580633
2024-02-12 17:08:00+00:00,28.200000000001136,short,is,,76.75,76.72,1,8,81479.99999999987,-20.125477894324124
2024-02-12 17:21:00+00:00,18.20000000001023,long,is,,76.66,76.68,1,9,81499.99999999988,-20.10587197333597
2024-02-12 17:25:00+00:00,68.20000000000739,short,is,,76.79,76.72,1,3,81569.99999999988,-20.037251249877485
2024-02-12 17:31:00+00:00,68.20000000000739,short,is,,76.81,76.74,1,3,81639.99999999988,-19.968630526419002
2024-02-12 17:52:00+00:00,38.200000000006256,short,is,,76.82000000000001,76.78,1,7,81679.9999999999,-19.92941868444271
2024-02-12 18:01:00+00:00,38.200000000006256,short,is,,76.84,76.8,1,3,81719.99999999991,-19.89020684246642
2024-02-12 18:13:00+00:00,8.199999999990904,long,is,,76.79,76.8,1,9,81729.9999999999,-19.880403881972363
2024-02-12 18:34:00+00:00,8.200000000005115,long,is,,76.74,76.75,1,8,81739.9999999999,-19.870600921478296
2024-02-12 18:48:00+00:00,38.199999999992045,short,is,,76.8,76.76,1,1,81779.9999999999,-19.831389079502017
2024-02-12 18:59:00+00:00,-121.79999999999033,long,is,,76.74,76.62,1,9,81659.99999999991,-19.949024605430836
2024-02-12 19:19:00+00:00,38.199999999992045,short,is,,76.72,76.68,1,7,81699.9999999999,-19.90981276345457
2024-02-12 19:31:00+00:00,238.20000000000908,long,is,,76.63,76.87,1,11,81939.99999999991,-19.674541711596895
2024-02-12 19:55:00+00:00,-21.79999999999602,short,is,,76.89,76.91,1,2,81919.99999999991,-19.694147632585036
2024-02-12 20:02:00+00:00,38.200000000006256,short,is,,76.93,76.89,1,2,81959.99999999991,-19.654935790608757
2024-02-12 20:22:00+00:00,-31.800000000001138,short,is,,76.93,76.96000000000001,1,13,81929.99999999991,-19.684344672090965
2024-02-12 20:49:00+00:00,-91.80000000000341,short,is,,76.98,77.07000000000001,1,20,81839.99999999991,-19.772571316537586
2024-02-12 21:44:00+00:00,-131.79999999999546,long,is,,77.06,76.93,1,46,81709.99999999991,-19.90000980296049
2024-02-12 22:45:00+00:00,-1.8,short,is,,76.96000000000001,76.96000000000001,1,8,81709.99999999991,-19.90000980296049
2024-02-12 22:58:00+00:00,-211.80000000000797,short,is,,76.99,77.2,1,3,81499.99999999991,-20.105871973335944
2024-02-12 23:01:00+00:00,-101.79999999999431,short,is,,76.92,77.02,1,2,81399.99999999991,-20.203901578276636
2024-02-12 23:29:00+00:00,-11.799999999990906,long,is,,76.94,76.93,1,9,81389.99999999993,-20.21370453877069
2024-02-12 23:38:00+00:00,-11.799999999990906,short,is,,76.93,76.94,1,4,81379.99999999994,-20.223507499264745
2024-02-13 00:01:00+00:00,-32.50000000000114,short,is,,76.93,76.96000000000001,1,9,81349.99999999994,-20.252916380746953
2024-02-13 00:27:00+00:00,-2.5,long,is,,76.92,76.92,1,10,81349.99999999994,-20.252916380746953
2024-02-13 00:37:00+00:00,-12.500000000005116,short,is,,76.94,76.95,1,8,81339.99999999993,-20.262719341241034
2024-02-13 01:01:00+00:00,-2.5,long,is,,76.92,76.92,1,15,81339.99999999993,-20.262719341241034
2024-02-13 01:21:00+00:00,-22.49999999999602,long,is,,76.94,76.92,1,2,81319.99999999994,-20.282325262229158
2024-02-13 01:49:00+00:00,-71.80000000000739,short,is,,76.94,77.01,1,20,81249.99999999993,-20.35094598568766
2024-02-13 01:54:00+00:00,-1.8,short,is,,77.02,77.02,1,1,81249.99999999993,-20.35094598568766
2024-02-13 02:01:00+00:00,-1.8,short,is,,77.02,77.02,1,4,81249.99999999993,-20.35094598568766
2024-02-13 02:16:00+00:00,-11.800000000005117,long,is,,76.98,76.97,1,10,81239.99999999993,-20.36074894618173
2024-02-13 02:51:00+00:00,-61.80000000000227,short,is,,77.0,77.06,1,12,81179.99999999991,-20.419566709146157
2024-02-13 03:19:00+00:00,18.19999999999602,short,is,,77.06,77.04,1,15,81199.99999999991,-20.39996078815802
2024-02-13 03:41:00+00:00,-1.8,long,is,,77.02,77.02,1,5,81199.99999999991,-20.39996078815802
2024-02-13 03:53:00+00:00,-1.8,short,is,,77.04,77.04,1,7,81199.99999999991,-20.39996078815802
2024-02-13 04:10:00+00:00,8.199999999990904,long,is,,77.01,77.02,1,8,81209.99999999991,-20.39015782766395
2024-02-13 04:28:00+00:00,-1.8,long,is,,77.02,77.02,1,3,81209.99999999991,-20.39015782766395
2024-02-13 05:10:00+00:00,-1.8,long,is,,77.02,77.02,1,20,81209.99999999991,-20.39015782766395
2024-02-13 05:36:00+00:00,-61.80000000000227,short,is,,77.04,77.10000000000001,1,16,81149.9999999999,-20.44897559062838
2024-02-13 05:57:00+00:00,-31.800000000001138,long,is,,77.08,77.05,1,14,81119.9999999999,-20.478384472110587
2024-02-13 06:03:00+00:00,-21.800000000010233,long,is,,77.07000000000001,77.05,1,5,81099.99999999988,-20.49799039309874
2024-02-13 06:12:00+00:00,8.199999999990904,short,is,,77.11,77.10000000000001,1,6,81109.99999999988,-20.488187432604672
2024-02-13 06:28:00+00:00,-21.79999999999602,short,is,,77.14,77.16,1,12,81089.99999999988,-20.50779335359281
2024-02-13 06:47:00+00:00,-51.799999999997155,short,is,,77.18,77.23,1,16,81039.99999999988,-20.556808156063155
2024-02-13 07:10:00+00:00,-21.79999999999602,short,is,,77.28,77.3,1,11,81019.9999999999,-20.57641407705128
2024-02-13 07:52:00+00:00,-111.79999999999943,long,is,,77.26,77.15,1,19,80909.9999999999,-20.68424664248604
2024-02-13 08:07:00+00:00,8.199999999990904,short,is,,77.19,77.18,1,5,80919.99999999988,-20.674443681991985
2024-02-13 08:30:00+00:00,28.200000000001136,long,is,,77.12,77.15,1,8,80949.99999999988,-20.645034800509777
2024-02-13 08:46:00+00:00,78.1999999999983,short,is,,77.24,77.16,1,12,81029.99999999988,-20.566611116557223
2024-02-13 09:08:00+00:00,-141.80000000000058,long,is,,77.10000000000001,76.96000000000001,1,18,80889.99999999988,-20.703852563474193
2024-02-13 09:44:00+00:00,-421.8000000000017,short,is,,77.12,77.54,1,31,80469.99999999988,-21.1155769042251
2024-02-13 10:04:00+00:00,38.199999999992045,short,is,,77.63,77.59,1,10,80509.99999999988,-21.076365062248822
2024-02-13 10:11:00+00:00,38.199999999992045,short,is,,77.66,77.62,1,4,80549.99999999987,-21.03715322027256
2024-02-13 10:29:00+00:00,-71.80000000000739,short,is,,77.72,77.79,1,14,80479.99999999985,-21.10577394373106
2024-02-13 10:41:00+00:00,48.19999999999716,long,is,,77.7,77.75,1,4,80529.99999999985,-21.056759141260713
2024-02-13 10:49:00+00:00,-1.8,long,is,,77.72,77.72,1,3,80529.99999999985,-21.056759141260713
2024-02-13 11:05:00+00:00,208.19999999999374,short,is,,77.78,77.57000000000001,1,15,80739.99999999985,-20.85089697088526
2024-02-13 11:19:00+00:00,8.199999999990904,long,is,,77.46000000000001,77.47,1,5,80749.99999999984,-20.841094010391203
2024-02-13 11:37:00+00:00,8.199999999990904,short,is,,77.55,77.54,1,10,80759.99999999983,-20.83129104989715
2024-02-13 11:49:00+00:00,28.200000000001136,long,is,,77.41,77.44,1,5,80789.99999999983,-20.80188216841494
2024-02-13 12:06:00+00:00,8.199999999990904,short,is,,77.49,77.48,1,3,80799.99999999983,-20.79207920792087
2024-02-13 12:13:00+00:00,18.19999999999602,short,is,,77.52,77.5,1,3,80819.99999999983,-20.772473286932737
2024-02-13 12:34:00+00:00,-51.799999999997155,long,is,,77.42,77.37,1,13,80769.99999999983,-20.821488089403083
2024-02-13 12:51:00+00:00,18.20000000001023,short,is,,77.43,77.41,1,11,80789.99999999984,-20.801882168414927
2024-02-13 13:03:00+00:00,78.1999999999983,short,is,,77.52,77.44,1,2,80869.99999999984,-20.723458484462373
2024-02-13 13:34:00+00:00,-141.80000000000058,short,is,,77.52,77.66,1,22,80729.99999999984,-20.860699931379344
2024-02-13 13:52:00+00:00,-281.80000000000115,long,is,,77.5,77.22,1,14,80449.99999999984,-21.13518282521328
2024-02-13 14:13:00+00:00,-141.80000000000058,short,is,,77.4,77.54,1,12,80309.99999999984,-21.272424272130248
2024-02-13 14:28:00+00:00,88.20000000000341,long,is,,77.44,77.53,1,3,80399.99999999984,-21.184197627683627
2024-02-13 14:35:00+00:00,18.20000000001023,short,is,,77.60000000000001,77.58,1,5,80419.99999999985,-21.164591706695475
2024-02-13 14:49:00+00:00,-81.79999999999829,long,is,,77.44,77.36,1,11,80339.99999999985,-21.24301539064803
2024-02-13 15:11:00+00:00,48.19999999999716,short,is,,77.4,77.35000000000001,1,2,80389.99999999985,-21.194000588177683
2024-02-13 15:13:00+00:00,98.19999999999432,short,is,,77.42,77.32000000000001,1,1,80489.99999999984,-21.095970983237006
2024-02-13 15:21:00+00:00,98.19999999999432,long,is,,77.12,77.22,1,7,80589.99999999983,-20.997941378296325
2024-02-13 15:35:00+00:00,118.20000000000455,long,is,,77.0,77.12,1,3,80709.99999999984,-20.88030585236748
2024-02-13 15:42:00+00:00,98.19999999999432,short,is,,77.22,77.12,1,2,80809.99999999983,-20.782276247426804
2024-02-13 16:17:00+00:00,-521.8000000000102,short,is,,77.24,77.76,1,29,80289.99999999983,-21.292030193118404
2024-02-13 16:37:00+00:00,98.20000000000853,short,is,,78.07000000000001,77.97,1,5,80389.99999999983,-21.194000588177712
2024-02-13 16:54:00+00:00,58.20000000000228,long,is,,77.88,77.94,1,11,80449.99999999983,-21.135182825213295
2024-02-13 17:07:00+00:00,28.199999999986925,long,is,,77.85000000000001,77.88,1,7,80479.99999999981,-21.1057739437311
2024-02-13 17:30:00+00:00,-101.80000000000852,short,is,,77.97,78.07000000000001,1,20,80379.99999999981,-21.203803548671797
2024-02-13 17:36:00+00:00,18.19999999999602,short,is,,78.12,78.10000000000001,1,3,80399.9999999998,-21.18419762768367
2024-02-13 17:54:00+00:00,-161.8000000000108,short,is,,78.16,78.32000000000001,1,15,80239.9999999998,-21.341044995588778
2024-02-13 18:16:00+00:00,-71.79999999999318,long,is,,78.14,78.07000000000001,1,18,80169.9999999998,-21.409665719047265
2024-02-13 18:27:00+00:00,48.19999999999716,short,is,,78.16,78.11,1,7,80219.9999999998,-21.360650916576915
2024-02-13 18:52:00+00:00,78.1999999999983,long,is,,78.06,78.14,1,7,80299.9999999998,-21.28222723262436
2024-02-13 19:05:00+00:00,-21.800000000010233,long,is,,78.07000000000001,78.05,1,9,80279.99999999978,-21.301833153612513
2024-02-13 19:53:00+00:00,358.1999999999994,short,is,,78.12,77.76,1,40,80639.99999999978,-20.948926575826025
2024-02-13 20:11:00+00:00,18.20000000001023,long,is,,77.69,77.71000000000001,1,7,80659.9999999998,-20.92932065483787
2024-02-13 20:28:00+00:00,8.200000000005115,long,is,,77.66,77.67,1,13,80669.9999999998,-20.9195176943438
2024-02-13 20:49:00+00:00,-61.79999999998806,short,is,,77.68,77.74,1,15,80609.99999999981,-20.9783354573082
2024-02-13 21:01:00+00:00,-1.8,short,is,,77.78,77.78,1,5,80609.99999999981,-20.9783354573082
2024-02-13 21:40:00+00:00,98.19999999999432,long,is,,77.76,77.86,1,11,80709.9999999998,-20.880305852367524
2024-02-13 22:54:00+00:00,8.199999999990904,long,is,,77.82000000000001,77.83,1,9,80719.9999999998,-20.870502891873453
2024-02-13 23:02:00+00:00,48.19999999999716,long,is,,77.72,77.77,1,1,80769.9999999998,-20.821488089403108
2024-02-13 23:41:00+00:00,58.20000000000228,short,is,,77.82000000000001,77.76,1,35,80829.9999999998,-20.76267032643869
2024-02-14 00:06:00+00:00,37.50000000000625,short,is,,77.78,77.74,1,7,80869.9999999998,-20.723458484462416
2024-02-14 00:25:00+00:00,7.499999999990905,short,is,,77.77,77.76,1,3,80879.9999999998,-20.713655523968345
2024-02-14 00:44:00+00:00,-42.50000000000625,long,is,,77.73,77.69,1,11,80839.9999999998,-20.752867365944624
2024-02-14 01:00:00+00:00,-2.5,short,is,,77.71000000000001,77.71000000000001,1,5,80839.9999999998,-20.752867365944624
2024-02-14 01:15:00+00:00,-51.799999999997155,long,is,,77.66,77.61,1,14,80789.9999999998,-20.80188216841497
2024-02-14 01:28:00+00:00,-21.79999999999602,long,is,,77.58,77.56,1,8,80769.9999999998,-20.821488089403108
2024-02-14 01:57:00+00:00,-61.79999999998806,short,is,,77.60000000000001,77.66,1,17,80709.99999999981,-20.88030585236751
2024-02-14 02:28:00+00:00,98.20000000000853,short,is,,77.68,77.58,1,27,80809.99999999981,-20.782276247426818
2024-02-14 02:55:00+00:00,-121.80000000000454,short,is,,77.58,77.7,1,24,80689.99999999981,-20.899911773355647
2024-02-14 03:00:00+00:00,-11.799999999990906,short,is,,77.71000000000001,77.72,1,3,80679.99999999983,-20.909714733849704
2024-02-14 03:11:00+00:00,-1.8,short,is,,77.74,77.74,1,8,80679.99999999983,-20.909714733849704
2024-02-14 03:28:00+00:00,-101.80000000000852,short,is,,77.75,77.85000000000001,1,16,80579.99999999981,-21.00774433879041
2024-02-14 03:50:00+00:00,-1.8,long,is,,77.84,77.84,1,8,80579.99999999981,-21.00774433879041
2024-02-14 04:03:00+00:00,-21.79999999999602,short,is,,77.84,77.86,1,2,80559.99999999981,-21.027350259778547
2024-02-14 04:15:00+00:00,-21.79999999999602,short,is,,77.84,77.86,1,8,80539.99999999983,-21.046956180766674
2024-02-14 04:26:00+00:00,-21.79999999999602,long,is,,77.86,77.84,1,1,80519.99999999983,-21.06656210175481
2024-02-14 04:41:00+00:00,-21.800000000010233,long,is,,77.85000000000001,77.83,1,9,80499.99999999981,-21.086168022742964
2024-02-14 04:56:00+00:00,-1.8,short,is,,77.86,77.86,1,13,80499.99999999981,-21.086168022742964
2024-02-14 05:23:00+00:00,8.200000000005115,short,is,,77.87,77.86,1,18,80509.99999999981,-21.076365062248893
2024-02-14 05:37:00+00:00,-11.799999999990906,short,is,,77.87,77.88,1,4,80499.99999999983,-21.08616802274295
2024-02-14 06:02:00+00:00,-51.800000000011366,long,is,,77.85000000000001,77.8,1,22,80449.99999999981,-21.13518282521331
2024-02-14 06:15:00+00:00,-11.799999999990906,short,is,,77.82000000000001,77.83,1,7,80439.99999999983,-21.144985785707366
2024-02-14 06:38:00+00:00,48.19999999999716,short,is,,77.86,77.81,1,19,80489.99999999983,-21.09597098323702
2024-02-14 06:47:00+00:00,8.199999999990904,long,is,,77.76,77.77,1,4,80499.99999999981,-21.086168022742964
2024-02-14 06:57:00+00:00,-1.8,short,is,,77.8,77.8,1,2,80499.99999999981,-21.086168022742964
2024-02-14 07:06:00+00:00,8.199999999990904,long,is,,77.73,77.74,1,6,80509.9999999998,-21.076365062248907
2024-02-14 07:45:00+00:00,-241.8000000000091,short,is,,77.83,78.07000000000001,1,31,80269.9999999998,-21.31163611410657
2024-02-14 08:06:00+00:00,-41.79999999999204,long,is,,78.0,77.96000000000001,1,12,80229.9999999998,-21.35084795608285
2024-02-14 08:20:00+00:00,78.1999999999983,short,is,,78.02,77.94,1,5,80309.9999999998,-21.272424272130294
2024-02-14 08:31:00+00:00,38.200000000006256,short,is,,78.06,78.02,1,3,80349.99999999981,-21.233212430154
2024-02-14 08:51:00+00:00,-31.800000000001138,long,is,,77.91,77.88,1,16,80319.99999999981,-21.26262131163621
2024-02-14 08:59:00+00:00,-31.800000000001138,long,is,,77.85000000000001,77.82000000000001,1,5,80289.99999999981,-21.292030193118418
2024-02-14 09:09:00+00:00,68.20000000000739,long,is,,77.75,77.82000000000001,1,3,80359.99999999983,-21.223409469659916
2024-02-14 09:16:00+00:00,48.19999999999716,long,is,,77.72,77.77,1,3,80409.99999999981,-21.174394667189585
2024-02-14 09:21:00+00:00,68.20000000000739,short,is,,77.9,77.83,1,4,80479.99999999983,-21.105773943731087
2024-02-14 09:46:00+00:00,58.199999999988066,short,is,,77.88,77.82000000000001,1,5,80539.99999999981,-21.04695618076669
2024-02-14 10:10:00+00:00,18.20000000001023,short,is,,77.93,77.91,1,8,80559.99999999983,-21.027350259778537
2024-02-14 10:29:00+00:00,-21.79999999999602,short,is,,77.96000000000001,77.98,1,11,80539.99999999983,-21.046956180766674
2024-02-14 10:45:00+00:00,18.19999999999602,long,is,,77.92,77.94,1,9,80559.99999999983,-21.027350259778537
2024-02-14 11:10:00+00:00,-41.79999999999204,short,is,,78.04,78.08,1,20,80519.99999999983,-21.06656210175481
2024-02-14 11:22:00+00:00,8.200000000005115,short,is,,78.14,78.13,1,5,80529.99999999983,-21.05675914126074
2024-02-14 11:45:00+00:00,-221.79999999999887,long,is,,78.02,77.8,1,20,80309.99999999983,-21.272424272130262
2024-02-14 12:27:00+00:00,-241.8000000000091,short,is,,77.8,78.04,1,31,80069.99999999983,-21.507695323987928
2024-02-14 12:46:00+00:00,-31.800000000001138,long,is,,78.0,77.97,1,13,80039.99999999983,-21.537104205470133
2024-02-14 12:59:00+00:00,38.200000000006256,long,is,,77.86,77.9,1,4,80079.99999999983,-21.497892363493857
2024-02-14 13:12:00+00:00,48.19999999999716,long,is,,77.87,77.92,1,4,80129.99999999983,-21.44887756102351
2024-02-14 13:48:00+00:00,-291.79999999999205,short,is,,77.96000000000001,78.25,1,35,79839.99999999984,-21.733163415351502
2024-02-14 13:51:00+00:00,48.19999999999716,long,is,,78.19,78.24,1,1,79889.99999999983,-21.68414861288117
2024-02-14 14:06:00+00:00,128.19999999999544,long,is,,78.2,78.33,1,10,80019.99999999983,-21.556710126458274
2024-02-14 14:17:00+00:00,158.19999999999658,long,is,,78.10000000000001,78.26,1,6,80179.99999999983,-21.399862758553166
2024-02-14 14:49:00+00:00,-231.800000000004,short,is,,78.37,78.60000000000001,1,16,79949.99999999983,-21.625330849916757
2024-02-14 15:51:00+00:00,-1121.8000000000045,long,is,,78.56,77.44,1,53,78829.99999999983,-22.72326242525251
2024-02-14 16:05:00+00:00,48.19999999999716,short,is,,77.72,77.67,1,11,78879.99999999981,-22.67424762278218
2024-02-14 16:14:00+00:00,58.20000000000228,short,is,,77.93,77.87,1,1,78939.99999999983,-22.61542985981775
2024-02-14 16:39:00+00:00,-121.80000000000454,long,is,,77.68,77.56,1,15,78819.99999999981,-22.733065385746592
2024-02-14 16:53:00+00:00,58.199999999988066,short,is,,77.74,77.68,1,10,78879.9999999998,-22.674247622782193
2024-02-14 17:12:00+00:00,-261.8000000000051,long,is,,77.5,77.24,1,14,78619.9999999998,-22.929124595627993
2024-02-14 17:45:00+00:00,448.20000000000283,short,is,,77.36,76.91,1,23,79069.9999999998,-22.487991373394877
2024-02-14 18:00:00+00:00,78.1999999999983,short,is,,76.98,76.9,1,8,79149.9999999998,-22.409567689442323
2024-02-14 18:19:00+00:00,38.199999999992045,short,is,,77.02,76.98,1,10,79189.9999999998,-22.370355847466044
2024-02-14 18:34:00+00:00,18.20000000001023,long,is,,76.94,76.96000000000001,1,8,79209.99999999981,-22.350749926477892
2024-02-14 18:38:00+00:00,78.1999999999983,short,is,,77.06,76.98,1,2,79289.99999999981,-22.272326242525338
2024-02-14 18:45:00+00:00,38.200000000006256,short,is,,77.04,77.0,1,6,79329.99999999981,-22.233114400549063
2024-02-14 18:58:00+00:00,58.20000000000228,short,is,,77.09,77.03,1,5,79389.99999999983,-22.174296637584632
2024-02-14 19:44:00+00:00,488.2000000000091,short,is,,77.15,76.66,1,39,79879.99999999983,-21.69395157337524
2024-02-14 20:18:00+00:00,-121.79999999999033,long,is,,76.58,76.46000000000001,1,31,79759.99999999984,-21.81158709930406
2024-02-14 20:34:00+00:00,-1.8,short,is,,76.5,76.5,1,8,79759.99999999984,-21.81158709930406
2024-02-14 20:58:00+00:00,-81.79999999999829,short,is,,76.53,76.61,1,20,79679.99999999984,-21.89001078325661
2024-02-14 21:10:00+00:00,8.200000000005115,long,is,,76.61,76.62,1,6,79689.99999999984,-21.880207822762543
2024-02-14 21:19:00+00:00,-11.800000000005117,long,is,,76.60000000000001,76.59,1,5,79679.99999999984,-21.89001078325661
2024-02-14 21:53:00+00:00,-41.79999999999204,long,is,,76.58,76.54,1,22,79639.99999999984,-21.92922262523289
2024-02-14 21:58:00+00:00,-21.79999999999602,short,is,,76.54,76.56,1,1,79619.99999999985,-21.948828546221012
2024-02-14 23:01:00+00:00,28.200000000001136,short,is,,76.59,76.56,1,6,79649.99999999985,-21.919419664738804
2024-02-14 23:26:00+00:00,-1.8,long,is,,76.52,76.52,1,1,79649.99999999985,-21.919419664738804
2024-02-14 23:35:00+00:00,-1.8,long,is,,76.52,76.52,1,4,79649.99999999985,-21.919419664738804
2024-02-14 23:55:00+00:00,-21.79999999999602,long,is,,76.52,76.5,1,3,79629.99999999985,-21.93902558572694
2024-02-14 23:57:00+00:00,-21.79999999999602,long,is,,76.52,76.5,1,1,79609.99999999985,-21.958631506715083
2024-02-15 00:26:00+00:00,67.49999999999318,short,is,,76.53,76.46000000000001,1,28,79679.99999999985,-21.890010783256596
2024-02-15 00:34:00+00:00,-12.499999999990905,long,is,,76.44,76.43,1,1,79669.99999999985,-21.899813743750666
2024-02-15 00:45:00+00:00,-22.500000000010232,short,is,,76.44,76.46000000000001,1,9,79649.99999999984,-21.919419664738818
2024-02-15 01:11:00+00:00,-112.49999999999943,long,is,,76.44,76.33,1,10,79539.99999999984,-22.02725223017358
2024-02-15 01:22:00+00:00,-2.5,long,is,,76.27,76.27,1,7,79539.99999999984,-22.02725223017358
2024-02-15 01:41:00+00:00,-1.8,long,is,,76.28,76.28,1,3,79539.99999999984,-22.02725223017358
2024-02-15 02:12:00+00:00,28.200000000001136,short,is,,76.31,76.28,1,22,79569.99999999984,-21.997843348691372
2024-02-15 02:24:00+00:00,-11.800000000005117,short,is,,76.28,76.29,1,8,79559.99999999984,-22.007646309185443
2024-02-15 02:51:00+00:00,-11.800000000005117,short,is,,76.31,76.32000000000001,1,11,79549.99999999984,-22.017449269679513
2024-02-15 02:56:00+00:00,-21.79999999999602,short,is,,76.34,76.36,1,4,79529.99999999984,-22.037055190667648
2024-02-15 03:16:00+00:00,-61.80000000000227,long,is,,76.33,76.27,1,10,79469.99999999984,-22.095872953632064
2024-02-15 03:30:00+00:00,8.199999999990904,long,is,,76.23,76.24,1,7,79479.99999999983,-22.08606999313801
2024-02-15 04:17:00+00:00,-51.799999999997155,long,is,,76.23,76.18,1,36,79429.99999999983,-22.135084795608357
2024-02-15 04:34:00+00:00,-11.800000000005117,long,is,,76.2,76.19,1,3,79419.99999999983,-22.144887756102424
2024-02-15 04:44:00+00:00,-1.8,short,is,,76.23,76.23,1,6,79419.99999999983,-22.144887756102424
2024-02-15 05:06:00+00:00,-1.8,long,is,,76.2,76.2,1,8,79419.99999999983,-22.144887756102424
2024-02-15 05:24:00+00:00,-71.80000000000739,short,is,,76.22,76.29,1,15,79349.99999999983,-22.213508479560907
2024-02-15 06:05:00+00:00,-51.800000000011366,long,is,,76.29,76.24,1,17,79299.99999999981,-22.26252328203127
2024-02-15 06:25:00+00:00,-41.79999999999204,short,is,,76.26,76.3,1,8,79259.99999999981,-22.301735124007546
2024-02-15 06:53:00+00:00,-71.79999999999318,short,is,,76.31,76.38,1,18,79189.99999999983,-22.370355847466016
2024-02-15 07:12:00+00:00,-21.800000000010233,long,is,,76.32000000000001,76.3,1,10,79169.99999999981,-22.38996176845417
2024-02-15 07:27:00+00:00,-11.799999999990906,short,is,,76.4,76.41,1,10,79159.99999999983,-22.399764728948224
2024-02-15 08:07:00+00:00,-301.79999999999717,long,is,,76.39,76.09,1,27,78859.99999999983,-22.693853543770302
2024-02-15 09:08:00+00:00,418.2000000000017,long,is,,76.05,76.47,1,43,79279.99999999983,-22.282129203019394
2024-02-15 09:19:00+00:00,38.199999999992045,short,is,,76.58,76.54,1,5,79319.99999999981,-22.242917361043133
2024-02-15 09:32:00+00:00,68.20000000000739,long,is,,76.49,76.56,1,6,79389.99999999983,-22.174296637584632
2024-02-15 09:36:00+00:00,28.200000000001136,long,is,,76.5,76.53,1,2,79419.99999999983,-22.144887756102424
2024-02-15 09:50:00+00:00,78.1999999999983,long,is,,76.42,76.5,1,3,79499.99999999983,-22.06646407214987
2024-02-15 10:09:00+00:00,-211.80000000000797,long,is,,76.43,76.22,1,16,79289.99999999981,-22.272326242525338
2024-02-15 10:24:00+00:00,8.200000000005115,long,is,,76.14,76.15,1,6,79299.99999999983,-22.262523282031253
2024-02-15 10:44:00+00:00,118.19999999999034,short,is,,76.22,76.10000000000001,1,19,79419.99999999981,-22.144887756102438
2024-02-15 10:52:00+00:00,8.199999999990904,long,is,,76.04,76.05,1,1,79429.9999999998,-22.135084795608385
2024-02-15 10:59:00+00:00,78.1999999999983,short,is,,76.16,76.08,1,2,79509.9999999998,-22.05666111165583
2024-02-15 11:09:00+00:00,48.19999999999716,long,is,,75.98,76.03,1,8,79559.9999999998,-22.007646309185485
2024-02-15 11:40:00+00:00,-141.80000000000058,long,is,,75.97,75.83,1,15,79419.9999999998,-22.144887756102456
2024-02-15 12:05:00+00:00,-111.79999999999943,short,is,,75.93,76.04,1,19,79309.9999999998,-22.252720321537215
2024-02-15 12:19:00+00:00,88.20000000000341,long,is,,75.97,76.06,1,5,79399.9999999998,-22.16449367709059
2024-02-15 12:33:00+00:00,28.200000000001136,short,is,,76.08,76.05,1,4,79429.9999999998,-22.135084795608385
2024-02-15 13:21:00+00:00,-401.8000000000057,short,is,,76.08,76.48,1,47,79029.9999999998,-22.527203215371152
2024-02-15 13:37:00+00:00,8.199999999990904,short,is,,76.52,76.51,1,5,79039.99999999978,-22.5174002548771
2024-02-15 13:51:00+00:00,8.200000000005115,long,is,,76.42,76.43,1,9,79049.99999999978,-22.507597294383032
2024-02-15 14:15:00+00:00,-301.79999999999717,short,is,,76.62,76.92,1,16,78749.9999999998,-22.80168610920509
2024-02-15 14:45:00+00:00,-21.79999999999602,short,is,,77.0,77.02,1,9,78729.9999999998,-22.82129203019323
2024-02-15 14:52:00+00:00,128.19999999999544,short,is,,77.27,77.14,1,5,78859.9999999998,-22.69385354377033
2024-02-15 15:01:00+00:00,158.19999999999658,long,is,,76.98,77.14,1,3,79019.99999999978,-22.537006175865237
2024-02-15 15:16:00+00:00,38.199999999992045,short,is,,77.33,77.29,1,9,79059.99999999978,-22.497794333888958
2024-02-15 15:44:00+00:00,-271.79999999999603,short,is,,77.46000000000001,77.73,1,21,78789.99999999978,-22.76247426722883
2024-02-15 16:00:00+00:00,108.19999999999943,long,is,,77.61,77.72,1,6,78899.99999999978,-22.654641701794066
2024-02-15 16:34:00+00:00,-51.799999999997155,short,is,,77.82000000000001,77.87,1,32,78849.99999999978,-22.703656504264412
2024-02-15 17:04:00+00:00,-351.7999999999943,short,is,,77.96000000000001,78.31,1,27,78499.9999999998,-23.046760121556822
2024-02-15 17:11:00+00:00,48.19999999999716,long,is,,78.28,78.33,1,2,78549.9999999998,-22.997745319086476
2024-02-15 17:24:00+00:00,-61.79999999998806,long,is,,78.24,78.18,1,11,78489.9999999998,-23.05656308205089
2024-02-15 17:34:00+00:00,78.1999999999983,short,is,,78.31,78.23,1,2,78569.9999999998,-22.97813939809834
2024-02-15 17:53:00+00:00,-21.79999999999602,long,is,,78.13,78.11,1,14,78549.9999999998,-22.997745319086476
2024-02-15 18:10:00+00:00,28.200000000001136,long,is,,78.08,78.11,1,2,78579.9999999998,-22.96833643760427
2024-02-15 18:30:00+00:00,118.20000000000455,short,is,,78.2,78.08,1,17,78699.99999999981,-22.85070091167542
2024-02-15 19:00:00+00:00,28.200000000001136,short,is,,78.09,78.06,1,5,78729.99999999981,-22.821292030193217
2024-02-15 19:08:00+00:00,-11.800000000005117,short,is,,78.09,78.10000000000001,1,6,78719.9999999998,-22.831094990687298
2024-02-15 19:18:00+00:00,18.19999999999602,long,is,,78.04,78.06,1,7,78739.9999999998,-22.81148906969916
2024-02-15 19:27:00+00:00,58.199999999988066,long,is,,77.96000000000001,78.02,1,1,78799.9999999998,-22.752671306734744
2024-02-15 19:35:00+00:00,38.199999999992045,long,is,,77.98,78.02,1,2,78839.99999999978,-22.713459464758483
2024-02-15 19:52:00+00:00,-81.79999999999829,short,is,,78.06,78.14,1,14,78759.99999999978,-22.791883148711037
2024-02-15 20:03:00+00:00,-31.800000000001138,short,oos,,78.2,78.23,1,7,78729.99999999978,-22.821292030193245
2024-02-15 20:28:00+00:00,28.200000000001136,short,oos,,78.29,78.26,1,16,78759.99999999978,-22.791883148711037
2024-02-15 21:00:00+00:00,-31.800000000001138,long,oos,,78.19,78.16,1,20,78729.99999999978,-22.821292030193245
2024-02-15 21:08:00+00:00,-11.799999999990906,long,oos,,78.16,78.15,1,1,78719.9999999998,-22.831094990687298
2024-02-15 21:30:00+00:00,-11.800000000005117,short,oos,,78.19,78.2,1,7,78709.99999999978,-22.840897951181383
2024-02-15 22:55:00+00:00,-91.80000000000341,long,oos,,78.18,78.09,1,25,78619.99999999978,-22.929124595628007
2024-02-15 23:01:00+00:00,98.19999999999432,long,oos,,77.98,78.08,1,4,78719.99999999977,-22.83109499068733
2024-02-15 23:54:00+00:00,-11.800000000005117,short,oos,,78.16,78.17,1,13,78709.99999999977,-22.840897951181397
2024-02-16 00:20:00+00:00,-52.49999999999716,long,oos,,78.15,78.10000000000001,1,19,78659.99999999977,-22.889912753651743
2024-02-16 01:09:00+00:00,-102.50000000000853,long,oos,,78.07000000000001,77.97,1,9,78559.99999999977,-22.987942358592438
2024-02-16 01:31:00+00:00,-22.500000000010232,short,oos,,78.02,78.04,1,8,78539.99999999975,-23.00754827958059
2024-02-16 01:45:00+00:00,7.499999999990905,long,oos,,78.01,78.02,1,1,78549.99999999974,-22.997745319086533
2024-02-16 02:03:00+00:00,-22.49999999999602,short,oos,,78.03,78.05,1,10,78529.99999999975,-23.017351240074657
2024-02-16 03:04:00+00:00,-72.50000000000739,short,oos,,78.08,78.15,1,29,78459.99999999974,-23.085971963533154
2024-02-16 03:58:00+00:00,-112.49999999999943,long,oos,,78.13,78.02,1,30,78349.99999999974,-23.193804528967917
2024-02-16 04:13:00+00:00,17.500000000010232,short,oos,,78.07000000000001,78.05,1,1,78369.99999999975,-23.174198607979765
2024-02-16 04:43:00+00:00,-32.50000000000114,short,oos,,78.05,78.08,1,6,78339.99999999975,-23.203607489461973
2024-02-16 05:07:00+00:00,-52.49999999999716,short,oos,,78.06,78.11,1,17,78289.99999999975,-23.25262229193232
2024-02-16 05:31:00+00:00,27.499999999986926,short,oos,,78.13,78.10000000000001,1,16,78319.99999999974,-23.223213410450125
2024-02-16 05:44:00+00:00,-22.49999999999602,short,oos,,78.10000000000001,78.12,1,2,78299.99999999974,-23.242819331438263
2024-02-16 06:01:00+00:00,-52.49999999999716,short,oos,,78.11,78.16,1,9,78249.99999999975,-23.291834133908594
2024-02-16 06:30:00+00:00,-22.49999999999602,long,oos,,78.13,78.11,1,10,78229.99999999975,-23.311440054896735
2024-02-16 06:45:00+00:00,27.500000000001137,long,oos,,78.07000000000001,78.10000000000001,1,9,78259.99999999975,-23.282031173414527
2024-02-16 06:59:00+00:00,-12.499999999990905,short,oos,,78.12,78.13,1,2,78249.99999999977,-23.29183413390858
2024-02-16 07:10:00+00:00,57.49999999998806,short,oos,,78.16,78.10000000000001,1,6,78309.99999999975,-23.233016370944178
2024-02-16 07:36:00+00:00,7.500000000005116,long,oos,,78.0,78.01,1,12,78319.99999999975,-23.22321341045011
2024-02-16 07:45:00+00:00,-12.500000000005116,short,oos,,78.03,78.04,1,3,78309.99999999975,-23.233016370944178
2024-02-16 07:55:00+00:00,7.500000000005116,long,oos,,78.02,78.03,1,9,78319.99999999975,-23.22321341045011
2024-02-16 08:00:00+00:00,27.500000000001137,short,oos,,78.10000000000001,78.07000000000001,1,1,78349.99999999975,-23.193804528967902
2024-02-16 08:02:00+00:00,-2.5,long,oos,,78.01,78.01,1,1,78349.99999999975,-23.193804528967902
2024-02-16 08:06:00+00:00,37.50000000000625,long,oos,,77.97,78.01,1,3,78389.99999999977,-23.154592686991613
2024-02-16 08:29:00+00:00,27.499999999986926,long,oos,,77.96000000000001,77.99,1,8,78419.99999999974,-23.125183805509433
2024-02-16 09:04:00+00:00,-161.8000000000108,long,oos,,77.9,77.74,1,29,78259.99999999974,-23.28203117341454
2024-02-16 09:57:00+00:00,-381.8000000000097,long,oos,,77.68,77.3,1,44,77879.99999999972,-23.654543672189185
2024-02-16 10:11:00+00:00,48.20000000001137,short,oos,,77.43,77.38,1,8,77929.99999999974,-23.605528869718825
2024-02-16 10:35:00+00:00,18.19999999999602,long,oos,,77.28,77.3,1,4,77949.99999999974,-23.585922948730687
2024-02-16 10:51:00+00:00,8.200000000005115,short,oos,,77.39,77.38,1,15,77959.99999999974,-23.576119988236616
2024-02-16 11:09:00+00:00,-41.79999999999204,long,oos,,77.36,77.32000000000001,1,8,77919.99999999974,-23.615331830212895
2024-02-16 11:44:00+00:00,-11.800000000005117,short,oos,,77.39,77.4,1,20,77909.99999999974,-23.625134790706966
2024-02-16 11:55:00+00:00,118.20000000000455,long,oos,,77.25,77.37,1,7,78029.99999999974,-23.507499264778133
2024-02-16 12:09:00+00:00,8.200000000005115,short,oos,,77.46000000000001,77.45,1,11,78039.99999999974,-23.497696304284062
2024-02-16 12:18:00+00:00,38.200000000006256,short,oos,,77.60000000000001,77.56,1,6,78079.99999999975,-23.458484462307773
2024-02-16 12:38:00+00:00,-1.8,long,oos,,77.48,77.48,1,6,78079.99999999975,-23.458484462307773
2024-02-16 12:52:00+00:00,-51.800000000011366,long,oos,,77.46000000000001,77.41,1,12,78029.99999999974,-23.507499264778133
2024-02-16 12:58:00+00:00,18.19999999999602,short,oos,,77.48,77.46000000000001,1,2,78049.99999999974,-23.487893343789995
2024-02-16 13:06:00+00:00,8.199999999990904,short,oos,,77.49,77.48,1,7,78059.99999999974,-23.478090383295925
2024-02-16 13:13:00+00:00,48.20000000001137,short,oos,,77.57000000000001,77.52,1,1,78109.99999999974,-23.42907558082558
2024-02-16 13:27:00+00:00,-201.80000000000285,short,oos,,77.65,77.85000000000001,1,12,77909.99999999974,-23.625134790706966
2024-02-16 14:17:00+00:00,-601.8000000000085,short,oos,,77.99,78.59,1,35,77309.99999999974,-24.213312420351116
2024-02-16 14:24:00+00:00,118.19999999999034,short,oos,,78.8,78.68,1,3,77429.99999999972,-24.0956768944223
2024-02-16 14:32:00+00:00,118.19999999999034,long,oos,,78.51,78.63,1,5,77549.99999999971,-23.978041368493482
2024-02-16 14:36:00+00:00,108.19999999999943,short,oos,,78.8,78.69,1,2,77659.99999999971,-23.870208803058723
2024-02-16 14:44:00+00:00,138.20000000000056,long,oos,,78.47,78.61,1,5,77799.99999999971,-23.732967356141753
2024-02-16 14:58:00+00:00,-121.80000000000454,long,oos,,78.34,78.22,1,8,77679.99999999971,-23.850602882070586
2024-02-16 15:18:00+00:00,78.1999999999983,short,oos,,78.5,78.42,1,10,77759.99999999971,-23.772179198118028
2024-02-16 15:37:00+00:00,-131.80000000000967,long,oos,,78.18,78.05,1,17,77629.9999999997,-23.899617684540946
2024-02-16 15:54:00+00:00,28.200000000001136,short,oos,,78.17,78.14,1,10,77659.9999999997,-23.870208803058738
2024-02-16 16:15:00+00:00,98.19999999999432,long,oos,,78.10000000000001,78.2,1,11,77759.99999999968,-23.77217919811806
2024-02-16 16:31:00+00:00,-41.79999999999204,short,oos,,78.35000000000001,78.39,1,12,77719.9999999997,-23.81139104009432
2024-02-16 16:51:00+00:00,-11.800000000005117,short,oos,,78.5,78.51,1,13,77709.9999999997,-23.82119400058839
2024-02-16 17:19:00+00:00,-211.79999999999376,short,oos,,78.60000000000001,78.81,1,22,77499.9999999997,-24.027056170963842
2024-02-16 17:44:00+00:00,-41.80000000000625,short,oos,,79.05,79.09,1,12,77459.9999999997,-24.06626801294012
2024-02-16 18:12:00+00:00,-251.8,long,oos,,78.96000000000001,78.71000000000001,1,22,77209.9999999997,-24.31134202529185
2024-02-16 18:38:00+00:00,-31.800000000001138,short,oos,,78.78,78.81,1,7,77179.9999999997,-24.34075090677406
2024-02-16 18:52:00+00:00,-31.800000000001138,short,oos,,78.9,78.93,1,9,77149.9999999997,-24.370159788256267
2024-02-16 19:02:00+00:00,218.20000000001306,long,oos,,78.74,78.96000000000001,1,8,77369.99999999971,-24.15449465738673
2024-02-16 19:19:00+00:00,118.19999999999034,long,oos,,78.82000000000001,78.94,1,2,77489.9999999997,-24.036859131457913
2024-02-16 19:34:00+00:00,-91.80000000000341,short,oos,,79.02,79.11,1,12,77399.9999999997,-24.125085775904537
2024-02-16 20:11:00+00:00,28.200000000001136,short,oos,,79.21000000000001,79.18,1,10,77429.9999999997,-24.095676894422326
2024-02-16 20:28:00+00:00,-11.800000000005117,short,oos,,79.22,79.23,1,7,77419.99999999968,-24.10547985491641
2024-02-16 20:49:00+00:00,-51.799999999997155,long,oos,,79.15,79.10000000000001,1,17,77369.9999999997,-24.154494657386742
2024-02-16 21:00:00+00:00,28.200000000001136,short,oos,,79.17,79.14,1,7,77399.9999999997,-24.125085775904537
2024-02-16 21:22:00+00:00,-21.79999999999602,short,oos,,79.2,79.22,1,6,77379.9999999997,-24.144691696892675
2024-02-16 21:44:00+00:00,-11.800000000005117,short,oos,,79.27,79.28,1,9,77369.9999999997,-24.154494657386742
2024-02-16 22:00:00+00:00,-91.80000000000341,long,oos,,79.2,79.11,1,5,77279.99999999968,-24.24272130183338
2024-02-18 23:15:00+00:00,237.49999999999488,long,oos,,78.87,79.11,1,7,77519.99999999968,-24.00745024997572
2024-02-19 00:49:00+00:00,-12.499999999990905,short,oos,,79.04,79.05,1,8,77509.9999999997,-24.017253210469775
2024-02-19 01:08:00+00:00,-202.50000000000284,long,oos,,79.0,78.8,1,8,77309.9999999997,-24.21331242035116
2024-02-19 02:52:00+00:00,-32.50000000000114,long,oos,,78.75,78.72,1,8,77279.9999999997,-24.242721301833367
2024-02-19 03:31:00+00:00,17.49999999999602,short,oos,,78.78,78.76,1,5,77299.99999999968,-24.223115380845243
2024-02-19 05:12:00+00:00,17.49999999999602,short,oos,,78.78,78.76,1,14,77319.99999999968,-24.203509459857102
2024-02-19 05:35:00+00:00,-42.49999999999204,long,oos,,78.75,78.71000000000001,1,2,77279.9999999997,-24.242721301833367
2024-02-19 05:41:00+00:00,-42.49999999999204,long,oos,,78.75,78.71000000000001,1,2,77239.9999999997,-24.281933143809646
2024-02-19 06:41:00+00:00,-32.50000000000114,short,oos,,78.74,78.77,1,14,77209.9999999997,-24.31134202529185
2024-02-19 08:28:00+00:00,-52.49999999999716,short,oos,,78.84,78.89,1,12,77159.99999999971,-24.360356827762182
2024-02-19 10:01:00+00:00,167.5000000000017,long,oos,,78.69,78.86,1,43,77329.99999999971,-24.193706499363007
2024-02-19 10:35:00+00:00,7.499999999990905,short,oos,,78.91,78.9,1,1,77339.9999999997,-24.18390353886895
2024-02-19 10:49:00+00:00,17.49999999999602,short,oos,,78.94,78.92,1,3,77359.9999999997,-24.164297617880813
2024-02-19 11:05:00+00:00,-22.49999999999602,short,oos,,78.93,78.95,1,2,77339.9999999997,-24.18390353886895
2024-02-19 11:19:00+00:00,177.4999999999926,short,oos,,79.0,78.82000000000001,1,11,77519.99999999968,-24.00745024997572
2024-02-19 11:56:00+00:00,-272.499999999996,short,oos,,78.89,79.16,1,13,77249.9999999997,-24.272130183315575
2024-02-19 13:01:00+00:00,-62.49999999998806,short,oos,,79.18,79.24,1,13,77189.99999999971,-24.330947946279977
2024-02-19 13:23:00+00:00,37.49999999999204,long,oos,,79.12,79.16,1,12,77229.9999999997,-24.291736104303713
2024-02-19 13:55:00+00:00,17.500000000010232,long,oos,,79.24,79.26,1,4,77249.99999999971,-24.27213018331556
2024-02-19 14:09:00+00:00,-122.50000000000455,long,oos,,79.23,79.11,1,8,77129.99999999971,-24.38976570924439
2024-02-19 14:52:00+00:00,-71.79999999999318,short,oos,,79.4,79.47,1,14,77059.99999999971,-24.458386432702873
2024-02-19 15:19:00+00:00,-141.80000000000058,short,oos,,79.54,79.68,1,15,76919.99999999971,-24.595627879619844
2024-02-19 15:35:00+00:00,8.200000000005115,short,oos,,79.67,79.66,1,1,76929.99999999971,-24.585824919125777
2024-02-19 15:44:00+00:00,18.19999999999602,short,oos,,79.67,79.65,1,4,76949.99999999971,-24.566218998137636
2024-02-19 16:04:00+00:00,-61.80000000000227,short,oos,,79.67,79.73,1,14,76889.99999999971,-24.625036761102052
2024-02-19 16:38:00+00:00,-161.7999999999966,long,oos,,79.66,79.5,1,11,76729.99999999971,-24.78188412900716
2024-02-19 17:50:00+00:00,-141.80000000000058,short,oos,,79.49,79.63,1,14,76589.99999999971,-24.919125575924127
2024-02-19 18:52:00+00:00,-11.800000000005117,long,oos,,79.51,79.5,1,18,76579.99999999971,-24.928928536418198
2024-02-19 19:23:00+00:00,-51.799999999997155,long,oos,,79.39,79.34,1,9,76529.99999999971,-24.977943338888544
2024-02-19 23:01:00+00:00,58.20000000000228,long,oos,,79.2,79.26,1,5,76589.99999999971,-24.919125575924127
2024-02-19 23:44:00+00:00,88.1999999999892,long,oos,,79.15,79.24,1,3,76679.99999999971,-24.830898931477506
2024-02-20 00:55:00+00:00,-12.500000000005116,short,oos,,79.25,79.26,1,11,76669.9999999997,-24.84070189197159
2024-02-20 02:37:00+00:00,-202.50000000000284,short,oos,,79.41,79.61,1,10,76469.9999999997,-25.03676110185297
2024-02-20 03:13:00+00:00,-22.500000000010232,short,oos,,79.58,79.60000000000001,1,1,76449.99999999968,-25.056367022841126
2024-02-20 07:16:00+00:00,107.49999999999943,short,oos,,79.58,79.47,1,12,76559.99999999968,-24.948534457406364
2024-02-20 08:48:00+00:00,207.49999999999375,long,oos,,79.21000000000001,79.42,1,3,76769.99999999968,-24.742672287030913
2024-02-20 10:16:00+00:00,-22.49999999999602,long,oos,,79.2,79.18,1,6,76749.99999999968,-24.76227820801905
2024-02-20 12:34:00+00:00,-402.5000000000057,long,oos,,78.82000000000001,78.42,1,17,76349.99999999968,-25.154396627781818
2024-02-20 12:52:00+00:00,487.5000000000091,long,oos,,78.47,78.96000000000001,1,3,76839.99999999968,-24.674051563572426
2024-02-20 13:35:00+00:00,537.499999999992,long,oos,,78.54,79.08,1,21,77379.99999999968,-24.14469169689269
2024-02-20 14:15:00+00:00,-432.5000000000068,short,oos,,79.3,79.73,1,25,76949.99999999967,-24.56621899813768
2024-02-20 14:31:00+00:00,-32.50000000000114,short,oos,,79.74,79.77,1,8,76919.99999999967,-24.59562787961989
2024-02-20 14:38:00+00:00,127.49999999999545,long,oos,,79.61,79.74,1,6,77049.99999999967,-24.468189393196987
2024-02-20 14:49:00+00:00,57.500000000002274,long,oos,,79.47,79.53,1,9,77109.99999999967,-24.40937163023257
2024-02-20 15:18:00+00:00,-432.4999999999926,long,oos,,79.36,78.93,1,21,76679.99999999968,-24.830898931477535
2024-02-20 15:31:00+00:00,27.500000000001137,long,oos,,78.87,78.9,1,2,76709.99999999968,-24.801490049995326
2024-02-20 15:55:00+00:00,-12.500000000005116,long,oos,,78.64,78.63,1,15,76699.99999999967,-24.81129301048941
2024-02-20 16:10:00+00:00,127.50000000000966,short,oos,,78.68,78.55,1,3,76829.99999999968,-24.683854524066497
2024-02-20 16:14:00+00:00,137.50000000000057,long,oos,,78.45,78.59,1,2,76969.99999999968,-24.546613077149527
2024-02-20 16:28:00+00:00,47.49999999999716,long,oos,,78.47,78.52,1,9,77019.99999999968,-24.49759827467918
2024-02-20 16:57:00+00:00,-322.5000000000074,short,oos,,78.58,78.9,1,26,76699.99999999967,-24.81129301048941
2024-02-20 17:37:00+00:00,-212.50000000000796,short,oos,,79.02,79.23,1,26,76489.99999999967,-25.017155180864865
2024-02-20 17:46:00+00:00,57.500000000002274,long,oos,,79.12,79.18,1,2,76549.99999999967,-24.95833741790045
2024-02-20 18:17:00+00:00,-22.500000000010232,short,oos,,79.33,79.35000000000001,1,16,76529.99999999965,-24.9779433388886
2024-02-20 18:31:00+00:00,37.50000000000625,short,oos,,79.46000000000001,79.42,1,10,76569.99999999967,-24.938731496912308
2024-02-21 00:17:00+00:00,-2052.4999999999973,long,oos,,79.24,77.19,1,50,74519.99999999967,-26.948338398196498
2024-02-21 00:37:00+00:00,-42.50000000000625,long,oos,,77.2,77.16,1,16,74479.99999999965,-26.98755024017279
2024-02-21 00:53:00+00:00,-22.49999999999602,long,oos,,77.17,77.15,1,7,74459.99999999967,-27.007156161160918
2024-02-21 01:04:00+00:00,-42.49999999999204,long,oos,,77.16,77.12,1,6,74419.99999999967,-27.046368003137193
2024-02-21 01:11:00+00:00,8.199999999990904,long,oos,,77.10000000000001,77.11,1,1,74429.99999999965,-27.036565042643133
2024-02-21 01:50:00+00:00,-91.80000000000341,short,oos,,77.17,77.26,1,33,74339.99999999965,-27.12479168708976
2024-02-21 02:01:00+00:00,-1.8,long,oos,,77.24,77.24,1,3,74339.99999999965,-27.12479168708976
2024-02-21 02:11:00+00:00,-21.800000000010233,short,oos,,77.27,77.29,1,6,74319.99999999965,-27.144397608077895
2024-02-21 02:43:00+00:00,-1.8,long,oos,,77.24,77.24,1,11,74319.99999999965,-27.144397608077895
2024-02-21 03:01:00+00:00,18.19999999999602,short,oos,,77.28,77.26,1,16,74339.99999999964,-27.124791687089772
2024-02-21 03:19:00+00:00,-21.800000000010233,short,oos,,77.3,77.32000000000001,1,11,74319.99999999962,-27.144397608077924
2024-02-21 03:29:00+00:00,-1.8,long,oos,,77.31,77.31,1,3,74319.99999999962,-27.144397608077924
2024-02-21 03:44:00+00:00,-11.800000000005117,long,oos,,77.31,77.3,1,3,74309.99999999962,-27.154200568571994
2024-02-21 03:50:00+00:00,-11.800000000005117,long,oos,,77.31,77.3,1,4,74299.99999999962,-27.164003529066065
2024-02-21 04:23:00+00:00,-41.79999999999204,long,oos,,77.3,77.26,1,21,74259.99999999962,-27.203215371042344
2024-02-21 04:36:00+00:00,-21.79999999999602,long,oos,,77.28,77.26,1,11,74239.99999999964,-27.22282129203047
2024-02-21 04:59:00+00:00,-51.800000000011366,short,oos,,77.27,77.32000000000001,1,18,74189.99999999962,-27.271836094500827
2024-02-21 05:45:00+00:00,38.200000000006256,long,oos,,77.3,77.34,1,28,74229.99999999962,-27.232624252524552
2024-02-21 06:31:00+00:00,218.19999999999885,short,oos,,77.36,77.14,1,42,74449.99999999962,-27.016959121655027
2024-02-21 06:49:00+00:00,-1.8,short,oos,,77.2,77.2,1,13,74449.99999999962,-27.016959121655027
2024-02-21 07:17:00+00:00,-21.800000000010233,short,oos,,77.24,77.26,1,12,74429.99999999962,-27.03656504264317
2024-02-21 07:22:00+00:00,-1.8,short,oos,,77.26,77.26,1,3,74429.99999999962,-27.03656504264317
2024-02-21 07:48:00+00:00,68.19999999999318,short,oos,,77.27,77.2,1,22,74499.9999999996,-26.967944319184696
2024-02-21 07:54:00+00:00,-21.79999999999602,long,oos,,77.16,77.14,1,3,74479.99999999962,-26.98755024017282
2024-02-21 08:08:00+00:00,-211.80000000000797,long,oos,,77.15,76.94,1,12,74269.9999999996,-27.19341241054829
2024-02-21 08:48:00+00:00,-281.80000000000115,long,oos,,76.82000000000001,76.54,1,29,73989.9999999996,-27.46789530438223
2024-02-21 09:03:00+00:00,78.20000000001251,long,oos,,76.38,76.46000000000001,1,3,74069.99999999962,-27.389471620429656
2024-02-21 09:13:00+00:00,78.20000000001251,short,oos,,76.60000000000001,76.52,1,9,74149.99999999962,-27.311047936477106
2024-02-21 09:29:00+00:00,28.200000000001136,short,oos,,76.62,76.59,1,9,74179.99999999962,-27.281639054994894
2024-02-21 09:55:00+00:00,18.19999999999602,short,oos,,76.72,76.7,1,14,74199.99999999962,-27.262033134006757
2024-02-21 10:04:00+00:00,8.199999999990904,long,oos,,76.68,76.69,1,4,74209.99999999962,-27.252230173512686
2024-02-21 10:16:00+00:00,-21.79999999999602,short,oos,,76.76,76.78,1,11,74189.99999999962,-27.271836094500827
2024-02-21 10:42:00+00:00,-121.80000000000454,long,oos,,76.7,76.58,1,14,74069.99999999962,-27.389471620429656
2024-02-21 11:23:00+00:00,148.19999999999146,short,oos,,76.61,76.46000000000001,1,29,74219.9999999996,-27.242427213018633
2024-02-21 11:35:00+00:00,48.19999999999716,short,oos,,76.53,76.48,1,8,74269.9999999996,-27.19341241054829
2024-02-21 11:47:00+00:00,-1.8,short,oos,,76.54,76.54,1,1,74269.9999999996,-27.19341241054829
2024-02-21 12:07:00+00:00,-111.79999999999943,short,oos,,76.53,76.64,1,17,74159.9999999996,-27.301244975983046
2024-02-21 12:13:00+00:00,48.19999999999716,short,oos,,76.72,76.67,1,2,74209.99999999959,-27.252230173512714
2024-02-21 12:24:00+00:00,48.19999999999716,long,oos,,76.59,76.64,1,5,74259.99999999959,-27.203215371042372
2024-02-21 12:30:00+00:00,38.200000000006256,long,oos,,76.61,76.65,1,1,74299.9999999996,-27.16400352906608
2024-02-21 12:54:00+00:00,-141.80000000000058,short,oos,,76.72,76.86,1,22,74159.9999999996,-27.301244975983046
2024-02-21 12:58:00+00:00,18.19999999999602,long,oos,,76.81,76.83,1,2,74179.99999999959,-27.281639054994926
2024-02-21 13:16:00+00:00,-151.8000000000057,short,oos,,76.89,77.04,1,15,74029.99999999959,-27.42868346240596
2024-02-21 13:36:00+00:00,-51.799999999997155,long,oos,,76.9,76.85000000000001,1,17,73979.99999999959,-27.47769826487631
2024-02-21 13:42:00+00:00,48.20000000001137,short,oos,,76.93,76.88,1,4,74029.9999999996,-27.42868346240595
2024-02-21 14:03:00+00:00,-21.800000000010233,short,oos,,76.94,76.96000000000001,1,16,74009.99999999959,-27.448289383394105
2024-02-21 14:15:00+00:00,-21.79999999999602,long,oos,,76.88,76.86,1,9,73989.99999999959,-27.46789530438224
2024-02-21 14:31:00+00:00,78.1999999999983,short,oos,,77.06,76.98,1,9,74069.99999999959,-27.389471620429685
2024-02-21 14:37:00+00:00,78.1999999999983,short,oos,,77.12,77.04,1,3,74149.99999999959,-27.311047936477134
2024-02-21 14:54:00+00:00,-141.80000000000058,short,oos,,77.12,77.26,1,16,74009.99999999959,-27.448289383394105
2024-02-21 15:18:00+00:00,-81.79999999999829,long,oos,,77.12,77.04,1,16,73929.99999999959,-27.526713067346652
2024-02-21 15:35:00+00:00,-131.80000000000967,short,oos,,77.19,77.32000000000001,1,15,73799.99999999959,-27.65415155376956
2024-02-21 16:02:00+00:00,18.19999999999602,short,oos,,77.5,77.48,1,2,73819.99999999959,-27.634545632781414
2024-02-21 16:09:00+00:00,68.20000000000739,short,oos,,77.54,77.47,1,3,73889.99999999959,-27.56592490932293
2024-02-21 16:31:00+00:00,168.19999999998748,long,oos,,77.35000000000001,77.52,1,20,74059.99999999958,-27.399274580923773
2024-02-21 16:48:00+00:00,58.20000000000228,long,oos,,77.47,77.53,1,2,74119.99999999959,-27.340456817959343
2024-02-21 16:55:00+00:00,48.19999999999716,short,oos,,77.62,77.57000000000001,1,5,74169.99999999958,-27.29144201548901
2024-02-21 17:13:00+00:00,-101.79999999999431,short,oos,,77.64,77.74,1,17,74069.99999999959,-27.389471620429685
2024-02-21 17:16:00+00:00,128.20000000000965,long,oos,,77.58,77.71000000000001,1,1,74199.99999999959,-27.262033134006785
2024-02-21 17:21:00+00:00,148.19999999999146,long,oos,,77.57000000000001,77.72,1,3,74349.99999999959,-27.114988726595747
2024-02-21 17:40:00+00:00,58.199999999988066,short,oos,,77.88,77.82000000000001,1,6,74409.99999999958,-27.05617096363135
2024-02-21 17:49:00+00:00,48.19999999999716,short,oos,,77.89,77.84,1,3,74459.99999999958,-27.007156161161
2024-02-21 18:05:00+00:00,-41.80000000000625,long,oos,,77.82000000000001,77.78,1,15,74419.99999999956,-27.046368003137296
2024-02-21 18:24:00+00:00,-151.8000000000057,long,oos,,77.68,77.53,1,10,74269.99999999956,-27.19341241054833
2024-02-21 18:44:00+00:00,38.199999999992045,short,oos,,77.63,77.59,1,9,74309.99999999956,-27.15420056857205
2024-02-21 19:02:00+00:00,-31.800000000001138,short,oos,,77.72,77.75,1,15,74279.99999999956,-27.183609450054263
2024-02-21 19:08:00+00:00,28.200000000001136,short,oos,,77.84,77.81,1,4,74309.99999999956,-27.15420056857205
2024-02-21 19:28:00+00:00,-1.8,short,oos,,77.88,77.88,1,10,74309.99999999956,-27.15420056857205
2024-02-21 19:45:00+00:00,18.19999999999602,long,oos,,77.85000000000001,77.87,1,9,74329.99999999955,-27.13459464758393
2024-02-21 20:01:00+00:00,-31.800000000001138,short,oos,,77.91,77.94,1,11,74299.99999999955,-27.16400352906614
2024-02-21 20:24:00+00:00,8.199999999990904,long,oos,,77.82000000000001,77.83,1,15,74309.99999999953,-27.154200568572083
2024-02-21 21:02:00+00:00,-141.80000000000058,short,oos,,77.88,78.02,1,35,74169.99999999953,-27.291442015489054
2024-02-21 21:11:00+00:00,8.199999999990904,short,oos,,78.05,78.04,1,3,74179.99999999953,-27.281639054994983
2024-02-21 21:21:00+00:00,8.199999999990904,long,oos,,78.01,78.02,1,7,74189.99999999953,-27.271836094500912
2024-02-21 21:33:00+00:00,28.199999999986925,long,oos,,77.96000000000001,77.99,1,2,74219.9999999995,-27.242427213018733
2024-02-21 21:38:00+00:00,-11.800000000005117,short,oos,,78.03,78.04,1,4,74209.9999999995,-27.252230173512803
2024-02-21 23:07:00+00:00,-61.80000000000227,short,oos,,78.02,78.08,1,19,74149.9999999995,-27.311047936477216
2024-02-21 23:21:00+00:00,-11.800000000005117,long,oos,,78.07000000000001,78.06,1,2,74139.9999999995,-27.320850896971287
2024-02-21 23:36:00+00:00,-21.79999999999602,long,oos,,78.06,78.04,1,4,74119.9999999995,-27.340456817959424
2024-02-22 00:12:00+00:00,67.50000000000739,long,oos,,78.05,78.12,1,34,74189.9999999995,-27.27183609450094
2024-02-22 00:50:00+00:00,-32.499999999986926,long,oos,,78.13,78.10000000000001,1,10,74159.99999999953,-27.301244975983117
2024-02-22 00:58:00+00:00,-2.5,short,oos,,78.14,78.14,1,3,74159.99999999953,-27.301244975983117
2024-02-22 01:03:00+00:00,18.19999999999602,long,oos,,78.06,78.08,1,1,74179.99999999952,-27.281639054994994
2024-02-22 01:32:00+00:00,-31.800000000001138,long,oos,,78.02,77.99,1,16,74149.99999999952,-27.311047936477205
2024-02-22 01:43:00+00:00,-1.8,short,oos,,78.02,78.02,1,5,74149.99999999952,-27.311047936477205
2024-02-22 01:55:00+00:00,-31.800000000001138,short,oos,,78.04,78.07000000000001,1,8,74119.99999999952,-27.340456817959414
2024-02-22 02:19:00+00:00,-81.79999999999829,long,oos,,78.0,77.92,1,20,74039.99999999952,-27.418880501911964
2024-02-22 02:31:00+00:00,-1.8,short,oos,,77.92,77.92,1,4,74039.99999999952,-27.418880501911964
2024-02-22 03:06:00+00:00,-141.80000000000058,short,oos,,77.94,78.08,1,34,73899.99999999952,-27.55612194882893
2024-02-22 03:21:00+00:00,-21.800000000010233,long,oos,,78.07000000000001,78.05,1,7,73879.9999999995,-27.575727869817086
2024-02-22 03:32:00+00:00,18.19999999999602,short,oos,,78.12,78.10000000000001,1,8,73899.9999999995,-27.55612194882895
2024-02-22 03:53:00+00:00,-21.800000000010233,long,oos,,78.07000000000001,78.05,1,15,73879.9999999995,-27.575727869817086
2024-02-22 03:58:00+00:00,-21.79999999999602,short,oos,,78.06,78.08,1,2,73859.9999999995,-27.595333790805228
2024-02-22 04:06:00+00:00,-11.799999999990906,short,oos,,78.07000000000001,78.08,1,3,73849.9999999995,-27.6051367512993
2024-02-22 04:18:00+00:00,-41.80000000000625,long,oos,,78.06,78.02,1,11,73809.9999999995,-27.64434859327557
2024-02-22 04:32:00+00:00,-1.8,short,oos,,78.08,78.08,1,11,73809.9999999995,-27.64434859327557
2024-02-22 04:50:00+00:00,-21.800000000010233,short,oos,,78.08,78.10000000000001,1,10,73789.99999999949,-27.66395451426372
2024-02-22 05:05:00+00:00,-31.799999999986927,short,oos,,78.10000000000001,78.13,1,8,73759.9999999995,-27.69336339574592
2024-02-22 05:17:00+00:00,-21.79999999999602,short,oos,,78.11,78.13,1,1,73739.9999999995,-27.712969316734053
2024-02-22 05:37:00+00:00,-101.80000000000852,short,oos,,78.11,78.21000000000001,1,10,73639.9999999995,-27.810998921674745
2024-02-22 05:58:00+00:00,-11.800000000005117,long,oos,,78.18,78.17,1,6,73629.9999999995,-27.820801882168816
2024-02-22 06:07:00+00:00,8.200000000005115,long,oos,,78.14,78.15,1,1,73639.9999999995,-27.810998921674745
2024-02-22 06:18:00+00:00,-21.79999999999602,short,oos,,78.18,78.2,1,9,73619.9999999995,-27.830604842662886
2024-02-22 06:37:00+00:00,-1.8,long,oos,,78.17,78.17,1,3,73619.9999999995,-27.830604842662886
2024-02-22 06:55:00+00:00,-21.79999999999602,short,oos,,78.18,78.2,1,6,73599.9999999995,-27.850210763651024
2024-02-22 07:04:00+00:00,8.200000000005115,long,oos,,78.17,78.18,1,3,73609.99999999952,-27.840407803156943
2024-02-22 07:10:00+00:00,-1.8,long,oos,,78.18,78.18,1,2,73609.99999999952,-27.840407803156943
2024-02-22 07:22:00+00:00,-41.80000000000625,short,oos,,78.19,78.23,1,3,73569.9999999995,-27.87961964513323
2024-02-22 07:44:00+00:00,-31.800000000001138,short,oos,,78.25,78.28,1,11,73539.9999999995,-27.909028526615444
2024-02-22 08:07:00+00:00,-101.80000000000852,long,oos,,78.26,78.16,1,11,73439.9999999995,-28.007058131556136
2024-02-22 08:28:00+00:00,-61.80000000000227,short,oos,,78.26,78.32000000000001,1,18,73379.9999999995,-28.06587589452055
2024-02-22 08:51:00+00:00,-51.799999999997155,long,oos,,78.27,78.22,1,21,73329.9999999995,-28.114890696990898
2024-02-22 09:15:00+00:00,128.19999999999544,long,oos,,78.11,78.24,1,15,73459.9999999995,-27.98745221056799
2024-02-22 09:32:00+00:00,138.20000000000056,long,oos,,78.02,78.16,1,11,73599.9999999995,-27.850210763651024
2024-02-22 09:41:00+00:00,58.20000000000228,short,oos,,78.18,78.12,1,6,73659.9999999995,-27.79139300068661
2024-02-22 10:17:00+00:00,-151.8000000000057,short,oos,,78.2,78.35000000000001,1,29,73509.99999999949,-27.93843740809766
2024-02-22 10:58:00+00:00,-201.80000000000285,long,oos,,78.31,78.11,1,23,73309.99999999949,-28.13449661797905
2024-02-22 11:21:00+00:00,8.199999999990904,short,oos,,78.11,78.10000000000001,1,4,73319.99999999948,-28.12469365748499
2024-02-22 11:28:00+00:00,38.200000000006256,long,oos,,77.94,77.98,1,6,73359.99999999949,-28.0854818155087
2024-02-22 11:36:00+00:00,48.19999999999716,long,oos,,77.89,77.94,1,4,73409.99999999949,-28.03646701303835
2024-02-22 11:49:00+00:00,18.19999999999602,long,oos,,77.85000000000001,77.87,1,5,73429.99999999948,-28.01686109205023
2024-02-22 11:56:00+00:00,58.20000000000228,long,oos,,77.76,77.82000000000001,1,4,73489.99999999949,-27.958043329085804
2024-02-22 12:15:00+00:00,-21.800000000010233,long,oos,,77.76,77.74,1,12,73469.99999999948,-27.977649250073956
2024-02-22 12:29:00+00:00,8.199999999990904,long,oos,,77.68,77.69,1,7,73479.99999999948,-27.967846289579885
2024-02-22 12:47:00+00:00,-1.8,short,oos,,77.76,77.76,1,15,73479.99999999948,-27.967846289579885
2024-02-22 13:00:00+00:00,38.199999999992045,long,oos,,77.7,77.74,1,8,73519.99999999946,-27.928634447603624
2024-02-22 13:08:00+00:00,28.200000000001136,short,oos,,77.78,77.75,1,3,73549.99999999946,-27.899225566121416
2024-02-22 13:25:00+00:00,-1.8,long,oos,,77.69,77.69,1,9,73549.99999999946,-27.899225566121416
2024-02-22 13:33:00+00:00,48.20000000001137,long,oos,,77.63,77.68,1,5,73599.99999999948,-27.850210763651052
2024-02-22 13:40:00+00:00,18.20000000001023,short,oos,,77.76,77.74,1,6,73619.99999999948,-27.830604842662915
2024-02-22 14:02:00+00:00,-231.800000000004,long,oos,,77.62,77.39,1,15,73389.99999999948,-28.056072934026506
2024-02-22 14:08:00+00:00,98.20000000000853,long,oos,,77.3,77.4,1,1,73489.99999999949,-27.958043329085804
2024-02-22 14:53:00+00:00,-551.7999999999971,short,oos,,77.46000000000001,78.01,1,29,72939.99999999949,-28.497206156259608
2024-02-22 15:06:00+00:00,108.19999999999943,long,oos,,77.91,78.02,1,5,73049.99999999949,-28.389373590824846
2024-02-22 15:21:00+00:00,108.19999999999943,short,oos,,78.15,78.04,1,14,73159.99999999949,-28.281541025390084
2024-02-22 16:07:00+00:00,-421.8000000000017,short,oos,,78.08,78.5,1,17,72739.99999999949,-28.69326536614099
2024-02-22 16:28:00+00:00,128.19999999999544,long,oos,,78.31,78.44,1,9,72869.99999999949,-28.56582687971809
2024-02-22 16:46:00+00:00,18.20000000001023,short,oos,,78.54,78.52,1,8,72889.9999999995,-28.54622095872994
2024-02-22 16:50:00+00:00,58.20000000000228,short,oos,,78.59,78.53,1,2,72949.9999999995,-28.487403195765527
2024-02-22 17:11:00+00:00,-71.79999999999318,short,oos,,78.65,78.72,1,19,72879.9999999995,-28.55602391922401
2024-02-22 17:27:00+00:00,38.200000000006256,long,oos,,78.72,78.76,1,4,72919.99999999952,-28.516812077247717
2024-02-22 17:40:00+00:00,-11.800000000005117,short,oos,,78.81,78.82000000000001,1,8,72909.9999999995,-28.526615037741802
2024-02-22 17:47:00+00:00,78.1999999999983,short,oos,,78.9,78.82000000000001,1,4,72989.9999999995,-28.448191353789248
2024-02-22 18:06:00+00:00,18.20000000001023,short,oos,,78.9,78.88,1,11,73009.99999999952,-28.428585432801096
2024-02-22 18:24:00+00:00,-21.79999999999602,long,oos,,78.8,78.78,1,13,72989.99999999953,-28.44819135378922
2024-02-22 18:32:00+00:00,78.1999999999983,short,oos,,78.88,78.8,1,4,73069.99999999953,-28.369767669836666
2024-02-22 18:56:00+00:00,38.199999999992045,long,oos,,78.62,78.66,1,8,73109.99999999952,-28.330555827860405
2024-02-22 19:16:00+00:00,88.20000000000341,short,oos,,78.72,78.63,1,14,73199.99999999952,-28.242329183413776
2024-02-22 19:25:00+00:00,78.20000000001251,long,oos,,78.52,78.60000000000001,1,5,73279.99999999953,-28.16390549946121
2024-02-22 19:29:00+00:00,78.1999999999983,short,oos,,78.68,78.60000000000001,1,1,73359.99999999953,-28.085481815508658
2024-02-22 19:59:00+00:00,-21.79999999999602,long,oos,,78.52,78.5,1,26,73339.99999999953,-28.1050877364968
2024-02-22 20:08:00+00:00,-21.800000000010233,short,oos,,78.52,78.54,1,8,73319.99999999953,-28.124693657484933
2024-02-22 20:31:00+00:00,-21.79999999999602,long,oos,,78.52,78.5,1,10,73299.99999999953,-28.144299578473074
2024-02-22 20:44:00+00:00,-11.800000000005117,short,oos,,78.53,78.54,1,9,73289.99999999953,-28.15410253896714
2024-02-22 21:02:00+00:00,-71.80000000000739,long,oos,,78.51,78.44,1,15,73219.99999999952,-28.222723262425642
2024-02-22 21:18:00+00:00,-21.79999999999602,long,oos,,78.44,78.42,1,2,73199.99999999952,-28.242329183413776
2024-02-22 21:27:00+00:00,-21.79999999999602,long,oos,,78.44,78.42,1,7,73179.99999999953,-28.261935104401903
2024-02-22 21:35:00+00:00,-11.800000000005117,short,oos,,78.44,78.45,1,4,73169.99999999952,-28.271738064895985
2024-02-22 21:58:00+00:00,-81.79999999999829,long,oos,,78.42,78.34,1,22,73089.99999999952,-28.35016174884854
2024-02-22 23:01:00+00:00,-21.79999999999602,long,oos,,78.33,78.31,1,7,73069.99999999953,-28.369767669836666
2024-02-22 23:23:00+00:00,-21.79999999999602,long,oos,,78.3,78.28,1,3,73049.99999999953,-28.3893735908248
2024-02-22 23:31:00+00:00,-21.79999999999602,long,oos,,78.28,78.26,1,6,73029.99999999953,-28.408979511812944
2024-02-22 23:55:00+00:00,-11.800000000005117,short,oos,,78.28,78.29,1,6,73019.99999999953,-28.418782472307015
2024-02-23 00:03:00+00:00,-22.49999999999602,long,oos,,78.27,78.25,1,6,72999.99999999953,-28.43838839329515
2024-02-23 00:17:00+00:00,-12.500000000005116,short,oos,,78.28,78.29,1,4,72989.99999999953,-28.44819135378922
2024-02-23 00:22:00+00:00,17.49999999999602,long,oos,,78.23,78.25,1,3,73009.99999999953,-28.42858543280108
2024-02-23 00:48:00+00:00,-22.49999999999602,long,oos,,78.23,78.21000000000001,1,9,72989.99999999953,-28.44819135378922
2024-02-23 01:02:00+00:00,-62.500000000002274,short,oos,,78.24,78.3,1,10,72929.99999999953,-28.507009116753636
2024-02-23 01:26:00+00:00,-1.8,long,oos,,78.26,78.26,1,15,72929.99999999953,-28.507009116753636
2024-02-23 02:09:00+00:00,-91.80000000000341,short,oos,,78.27,78.36,1,39,72839.99999999952,-28.59523576120027
2024-02-23 02:36:00+00:00,-11.800000000005117,long,oos,,78.31,78.3,1,17,72829.99999999952,-28.605038721694342
2024-02-23 02:54:00+00:00,-11.800000000005117,short,oos,,78.31,78.32000000000001,1,3,72819.99999999952,-28.61484168218841
2024-02-23 03:16:00+00:00,-91.80000000000341,long,oos,,78.31,78.22,1,20,72729.9999999995,-28.703068326635044
2024-02-23 03:24:00+00:00,-1.8,short,oos,,78.24,78.24,1,1,72729.9999999995,-28.703068326635044
2024-02-23 03:33:00+00:00,-21.800000000010233,short,oos,,78.24,78.26,1,7,72709.9999999995,-28.722674247623186
2024-02-23 04:02:00+00:00,-71.79999999999318,long,oos,,78.24,78.17,1,27,72639.9999999995,-28.791294971081673
2024-02-23 04:24:00+00:00,-21.79999999999602,short,oos,,78.18,78.2,1,15,72619.9999999995,-28.810900892069807
2024-02-23 04:28:00+00:00,-21.79999999999602,short,oos,,78.2,78.22,1,2,72599.99999999952,-28.830506813057934
2024-02-23 04:48:00+00:00,-31.799999999986927,short,oos,,78.21000000000001,78.24,1,18,72569.99999999953,-28.859915694540128
2024-02-23 04:59:00+00:00,-21.79999999999602,long,oos,,78.24,78.22,1,2,72549.99999999953,-28.879521615528265
2024-02-23 05:02:00+00:00,-1.8,short,oos,,78.24,78.24,1,2,72549.99999999953,-28.879521615528265
2024-02-23 05:21:00+00:00,-41.79999999999204,long,oos,,78.24,78.2,1,14,72509.99999999953,-28.91873345750454
2024-02-23 05:31:00+00:00,-1.8,long,oos,,78.2,78.2,1,4,72509.99999999953,-28.91873345750454
2024-02-23 05:50:00+00:00,-11.799999999990906,long,oos,,78.19,78.18,1,17,72499.99999999955,-28.928536417998597
2024-02-23 06:04:00+00:00,-21.79999999999602,long,oos,,78.14,78.12,1,7,72479.99999999955,-28.948142338986738
2024-02-23 06:20:00+00:00,18.20000000001023,short,oos,,78.18,78.16,1,5,72499.99999999956,-28.928536417998586
2024-02-23 06:32:00+00:00,-11.799999999990906,long,oos,,78.11,78.10000000000001,1,10,72489.99999999956,-28.93833937849265
2024-02-23 06:49:00+00:00,-1.8,short,oos,,78.14,78.14,1,6,72489.99999999956,-28.93833937849265
2024-02-23 07:07:00+00:00,-11.800000000005117,short,oos,,78.17,78.18,1,9,72479.99999999956,-28.94814233898672
2024-02-23 07:18:00+00:00,-1.8,long,oos,,78.14,78.14,1,3,72479.99999999956,-28.94814233898672
2024-02-23 07:43:00+00:00,-61.80000000000227,long,oos,,78.14,78.08,1,21,72419.99999999956,-29.006960101951133
2024-02-23 08:01:00+00:00,-61.80000000000227,short,oos,,78.12,78.18,1,16,72359.99999999956,-29.065777864915553
2024-02-23 08:15:00+00:00,28.200000000001136,long,oos,,78.06,78.09,1,7,72389.99999999956,-29.03636898343334
2024-02-23 08:54:00+00:00,-131.79999999999546,long,oos,,77.97,77.84,1,22,72259.99999999956,-29.163807469856245
2024-02-23 09:00:00+00:00,78.1999999999983,short,oos,,77.94,77.86,1,3,72339.99999999956,-29.08538378590369
2024-02-23 09:11:00+00:00,58.20000000000228,long,oos,,77.76,77.82000000000001,1,10,72399.99999999956,-29.026566022939278
2024-02-23 09:27:00+00:00,-81.79999999999829,long,oos,,77.73,77.65,1,12,72319.99999999956,-29.104989706891825
2024-02-23 09:37:00+00:00,58.20000000000228,long,oos,,77.54,77.60000000000001,1,4,72379.99999999956,-29.046171943927412
2024-02-23 09:59:00+00:00,-41.79999999999204,long,oos,,77.5,77.46000000000001,1,16,72339.99999999958,-29.085383785903673
2024-02-23 10:06:00+00:00,18.19999999999602,long,oos,,77.4,77.42,1,4,72359.99999999958,-29.06577786491554
2024-02-23 10:21:00+00:00,-61.80000000000227,short,oos,,77.55,77.61,1,14,72299.99999999956,-29.12459562787997
2024-02-23 10:32:00+00:00,18.19999999999602,long,oos,,77.57000000000001,77.59,1,5,72319.99999999956,-29.104989706891825
2024-02-23 10:39:00+00:00,48.19999999999716,short,oos,,77.66,77.61,1,2,72369.99999999956,-29.055974904421483
2024-02-23 10:51:00+00:00,8.199999999990904,short,oos,,77.69,77.68,1,9,72379.99999999956,-29.046171943927412
2024-02-23 11:10:00+00:00,-51.800000000011366,long,oos,,77.60000000000001,77.55,1,16,72329.99999999955,-29.095186746397772
2024-02-23 11:30:00+00:00,-61.80000000000227,short,oos,,77.62,77.68,1,14,72269.99999999953,-29.154004509362203
2024-02-23 12:00:00+00:00,-251.8,long,oos,,77.60000000000001,77.35000000000001,1,28,72019.99999999953,-29.399078521713935
2024-02-23 12:24:00+00:00,88.20000000000341,long,oos,,77.28,77.37,1,20,72109.99999999955,-29.310851877267297
2024-02-23 12:36:00+00:00,28.200000000001136,short,oos,,77.47,77.44,1,3,72139.99999999955,-29.28144299578509
2024-02-23 13:00:00+00:00,-71.80000000000739,long,oos,,77.35000000000001,77.28,1,16,72069.99999999953,-29.350063719243586
2024-02-23 13:14:00+00:00,78.1999999999983,long,oos,,77.22,77.3,1,1,72149.99999999953,-29.271640035291036
2024-02-23 14:01:00+00:00,218.20000000001306,long,oos,,77.24,77.46000000000001,1,41,72369.99999999955,-29.055974904421493
2024-02-23 14:15:00+00:00,88.20000000000341,long,oos,,77.31,77.4,1,6,72459.99999999956,-28.967748259974858
2024-02-23 14:38:00+00:00,-331.7999999999983,long,oos,,77.3,76.97,1,20,72129.99999999956,-29.291245956279145
2024-02-23 14:47:00+00:00,128.20000000000965,long,oos,,76.74,76.87,1,6,72259.99999999956,-29.163807469856245
2024-02-23 15:01:00+00:00,118.20000000000455,short,oos,,77.0,76.88,1,5,72379.99999999956,-29.046171943927412
2024-02-23 15:12:00+00:00,88.20000000000341,short,oos,,77.03,76.94,1,4,72469.99999999958,-28.957945299480777
2024-02-23 15:19:00+00:00,58.20000000000228,long,oos,,76.84,76.9,1,4,72529.99999999958,-28.89912753651636
2024-02-23 15:27:00+00:00,68.20000000000739,long,oos,,76.78,76.85000000000001,1,3,72599.99999999959,-28.83050681305786
2024-02-23 16:04:00+00:00,-281.80000000000115,short,oos,,77.02,77.3,1,30,72319.99999999959,-29.1049897068918
2024-02-23 16:20:00+00:00,-41.79999999999204,long,oos,,77.24,77.2,1,10,72279.99999999959,-29.144201548868075
2024-02-23 16:34:00+00:00,148.20000000000567,short,oos,,77.34,77.19,1,9,72429.99999999959,-28.997157141457038
2024-02-23 17:22:00+00:00,-531.8000000000011,long,oos,,77.10000000000001,76.57000000000001,1,43,71899.99999999959,-29.516714047642704
2024-02-23 17:45:00+00:00,-1.8,short,oos,,76.65,76.65,1,10,71899.99999999959,-29.516714047642704
2024-02-23 18:01:00+00:00,28.200000000001136,long,oos,,76.53,76.56,1,6,71929.99999999959,-29.4873051661605
2024-02-23 18:12:00+00:00,58.20000000000228,long,oos,,76.4,76.46000000000001,1,5,71989.9999999996,-29.42848740319607
2024-02-23 18:28:00+00:00,88.20000000000341,short,oos,,76.53,76.44,1,5,72079.9999999996,-29.340260758749448
2024-02-23 18:32:00+00:00,78.1999999999983,long,oos,,76.36,76.44,1,1,72159.9999999996,-29.261837074796894
2024-02-23 18:58:00+00:00,-21.79999999999602,short,oos,,76.57000000000001,76.59,1,14,72139.9999999996,-29.281442995785035
2024-02-23 19:11:00+00:00,-71.80000000000739,short,oos,,76.66,76.73,1,11,72069.9999999996,-29.35006371924352
2024-02-23 19:33:00+00:00,-81.79999999999829,long,oos,,76.62,76.54,1,10,71989.9999999996,-29.42848740319607
2024-02-23 20:06:00+00:00,-91.80000000000341,short,oos,,76.61,76.7,1,22,71899.99999999959,-29.516714047642704
2024-02-23 20:23:00+00:00,-31.800000000001138,long,oos,,76.68,76.65,1,7,71869.99999999959,-29.546122929124913
2024-02-23 20:35:00+00:00,-21.79999999999602,long,oos,,76.63,76.61,1,7,71849.9999999996,-29.56572885011304
2024-02-23 20:37:00+00:00,18.19999999999602,long,oos,,76.60000000000001,76.62,1,1,71869.99999999959,-29.546122929124913
2024-02-23 20:50:00+00:00,28.200000000001136,short,oos,,76.67,76.64,1,3,71899.99999999959,-29.516714047642704
2024-02-23 21:13:00+00:00,-51.800000000011366,long,oos,,76.60000000000001,76.55,1,18,71849.99999999959,-29.565728850113054
2024-02-23 21:21:00+00:00,-1.8,long,oos,,76.54,76.54,1,4,71849.99999999959,-29.565728850113054
2024-02-23 21:27:00+00:00,-11.800000000005117,short,oos,,76.56,76.57000000000001,1,3,71839.99999999959,-29.57553181060712
2024-02-23 21:35:00+00:00,-11.800000000005117,short,oos,,76.56,76.57000000000001,1,4,71829.99999999958,-29.585334771101206
2024-02-23 21:49:00+00:00,-11.799999999990906,long,oos,,76.55,76.54,1,3,71819.99999999959,-29.595137731595262
2024-02-23 22:00:00+00:00,-41.80000000000625,short,oos,,76.56,76.60000000000001,1,8,71779.99999999959,-29.63434957357154
2024-02-25 22:56:00+00:00,117.50000000000455,short,oos,,76.67,76.55,1,3,71899.99999999959,-29.516714047642704
2024-02-25 23:02:00+00:00,-42.50000000000625,long,oos,,76.60000000000001,76.56,1,3,71859.99999999958,-29.555925889619
2024-02-25 23:18:00+00:00,67.49999999999318,long,oos,,76.45,76.52,1,3,71929.99999999958,-29.487305166160517
2024-02-25 23:31:00+00:00,17.49999999999602,long,oos,,76.46000000000001,76.48,1,2,71949.99999999956,-29.46769924517239
2024-02-25 23:38:00+00:00,-2.5,long,oos,,76.46000000000001,76.46000000000001,1,3,71949.99999999956,-29.46769924517239
2024-02-26 00:14:00+00:00,-92.50000000000341,long,oos,,76.45,76.36,1,15,71859.99999999956,-29.55592588961901
2024-02-26 00:55:00+00:00,-81.8000000000125,long,oos,,76.32000000000001,76.24,1,23,71779.99999999956,-29.634349573571566
2024-02-26 01:12:00+00:00,-51.799999999997155,long,oos,,76.17,76.12,1,11,71729.99999999956,-29.683364376041908
2024-02-26 01:30:00+00:00,-1.8,short,oos,,76.17,76.17,1,10,71729.99999999956,-29.683364376041908
2024-02-26 01:49:00+00:00,-51.799999999997155,short,oos,,76.18,76.23,1,18,71679.99999999956,-29.732379178512257
2024-02-26 02:07:00+00:00,-71.80000000000739,long,oos,,76.18,76.11,1,17,71609.99999999956,-29.800999901970744
2024-02-26 02:20:00+00:00,-21.79999999999602,short,oos,,76.14,76.16,1,8,71589.99999999956,-29.82060582295888
2024-02-26 02:35:00+00:00,-1.8,long,oos,,76.14,76.14,1,4,71589.99999999956,-29.82060582295888
2024-02-26 02:51:00+00:00,-21.79999999999602,short,oos,,76.15,76.17,1,6,71569.99999999956,-29.84021174394702
2024-02-26 03:06:00+00:00,-11.799999999990906,long,oos,,76.16,76.15,1,2,71559.99999999956,-29.85001470444109
2024-02-26 03:26:00+00:00,-21.79999999999602,long,oos,,76.11,76.09,1,18,71539.99999999958,-29.86962062542921
2024-02-26 03:51:00+00:00,-31.800000000001138,long,oos,,76.08,76.05,1,18,71509.99999999958,-29.899029506911422
2024-02-26 04:01:00+00:00,-21.800000000010233,long,oos,,76.07000000000001,76.05,1,8,71489.99999999956,-29.918635427899577
2024-02-26 04:27:00+00:00,-51.799999999997155,short,oos,,76.09,76.14,1,24,71439.99999999956,-29.96765023036992
2024-02-26 04:38:00+00:00,-1.8,short,oos,,76.14,76.14,1,7,71439.99999999956,-29.96765023036992
2024-02-26 04:54:00+00:00,-21.79999999999602,long,oos,,76.13,76.11,1,13,71419.99999999956,-29.98725615135806
2024-02-26 05:05:00+00:00,-31.800000000001138,short,oos,,76.15,76.18,1,6,71389.99999999956,-30.01666503284027
2024-02-26 05:24:00+00:00,-21.79999999999602,long,oos,,76.16,76.14,1,6,71369.99999999958,-30.036270953828392
2024-02-26 05:39:00+00:00,-11.800000000005117,long,oos,,76.10000000000001,76.09,1,7,71359.99999999956,-30.046073914322474
2024-02-26 05:56:00+00:00,-21.79999999999602,short,oos,,76.11,76.13,1,6,71339.99999999958,-30.0656798353106
2024-02-26 06:28:00+00:00,-81.79999999999829,short,oos,,76.14,76.22,1,22,71259.99999999958,-30.144103519263147
2024-02-26 06:37:00+00:00,-11.800000000005117,short,oos,,76.25,76.26,1,7,71249.99999999956,-30.153906479757236
2024-02-26 06:52:00+00:00,-31.800000000001138,short,oos,,76.27,76.3,1,7,71219.99999999956,-30.183315361239444
2024-02-26 07:07:00+00:00,8.199999999990904,long,oos,,76.26,76.27,1,6,71229.99999999956,-30.173512400745373
2024-02-26 07:14:00+00:00,18.19999999999602,long,oos,,76.23,76.25,1,4,71249.99999999956,-30.153906479757236
2024-02-26 07:37:00+00:00,-11.800000000005117,long,oos,,76.26,76.25,1,4,71239.99999999956,-30.163709440251303
2024-02-26 07:46:00+00:00,-21.79999999999602,long,oos,,76.24,76.22,1,5,71219.99999999956,-30.183315361239444
2024-02-26 08:14:00+00:00,-231.79999999998978,long,oos,,76.19,75.96000000000001,1,24,70989.99999999956,-30.408783452603032
2024-02-26 08:41:00+00:00,78.20000000001251,short,oos,,76.10000000000001,76.02,1,9,71069.99999999958,-30.330359768650467
2024-02-26 08:51:00+00:00,58.20000000000228,short,oos,,76.12,76.06,1,5,71129.99999999959,-30.271542005686037
2024-02-26 09:03:00+00:00,58.199999999988066,short,oos,,76.16,76.10000000000001,1,6,71189.99999999958,-30.212724242721634
2024-02-26 09:08:00+00:00,78.1999999999983,short,oos,,76.18,76.10000000000001,1,4,71269.99999999958,-30.134300558769084
2024-02-26 09:25:00+00:00,-11.800000000005117,long,oos,,76.03,76.02,1,16,71259.99999999956,-30.144103519263165
2024-02-26 09:32:00+00:00,68.20000000000739,short,oos,,76.10000000000001,76.03,1,6,71329.99999999958,-30.075482795804664
2024-02-26 09:54:00+00:00,18.19999999999602,short,oos,,76.09,76.07000000000001,1,5,71349.99999999958,-30.05587687481653
2024-02-26 10:03:00+00:00,-11.799999999990906,short,oos,,76.12,76.13,1,7,71339.99999999959,-30.065679835310583
2024-02-26 10:13:00+00:00,38.199999999992045,short,oos,,76.19,76.15,1,8,71379.99999999958,-30.02646799333432
2024-02-26 10:22:00+00:00,18.19999999999602,long,oos,,76.10000000000001,76.12,1,7,71399.99999999958,-30.00686207234618
2024-02-26 11:01:00+00:00,-141.80000000000058,short,oos,,76.18,76.32000000000001,1,31,71259.99999999958,-30.144103519263147
2024-02-26 11:12:00+00:00,38.200000000006256,long,oos,,76.24,76.28,1,8,71299.99999999958,-30.104891677286876
2024-02-26 11:35:00+00:00,-1.8,long,oos,,76.26,76.26,1,8,71299.99999999958,-30.104891677286876
2024-02-26 11:39:00+00:00,8.200000000005115,long,oos,,76.24,76.25,1,2,71309.99999999959,-30.09508871679279
2024-02-26 12:15:00+00:00,108.19999999999943,short,oos,,76.27,76.16,1,33,71419.99999999959,-29.98725615135803
2024-02-26 12:24:00+00:00,8.200000000005115,long,oos,,76.08,76.09,1,4,71429.99999999959,-29.97745319086396
2024-02-26 12:47:00+00:00,-1.8,long,oos,,76.04,76.04,1,6,71429.99999999959,-29.97745319086396
2024-02-26 12:57:00+00:00,38.199999999992045,short,oos,,76.14,76.10000000000001,1,2,71469.99999999958,-29.938241348887694
2024-02-26 13:42:00+00:00,-241.8000000000091,short,oos,,76.16,76.4,1,37,71229.99999999956,-30.173512400745373
2024-02-26 13:50:00+00:00,58.20000000000228,short,oos,,76.46000000000001,76.4,1,7,71289.99999999958,-30.114694637780943
2024-02-26 14:03:00+00:00,-11.799999999990906,long,oos,,76.38,76.37,1,8,71279.99999999959,-30.124497598274996
2024-02-26 14:13:00+00:00,118.20000000000455,short,oos,,76.59,76.47,1,7,71399.99999999959,-30.00686207234617
2024-02-26 14:33:00+00:00,78.20000000001251,long,oos,,76.24,76.32000000000001,1,5,71479.99999999959,-29.928438388393612
2024-02-26 15:03:00+00:00,-381.79999999999546,short,oos,,76.43,76.81,1,28,71099.9999999996,-30.30095088716823
2024-02-26 15:13:00+00:00,88.20000000000341,short,oos,,76.97,76.88,1,2,71189.9999999996,-30.212724242721606
2024-02-26 15:20:00+00:00,98.19999999999432,long,oos,,76.78,76.88,1,2,71289.99999999959,-30.114694637780932
2024-02-26 15:36:00+00:00,28.200000000001136,short,oos,,77.0,76.97,1,9,71319.99999999959,-30.085285756298724
2024-02-26 15:57:00+00:00,38.200000000006256,short,oos,,77.06,77.02,1,5,71359.9999999996,-30.04607391432243
2024-02-26 16:08:00+00:00,38.199999999992045,long,oos,,76.98,77.02,1,4,71399.99999999959,-30.00686207234617
2024-02-26 16:30:00+00:00,318.19999999999317,long,oos,,76.9,77.22,1,20,71719.99999999959,-29.693167336535954
2024-02-26 16:37:00+00:00,58.199999999988066,long,oos,,77.18,77.24,1,1,71779.99999999958,-29.63434957357155
2024-02-26 16:54:00+00:00,38.199999999992045,long,oos,,77.18,77.22,1,11,71819.99999999958,-29.595137731595273
2024-02-26 17:09:00+00:00,18.19999999999602,short,oos,,77.3,77.28,1,5,71839.99999999956,-29.575531810607153
2024-02-26 17:27:00+00:00,-181.79999999999262,short,oos,,77.34,77.52,1,16,71659.99999999958,-29.751985099500384
2024-02-26 18:19:00+00:00,-321.8000000000074,short,oos,,77.66,77.98,1,43,71339.99999999956,-30.06567983531061
2024-02-26 18:31:00+00:00,-11.799999999990906,long,oos,,77.88,77.87,1,11,71329.99999999958,-30.075482795804664
2024-02-26 19:08:00+00:00,-121.79999999999033,long,oos,,77.8,77.68,1,13,71209.99999999959,-30.19311832173348
2024-02-26 19:19:00+00:00,28.200000000001136,long,oos,,77.57000000000001,77.60000000000001,1,7,71239.99999999959,-30.163709440251274
2024-02-26 19:28:00+00:00,38.200000000006256,long,oos,,77.52,77.56,1,6,71279.99999999959,-30.124497598274996
2024-02-26 20:08:00+00:00,-81.79999999999829,short,oos,,77.62,77.7,1,21,71199.99999999959,-30.202921282227553
2024-02-26 20:25:00+00:00,-81.79999999999829,short,oos,,77.7,77.78,1,11,71119.99999999959,-30.281344966180107
2024-02-26 21:17:00+00:00,-141.80000000000058,long,oos,,77.7,77.56,1,37,70979.99999999959,-30.418586413097078
2024-02-26 21:29:00+00:00,-1.8,short,oos,,77.58,77.58,1,4,70979.99999999959,-30.418586413097078
2024-02-26 21:41:00+00:00,8.199999999990904,long,oos,,77.57000000000001,77.58,1,10,70989.99999999959,-30.408783452603004
2024-02-26 21:50:00+00:00,-11.800000000005117,short,oos,,77.59,77.60000000000001,1,5,70979.99999999958,-30.41858641309709
2024-02-26 21:59:00+00:00,-1.8,long,oos,,77.58,77.58,1,6,70979.99999999958,-30.41858641309709
2024-02-26 23:37:00+00:00,28.200000000001136,long,oos,,77.58,77.61,1,27,71009.99999999958,-30.38917753161488
2024-02-26 23:50:00+00:00,-21.79999999999602,short,oos,,77.64,77.66,1,6,70989.99999999959,-30.408783452603004
2024-02-26 23:59:00+00:00,-1.8,long,oos,,77.64,77.64,1,1,70989.99999999959,-30.408783452603004
2024-02-27 00:18:00+00:00,-52.49999999999716,long,oos,,77.64,77.59,1,13,70939.99999999959,-30.457798255073353
2024-02-27 00:38:00+00:00,-22.49999999999602,short,oos,,77.64,77.66,1,14,70919.99999999959,-30.47740417606149
2024-02-27 00:42:00+00:00,-2.5,long,oos,,77.64,77.64,1,2,70919.99999999959,-30.47740417606149
2024-02-27 00:55:00+00:00,-2.5,short,oos,,77.67,77.67,1,4,70919.99999999959,-30.47740417606149
2024-02-27 01:07:00+00:00,-22.49999999999602,short,oos,,77.72,77.74,1,6,70899.99999999959,-30.497010097049632
2024-02-27 01:32:00+00:00,-41.80000000000625,long,oos,,77.65,77.61,1,18,70859.99999999959,-30.536221939025904
2024-02-27 01:57:00+00:00,-1.8,short,oos,,77.64,77.64,1,14,70859.99999999959,-30.536221939025904
2024-02-27 02:35:00+00:00,-91.80000000000341,long,oos,,77.58,77.49,1,18,70769.99999999959,-30.624448583472528
2024-02-27 02:51:00+00:00,-21.800000000010233,short,oos,,77.52,77.54,1,14,70749.99999999958,-30.644054504460684
2024-02-27 02:58:00+00:00,-1.8,short,oos,,77.56,77.56,1,4,70749.99999999958,-30.644054504460684
2024-02-27 03:08:00+00:00,-41.80000000000625,long,oos,,77.54,77.5,1,8,70709.99999999956,-30.683266346436973
2024-02-27 03:37:00+00:00,-51.799999999997155,short,oos,,77.53,77.58,1,19,70659.99999999956,-30.73228114890732
2024-02-27 04:02:00+00:00,-61.80000000000227,long,oos,,77.56,77.5,1,19,70599.99999999956,-30.791098911871735
2024-02-27 04:18:00+00:00,-21.800000000010233,short,oos,,77.52,77.54,1,12,70579.99999999956,-30.81070483285987
2024-02-27 04:35:00+00:00,-61.80000000000227,short,oos,,77.54,77.60000000000001,1,15,70519.99999999955,-30.8695225958243
2024-02-27 05:01:00+00:00,-41.79999999999204,long,oos,,77.58,77.54,1,18,70479.99999999956,-30.908734437800568
2024-02-27 05:27:00+00:00,-61.80000000000227,short,oos,,77.55,77.61,1,17,70419.99999999956,-30.96755220076498
2024-02-27 05:38:00+00:00,-11.799999999990906,short,oos,,77.62,77.63,1,6,70409.99999999956,-30.97735516125905
2024-02-27 06:07:00+00:00,-91.80000000000341,short,oos,,77.64,77.73,1,19,70319.99999999956,-31.065581805705673
2024-02-27 06:35:00+00:00,-21.800000000010233,short,oos,,77.74,77.76,1,11,70299.99999999955,-31.085187726693825
2024-02-27 06:49:00+00:00,-11.800000000005117,short,oos,,77.77,77.78,1,13,70289.99999999955,-31.094990687187895
2024-02-27 07:02:00+00:00,-1.8,long,oos,,77.74,77.74,1,3,70289.99999999955,-31.094990687187895
2024-02-27 07:10:00+00:00,8.199999999990904,long,oos,,77.73,77.74,1,1,70299.99999999953,-31.085187726693842
2024-02-27 07:19:00+00:00,-51.799999999997155,short,oos,,77.75,77.8,1,7,70249.99999999953,-31.134202529164185
2024-02-27 07:54:00+00:00,-81.79999999999829,short,oos,,77.83,77.91,1,23,70169.99999999953,-31.21262621311674
2024-02-27 08:07:00+00:00,-31.800000000001138,long,oos,,77.84,77.81,1,9,70139.99999999953,-31.242035094598947
2024-02-27 08:20:00+00:00,28.200000000001136,short,oos,,77.87,77.84,1,5,70169.99999999953,-31.21262621311674
2024-02-27 08:28:00+00:00,58.20000000000228,long,oos,,77.75,77.81,1,3,70229.99999999953,-31.153808450152326
2024-02-27 08:34:00+00:00,38.200000000006256,long,oos,,77.74,77.78,1,2,70269.99999999955,-31.114596608176033
2024-02-27 08:43:00+00:00,18.20000000001023,long,oos,,77.74,77.76,1,3,70289.99999999956,-31.094990687187877
2024-02-27 09:06:00+00:00,-201.80000000000285,long,oos,,77.76,77.56,1,20,70089.99999999956,-31.29104989706926
2024-02-27 09:20:00+00:00,18.19999999999602,long,oos,,77.5,77.52,1,10,70109.99999999955,-31.27144397608114
2024-02-27 09:53:00+00:00,-121.80000000000454,short,oos,,77.56,77.68,1,26,69989.99999999955,-31.38907950200997
2024-02-27 09:55:00+00:00,38.200000000006256,long,oos,,77.64,77.68,1,1,70029.99999999956,-31.34986766003368
2024-02-27 10:03:00+00:00,8.200000000005115,short,oos,,77.75,77.74,1,4,70039.99999999956,-31.34006469953961
2024-02-27 10:15:00+00:00,48.20000000001137,long,oos,,77.66,77.71000000000001,1,1,70089.99999999956,-31.29104989706926
2024-02-27 10:38:00+00:00,-141.80000000000058,long,oos,,77.68,77.54,1,16,69949.99999999956,-31.42829134398623
2024-02-27 10:57:00+00:00,138.20000000000056,short,oos,,77.58,77.44,1,13,70089.99999999956,-31.29104989706926
2024-02-27 11:24:00+00:00,-61.80000000000227,long,oos,,77.31,77.25,1,15,70029.99999999956,-31.34986766003368
2024-02-27 11:42:00+00:00,38.199999999992045,short,oos,,77.3,77.26,1,4,70069.99999999956,-31.310655818057402
2024-02-27 11:48:00+00:00,38.199999999992045,long,oos,,77.2,77.24,1,2,70109.99999999955,-31.27144397608114
2024-02-27 12:11:00+00:00,98.19999999999432,long,oos,,77.2,77.3,1,18,70209.99999999955,-31.173414371140446
2024-02-27 12:48:00+00:00,58.20000000000228,short,oos,,77.44,77.38,1,20,70269.99999999955,-31.114596608176033
2024-02-27 13:14:00+00:00,-131.79999999999546,short,oos,,77.37,77.5,1,21,70139.99999999955,-31.24203509459893
2024-02-27 13:25:00+00:00,58.199999999988066,long,oos,,77.46000000000001,77.52,1,1,70199.99999999953,-31.183217331634534
2024-02-27 13:44:00+00:00,-51.800000000011366,long,oos,,77.46000000000001,77.41,1,13,70149.99999999953,-31.232232134104876
2024-02-27 14:15:00+00:00,-501.8,short,oos,,77.52,78.02,1,27,69649.99999999953,-31.72238015880834
2024-02-27 14:55:00+00:00,248.2,long,oos,,77.97,78.22,1,25,69899.99999999953,-31.477306146456606
2024-02-27 15:26:00+00:00,98.20000000000853,short,oos,,78.32000000000001,78.22,1,16,69999.99999999953,-31.379276541515917
2024-02-27 15:40:00+00:00,138.20000000000056,short,oos,,78.34,78.2,1,5,70139.99999999953,-31.242035094598947
2024-02-27 16:08:00+00:00,-21.79999999999602,short,oos,,78.35000000000001,78.37,1,12,70119.99999999953,-31.26164101558708
2024-02-27 16:37:00+00:00,58.20000000000228,short,oos,,78.46000000000001,78.4,1,16,70179.99999999955,-31.202823252622657
2024-02-27 16:46:00+00:00,38.199999999992045,short,oos,,78.47,78.43,1,7,70219.99999999953,-31.163611410646393
2024-02-27 17:06:00+00:00,8.199999999990904,long,oos,,78.35000000000001,78.36,1,10,70229.99999999953,-31.153808450152326
2024-02-27 17:13:00+00:00,-21.79999999999602,long,oos,,78.3,78.28,1,6,70209.99999999953,-31.173414371140463
2024-02-27 17:29:00+00:00,8.200000000005115,short,oos,,78.39,78.38,1,9,70219.99999999953,-31.163611410646393
2024-02-27 17:58:00+00:00,-151.79999999999148,long,oos,,78.24,78.09,1,22,70069.99999999953,-31.31065581805743
2024-02-27 18:13:00+00:00,-161.7999999999966,short,oos,,78.42,78.58,1,13,69909.99999999955,-31.467503185962524
2024-02-27 18:26:00+00:00,78.1999999999983,short,oos,,78.78,78.7,1,2,69989.99999999955,-31.38907950200997
2024-02-27 18:34:00+00:00,38.200000000006256,short,oos,,78.76,78.72,1,1,70029.99999999955,-31.34986766003369
2024-02-27 18:54:00+00:00,-41.80000000000625,short,oos,,78.78,78.82000000000001,1,13,69989.99999999955,-31.38907950200997
2024-02-27 19:03:00+00:00,118.20000000000455,long,oos,,78.7,78.82000000000001,1,2,70109.99999999955,-31.27144397608114
2024-02-27 19:27:00+00:00,88.20000000000341,long,oos,,78.69,78.78,1,8,70199.99999999955,-31.183217331634516
2024-02-27 19:51:00+00:00,-1.8,long,oos,,78.74,78.74,1,11,70199.99999999955,-31.183217331634516
2024-02-27 19:56:00+00:00,8.199999999990904,short,oos,,78.77,78.76,1,3,70209.99999999953,-31.173414371140463
2024-02-27 20:13:00+00:00,-11.799999999990906,long,oos,,78.69,78.68,1,9,70199.99999999955,-31.183217331634516
2024-02-27 20:27:00+00:00,-11.799999999990906,long,oos,,78.66,78.65,1,5,70189.99999999956,-31.19302029212857
2024-02-27 20:33:00+00:00,-11.800000000005117,short,oos,,78.69,78.7,1,4,70179.99999999955,-31.202823252622657
2024-02-27 21:06:00+00:00,-51.799999999997155,long,oos,,78.69,78.64,1,13,70129.99999999956,-31.25183805509299
2024-02-27 21:16:00+00:00,-21.79999999999602,long,oos,,78.64,78.62,1,3,70109.99999999956,-31.271443976081127
2024-02-27 21:36:00+00:00,-141.80000000000058,long,oos,,78.63,78.49,1,7,69969.99999999956,-31.408685422998094
2024-02-27 22:00:00+00:00,-11.799999999990906,long,oos,,78.52,78.51,1,2,69959.99999999956,-31.418488383492164
2024-02-27 22:58:00+00:00,-31.800000000001138,long,oos,,78.52,78.49,1,4,69929.99999999956,-31.447897264974372
2024-02-27 23:11:00+00:00,308.20000000000226,short,oos,,78.7,78.39,1,11,70239.99999999958,-31.144005489658213
2024-02-27 23:30:00+00:00,-11.799999999990906,short,oos,,78.43,78.44,1,8,70229.99999999959,-31.153808450152265
2024-02-27 23:35:00+00:00,-21.79999999999602,long,oos,,78.41,78.39,1,4,70209.99999999959,-31.173414371140407
2024-02-27 23:55:00+00:00,-21.79999999999602,short,oos,,78.4,78.42,1,3,70189.99999999959,-31.193020292128544
2024-02-27 23:59:00+00:00,-21.79999999999602,short,oos,,78.4,78.42,1,2,70169.99999999959,-31.212626213116685
2024-02-28 00:09:00+00:00,-32.50000000000114,long,oos,,78.41,78.38,1,8,70139.99999999959,-31.24203509459889
2024-02-28 00:27:00+00:00,-52.49999999999716,short,oos,,78.4,78.45,1,12,70089.99999999959,-31.291049897069236
2024-02-28 00:58:00+00:00,-72.50000000000739,short,oos,,78.49,78.56,1,23,70019.99999999959,-31.35967062052772
2024-02-28 01:14:00+00:00,18.20000000001023,short,oos,,78.54,78.52,1,1,70039.9999999996,-31.340064699539568
2024-02-28 01:24:00+00:00,8.199999999990904,short,oos,,78.55,78.54,1,6,70049.99999999959,-31.33026173904551
2024-02-28 01:39:00+00:00,8.199999999990904,long,oos,,78.48,78.49,1,7,70059.99999999959,-31.32045877855144
2024-02-28 01:56:00+00:00,-41.80000000000625,short,oos,,78.53,78.57000000000001,1,12,70019.99999999958,-31.359670620527737
2024-02-28 02:10:00+00:00,-1.8,long,oos,,78.54,78.54,1,4,70019.99999999958,-31.359670620527737
2024-02-28 02:36:00+00:00,-51.799999999997155,short,oos,,78.58,78.63,1,12,69969.99999999958,-31.40868542299808
2024-02-28 02:49:00+00:00,-1.8,long,oos,,78.60000000000001,78.60000000000001,1,3,69969.99999999958,-31.40868542299808
2024-02-28 02:58:00+00:00,-21.800000000010233,long,oos,,78.60000000000001,78.58,1,7,69949.99999999956,-31.42829134398623
2024-02-28 03:11:00+00:00,18.20000000001023,long,oos,,78.52,78.54,1,1,69969.99999999958,-31.40868542299808
2024-02-28 03:22:00+00:00,-11.800000000005117,long,oos,,78.51,78.5,1,6,69959.99999999958,-31.41848838349215
2024-02-28 03:53:00+00:00,-61.80000000000227,short,oos,,78.54,78.60000000000001,1,21,69899.99999999958,-31.477306146456563
2024-02-28 03:59:00+00:00,-1.8,short,oos,,78.60000000000001,78.60000000000001,1,1,69899.99999999958,-31.477306146456563
2024-02-28 04:30:00+00:00,-31.800000000001138,long,oos,,78.58,78.55,1,12,69869.99999999958,-31.506715027938775
2024-02-28 04:55:00+00:00,-51.800000000011366,long,oos,,78.57000000000001,78.52,1,12,69819.99999999956,-31.555729830409135
2024-02-28 05:09:00+00:00,-11.800000000005117,short,oos,,78.53,78.54,1,4,69809.99999999956,-31.5655327909032
2024-02-28 05:27:00+00:00,-71.80000000000739,short,oos,,78.53,78.60000000000001,1,17,69739.99999999955,-31.634153514361703
2024-02-28 05:38:00+00:00,-21.800000000010233,long,oos,,78.57000000000001,78.55,1,5,69719.99999999953,-31.653759435349855
2024-02-28 05:48:00+00:00,-1.8,short,oos,,78.58,78.58,1,4,69719.99999999953,-31.653759435349855
2024-02-28 05:51:00+00:00,8.200000000005115,short,oos,,78.59,78.58,1,1,69729.99999999955,-31.643956474855774
2024-02-28 06:10:00+00:00,-21.79999999999602,long,oos,,78.56,78.54,1,6,69709.99999999955,-31.663562395843908
2024-02-28 06:14:00+00:00,-1.8,long,oos,,78.54,78.54,1,2,69709.99999999955,-31.663562395843908
2024-02-28 06:33:00+00:00,-31.800000000001138,long,oos,,78.52,78.49,1,13,69679.99999999955,-31.692971277326116
2024-02-28 06:56:00+00:00,-81.79999999999829,long,oos,,78.48,78.4,1,13,69599.99999999955,-31.77139496127867
2024-02-28 07:23:00+00:00,-11.799999999990906,long,oos,,78.38,78.37,1,16,69589.99999999956,-31.781197921772726
2024-02-28 07:43:00+00:00,-111.79999999999943,short,oos,,78.39,78.5,1,15,69479.99999999956,-31.88903048720749
2024-02-28 08:01:00+00:00,-1.8,long,oos,,78.46000000000001,78.46000000000001,1,9,69479.99999999956,-31.88903048720749
2024-02-28 09:00:00+00:00,-391.8000000000006,long,oos,,78.39,78.0,1,47,69089.99999999956,-32.27134594647619
2024-02-28 09:18:00+00:00,-61.80000000000227,long,oos,,77.96000000000001,77.9,1,10,69029.99999999955,-32.33016370944062
2024-02-28 09:35:00+00:00,-91.80000000000341,short,oos,,78.0,78.09,1,14,68939.99999999955,-32.41839035388724
2024-02-28 09:53:00+00:00,-1.8,long,oos,,78.02,78.02,1,12,68939.99999999955,-32.41839035388724
2024-02-28 09:59:00+00:00,68.20000000000739,short,oos,,78.07000000000001,78.0,1,3,69009.99999999956,-32.34976963042874
2024-02-28 10:18:00+00:00,88.20000000000341,short,oos,,78.12,78.03,1,3,69099.99999999956,-32.26154298598212
2024-02-28 10:35:00+00:00,-21.79999999999602,long,oos,,78.02,78.0,1,7,69079.99999999956,-32.28114890697025
2024-02-28 10:56:00+00:00,-1.8,short,oos,,78.02,78.02,1,4,69079.99999999956,-32.28114890697025
2024-02-28 11:02:00+00:00,-1.8,long,oos,,78.0,78.0,1,1,69079.99999999956,-32.28114890697025
2024-02-28 11:10:00+00:00,38.199999999992045,short,oos,,78.08,78.04,1,6,69119.99999999956,-32.241937064993984
2024-02-28 11:25:00+00:00,-31.799999999986927,short,oos,,78.10000000000001,78.13,1,11,69089.99999999956,-32.27134594647619
2024-02-28 11:39:00+00:00,8.199999999990904,long,oos,,78.10000000000001,78.11,1,1,69099.99999999956,-32.26154298598212
2024-02-28 12:00:00+00:00,-61.80000000000227,long,oos,,78.08,78.02,1,15,69039.99999999956,-32.32036074894653
2024-02-28 12:13:00+00:00,58.20000000000228,short,oos,,78.10000000000001,78.04,1,8,69099.99999999956,-32.26154298598212
2024-02-28 12:37:00+00:00,38.199999999992045,long,oos,,77.98,78.02,1,13,69139.99999999956,-32.22233114400584
2024-02-28 12:48:00+00:00,-11.799999999990906,short,oos,,78.12,78.13,1,9,69129.99999999956,-32.23213410449991
2024-02-28 13:28:00+00:00,548.1999999999972,long,oos,,78.10000000000001,78.65,1,31,69679.99999999956,-31.692971277326105
2024-02-28 13:36:00+00:00,38.200000000006256,short,oos,,78.78,78.74,1,5,69719.99999999956,-31.653759435349826
2024-02-28 13:42:00+00:00,38.200000000006256,short,oos,,78.82000000000001,78.78,1,4,69759.99999999958,-31.614547593373533
2024-02-28 13:58:00+00:00,-131.79999999999546,short,oos,,78.85000000000001,78.98,1,13,69629.99999999958,-31.741986079796437
2024-02-28 14:12:00+00:00,18.19999999999602,short,oos,,79.2,79.18,1,9,69649.99999999958,-31.722380158808296
2024-02-28 14:22:00+00:00,58.20000000000228,short,oos,,79.32000000000001,79.26,1,2,69709.99999999958,-31.66356239584388
2024-02-28 14:25:00+00:00,68.20000000000739,short,oos,,79.35000000000001,79.28,1,2,69779.99999999959,-31.594941672385378
2024-02-28 14:34:00+00:00,78.1999999999983,short,oos,,79.38,79.3,1,5,69859.99999999959,-31.51651798843283
2024-02-28 14:56:00+00:00,-71.79999999999318,short,oos,,79.43,79.5,1,13,69789.99999999959,-31.585138711891315
2024-02-28 15:13:00+00:00,-21.800000000010233,long,oos,,79.43,79.41,1,9,69769.99999999958,-31.604744632879466
2024-02-28 15:39:00+00:00,-221.79999999999887,long,oos,,79.28,79.06,1,21,69549.99999999958,-31.820409763748987
2024-02-28 16:00:00+00:00,78.1999999999983,short,oos,,79.16,79.08,1,6,69629.99999999958,-31.741986079796437
2024-02-28 16:35:00+00:00,-611.7999999999994,long,oos,,78.92,78.31,1,30,69019.99999999958,-32.339966669934654
2024-02-28 16:52:00+00:00,78.1999999999983,short,oos,,78.42,78.34,1,7,69099.99999999958,-32.2615429859821
2024-02-28 17:04:00+00:00,78.1999999999983,long,oos,,78.2,78.28,1,9,69179.99999999958,-32.18311930202955
2024-02-28 17:33:00+00:00,-441.79999999999774,short,oos,,78.4,78.84,1,24,68739.99999999959,-32.61444956376858
2024-02-28 17:51:00+00:00,28.200000000001136,long,oos,,78.72,78.75,1,12,68769.99999999959,-32.58504068228637
2024-02-28 18:09:00+00:00,98.19999999999432,long,oos,,78.59,78.69,1,6,68869.99999999958,-32.4870110773457
2024-02-28 18:32:00+00:00,38.199999999992045,long,oos,,78.62,78.66,1,6,68909.99999999956,-32.44779923536944
2024-02-28 18:47:00+00:00,28.200000000001136,long,oos,,78.56,78.59,1,8,68939.99999999956,-32.41839035388722
2024-02-28 19:03:00+00:00,-31.800000000001138,long,oos,,78.48,78.45,1,8,68909.99999999956,-32.44779923536944
2024-02-28 19:16:00+00:00,48.19999999999716,long,oos,,78.34,78.39,1,3,68959.99999999956,-32.398784432899085
2024-02-28 19:31:00+00:00,128.19999999999544,long,oos,,78.31,78.44,1,11,69089.99999999956,-32.27134594647619
2024-02-28 19:59:00+00:00,-21.79999999999602,long,oos,,78.42,78.4,1,13,69069.99999999956,-32.29095186746432
2024-02-28 20:13:00+00:00,18.19999999999602,short,oos,,78.44,78.42,1,7,69089.99999999956,-32.27134594647619
2024-02-28 20:22:00+00:00,18.19999999999602,long,oos,,78.36,78.38,1,5,69109.99999999956,-32.25174002548805
2024-02-28 20:41:00+00:00,-21.79999999999602,short,oos,,78.4,78.42,1,4,69089.99999999956,-32.27134594647619
2024-02-28 20:45:00+00:00,-1.8,long,oos,,78.38,78.38,1,1,69089.99999999956,-32.27134594647619
2024-02-28 20:55:00+00:00,8.200000000005115,long,oos,,78.36,78.37,1,3,69099.99999999956,-32.26154298598212
2024-02-28 21:07:00+00:00,-11.799999999990906,short,oos,,78.4,78.41,1,9,69089.99999999958,-32.271345946476174
2024-02-28 21:29:00+00:00,-31.800000000001138,long,oos,,78.35000000000001,78.32000000000001,1,17,69059.99999999958,-32.30075482795838
2024-02-28 21:53:00+00:00,-61.80000000000227,long,oos,,78.32000000000001,78.26,1,19,68999.99999999958,-32.359572590922795
2024-02-28 22:59:00+00:00,28.200000000001136,short,oos,,78.3,78.27,1,6,69029.99999999958,-32.33016370944058
2024-02-28 23:17:00+00:00,98.19999999999432,short,oos,,78.3,78.2,1,17,69129.99999999956,-32.23213410449991
2024-02-28 23:32:00+00:00,-1.8,short,oos,,78.2,78.2,1,4,69129.99999999956,-32.23213410449991
2024-02-28 23:35:00+00:00,-1.8,long,oos,,78.18,78.18,1,1,69129.99999999956,-32.23213410449991
2024-02-28 23:52:00+00:00,-11.800000000005117,long,oos,,78.18,78.17,1,12,69119.99999999956,-32.241937064993984
2024-02-29 00:16:00+00:00,-72.49999999999318,long,oos,,78.17,78.10000000000001,1,23,69049.99999999956,-32.31055778845246
2024-02-29 00:42:00+00:00,-32.50000000000114,short,oos,,78.11,78.14,1,17,69019.99999999956,-32.339966669934675
2024-02-29 01:10:00+00:00,248.2,long,oos,,78.13,78.38,1,18,69269.99999999956,-32.09489265758294
2024-02-29 01:31:00+00:00,8.199999999990904,long,oos,,78.29,78.3,1,9,69279.99999999956,-32.08508969708887
2024-02-29 01:53:00+00:00,-121.79999999999033,short,oos,,78.32000000000001,78.44,1,17,69159.99999999958,-32.20272522301769
2024-02-29 02:14:00+00:00,-21.79999999999602,short,oos,,78.48,78.5,1,10,69139.99999999958,-32.22233114400583
2024-02-29 02:35:00+00:00,-1.8,long,oos,,78.46000000000001,78.46000000000001,1,4,69139.99999999958,-32.22233114400583
2024-02-29 02:43:00+00:00,-1.8,long,oos,,78.42,78.42,1,7,69139.99999999958,-32.22233114400583
2024-02-29 03:07:00+00:00,-11.799999999990906,long,oos,,78.41,78.4,1,4,69129.99999999959,-32.232134104499885
2024-02-29 03:22:00+00:00,18.20000000001023,long,oos,,78.38,78.4,1,14,69149.99999999959,-32.21252818351174
2024-02-29 03:41:00+00:00,-1.8,short,oos,,78.42,78.42,1,1,69149.99999999959,-32.21252818351174
2024-02-29 04:01:00+00:00,-61.80000000000227,short,oos,,78.42,78.48,1,16,69089.99999999959,-32.27134594647616
2024-02-29 04:07:00+00:00,-1.8,long,oos,,78.46000000000001,78.46000000000001,1,2,69089.99999999959,-32.27134594647616
2024-02-29 04:24:00+00:00,-1.8,short,oos,,78.48,78.48,1,5,69089.99999999959,-32.27134594647616
2024-02-29 04:36:00+00:00,-1.8,long,oos,,78.46000000000001,78.46000000000001,1,5,69089.99999999959,-32.27134594647616
2024-02-29 05:00:00+00:00,-51.799999999997155,short,oos,,78.47,78.52,1,18,69039.99999999959,-32.320360748946506
2024-02-29 05:15:00+00:00,-1.8,long,oos,,78.48,78.48,1,5,69039.99999999959,-32.320360748946506
2024-02-29 05:27:00+00:00,-31.800000000001138,short,oos,,78.49,78.52,1,4,69009.99999999959,-32.34976963042871
2024-02-29 05:38:00+00:00,-11.800000000005117,long,oos,,78.5,78.49,1,6,68999.99999999959,-32.35957259092278
2024-02-29 05:57:00+00:00,-51.800000000011366,short,oos,,78.52,78.57000000000001,1,15,68949.99999999958,-32.40858739339314
2024-02-29 06:11:00+00:00,-1.8,long,oos,,78.52,78.52,1,11,68949.99999999958,-32.40858739339314
2024-02-29 06:21:00+00:00,-11.800000000005117,short,oos,,78.53,78.54,1,3,68939.99999999958,-32.41839035388721
2024-02-29 06:28:00+00:00,-21.79999999999602,short,oos,,78.54,78.56,1,4,68919.99999999958,-32.437996274875346
2024-02-29 06:38:00+00:00,-31.800000000001138,short,oos,,78.55,78.58,1,8,68889.99999999958,-32.46740515635756
2024-02-29 07:12:00+00:00,-141.80000000000058,long,oos,,78.54,78.4,1,28,68749.99999999958,-32.604646603274524
2024-02-29 07:40:00+00:00,-81.79999999999829,long,oos,,78.38,78.3,1,20,68669.99999999958,-32.68307028722708
2024-02-29 07:53:00+00:00,-1.8,short,oos,,78.32000000000001,78.32000000000001,1,5,68669.99999999958,-32.68307028722708
2024-02-29 08:06:00+00:00,-31.800000000001138,long,oos,,78.25,78.22,1,12,68639.99999999958,-32.71247916870929
2024-02-29 08:37:00+00:00,188.19999999999771,long,oos,,78.09,78.28,1,14,68829.99999999958,-32.526222919321974
2024-02-29 08:55:00+00:00,38.200000000006256,long,oos,,78.03,78.07000000000001,1,10,68869.99999999959,-32.48701107734568
2024-02-29 09:16:00+00:00,-151.79999999999148,short,oos,,78.18,78.33,1,13,68719.99999999959,-32.63405548475672
2024-02-29 09:50:00+00:00,-61.80000000000227,short,oos,,78.4,78.46000000000001,1,15,68659.99999999959,-32.69287324772113
2024-02-29 10:03:00+00:00,58.20000000000228,short,oos,,78.56,78.5,1,3,68719.99999999959,-32.63405548475672
2024-02-29 10:11:00+00:00,38.199999999992045,long,oos,,78.4,78.44,1,6,68759.99999999959,-32.59484364278044
2024-02-29 10:38:00+00:00,-1.8,short,oos,,78.56,78.56,1,9,68759.99999999959,-32.59484364278044
2024-02-29 11:04:00+00:00,-21.79999999999602,long,oos,,78.47,78.45,1,18,68739.99999999959,-32.61444956376858
2024-02-29 11:09:00+00:00,8.199999999990904,short,oos,,78.47,78.46000000000001,1,2,68749.99999999958,-32.604646603274524
2024-02-29 11:16:00+00:00,38.200000000006256,short,oos,,78.48,78.44,1,3,68789.99999999959,-32.565434761298235
2024-02-29 11:44:00+00:00,-171.7999999999875,long,oos,,78.38,78.21000000000001,1,26,68619.99999999959,-32.732085089697414
2024-02-29 12:23:00+00:00,388.20000000000056,long,oos,,78.19,78.58,1,36,69009.99999999959,-32.34976963042871
2024-02-29 12:33:00+00:00,-31.800000000001138,short,oos,,78.66,78.69,1,5,68979.99999999959,-32.379178511910915
2024-02-29 12:47:00+00:00,18.19999999999602,short,oos,,78.78,78.76,1,9,68999.99999999959,-32.35957259092278
2024-02-29 13:01:00+00:00,58.20000000000228,long,oos,,78.65,78.71000000000001,1,12,69059.99999999959,-32.300754827958365
2024-02-29 13:50:00+00:00,278.2000000000011,long,oos,,78.57000000000001,78.85000000000001,1,31,69339.99999999959,-32.02627193412443
2024-02-29 13:57:00+00:00,18.19999999999602,long,oos,,78.81,78.83,1,2,69359.99999999959,-32.00666601313629
2024-02-29 14:15:00+00:00,-221.79999999999887,long,oos,,78.81,78.59,1,11,69139.99999999959,-32.222331144005814
2024-02-29 14:34:00+00:00,-71.80000000000739,short,oos,,78.74,78.81,1,8,69069.99999999959,-32.290951867464294
2024-02-29 14:51:00+00:00,48.19999999999716,long,oos,,78.51,78.56,1,9,69119.99999999958,-32.24193706499396
2024-02-29 15:12:00+00:00,78.1999999999983,short,oos,,78.8,78.72,1,6,69199.99999999958,-32.16351338104141
2024-02-29 15:31:00+00:00,-1.8,long,oos,,78.46000000000001,78.46000000000001,1,13,69199.99999999958,-32.16351338104141
2024-02-29 15:50:00+00:00,-1.8,short,oos,,78.5,78.5,1,8,69199.99999999958,-32.16351338104141
2024-02-29 16:08:00+00:00,98.19999999999432,short,oos,,78.69,78.59,1,10,69299.99999999958,-32.06548377610072
2024-02-29 16:16:00+00:00,48.19999999999716,short,oos,,78.75,78.7,1,4,69349.99999999956,-32.01646897363039
2024-02-29 16:29:00+00:00,-31.800000000001138,short,oos,,78.78,78.81,1,11,69319.99999999956,-32.04587785511259
2024-02-29 16:35:00+00:00,28.199999999986925,short,oos,,78.88,78.85000000000001,1,5,69349.99999999956,-32.01646897363039
2024-02-29 16:38:00+00:00,98.19999999999432,short,oos,,78.94,78.84,1,2,69449.99999999955,-31.91843936868971
2024-02-29 17:07:00+00:00,-201.80000000000285,short,oos,,79.0,79.2,1,25,69249.99999999955,-32.114498578571094
2024-02-29 17:39:00+00:00,-421.8000000000017,long,oos,,78.97,78.55,1,29,68829.99999999955,-32.526222919322
2024-02-29 18:03:00+00:00,78.1999999999983,long,oos,,78.44,78.52,1,4,68909.99999999955,-32.447799235369445
2024-02-29 18:26:00+00:00,-31.799999999986927,short,oos,,78.60000000000001,78.63,1,14,68879.99999999956,-32.47720811685164
2024-02-29 18:34:00+00:00,108.19999999999943,long,oos,,78.48,78.59,1,2,68989.99999999956,-32.36937555141688
2024-02-29 19:04:00+00:00,58.199999999988066,long,oos,,78.46000000000001,78.52,1,3,69049.99999999955,-32.31055778845248
2024-02-29 19:07:00+00:00,48.20000000001137,short,oos,,78.57000000000001,78.52,1,1,69099.99999999956,-32.26154298598212
2024-02-29 19:26:00+00:00,288.20000000000624,short,oos,,78.59,78.3,1,17,69389.99999999956,-31.977257131654106
2024-02-29 19:57:00+00:00,-151.8000000000057,long,oos,,78.2,78.05,1,18,69239.99999999956,-32.12430153906515
2024-02-29 20:08:00+00:00,-21.79999999999602,long,oos,,78.02,78.0,1,7,69219.99999999956,-32.14390746005329
2024-02-29 20:19:00+00:00,-1.8,long,oos,,77.96000000000001,77.96000000000001,1,9,69219.99999999956,-32.14390746005329
2024-02-29 21:02:00+00:00,-261.8000000000051,short,oos,,78.0,78.26,1,39,68959.99999999956,-32.398784432899085
2024-02-29 21:25:00+00:00,-1.8,short,oos,,78.3,78.3,1,10,68959.99999999956,-32.398784432899085
2024-02-29 21:41:00+00:00,-31.800000000001138,long,oos,,78.3,78.27,1,10,68929.99999999956,-32.42819331438129
2024-02-29 23:01:00+00:00,38.200000000006256,long,oos,,78.24,78.28,1,5,68969.99999999956,-32.388981472405014
2024-02-29 23:22:00+00:00,-21.800000000010233,long,oos,,78.26,78.24,1,2,68949.99999999956,-32.408587393393155
2024-02-29 23:36:00+00:00,-21.800000000010233,long,oos,,78.26,78.24,1,5,68929.99999999955,-32.42819331438131
2024-02-29 23:42:00+00:00,-1.8,long,oos,,78.24,78.24,1,4,68929.99999999955,-32.42819331438131
2024-02-29 23:48:00+00:00,-1.8,long,oos,,78.24,78.24,1,5,68929.99999999955,-32.42819331438131
2024-02-29 23:53:00+00:00,-11.799999999990906,long,oos,,78.24,78.23,1,1,68919.99999999956,-32.43799627487537
2024-03-01 00:00:00+00:00,-45.000000000001705,short,oos,end_of_data,78.24,78.285,1,2,68874.99999999956,-32.48210959709867
